序号,实质性★,重要▲,参数摘要,响应结论,响应说明
1,,,根据用户职责权限提供医保结算清单质控、修改、标记、上传及病例入组、盈亏排名及业务整体情况，提供清单未标记、质控未通过、可优化病例、超高/超低/未入组等情况汇总和一键直达相应功能并处理等功能。 <!-- -->,配套产品响应,属设备配套软件/商用知识库/CA 等产品参数，平台已留标准接入点
2,,,编码智能适配 <!-- -->,配套产品响应,【二级证据评审建议，待项目组签字】病案编码智能辅助属编码产品；平台 ICD 检索+DRG 入组已备
3,,,医生AI小助手 <!-- -->,部分响应,平台当前提供管理端 DRG 分析功能（病组指标、入组明细、科室 CMI 对比），面向医院管理与病案质控人员。本条所述嵌入医生工作站、面向临床医生的 DRG 智能助手载体（含其下编码质控提醒、病组标杆提示、智能分组推荐等能力）当前版本未提供，列入后续开发计划。
4,,,编码质控提醒：为医生提供编码质控服务，及时提醒医生编码中存在的问题，以保证入组率及入组准确率；,部分响应,平台当前提供病案室工作队列，可逐份列出出院病历的完整性缺项清单，供病案室人员核对补录。本条所述面向医生的编码质控提醒（在医生端实时提示编码问题、以保障 DRG 入组率与入组准确率）尚未提供，列入后续开发计划。
5,,,病组标杆提示：基于DRG入组预测结果，为医师提示乐山地区同等级医院该DRG病组费用标杆作为医生参考，包括但不限于次均费用、平均住院天数、药占比、耗占比等；,外部条件,平台 DRG 分析提供按病组权重与院内设定费率计算的标杆支付额及结余对比。本条所述乐山地区同等级医院各 DRG 病组的次均费用、平均住院天数、药占比、耗占比等区域标杆值，属医保部门下发数据，须由医保部门提供后导入使用；平台的区域标杆数据导入与医生端标杆提示功能列入后续开发计划。
6,,,智能分组推荐：结合本地DRG付费政策规范，提供该病例除当前所入DRG组外其它可能入组情况，并根据诊疗过程数据进行该病例DRG入组推荐；,部分响应,平台 DRG 分析提供基于主诊断与手术标记的自动入组，每例给出所入病组、权重与标杆支付。本条所述结合本地 DRG 付费政策规范列出其它可能入组情况、并依据诊疗过程数据进行入组推荐的功能尚未提供，列入后续开发计划；本地付费政策的正式分组目录需医保部门下发后配置。
7,,,病案首页质控：展示当前病例的首页质控汇总结果及扣分项明细等信息；,正偏离/无偏离,由病案首页页面「病案质控」区块提供：展示当前病例的病案质控评分单汇总（总分、等级、扣分合计、评审人、评审时间）及扣分项明细（项目、分值、来源为自动或人工）；对尚未评分的病例，自动展示病历完整性缺项预览供医生参考。
8,,,结算清单质控：模拟生成医保结算清单并按照国家和地方清单质控规则进行分析，展示清单存在的基础问题、编码问题或逻辑问题明细等。 <!-- -->,配套产品响应,属设备配套软件/商用知识库/CA 等产品参数，平台已留标准接入点
9,,,DRG盈亏预警：实时监测全院各科室接诊病例医保支付逆差情况，并以不同颜色对各科室逆差严重程度进行梯次预警；,部分响应,平台 DRG 分析在病组与病例两个层级提供结余正负的红绿标识，并提供科室维度的入组例数、总权重、CMI、次均费用统计。本条所述按科室实时监测医保支付逆差、并以颜色梯次预警各科室逆差严重程度的功能尚未提供，列入后续开发计划。
10,,,DRG入组管理：展示全院病例入组情况，支持对未入组病例及原因进行分析，支持全院入组、未入组病例关键指标的同环比分析；,部分响应,已提供：DRG 分析展示全院入组例数与未入组数、入组明细逐例列表，支持批量入组、重新入组与单例重算。尚未提供：(1) 未入组病例的原因分析（当前未入组病例统一标记为歧义病例，不区分具体原因）；(2) 入组、未入组病例关键指标的同比、环比分析（当前无统计周期参数）。上述缺项列入后续开发计划。
11,,,DRG病组管理：提供对全院各科室病组覆盖、病组构成及所有病组的重要指标（如CMI、权重、时间/费用消耗指数等）的对比分析等，支持导出信息为Excel文件；,部分响应,已提供：DRG 分析按病组汇总例数、次均费用、平均住院日、CMI、权重、费用消耗指数、时间消耗指数、标杆支付与结余，指数超标自动标红；科室维度提供例数、总权重、CMI、次均费用对比。尚未提供：(1) 各科室病组覆盖情况（科室覆盖的病组清单与组数）；(2) DRG 分析结果导出 Excel。上述缺项列入后续开发计划。
12,,,DRG分组控费：按照医保DRG分组政策支付标准，分别从全院、科室、医师、病种等角度对费用情况展开分析，分析维度包括总费用、例均费用、自费比例、费用消耗、区域DRG标杆、逆差测算、控费区间等；,外部条件,需医保局/省平台等外部环境开通后联调
13,,,非正常病例分析：提供从年度、月度及单个病例等角度，对全院各科室高倍率、低倍率、异常病例的构成情况、变化趋势以及病例指标进行对比分析；,部分响应,已提供：DRG 入组明细按实际费用与标杆支付比值逐例判定并标注高倍率、低倍率、正常病例。尚未提供：(1) 年度、月度周期维度的查询与统计；(2) 高低倍率及异常病例的构成情况与变化趋势分析；(3) 各科室之间的非正常病例对比分析。上述缺项列入后续开发计划。
14,,,DRG智能查漏：提供全院可优化DRG入组病例的智能查询并提供对应病例医保结算清单的便捷优化调整。 <!-- -->,配套产品响应,属设备配套软件/商用知识库/CA 等产品参数，平台已留标准接入点
15,,,质控规则管理：内置国家和地方制定的清单质控规则，支持结算清单质控规则的按需启用/停用等；,配套产品响应,属设备配套软件/商用知识库/CA 等产品参数，平台已留标准接入点
16,,,清单智能生成：从HIS/病案系统自动获取结算清单所需数据并自动生成对应病例的医保结算清单，支持查询、修改及归档等操作；,配套产品响应,属设备配套软件/商用知识库/CA 等产品参数，平台已留标准接入点
17,,,清单质控管理：调用结算清单质控规则对清单的完整性、逻辑性、规范性、入组合理性等方面进行智能校验，以便医务人员及时完善结算清单的填写；,配套产品响应,属设备配套软件/商用知识库/CA 等产品参数，平台已留标准接入点
18,,,清单质控分析：以图形化界面或表格等形式对质控结果进行汇总分析，帮助管理人员准确掌握清单问题情况及分布、排名等信息；,配套产品响应,属设备配套软件/商用知识库/CA 等产品参数，平台已留标准接入点
19,,,结算清单上传：清单经过医务人员优化调整并标记后，直接调用四川省医保信息平台相关接口进行上传，并提供上传结果的查询等。 <!-- -->,配套产品响应,属设备配套软件/商用知识库/CA 等产品参数，平台已留标准接入点
20,,,病例完整性校对：支持自定义条件查询病例完整性校对结果及错误分布情况并导出为Excel文件，支持透视查看指定病例完整质控信息；,部分响应,已提供：病历完整性校对引擎，自动判定缺入院记录、缺出院小结、出院小结未签名、病程记录不足、缺手术记录、缺术前小结、缺手术知情同意等缺项；病案室工作队列逐份列出缺项清单与缺项数；病案首页页面可透视查看指定病例的质控汇总与缺项。尚未提供：(1) 自定义条件查询（当前工作队列为固定范围的出院未归档病历）；(2) 完整性错误分布统计；(3) 校对结果导出 Excel。上述缺项列入后续开发计划。
21,,,病例逻辑性校对：支持自定义条件查询病例逻辑性校对结果及错误分布情况并导出为Excel文件，支持透视查看指定病例完整质控信息；,部分响应,平台当前提供病历完整性校对（判定各类记录是否缺失、是否签名等）。本条所述病例逻辑性校对（性别与诊断、年龄与诊断、入出院与手术日期先后、诊断与操作匹配等跨项一致性校验）及其自定义条件查询、错误分布统计与导出 Excel 尚未提供，列入后续开发计划。
22,,,病例综合评分：支持自定义条件查询病例综合评分结果、评分结果排名TOP10、病例扣分情况、扣分原因等信息，支持将评分结果导出为Excel文件；,正偏离/无偏离,由病案质控页面提供：支持按月份、科室、等级自定义条件查询病历综合评分结果，展示评分汇总、评分排名 TOP10、扣分项 TOP10（含发生次数与扣分合计）、扣分原因及科室排名；提供评分统计与扣分项两类导出（CSV 格式，Excel 可直接打开）。评分采用百分制扣分模型，按设定阈值自动判定甲、乙、丙级。
23,,,病案质控分析：以图形、表格等形式对院内病案质控情况进行分析，包括病案问题分布/排名、科室/医师排名等。 <!-- -->,部分响应,已提供：病案质控页面以柱状图与表格展示月度×科室的甲乙丙份数、甲级率与均分，病案问题（扣分项）分布与排名，科室排名及分类汇总。尚未提供：医师维度排名（当前评分单仅记录质控员，未按责任医师统计）。上述缺项列入后续开发计划。
24,,,全院分析：基于医保结算反馈数据实现对指定周期内全院超高及超低病案数、总费用、医保结算金额、医保付费差额等信息进行统计及分析；,部分响应,已提供：DRG 分析全院口径展示入组例数、总费用、标杆支付合计与付费差额合计。尚未提供：(1) 指定周期筛选统计；(2) 全院超高、超低倍率病案数汇总（当前仅逐例标注）；(3) 基于医保结算反馈数据的统计（当前以院内结算数据与院内设定费率计算，尚未建立医保 DRG 结算反馈数据导入）。上述缺项列入后续开发计划。
25,,,科室/医生分析：监测全院各科室/医生DRG付费业务指标情况，DRG付费预测情况，并支持对各科室/医生下亏损/错误病例等进行分析；,部分响应,已提供：科室维度 DRG 指标（入组例数、总权重、CMI、次均费用）；病例级逐例展示结余与付费标志，亏损病例标红。尚未提供：(1) 医生维度的 DRG 指标统计；(2) DRG 付费预测（当前仅为按权重与费率的标杆支付计算）；(3) 按科室/医生下钻筛选亏损、错误病例。上述缺项列入后续开发计划。
26,,,病组/患者分析：结合医保按DRG结算反馈数据，实现对所有DRG病组/患者关键业务指标的分析，以及指定病种费用结构的多维度分析。 <!-- -->,部分响应,已提供：DRG 分析按病组展示例数、次均费用、平均住院日、权重、标杆支付、组内结余、费用消耗指数、时间消耗指数；病例维度展示住院号、患者、主诊断、病组、MCC/CC、费用、标杆、结余与倍率。尚未提供：(1) 结合医保 DRG 结算反馈数据的分析（当前为院内结算数据）；(2) 指定病种费用结构（药费、耗材、检查、治疗占比等）的多维度分析。上述缺项列入后续开发计划。
27,,,提供对分组器管理、区域标杆管理、标准手术配置、中医优势病种以及系统功能权限等参数的配置管理；,外部条件,需医保局/省平台等外部环境开通后联调
28,,,提供数据权限配置、系统用户管理等的功能。 <!-- -->,部分响应,已提供：系统用户管理（分页查询、新建含口令策略校验与首次登录改密、修改、重置口令、启用/停用，内置管理员不可停用）、用户角色分配、角色菜单授权树配置。尚未提供：数据权限配置（按科室、病区、本人等数据范围的行级权限），当前授权粒度到菜单/按钮。上述缺项列入后续开发计划。
29,★,,按照四川省医保部门下发的《定点医药机构接口规范（基线版）》开发系统接口，从院方相关系统内（如HIS系统、病案系统等）同步获取包括基本信息、诊断、手术、费用明细等DRG付费相关数据信息。 +-------------------------------+--------------------------------------------------------------------------,外部条件,平台提供医保接入标准适配层（统一接口接入点），可按四川省医保部门下发的《定点医药机构接口规范（基线版）》实施对接；DRG 付费所需的患者基本信息、诊断、手术、费用明细等数据由平台门急诊、住院与病案模块内生产生，具备同步数据源基础。接口规范文本、医保接口开发包及联调测试环境须由医保部门提供，具体接口对接在具备上述条件后实施。
30,,,需提供数据抽取、数据治理、数据建模功能，为系统和各类报表分析功能提供实时可变动的数据服务。 数据质控,部分响应,已提供：数据抽取（临床数据中心增量同步）、数据治理（数据元管理、术语标准化、指标定义与指标快照、填报任务与审批、数据服务订阅与推送流水）、自定义报表登记与报表运行服务。尚未提供：(1) 数据建模（主题域、事实表/维度表建模与可视化模型设计）；(2) 实时数据服务（当前指标为手工触发的当日快照，数据同步为批量增量方式）。上述缺项列入后续开发计划。
31,,,需提供数据质控功能，为系统内各项数据提供实时质控服务。 医保智能审核规则库 预警管理 规则库规则分级预警管理,部分响应,已提供：数据治理页面的数据质控检查，对患者缺证件号、缺手机号、门诊病历未签名、出院未归档病案、入院诊断未编码、在途未审处方 6 项进行统计并给出通过/不通过结果。尚未提供：(1) 质控规则的可配置维护（当前 6 项为固定规则，无法新增、停用）；(2) 覆盖系统内各项数据的全面质控；(3) 质控任务定时调度、问题记录下钻与整改闭环；(4) 实时质控服务。上述缺项列入后续开发计划。
32,,,需提供规则库规则分级预警管理入口，实现对规则库规则预警的3级配置：结算控制，报错控制，提醒控制。 规则管理 规则库预置,部分响应,平台当前在门诊与住院结算环节执行医保费用审核并记录审核提醒，供管理端「审核提醒」页签查看，提醒等级为单一级别。本条所述规则库规则分级预警管理入口及结算控制、报错控制、提醒控制三级配置尚未提供，列入后续开发计划。
33,,,需提前预置省市医保审核规则规则库，提供医保费用审核规则，规则主要项目包括但不限于超适应症、药品超适应症、材料与治疗项目不符、项目超频次、项目内涵、药品限制天数、性别限制等。 规则查询,部分响应,平台当前提供医保费用审核基础能力，内置单品种数量超限、同单重复项目、自费丙类占比过高 3 项审核规则，阈值可在系统参数中设置。本条所述预置省市医保审核规则库，及超适应症、药品超适应症、材料与治疗项目不符、项目超频次、项目内涵、药品限制天数、性别限制等规则项尚未提供；规则库容器、规则维护与省市规则导入功能列入后续开发计划，省市规则内容需医保部门提供。
34,,,需支持按照规则类型、规则名称、规则分类、规则来源等维度进行规则查询。 规则库规则自定义,部分响应,平台当前提供医保审核提醒记录查询（审核命中记录列表）。本条所述按规则类型、规则名称、规则分类、规则来源等维度检索医保审核规则库的功能尚未提供，与规则库建设一并列入后续开发计划。
35,,,需支持增加和补充规则库，可自定义医院提供医保相关违规规则或院内管理规则，需包括有限定范围、规则翻译、豁免设置、不同场景级别控制等配置自定义。 规则库规则启停管理,配套产品响应,属设备配套软件/商用知识库/CA 等产品参数，平台已留标准接入点
36,,,需支持对规则的生效状态进行开启/关闭管理。 > 飞检自查自纠,配套产品响应,属设备配套软件/商用知识库/CA 等产品参数，平台已留标准接入点
37,,,提供省级、市级飞检问题清单模板，可根据实际需求选择性针对重点项目进行历史数据自查自纠，统计自查结果，分析违规因素，给出改进方案、建议等服务。 > 医院医保智能审核管理 收费监督 实时收费监督,配套产品响应,属设备配套软件/商用知识库/CA 等产品参数，平台已留标准接入点
38,,,需支持在门诊诊间、开立医嘱、护士补记账费用、病人预出院等多种场景下，利用医疗费用监测规则库对病人的医嘱、费用进行医保合理性检查。并可通过控制级别对可疑、违规费用进行预警和控制。 个性化建议,配套产品响应,属设备配套软件/商用知识库/CA 等产品参数，平台已留标准接入点
39,,,需支持实时个性化建议功能，当实时收费监督进行提醒时，为临床提供个性化建议，帮助医生合理化操作。 钉钉消息,部分响应,平台当前在收费结算环节执行医保费用审核并生成审核提醒，提醒记录供管理端查看；运维告警可通过钉钉通道外发。本条所述在实时收费监督提醒时向临床医生端推送按患者与医嘱情境生成的个性化建议、并以钉钉消息通知的功能尚未提供，列入后续开发计划。
40,,,需支持钉钉消息功能，接入医院钉钉，可向临床每日定时推送违规汇总报告，提醒医护及时处理。 门诊费用审核,配套产品响应,属设备配套软件/商用知识库/CA 等产品参数，平台已留标准接入点
41,,,需定时对所有住院病人的费用进行审核。 住院费用审核,部分响应,平台当前在住院患者出院结算时对其费用执行医保审核规则。本条所述定时对全部在院患者的累计费用进行审核、在院期间即时发现超量与重复问题的功能尚未提供，列入后续开发计划。
42,,,需定时对所有门诊病人的费用进行审核。 特批申请/审核,配套产品响应,属设备配套软件/商用知识库/CA 等产品参数，平台已留标准接入点
43,,,针对诊间提示收费异常的收费信息，需支持临床特批申请功能，支持医保科在线查看、审批功能。 费用批量审核,配套产品响应,属设备配套软件/商用知识库/CA 等产品参数，平台已留标准接入点
44,,,选定时间范围内的费用，利用医疗费用监测规则库对费用进行批量检查。 医保申诉反馈 疑点导入,配套产品响应,属设备配套软件/商用知识库/CA 等产品参数，平台已留标准接入点
45,,,需支持对省医保平台的疑点数据进行导入，与系统异常收费进行比对，核对一致率并展示结果。 申诉反馈,配套产品响应,属设备配套软件/商用知识库/CA 等产品参数，平台已留标准接入点
46,,,需支持对疑点进行批量申诉，已有的特批费用可自动进行申诉。 自动申诉,配套产品响应,属设备配套软件/商用知识库/CA 等产品参数，平台已留标准接入点
47,,,需支持自动申诉功能，提供维护针对具体项目或者某大类规则的自动申诉填写能力，自动申诉方式可以是自动延续上次理由。 处理方案,配套产品响应,属设备配套软件/商用知识库/CA 等产品参数，平台已留标准接入点
48,,,需支持违规申诉处理方案功能，为临床提供合理的处理方案建议，帮助临床正确处理违规。 统计分析管理 门诊违规统计与分析,配套产品响应,属设备配套软件/商用知识库/CA 等产品参数，平台已留标准接入点
49,,,可通过按科室、按规则大类等不同维度分析门诊收费过程中出现的可疑违规费用。通过违规次数排序，分析全院违规次数较多的规则。并展示分析结果。 科室违规统计与分析,配套产品响应,属设备配套软件/商用知识库/CA 等产品参数，平台已留标准接入点
50,,,可通过按科室等不同维度分析已出院的医保病人可疑违规费用。通过违规次数排序，分析全院违规次数较多的规则。并展示分析结果。 项目违规统计与分析,配套产品响应,属设备配套软件/商用知识库/CA 等产品参数，平台已留标准接入点
51,,,可通过按照收费项目编码等不同维度分析全院可疑违规费用。通过违规次数排序，分析全院违规次数较多的收费项目。并展示分析结果。 系统管理 菜单管理,配套产品响应,属设备配套软件/商用知识库/CA 等产品参数，平台已留标准接入点
52,,,可实现对菜单进行添加、修改、查询、删除等操作。 角色管理,部分响应,平台当前提供角色授权树中的菜单查看，菜单由系统预置。本条所述菜单的添加、修改、独立查询与删除维护功能尚未提供，列入后续开发计划。
53,,,可实现创建、更新角色、启用和禁用角色、删除角色等操作。 用户管理,部分响应,平台当前提供角色列表查看与角色菜单授权编辑，角色由系统预置。本条所述角色的创建、更新、启用/禁用、删除功能尚未提供，列入后续开发计划。
54,★,,可实现添加用户、删除用户、停用用户等操作。 权限管理 可实现页面权限管理、操作权限管理、数据权限管理等操作。 +-------------------------------+----------------------------------------------------------------------------------------------------------------,部分响应,已提供：用户管理（添加用户、修改用户、停用/启用用户）；页面权限管理（角色菜单授权树）；操作权限管理（按钮与接口级角色控制）。尚未提供：(1) 删除用户（当前以停用替代，保留操作留痕）；(2) 数据权限管理（按科室、病区、本人等数据范围）。上述缺项列入后续开发计划。
55,,,需支持自动去骨，可自动进行血管命名与血管分段，能自动识别并提取血管中心线，选中血管时，影像可动态改变为最便于观察该血管的CPR角度，兼容颅内、颈部、头颈连扫的CTA数据，可切换显示冠/矢/轴位的厚层图像。 容积再现（VR）,配套产品响应,属设备配套软件/商用知识库/CA 等产品参数，平台已留标准接入点
56,,,需支持含主流工作站风格的不少于4种VR重建效果，可选择是否重建双侧颈外动脉和锁骨下动脉；提供多种体渲染VR类型，动态VR含可实时任意角度旋转且支持推送及打印的全景、颅内、反色、带骨、半透明带骨、带组织等样式，静态VR含12种方位切割的颅内带骨VR；颅内VR支持预设脑动脉颅外段起点，有基于真实体素数据的VR模型；可实时调整VR窗宽窗位，动态VR与动态反色VR支持单独显示左侧、右侧、前循环、后循环血管,配套产品响应,属设备配套软件/商用知识库/CA 等产品参数，平台已留标准接入点
57,,,需提供动态与静态两类VMIP。动态VMIP含可实时任意角度旋转且支持推送及打印的全景、颅内、全景去骨、全景反色、颅内反色样式，且动态VMIP与动态反色VMIP支持单独显示左侧、右侧、前循环、后循环血管及Willis环；静态VMIP含支持冠状位（A/P）、冠状位中间(A/P)、矢状位（L/R）、矢状位中间(L/R)、轴状位（S/I）、轴状位中间(S/I)共12种方位切割的颅内带骨VMIP；可实时调整,配套产品响应,属设备配套软件/商用知识库/CA 等产品参数，平台已留标准接入点
58,,,需支持显示断层图像，能重建并显示冠状位、矢状位图像；同时支持任意角度、层厚及层间距的最大密度投影重组、最小密度投影重组与平均密度投影重组。 曲面重组（CPR）,配套产品响应,属设备配套软件/商用知识库/CA 等产品参数，平台已留标准接入点
59,,,需支持自动创建血管的曲面重组图，预设颅内和颈部血管CPR图像的起点和终点。 曲面矫直图像（SCPR）,配套产品响应,属设备配套软件/商用知识库/CA 等产品参数，平台已留标准接入点
60,,,需支持360度查看每一支血管的曲面矫直图像，并显示血管分段信息。 血管横截面图像,配套产品响应,本条所述头颈血管 CTA 智能后处理能力（血管曲面矫直图像 360 度查看与血管分段显示）属影像 AI 后处理软件功能，由影像设备厂商或第三方影像 AI 软件提供。平台提供影像检查申请、登记、报告流程及 PACS 影像调阅接入点，可承接该软件的检查状态与报告结果。
61,,,需支持显示上下等距离取9个点的血管横截面图像，层间距可配置。 最大密度投影（MIP）\ 需支持预设MIP图像的层厚和间距，可自动生成冠状位、矢状位、轴位的去骨MIP图像与带骨MIP图像。 血管编辑,配套产品响应,属设备配套软件/商用知识库/CA 等产品参数，平台已留标准接入点
62,,,需支持在原始轴位图像上选点进行血管生长，能在动态VR上实时查看生长效果且支持选择不同生长阈值；支持多种裁剪功能，包括在动态VR图像上裁剪任意部分血管、裁剪任意部分血管后保留范围外VR的反向裁剪、裁剪任意血管分支的分支裁剪，以及在动态VR图像上裁剪含血管和其他组织在内任意部分的任意裁剪；还可在MPR图像上整体切割图像重建范围，并在VR图像上实时查看调整后的效果。 轨迹编辑,配套产品响应,属设备配套软件/商用知识库/CA 等产品参数，平台已留标准接入点
63,,,需支持在CPR图像上用点模式和线模式调整血管中心线轨迹，修改后CPR、拉直图、探针图等实时同步。 血管斑块智能分析,配套产品响应,属设备配套软件/商用知识库/CA 等产品参数，平台已留标准接入点
64,,,需支持检出可疑斑块并定位其所在血管分段，将血管斑块分为钙化、非钙化、混合三类；能在CPR图像上自动定位可疑斑块的起止点，同时自动标记当前分段的管腔最狭窄处。 血管狭窄智能评估,配套产品响应,属设备配套软件/商用知识库/CA 等产品参数，平台已留标准接入点
65,,,需支持对管腔狭窄程度进行分级评估，分为未见狭窄、轻度狭窄、中度狭窄、重度狭窄、完全闭塞5级，给出狭窄程度的百分数测量值；同时自动测量狭窄长度，并定位最狭窄处所在的血管分段。 支架分析,配套产品响应,本条所述管腔狭窄五级分级评估、狭窄百分数测量、狭窄长度自动测量与最狭窄处血管分段定位，属血管 AI 后处理软件的算法能力，由影像设备厂商或第三方影像 AI 软件提供。平台提供影像检查申请、登记、报告流程及 PACS 影像调阅接入点，可承接该软件的检查状态与报告结果。
66,,,需支持检出支架并定位其所在的血管分段。 Willis环变异评估,配套产品响应,本条所述支架自动检出及其所在血管分段定位，属血管 AI 后处理软件的算法能力，由影像设备厂商或第三方影像 AI 软件提供。平台提供影像检查申请、登记、报告流程及 PACS 影像调阅接入点，可承接该软件的检查状态与报告结果。
67,,,需支持自动评估Willis环前/后循环的变异情况，可手动修改。 狭窄分级,配套产品响应,本条所述 Willis 环前/后循环变异自动评估及手动修改，属脑血管 AI 后处理软件的算法与编辑能力，由影像设备厂商或第三方影像 AI 软件提供。平台提供影像检查申请、登记、报告流程及 PACS 影像调阅接入点，可承接该软件的检查状态与报告结果。
68,,,颅内动脉和颈部动脉需具备两种狭窄分级选择，支持狭窄类型、狭窄类型＋百分比、狭窄类型＋百分比范围三种狭窄程度描述方式。 支架检出,配套产品响应,本条所述颅内动脉与颈部动脉两套狭窄分级选择，以及狭窄类型、狭窄类型＋百分比、狭窄类型＋百分比范围三种描述方式，属血管 AI 后处理软件报告模块的配置能力，由影像设备厂商或第三方影像 AI 软件提供。平台提供影像检查申请、登记、报告流程及 PACS 影像调阅接入点，可承接该软件的检查状态与报告结果。
69,,,需支持头颈血管支架的检出及定位，支持毫米和厘米两种长度单位。 颅内动脉瘤检出与定位,配套产品响应,属设备配套软件/商用知识库/CA 等产品参数，平台已留标准接入点
70,,,需支持自动检出可疑颅内动脉瘤，定位所在血管分段。 多角度展示动脉瘤,配套产品响应,属设备配套软件/商用知识库/CA 等产品参数，平台已留标准接入点
71,,,需支持自动生成MPR图像展示动脉瘤。 动脉瘤标记,配套产品响应,属设备配套软件/商用知识库/CA 等产品参数，平台已留标准接入点
72,,,需支持在VR、CPR、曲面矫直、MRP图像、原始轴位图像上标记动脉瘤的范围区域。,外部条件,需医保局/省平台等外部环境开通后联调
73,,,动脉瘤轮廓勾画 需支持在原始轴位图像上自动勾画动脉瘤轮廓。 显示/隐藏动脉瘤标记,配套产品响应,属设备配套软件/商用知识库/CA 等产品参数，平台已留标准接入点
74,,,需支持在VR、MPR、原始轴位图像上显示/隐藏动脉瘤标记。 动脉瘤参数测量,配套产品响应,属设备配套软件/商用知识库/CA 等产品参数，平台已留标准接入点
75,,,需支持自动测量可疑动脉瘤的参数，包括最大直径、体积、长径、短径、高度、宽度、瘤颈宽度、尺寸比、纵横比。 动脉瘤分析算法,配套产品响应,属设备配套软件/商用知识库/CA 等产品参数，平台已留标准接入点
76,,,需支持基于深度学习算法对动脉瘤分析。 动脉瘤参数测量,配套产品响应,属设备配套软件/商用知识库/CA 等产品参数，平台已留标准接入点
77,,,需支持自动测量可疑动脉瘤的最大直径、体积、高度、宽度、瘤颈宽度、长宽比、尺寸比、纵横比。 动脉瘤检出效能,配套产品响应,属设备配套软件/商用知识库/CA 等产品参数，平台已留标准接入点
78,,,颅内动脉瘤检出功能需经过临床验证，动脉瘤检出率≥95%。 <!-- -->,配套产品响应,属设备配套软件/商用知识库/CA 等产品参数，平台已留标准接入点
79,,,需支持图像多维交互操作，包括血管中心线可视化、图像四角注释显隐切换、反色显示、操作重置功能，以及原图/VR/VMIP/CPR/拉直图等模态的任意角度及层面截图能力，具备图像质量评估功能。 组合截图,配套产品响应,属设备配套软件/商用知识库/CA 等产品参数，平台已留标准接入点
80,,,需支持自动拼接VR、CPR、拉直图、探针图等多种图像不同组合方式的组合图并进行截图操作，支持不少于5种拼接方式的组合截图生成。 容积再现（VR）,配套产品响应,属设备配套软件/商用知识库/CA 等产品参数，平台已留标准接入点
81,,,需支持体渲染动态VR、动态反色VR、真实体素VR模型，可实时调整VR图像的阈值，持不少于3种VR配色方案。 自适应窗宽窗位,配套产品响应,属设备配套软件/商用知识库/CA 等产品参数，平台已留标准接入点
82,,,需支持根据造影剂注射情况自适应调节VMIP图像的窗宽窗位。 多平面重组（MPR）,配套产品响应,属设备配套软件/商用知识库/CA 等产品参数，平台已留标准接入点
83,,,需支持多平面重组（MPR），可显示断层图像，重建并显示冠状位、矢状位图像，实现心脏轴位MPR重建及显示心脏长、短轴位图像，支持任意角度、层厚及层间距的最大、最小、平均密度投影重组。 曲面重组（CPR）,配套产品响应,属设备配套软件/商用知识库/CA 等产品参数，平台已留标准接入点
84,★,,需支持显示冠脉球面视图和平面视图，自动创建曲面重组图、血管横截面图像，支持血管编辑。需支持自动将各类病灶诊断结果汇总展示。识别冠脉优势型，提示冠脉起源，检出可疑斑块并定位所在血管分段，将血管斑块分为钙化、非钙化、混合3类，将狭窄类型分为局限性、节段性、弥漫性3类，检出支架、心肌桥，自动将管腔狭窄程度分为6级，并自动计算狭窄率。 +-------------------------------+--,配套产品响应,属设备配套软件/商用知识库/CA 等产品参数，平台已留标准接入点
85,,,提前写入患者信息，患者佩戴当天可直接佩戴即可；,配套产品响应,本条所述提前写入患者信息、佩戴当天直接佩戴的功能，属动态心电/动态血压采集分析系统的预约登记能力，由该设备厂商随机软件提供。平台提供检查申请、报告结果承接接入点及集成平台标准消息通道（HL7/MLLP），用于接收该系统回传的检查状态与报告。
86,,,实时显示预约数量，佩戴数量。一个界面完成预约，佩戴，重背，录入等步骤；,配套产品响应,本条所述实时显示预约数量与佩戴数量、在同一界面完成预约、佩戴、重背、录入的一体化操作，属动态心电/动态血压采集分析系统的业务界面能力，由该设备厂商随机软件提供。平台提供检查申请、报告结果承接接入点及集成平台标准消息通道（HL7/MLLP），用于接收该系统回传的检查状态与报告。
87,,,软件支持预约、检查、诊断优先设置，针对紧急病人可以设置优先预约、优先检查以及优先诊断，系统具有高优先级病人记录的标注，醒目字体标识；,配套产品响应,本条所述预约、检查、诊断三阶段优先级设置及高优先级病人醒目标注，属动态心电/动态血压采集分析系统的业务能力，由该设备厂商随机软件提供。平台自身在检查申请与住院医嘱上提供加急标记，但不涉及该系统的三阶段优先设置。平台提供检查申请、报告结果承接接入点及集成平台标准消息通道（HL7/MLLP）。
88,,,软件可直接打印预约登记检查单，自动生成条码信息及检查注意事项提示。 **二、信息录入系统**,配套产品响应,本条所述直接打印预约登记检查单、自动生成条码及检查注意事项提示，属动态心电/动态血压采集分析系统的登记打印能力，由该设备厂商随机软件提供。平台提供检查申请、报告结果承接接入点及集成平台标准消息通道（HL7/MLLP），用于接收该系统回传的检查状态与报告。
89,,,采集端负责记录盒原始数据的录入。可独立于分析软件之外的数据录入系统，支持在医院进行科室分布式的设备安放；,配套产品响应,本条所述记录盒原始数据采集端、可独立于分析软件部署并支持科室分布式设备安放，属动态心电/动态血压设备的随机采集程序，由该设备厂商提供。平台提供检查申请、报告结果承接接入点及集成平台标准消息通道（HL7/MLLP），用于接收该系统回传的检查状态与报告。
90,,,采集端支持录入病人信息，后续分析环节无需重复录入；,部分响应,对应业务登记能力已实现，字段级差异逐条比对
91,,,支持接入条形码扫描器进行扫描预约单录入信息，减少人工录入时间；,配套产品响应,本条所述接入条形码扫描器扫描预约单录入信息，属动态心电/动态血压采集端的录入能力，由该设备厂商随机软件提供。平台提供检查申请、报告结果承接接入点及集成平台标准消息通道（HL7/MLLP），用于接收该系统回传的检查状态与报告。
92,,,关键字查阅病人实时状态，亦可查阅病例的实时状态。 <!-- -->,配套产品响应,本条所述按关键字查阅动态心电/动态血压病人及病例的实时状态，属该采集分析系统的业务查询能力，由设备厂商随机软件提供。平台提供检查申请、报告结果承接接入点及集成平台标准消息通道（HL7/MLLP），用于接收该系统回传的检查状态与报告。
93,,,分析软件需免费兼容医院现有动态心电，动态血压设备，并以原始数据入网；,配套产品响应,本条所述分析软件免费兼容医院现有动态心电、动态血压设备并以原始数据入网，属对分析软件厂商的设备兼容性与商务承诺，由该分析软件厂商提供。平台不解析设备私有原始数据格式，提供集成平台标准消息通道（HL7/MLLP）及报告结果承接接入点，用于接收分析软件产出的检查状态与报告。
94,,,"分析软件部署在服务器上，支持WEB访问分析软件,不限制工作站点数量；",配套产品响应,本条所述分析软件部署于服务器、支持 WEB 访问且不限工作站点数，属动态心电/动态血压分析软件的部署形态与授权承诺，由该分析软件厂商提供。平台自身为浏览器/服务器架构，不限制工作站点数量，并提供集成平台标准消息通道（HL7/MLLP）及报告结果承接接入点。
95,,,全导联预分析，0时长等待，所有导联参与分析，无需选择导联，调整参数，自动分析完成后并以简单的文字报告结论形式提示当前心电数据分析情况；,配套产品响应,属设备配套软件/商用知识库/CA 等产品参数，平台已留标准接入点
96,,,分析软件提供多种人性化操作菜单，按照医生浏览、编辑、总结的操作习惯设置工具菜单，更加符合人机对话；,配套产品响应,本条所述按医生浏览、编辑、总结习惯设置的人性化操作菜单，属动态心电/动态血压分析软件的交互设计能力，由该分析软件厂商提供。平台提供集成平台标准消息通道（HL7/MLLP）及报告结果承接接入点，用于接收该软件回传的检查状态与报告。
97,,,分析软件以模板为中心构建多种直方图、散点图、叠加图多画面同时互动，快速找到异常心电图提高编辑效率；,配套产品响应,本条所述以模板为中心的直方图、散点图、叠加图多画面互动编辑、快速定位异常心电图，属动态心电分析软件的编辑器能力，由该分析软件厂商提供。平台提供集成平台标准消息通道（HL7/MLLP）及报告结果承接接入点，用于接收该软件回传的检查状态与报告。
98,,,分析软件具有双导联叠加分析功能。便于进行复杂心电图分析；,配套产品响应,属设备配套软件/商用知识库/CA 等产品参数，平台已留标准接入点
99,,,分析软件具有一键房颤重分析功能，自动识别房颤；,配套产品响应,属设备配套软件/商用知识库/CA 等产品参数，平台已留标准接入点
100,,,分析软件具有QT间期分析、心电向量分析、心率震荡分析、T波电交替分析、心室晚电位分析、心率减速分析、睡眠窒息分析等多种高级工具分析；,配套产品响应,本条所述 QT 间期分析、心电向量分析、心率震荡分析、T 波电交替分析、心室晚电位分析、心率减速分析、睡眠窒息分析等高级分析工具，属动态心电分析软件的算法模块（多为需医疗器械注册的算法），由该分析软件厂商提供。平台提供集成平台标准消息通道（HL7/MLLP）及报告结果承接接入点。
101,,,分析软件具有一键自动起搏器分类分析；,配套产品响应,属设备配套软件/商用知识库/CA 等产品参数，平台已留标准接入点
102,,,分析软件具有房扑分析功能；,配套产品响应,属设备配套软件/商用知识库/CA 等产品参数，平台已留标准接入点
103,,,分析软件HR时域、频域分析等功能；,配套产品响应,属设备配套软件/商用知识库/CA 等产品参数，平台已留标准接入点
104,,,分析软件具有ST-T段，ST段分析可根据心率自适应分析调整；,配套产品响应,属设备配套软件/商用知识库/CA 等产品参数，平台已留标准接入点
105,,,分析软件具有T波分析及事件统计功能；,配套产品响应,本条所述 T 波分析及事件统计，属动态心电分析软件的算法模块，由该分析软件厂商提供。平台提供集成平台标准消息通道（HL7/MLLP）及报告结果承接接入点，用于接收该软件回传的检查状态与报告。
106,,,"分析软件具有一键""智能结论""功能，可自定义设置报告，自定义分析结论模板，自动按照分析情况生成报告结论，无需手动输入；",配套产品响应,本条所述一键「智能结论」、自定义报告与结论模板、按分析结果自动生成报告结论，属动态心电分析软件的结论生成模块，由该分析软件厂商提供。平台的报告模板能力位于影像检查报告侧，不覆盖动态心电结论。平台提供集成平台标准消息通道（HL7/MLLP）及报告结果承接接入点。
107,,,分析软件报告编辑按照报告处理的先后顺序排列菜单（最快心率、最慢心率、房早事件等顺序），医生可根据24小时心率趋势图的时间段进行实时图条保存。 **动态血压数据展示统计系统功能：**,配套产品响应,本条所述按报告处理顺序排列的编辑菜单（最快心率、最慢心率、房早事件等）及基于 24 小时心率趋势图时间段的实时图条保存，属动态心电分析软件的报告编辑模块，由该分析软件厂商提供。平台提供集成平台标准消息通道（HL7/MLLP）及报告结果承接接入点。
108,,,提供血压脉搏波波形显示功能，辅助医生进行二次诊断；,配套产品响应,本条所述血压脉搏波波形显示以辅助二次诊断，属动态血压分析软件的波形展示能力，由该分析软件厂商提供。平台不接收动态血压设备原始波形，提供集成平台标准消息通道（HL7/MLLP）及报告结果承接接入点，用于接收该软件回传的检查状态与报告。
109,,,智能识别病人测量状态，包括静止、心律失常、轻/中/重度运动等；,配套产品响应,属设备配套软件/商用知识库/CA 等产品参数，平台已留标准接入点
110,,,提供多种图表辅助分析工具，包括趋势图、相关图、饼图、直方图、昼夜规律图、比较图等；,配套产品响应,本条所述动态血压的趋势图、相关图、饼图、直方图、昼夜规律图、比较图等图表辅助分析工具，属动态血压分析软件的图表模块，由该分析软件厂商提供。平台提供集成平台标准消息通道（HL7/MLLP）及报告结果承接接入点，用于接收该软件回传的检查状态与报告。
111,,,提供血压变异系数、夜间血压下降比、血压负荷、晨峰血压等分析指标；,配套产品响应,属设备配套软件/商用知识库/CA 等产品参数，平台已留标准接入点
112,,,提供血压负荷、白大衣性高血压、隐匿性高血压、昼夜节律、动态动脉硬化指数等自动分析结论；,配套产品响应,属设备配套软件/商用知识库/CA 等产品参数，平台已留标准接入点
113,,,支持双臂血压分析；,配套产品响应,属设备配套软件/商用知识库/CA 等产品参数，平台已留标准接入点
114,,,支持PDF报告打印，自定义模板报告，彩色打印等功能；,配套产品响应,本条所述动态血压 PDF 报告打印、自定义模板报告与彩色打印，属动态血压分析软件的报告输出模块，由该分析软件厂商提供。平台自有打印能力覆盖门诊、住院各类业务单据，不含动态血压报告模板。平台提供集成平台标准消息通道（HL7/MLLP）及报告结果承接接入点。
115,,,持EXCEL导出功能。 **四、科室管理系统**,配套产品响应,本条所述动态血压系统的 EXCEL 导出，属动态血压分析软件的数据导出模块，由该分析软件厂商提供。平台自有导出能力面向病案质控等业务数据，不涉及动态血压数据。平台提供集成平台标准消息通道（HL7/MLLP）及报告结果承接接入点。
116,,,软件具有医生排班系统，根据排版日历管理医生的工作日及工作量；,配套产品响应,本条所述按排班日历管理心电医生工作日与工作量的医生排班系统，属动态心电/动态血压科室管理软件的能力，由该设备厂商随机软件提供。平台自身提供门诊号源排班（面向挂号），不含心电科室医生排班。平台提供集成平台标准消息通道（HL7/MLLP）及报告结果承接接入点。
117,,,软件支持实时管理科室设备佩戴情况、患者预约登记情况 、数据录入及分析情况；,配套产品响应,本条所述实时管理科室设备佩戴情况、患者预约登记情况、数据录入及分析情况，属动态心电/动态血压科室管理软件的能力，由该设备厂商随机软件提供。平台提供集成平台标准消息通道（HL7/MLLP）及报告结果承接接入点，用于接收该系统回传的检查状态与报告。
118,,,统计科室工作量，并导出EXCLE数据；,配套产品响应,本条所述心电科室佩戴与分析工作量统计及 EXCEL 导出，属动态心电/动态血压科室管理软件的能力，由该设备厂商随机软件提供。平台自身提供全院与科室月报工作量统计，不含该系统的佩戴/分析工作量。平台提供集成平台标准消息通道（HL7/MLLP）及报告结果承接接入点。
119,,,科室设备管理，实时显示科室设备状态，便于医生统一调度。 **五、报告管理及电子签名**,配套产品响应,本条所述科室记录盒设备台账与设备实时状态显示、统一调度，属动态心电/动态血压科室管理软件的设备管理模块，由该设备厂商随机软件提供。平台自身设备管理位于 HRP 资产台账，不含记录盒调度。平台提供集成平台标准消息通道（HL7/MLLP）及报告结果承接接入点。
120,,,报告首页支持自动编辑和自定义编辑；,配套产品响应,本条所述报告首页自动编辑与自定义编辑，属动态心电/动态血压分析软件的报告模块，由该分析软件厂商提供。平台提供集成平台标准消息通道（HL7/MLLP）及报告结果承接接入点，用于接收该软件回传的检查状态与报告。
121,,,软件支持图片电子签名和CA认证电子签名；,配套产品响应,本条所述心电报告的图片电子签名与 CA 认证电子签名，属动态心电/动态血压分析软件的报告签名模块，由该分析软件厂商提供；其中 CA 认证由 CA 服务厂商提供数字证书与签名服务。平台自身的 CA 电子签名能力覆盖电子病历文书，不覆盖该系统报告。平台提供集成平台标准消息通道（HL7/MLLP）及报告结果承接接入点。
122,,,软件支持打印预览，支持自定义打印调整，支持黑白彩色打印；,配套产品响应,本条所述打印预览、自定义打印调整与黑白/彩色打印，属动态心电/动态血压分析软件的打印模块，由该分析软件厂商提供。平台自有打印能力覆盖门诊、住院各类业务单据，不含该系统报告。平台提供集成平台标准消息通道（HL7/MLLP）及报告结果承接接入点。
123,,,软件支持多种报告格式。系统可与医院现有集成平台进行对接，提供集成平台所需的检查状态、检查结论、检查报告等相关信息；,配套产品响应,本条所述多种报告格式支持，以及向医院集成平台提供检查状态、检查结论、检查报告，发送侧由动态心电/动态血压分析软件厂商实现。平台作为接收方提供集成平台标准消息通道（HL7/MLLP）及检查状态、报告结果承接接入点，接收侧就绪。
124,,,支持与电子病历系统集成，实现将心电图、动态心电、动态血压检查结果传输至电子病历系统。 **六、信息化及数据管理**,配套产品响应,本条所述将心电图、动态心电、动态血压检查结果传输至电子病历系统，发送侧由动态心电/动态血压分析软件厂商实现。平台电子病历侧提供病历文书与检查报告承载能力及集成平台标准消息通道（HL7/MLLP）；针对动态心电、动态血压两类报告的专用报告类型与接收字段尚未建立，列入后续开发计划。
125,,,软件需与医院HIS等第三方信息集成平台进行数据对接；,配套产品响应,本条所述分析软件与医院 HIS 及第三方集成平台的数据对接，对接实现由动态心电/动态血压分析软件厂商完成。平台作为对接对方提供集成平台标准消息通道（HL7/MLLP）及患者、检查申请、报告结果的标准接入点，接收侧就绪。
126,,,软件系统提供多院区数据互联互通解决方案，医生在任意院区均可直接同步历史数据；,配套产品响应,本条所述动态心电/动态血压软件的多院区数据互联互通与任意院区同步历史数据，属该分析软件厂商的架构承诺，由其提供。平台当前为单院区部署架构，提供集成平台标准消息通道（HL7/MLLP）及报告结果承接接入点。
127,,,医院开放网络环境的情况下，软件系统支持直接开展远程诊断业务，无需再进行重复建设；,配套产品响应,本条所述在医院开放网络环境下直接开展远程诊断业务，属动态心电/动态血压分析软件厂商的远程诊断能力，由其提供，并依赖医院网络开放条件。平台自身不含远程诊断/远程会诊模块，提供集成平台标准消息通道（HL7/MLLP）及报告结果承接接入点。
128,,,软件支持大容量存储，数据统一存储，随时调取便于管理和提供科研数据；,配套产品响应,本条所述大容量原始数据统一存储与随时调取、科研数据提供，属动态心电/动态血压分析软件厂商的存储架构承诺，由其提供。平台自身存储覆盖业务数据与临床数据中心文档，不含该系统原始波形数据。平台提供集成平台标准消息通道（HL7/MLLP）及报告结果承接接入点。
129,,,在线存储全部动态心电资料；支持数据挖掘。提供各种格式的数据导出，对比，分析；,配套产品响应,本条所述全部动态心电资料在线存储、数据挖掘及多格式数据导出、对比、分析，属动态心电分析软件的数据管理模块，由该分析软件厂商提供。平台提供集成平台标准消息通道（HL7/MLLP）及报告结果承接接入点，用于接收该软件回传的检查状态与报告。
130,,,支持局域网内远程管理，便于日常运行维护及故障处理；,部分响应,对应模块维护能力已实现（字典/参数/规则），细节逐条比对
131,★,,软件兼容国产操作系统。 +-------------------------------+-----------------------------------------------------------------------------------------------------------------------------------------------------------,部分响应,平台采用 Java 与浏览器技术栈，服务端支持部署于 Linux 及国产麒麟等操作系统，数据库支持 PostgreSQL 及金仓（PG 内核）兼容模式，达梦数据库适配按其官方迁移指南另行实施。本条拟以国产操作系统兼容性承诺函响应；正式的国产操作系统兼容性测试报告或适配证书尚待出具。
132,,,支持在医生开方阶段对处方/医嘱的用药合理性进行实时审查，并给予医生提示，对于严重的用药问题可以直接在医生端进行拦截；,部分响应,已提供：门诊医生站开方时实时合理用药审查，覆盖药物相互作用、疗程上限、年龄禁忌、过敏史禁忌、同诊重复开药与抗菌药物处方权限；禁用级问题在医生端直接拦截，提醒级问题自动记录留痕；配套规则库维护与提醒记录查询页面。尚未提供：(1) 住院医嘱开立环节的合理用药审查；(2) 提醒级问题在医生开单时的即时提示（当前仅留痕，医生端不弹出）；(3) 商用合理用药知识库（当前为基础规则样例）。上述缺项列入后续开发计划。
133,,,支持对处方/医嘱中用法用量、相互作用、配伍禁忌、重复用药、禁忌症、适应症、特殊人群用药、妊娠期用药、哺乳期用药、过敏、给药途径等不合理用药情况进行自动审查。 干预配置功能,配套产品响应,属设备配套软件/商用知识库/CA 等产品参数，平台已留标准接入点
134,,,支持设置处方/医嘱用药问题提示的科室及提示信息的类型和等级；,部分响应,平台当前合理用药提示等级固定为禁用、提醒两档，随各条规则设定。本条所述按科室设置提示范围、以及提示信息类型与等级的可配置管理尚未提供，列入后续开发计划。
135,,,支持门诊按处方或按患者提示医生用药问题，按患者提示即合并患者当日所有有效处方进行审核；,部分响应,已提供：门诊合理用药审查按本次就诊合并该患者当次全部有效处方进行相互作用与重复用药审查。尚未提供：(1)「按处方 / 按患者」审查模式的切换配置；(2) 按患者当日跨挂号（多科就诊）合并审核。上述缺项列入后续开发计划。
136,,,支持门诊跨就诊合并审查，例如合并审查过去7天（可设置）内患者在本院是否已开具过重复处方；,部分响应,平台当前提供本次就诊范围内的重复用药审查。本条所述跨就诊合并审查（回溯可设置天数内患者在本院是否已开具重复处方）尚未提供，列入后续开发计划。
137,,,支持配置住院长期医嘱和临时医嘱之间是否开启重复用药审查；,部分响应,平台当前合理用药审查覆盖门诊处方。本条所述住院长期医嘱与临时医嘱之间的重复用药审查及其开关配置尚未提供，列入后续开发计划。
138,,,支持配置门诊处方或住院医嘱特殊给药频率（如st、once）是否开启重复用药审查；,部分响应,平台当前门诊重复用药审查按药品、给药途径、频次、单次剂量整体比对。本条所述针对 st、once 等特殊给药频率是否参与重复用药审查的配置尚未提供，列入后续开发计划。
139,,,处方/医嘱干预结果查询；,部分响应,平台当前提供合理用药提醒级留痕记录查询（最近记录列表）。本条所述处方/医嘱干预结果查询（含拦截记录、医生处理动作与多条件检索）尚未提供，列入后续开发计划。
140,,,支持处方/医嘱及干预结果的自动采集和保存，支持药师实时查看医生开具的处方/医嘱及发生的用药问题；,部分响应,已提供：合理用药提醒在开方时自动记录保存；门诊处方自动进入药师审方队列，药师审方工作台可实时查看处方号、患者、过敏史、药品、规格、用法与数量。尚未提供：(1) 审方工作台内展示该处方触发的用药问题提示；(2) 药师角色访问合理用药提醒页面的菜单入口；(3) 住院医嘱的采集与审方。上述缺项列入后续开发计划。
141,,,支持药师对具体审查结果对应的知识库规则进行确认/待查操作，或对知识库进行修改完善；,部分响应,已提供：合理用药规则库新增药物相互作用规则。尚未提供：(1) 药师对审查结果的确认/待查标记；(2) 疗程、年龄等其他规则类型的维护及规则修改、删除；(3) 药师角色的规则维护权限与入口（当前限系统管理员）。上述缺项列入后续开发计划。
142,,,支持医生登入系统，查看本人的全部问题处方和处方审核结果；,部分响应,平台当前提供全院合理用药提醒记录列表。本条所述医生登录后按本人维度查看问题处方及处方审核结果的功能尚未提供，列入后续开发计划。
143,,,支持科主任/医院管理人员登入系统，查看本科室或本院的全部问题处方/医嘱及审核结果；,部分响应,已提供：管理员登录后可查看全院合理用药提醒记录（患者、类型、级别、提示、时间）。尚未提供：(1) 按科室维度筛选；(2) 科主任角色；(3) 处方审核结果展示；(4) 住院医嘱问题记录，以及分页与时间范围筛选。上述缺项列入后续开发计划。
144,,,干预效果分析；,部分响应,CDSS 提醒留痕可统计，干预效果趋势为报表扩展
145,,,支持图表化展示实时干预效果（每小时更新）；,部分响应,CDSS 提醒留痕可统计，干预效果趋势为报表扩展
146,,,实时统计当日处方数、干预处方数、拦截处方数、审查次数、干预率及拦截率；,部分响应,平台当前提供门诊合理用药提醒级记录留痕。本条所述当日处方数、干预处方数、拦截处方数、审查次数、干预率及拦截率的实时统计尚未提供，列入后续开发计划。
147,,,实时统计当日住院患者数、干预患者数、拦截患者数、审查次数、干预率及拦截率；,部分响应,平台当前合理用药审查覆盖门诊处方。本条所述当日住院患者数、干预患者数、拦截患者数、审查次数、干预率及拦截率的实时统计，连同住院用药审查，尚未提供，列入后续开发计划。
148,,,支持展示干预效果趋势图；,部分响应,CDSS 提醒留痕可统计，干预效果趋势为报表扩展
149,,,支持展示警示信息发生数柱状图；,部分响应,平台当前提供合理用药提醒记录列表查看。本条所述警示信息发生数柱状图尚未提供，列入后续开发计划。
150,,,支持展示门诊/住院干预量科室前十名；,部分响应,平台当前提供合理用药提醒记录列表查看。本条所述门诊/住院干预量科室前十名展示尚未提供，列入后续开发计划。
151,,,支持展示警示信息发生数药品前十名；,部分响应,平台当前提供合理用药提醒记录列表查看，以及药事分析中的用药 TOP、中西药构成、DDD 强度等统计。本条所述警示信息发生数药品前十名展示尚未提供，列入后续开发计划。
152,,,支持干预效果分析统计；,部分响应,平台当前提供合理用药提醒记录留痕。本条所述干预效果分析统计（干预前后对比）尚未提供，列入后续开发计划。
153,,,支持按医院/科室/医生维度查看处方总数、审查次数、干预处方数、拦截处方数等指标；,部分响应,平台当前提供医生工作量统计（含处方金额合计）与合理用药提醒记录留痕。本条所述按医院/科室/医生维度查看处方总数、审查次数、干预处方数、拦截处方数等指标尚未提供，列入后续开发计划。
154,,,支持按医院/科室维度查看住院患者总数、审查次数、干预患者数、拦截患者数等指标；,部分响应,平台当前合理用药审查覆盖门诊处方。本条所述按医院/科室维度查看住院患者总数、审查次数、干预患者数、拦截患者数等指标，连同住院用药审查，尚未提供，列入后续开发计划。
155,,,支持按医院/科室/医生维度查看医生对门诊问题处方的处理情况，包括更换药物、修正错误、忽略错误及删除处方的处方数及占比；,部分响应,平台当前提供合理用药提醒记录留痕。本条所述按医院/科室/医生维度查看医生对问题处方的处理情况（更换药物、修正错误、忽略错误、删除处方的处方数及占比）尚未提供，列入后续开发计划。
156,,,支持按医院/科室/医生查看门诊处方不同等级或类型警示信息的发生次数、发生处方数及占比；,部分响应,平台当前提供合理用药提醒记录列表查看。本条所述按医院/科室/医生查看门诊处方不同等级或类型警示信息的发生次数、发生处方数及占比尚未提供，列入后续开发计划。
157,,,支持按医院/科室查看住院患者不同等级或类型警示信息的发生次数、发生患者数及占比；,部分响应,平台当前合理用药审查覆盖门诊处方。本条所述按医院/科室查看住院患者不同等级或类型警示信息的发生次数、发生患者数及占比，连同住院用药审查，尚未提供，列入后续开发计划。
158,,,支持按医院/科室/医生查看不同等级或类型警示信息的发生次数、发生患者数及占比；,部分响应,平台当前提供合理用药提醒记录列表查看。本条所述按医院/科室/医生查看不同等级或类型警示信息的发生次数、发生患者数及占比尚未提供，列入后续开发计划。
159,,,支持按药品展示不同类型或等级警示信息的发生次数、发生处方数、发生患者数及占比。 +-------------------------------+-------------------------------------------------------------------------------------------------------------------------------,部分响应,平台当前提供门诊合理用药提醒留痕明细（按规则类型与警示级别记录每次提醒）。本条所述按药品汇总不同类型、等级警示的发生次数、发生处方数、发生患者数及占比的统计功能尚未提供，列入后续开发计划。
160,★,,可查看各厂家已上市药品的完整说明书；,配套产品响应,属设备配套软件/商用知识库/CA 等产品参数，平台已留标准接入点
161,★,,优先展示用户自定义添加的药品说明书。 药物手册,配套产品响应,属设备配套软件/商用知识库/CA 等产品参数，平台已留标准接入点
162,★,,支持通过提取说明书提纲中内容的方式将说明书生成药品的药物手册；,配套产品响应,属设备配套软件/商用知识库/CA 等产品参数，平台已留标准接入点
163,★,,支持药物手册的查看和批量导出操作。 医药学公式,部分响应,平台当前提供药品主数据维护（编码、名称、规格、剂型、单位、价格、抗菌分级等基础属性）。本条所述药物手册内容的查看与批量导出，以及医药学公式功能，当前版本未提供，列入后续开发计划。
164,★,,"提供""心血管系统、呼吸系统、泌尿系统、内分泌系统、血液系统、肿瘤与应用、儿科学""7类医学相关计算公式的应用计算。 其他医药信息",配套产品响应,【二级证据评审建议，待项目组签字】医学计算公式库属知识库内容；CDSS 建议库可承载
165,★,,可查询《国家基本药物处方集（2012版）》、《中华人民共和国药典(2020年版)》、《新编药物学（17版）》、《中国国家处方集（2010版）》、《国家基本药物临床应用指南（2012版）》、《临床注射药物应用指南(2014版)》、等书籍摘抄；,配套产品响应,属设备配套软件/商用知识库/CA 等产品参数，平台已留标准接入点
166,★,,可查询国家药品监督管理局发布的药品警戒快讯、说明书修订公告、药品不良反应信息通报；,配套产品响应,属设备配套软件/商用知识库/CA 等产品参数，平台已留标准接入点
167,★,,可查询国家卫健委和药品监督管理局发布的通知公告和法律法规。 自定义医院文献,部分响应,对应模块查询统计能力已实现，界面细节逐条比对
168,★,,支持用户自定义维护文献、杂志，参考文献等内容；,部分响应,本条所述用户自定义维护文献、杂志、参考文献等内容的功能，当前版本未提供，列入后续开发计划。
169,★,,自定义相关资料内容均支持自主查询。 自定义医院说明书,配套产品响应,属设备配套软件/商用知识库/CA 等产品参数，平台已留标准接入点
170,★,,支持用户对药品说明书内容进行自定义维护与更新；,配套产品响应,属设备配套软件/商用知识库/CA 等产品参数，平台已留标准接入点
171,★,,说明书查询时，优先展示自定义添加的说明书。 ### 审核规则库 系统提供的规则库,配套产品响应,属设备配套软件/商用知识库/CA 等产品参数，平台已留标准接入点
172,★,,系统提供1套药品说明书规则集，及3套来源于三甲医院临床应用规则集供用户进行参考、复制、引用操作。临床应用规则集名称分别为：三甲综合医院规则集、三甲儿童医院规则集和三甲中医院规则集；,配套产品响应,属设备配套软件/商用知识库/CA 等产品参数，平台已留标准接入点
173,★,,说明书规则集源于药品说明书标准维护，规则经过数百家医疗机构多年实践验证、累计优化；规则库覆盖用户全部药品及其它已上市药品的各项合理性审查内容；同时支持不同的问题审查结果，进行警示级别的区分；,配套产品响应,属设备配套软件/商用知识库/CA 等产品参数，平台已留标准接入点
174,★,,三甲综合医院规则集、三甲儿童医院规则集、三甲中医院规则集是基于医院自身对用药的理解维护的规则内容；,配套产品响应,属设备配套软件/商用知识库/CA 等产品参数，平台已留标准接入点
175,★,,三甲综合医院规则集自定义规则10000+条，其中涵盖8级规则21条、7级规则2500+条、6级规则3600+条；,配套产品响应,属设备配套软件/商用知识库/CA 等产品参数，平台已留标准接入点
176,★,,三甲儿童医院规则集自定义规则180+条，其中涵盖8级规则80+条；,配套产品响应,属设备配套软件/商用知识库/CA 等产品参数，平台已留标准接入点
177,★,,三甲中医院规则集自定义规则5400+条，其中涵盖8级规则400+条。 规则库的更新引导,配套产品响应,属设备配套软件/商用知识库/CA 等产品参数，平台已留标准接入点
178,★,,说明书规则集中的规则内容会根据说明书的修订进行新增、修改；,配套产品响应,属设备配套软件/商用知识库/CA 等产品参数，平台已留标准接入点
179,★,,3套三甲临床应用规则集会根据回收医院的规则使用进行及时新增、修改；,配套产品响应,属设备配套软件/商用知识库/CA 等产品参数，平台已留标准接入点
180,★,,当用户系统知识包更新后，系统可根据用户使用规则的引用情况对更新的内容做出更新提醒，用户可根据自身业务需求对更新的规则进行全部更新、部分更新、或不更新操作；,部分响应,平台当前提供合理用药规则库（药物相互作用、疗程天数、年龄禁忌、诊断关联建议四类规则），规则数据统一存储管理。本条所述知识包版本管理、知识包更新后按规则引用情况的更新提醒，以及全部更新/部分更新/不更新的选择性应用机制尚未提供，列入后续开发计划。
181,★,,当用户系统知识包更新后，系统可根据用户药品比对情况对新增的规则内容做出新增提醒，用户可根据自身业务需求对新增的规则进行全部更新、部分更新、或不更新操作。 ### 审查功能 审查问题的严重程度管理功能,部分响应,平台当前提供合理用药规则库（药物相互作用、疗程天数、年龄禁忌、诊断关联建议四类规则），支持在线新增药物相互作用规则。本条所述知识包更新后基于药品比对的新增规则提醒，以及全部更新/部分更新/不更新的选择性应用操作尚未提供，列入后续开发计划。
182,★,,通过采用警示级别的设置，实现按严重程度对审查出的不合理问题进行区分： <!-- -->,部分响应,已提供：门诊医生站合理用药审查按警示级别分为禁用（实时拦截）与慎用（提醒并留痕）两级，前端以级别标签区分展示；检验危急值分 HH/LL 两级。尚未提供：①警示级别字典及其维护界面（当前为固定两级）；②按单条规则配置警示级别（疗程规则固定为慎用、年龄规则固定为拦截）；③慎用/提示/黑框等多级分档。上述缺项列入后续开发计划。
183,★,,"通过采用警示类型的设置，对审查出的不合理问题按照错误类型进行问题归类。支持审查的问题有""用药建议、用药提醒、管理规定、适宜性分析、规范性分析、超常性分析""等。支持自定义添加提示类型。 检验指标与用药的审查",部分响应,平台当前的合理用药提醒按药物相互作用、疗程、年龄三类固定类型记录留痕。本条所述按用药建议、用药提醒、管理规定、适宜性分析、规范性分析、超常性分析等错误类型对审查问题进行归类，以及自定义添加提示类型的功能尚未提供，列入后续开发计划。
184,★,,将检验指标与相关药品进行关联，实现检验指标在该药品用法用量、禁忌症、相互作用审查中的应用； <!-- -->,部分响应,平台当前提供门诊医生站合理用药前置审查基础能力（药物相互作用、疗程天数上限、年龄禁忌、过敏史交叉禁忌）。本条所述检验指标与药品的关联，以及检验指标在用法用量、禁忌症、相互作用审查中的应用尚未提供，列入后续开发计划。
185,★,,系统支持结合患者诊断、检验指标、年龄等信息，实现对药品适应症、禁忌症的合理性审查；,部分响应,已提供：门诊医生站年龄禁忌审查（按患者年龄区间对指定药品实时拦截）、过敏史禁忌拦截、按诊断编码的用药建议提示。尚未提供：①检验指标参与用药审查；②诊断信息参与禁忌症拦截（当前诊断关联仅为文字建议，不拦截）；③药品适应症合理性审查。上述缺项列入后续开发计划。
186,★,,适应症：已覆盖除溶媒、肠内和肠外营养用药、疫苗、血浆制品和血浆代用品、止血药、造影剂以外的用户全部药品，及其他已上市药品；,配套产品响应,属设备配套软件/商用知识库/CA 等产品参数，平台已留标准接入点
187,★,,禁忌症：已覆盖所有存在禁忌症的用户全部药品，及其他已上市药品； 给药途径的审查,配套产品响应,平台提供禁忌症审查的规则承载与执行机制：年龄禁忌规则、过敏史交叉禁忌拦截、药物相互作用规则库，在门诊医生站开单时实时审查。本条所述覆盖所有存在禁忌症的全部药品及其他已上市药品的禁忌知识内容，由商用合理用药知识库厂商提供并导入平台规则库；平台当前内置规则仅为少量示例数据。
188,★,,实现处方/医嘱药品的给药途径的合理性的审查；,部分响应,平台门诊与住院医嘱均记录给药途径信息，并提供合理用药前置审查基础能力（药物相互作用、疗程天数、年龄禁忌、过敏史交叉）。本条所述处方/医嘱药品给药途径合理性审查尚未提供，列入后续开发计划。
189,★,,对门急诊患者处方中使用的口服剂型药品（排除肠内营养制剂），审查其给药途径是否为鼻饲、造瘘管滴入，提醒用户可能存在给药途径不合理的问题。 用法用量的审查,部分响应,平台门诊医嘱记录给药途径，药品主数据维护剂型信息。本条所述对口服剂型药品（排除肠内营养制剂）经鼻饲、造瘘管滴入给药的途径合理性提醒尚未提供，列入后续开发计划。
190,★,,系统支持根据患者年龄、性别、体重、体表面积、孕产、诊断、各项检验指标，结合药品的给药途径等信息对药品剂量进行合理性审查；,部分响应,平台当前提供门诊医生站疗程天数上限提醒与年龄禁忌拦截。本条所述结合患者性别、体重、体表面积、孕产状态、诊断、检验指标及药品给药途径的剂量合理性审查尚未提供（患者信息当前亦无体重、身高数据项），列入后续开发计划。
191,★,,支持药嘱每次剂量、每平米每次剂量、每公斤每次剂量的审查；,配套产品响应,属设备配套软件/商用知识库/CA 等产品参数，平台已留标准接入点
192,★,,支持当前审查药嘱每天剂量、每平米每天剂量、每公斤每天剂量的审查；,配套产品响应,属设备配套软件/商用知识库/CA 等产品参数，平台已留标准接入点
193,★,,支持具体药品的累计日剂量、每平米累计日剂量、每公斤累计日剂量的审查；,配套产品响应,属设备配套软件/商用知识库/CA 等产品参数，平台已留标准接入点
194,★,,支持具体药品的累计剂量、每平米累计剂量、每公斤累计剂量的审查；,配套产品响应,属设备配套软件/商用知识库/CA 等产品参数，平台已留标准接入点
195,★,,支持当前药嘱相同成分的药品的成分累计剂量、成分每平米累计剂量、成分每公斤累计剂量的审查，避免同成分合并用药时判断为重复用药的假阳性；（如：复方制剂和单方制剂一起合用，但药品中各成分累计剂量符合最大用药剂量范围内，判定为合理的合并用药）；,配套产品响应,属设备配套软件/商用知识库/CA 等产品参数，平台已留标准接入点
196,★,,其中，支持长期医嘱和临时医嘱（st、once）的单次剂量的分别审查；,部分响应,平台住院医生站区分长期医嘱与临时医嘱开立。本条所述按长期医嘱、临时医嘱分别进行单次剂量审查尚未提供：住院医嘱开立尚未接入合理用药审查引擎，审查引擎亦无单次剂量规则。列入后续开发计划。
197,★,,系统支持根据患者年龄、性别、体重、体表面积、孕产、诊断、各项检验指标对药品给药频率、给药时机、进行合理性审查；,部分响应,平台门诊与住院医嘱记录给药频次，住院长期医嘱按频次自动生成执行计划。本条所述结合患者年龄、性别、体重、体表面积、孕产、诊断、检验指标对给药频率、给药时机进行合理性审查尚未提供，列入后续开发计划。
198,★,,实现儿童剂量多维度审查，儿童剂量符合参考标准中年龄和体重任一条件，均判断为合理的剂量；,配套产品响应,【二级证据评审建议，待项目组签字】商用用药知识库深度审查；平台 CDSS 四规则表（DDI/剂量/年龄/建议）留有同构接入点
199,★,,实现缓释片、控释片、肠溶片等对分剂量服用有特定要求的药品，其每次给药剂量是否为合理的可分剂量的审查；,配套产品响应,【二级证据评审建议，待项目组签字】商用用药知识库深度审查；平台 CDSS 四规则表（DDI/剂量/年龄/建议）留有同构接入点
200,★,,实现校正剂量（覆盖除肿瘤药品外的口服药品）的审查，通过对涉及体重、体表面积计算出的非整数剂量的校正，提高审查准确率（如某药品根据体重、体表面积计算出患者应使用0.98片，而医生实际开具1片，判断为合理的剂量）；,部分响应,本条所述基于体重、体表面积计算剂量并对非整数剂量进行校正的审查功能当前版本未提供（患者信息尚无体重、身高数据项，审查引擎尚无数值剂量计算），列入后续开发计划。
201,★,,实现异常剂量（覆盖除溶媒、疫苗、血浆成分及血浆代用品、造影、氨基酸、脂肪乳外的成品输液型药品、小容量注射剂和口服药品）的审查：80岁以上老年患者和14岁以下儿童患者，每次或每天剂量不得超过说明书常规剂量上限的1倍；其他患者，每次或每天剂量不得超过说明书常规剂量上限的2倍；14岁以上患者每次或每天剂量不得低于说明书常规剂量下限的1/5。 用药疗程的审查,配套产品响应,属设备配套软件/商用知识库/CA 等产品参数，平台已留标准接入点
202,★,,在门诊药嘱用药时，支持特定药品的用药疗程的管控，限制医生仅能在规定疗程内进行开药；,配套产品响应,【二级证据评审建议，待项目组签字】商用用药知识库深度审查；平台 CDSS 四规则表（DDI/剂量/年龄/建议）留有同构接入点
203,★,,在住院医嘱用药时，支持按在用药品配置药品累计使用最大天数的管控；,部分响应,平台门诊医生站提供按药品的单次开具疗程天数上限提醒。本条所述住院医嘱用药时按在用药品配置累计使用最大天数的管控尚未提供：住院医嘱尚未接入审查引擎，现有疗程规则为单次开具天数而非累计天数，且无在线配置入口。列入后续开发计划。
204,★,,触发审查时，超出用药天数的限制，给予医生提醒。 相互作用的审查,部分响应,平台门诊医生站开单时对超出疗程天数上限的药品给予提醒。本条所述住院医嘱开立时超出用药天数限制的医生提醒尚未提供（住院医嘱尚未接入合理用药审查引擎），列入后续开发计划。
205,★,,结合病人的具体情况【如：诊断、检验值、合用药品（剂量、频率、给药途径）】等信息，实现可根据不同药品名称在实际用药中是否存在不良相互作用的精准审查；,部分响应,已提供：门诊医生站药物相互作用审查，新开药品与本次就诊全部在用药品两两比对规则库，禁用级实时拦截、慎用级提醒并留痕；规则库页面可查看与新增规则。尚未提供：①结合患者诊断、检验值进行审查；②结合合用药品的剂量、频率、给药途径进行审查（当前按药品名称匹配）；③住院医嘱的相互作用审查。上述缺项列入后续开发计划。
206,★,,实现含有乙醇的药品与特定药物不良相互作用的审查，提示可能存在双硫仑样反应；,部分响应,已提供：药物相互作用规则库内置头孢类与含乙醇制剂（藿香正气口服液）联用的双硫仑样反应禁用拦截规则，并支持逐对登记其他药品组合。尚未提供：药品主数据的“含乙醇”属性标志，以及基于该属性对含乙醇药品类别与特定药物的整体审查覆盖（当前需逐对维护）。上述缺项列入后续开发计划。
207,★,,含有2个或2个以上乌头碱的中成药（如：虎力散制剂、强力天麻杜仲制剂、祛风止痛制剂、尪痹制剂、复方夏天无片等）进行相互作用的审查，提示可能存在毒性反应；,部分响应,平台提供按药品名称配对的药物相互作用规则库。本条所述按中成药成分累计判断（含两个及以上乌头碱成分）的毒性反应审查尚未提供，药品主数据当前亦无成分属性，列入后续开发计划。
208,★,,实现治疗感冒的中成药与滋补性中成药的审查，可能存在不良相互作用。 重复用药的审查（重复开具、重复治疗）,部分响应,平台提供按药品名称配对的药物相互作用规则库。本条所述按中成药功效分类（治疗感冒类与滋补类）成组进行的不良相互作用审查尚未提供，药品主数据当前亦无中成药功效分类属性，列入后续开发计划。
209,★,,实现可根据不同药品名称、或药品成分在实际用药中重复治疗的审查，重复治疗审查提示处方/医嘱中的两个或多个药品（带给药途径）同属某个药物治疗分类（即具有同一种治疗目的），可能存在重复用药的问题（已覆盖西药与西药、中成药与西药的重复用药）；,部分响应,已提供：门诊医生站重复开具审查，同一次就诊内重复开具同一药品即实时拦截，同次提交内完全相同的药品行自动去重。尚未提供：按药品成分或药物治疗分类判断的重复治疗审查（含西药与西药、中成药与西药的同类重复），以及带给药途径维度的判断；药品主数据当前无成分与治疗分类属性。上述缺项列入后续开发计划。
210,★,,实现病人用药处方/医嘱中的同一个全身给药的药品（排除溶媒等药品）重复开具的审查。 配伍的审查,配套产品响应,属设备配套软件/商用知识库/CA 等产品参数，平台已留标准接入点
211,★,,实现注射剂在开具时，实现配伍审查，提示同组药嘱中是否存在溶媒用量、溶媒选择、稀释（小容量注射剂）、配伍、及钾离子浓度不合理的问题；,配套产品响应,属设备配套软件/商用知识库/CA 等产品参数，平台已留标准接入点
212,★,,实现《400种中西药注射剂临床配伍应用检索表》、《459种中西药注射剂临床配伍应用检索表》的应用；,配套产品响应,属设备配套软件/商用知识库/CA 等产品参数，平台已留标准接入点
213,★,,对于必须先用注射用水稀释的注射剂，实现其同组药嘱中是否添加注射用水的审查。 特殊人群用药审查,配套产品响应,【二级证据评审建议，待项目组签字】商用用药知识库深度审查；平台 CDSS 四规则表（DDI/剂量/年龄/建议）留有同构接入点
214,★,,实现用药处方/医嘱中是否存在特殊人群（妊娠期妇女、哺乳期妇女、老年人、儿童等）中的禁用及慎用的药品；,部分响应,已提供：年龄禁忌规则（按最小/最大年龄区间对指定药品实时拦截），可表达儿童、老年人等年龄人群的禁用管控。尚未提供：①妊娠期、哺乳期妇女的人群识别与用药审查（患者信息当前无孕产状态项）；②“慎用”提醒级别（当前仅禁用拦截一档）。上述缺项列入后续开发计划。
215,★,,根据传入的患者检验及诊断数据判断患者肝功能状态，审查肝功能不全患者是否存在禁用和慎用的药品；,部分响应,平台当前提供门诊医生站合理用药前置审查基础能力（药物相互作用、疗程天数、年龄禁忌、过敏史交叉）。本条所述根据检验及诊断数据判定肝功能状态，并审查肝功能不全患者禁用、慎用药品的功能尚未提供，列入后续开发计划。
216,★,,通过结合病人的诊断、eGFR指标值（可选择公式： Cockcroft-Gault 公式和CKD-EPI 公式）、是否透析状态等指标，判断患者肾功能状态，审查肾功能不全患者是否存在禁用和慎用的药品。 过敏的审查,部分响应,平台当前提供门诊医生站合理用药前置审查基础能力（药物相互作用、疗程天数、年龄禁忌、过敏史交叉）。本条所述结合诊断、eGFR（Cockcroft-Gault、CKD-EPI 公式）、透析状态判定肾功能状态，并审查肾功能不全患者禁用、慎用药品的功能尚未提供，列入后续开发计划。
217,★,,在获取病人既往过敏原或过敏类信息的基础上，提示病人用药处方中是否存在与病人既往过敏药品、食物相关的、可能导致类似过敏反应的药品；,部分响应,已提供：患者主索引记录过敏史，门诊医生站开药时对青霉素类、头孢类、磺胺类、水杨酸类四组交叉过敏药品实时拦截。尚未提供：①食物相关过敏与药品的交叉提示；②过敏交叉对照关系的字典化维护界面；③结构化过敏原登记（当前为文本记录）；④住院医嘱侧的过敏审查。上述缺项列入后续开发计划。
218,★,,在获取病人对乙醇过敏，提示病人用药处方中是否存在含有乙醇的药品。 不良反应提醒,部分响应,平台提供过敏史交叉禁忌拦截（青霉素类、头孢类、磺胺类、水杨酸类四组）。本条所述根据患者乙醇过敏信息提示处方中含乙醇药品的功能尚未提供，药品主数据当前亦无“含乙醇”属性标志，列入后续开发计划。
219,★,,根据国家药品监督管理局发布的不良反应信息通报，提醒医生在使用相关药品时需要注意的问题。 其他提醒,部分响应,平台当前提供门诊医生站合理用药前置审查基础能力（药物相互作用、疗程天数、年龄禁忌、过敏史交叉）。本条所述根据国家药品监督管理局不良反应信息通报，在使用相关药品时向医生提示注意事项的功能尚未提供，列入后续开发计划。
220,★,,处方/医嘱中肿瘤注射药品需要避光输注、冲管的，提醒医生用药需要注意该问题；,部分响应,平台当前提供门诊医生站合理用药前置审查基础能力（药物相互作用、疗程天数、年龄禁忌、过敏史交叉）。本条所述肿瘤注射药品避光输注、冲管等用药注意事项提醒尚未提供，列入后续开发计划。
221,★,,处方/医嘱中肿瘤注射药品有特殊的滴速、输注速度，告知医生其适宜的滴速、输注速度； 备注：在某类药品上直接编辑提示规则，不论医生对药品的使用正确与否，均给予提示。 中药饮片的审查,配套产品响应,属设备配套软件/商用知识库/CA 等产品参数，平台已留标准接入点
222,★,,实现饮片十八反、十九畏的配伍管控；,配套产品响应,属设备配套软件/商用知识库/CA 等产品参数，平台已留标准接入点
223,★,,审查毒性饮片用药剂量是否超过药典推荐的剂量上限范围；,配套产品响应,属设备配套软件/商用知识库/CA 等产品参数，平台已留标准接入点
224,★,,审查是否存在药典规定的孕期禁止使用的饮片；,配套产品响应,属设备配套软件/商用知识库/CA 等产品参数，平台已留标准接入点
225,★,,审查外用饮片与药典不匹配的给药途径；,配套产品响应,属设备配套软件/商用知识库/CA 等产品参数，平台已留标准接入点
226,★,,实现肾功能不全、肝功能不全谨慎使用与禁止作用的饮片管控。 抗菌药物管理,配套产品响应,属设备配套软件/商用知识库/CA 等产品参数，平台已留标准接入点
227,★,,提供规则模板，可按《抗菌药物临床应用指导原则(2015年版)》实现抗菌药物越权用药的管控；,部分响应,已提供：药品主数据维护抗菌药物分级（非限制/限制/特殊使用级），医生抗菌药物处方权限矩阵在线维护，门诊医生站开具超出权限级别的抗菌药物时实时拦截，抗菌药物使用强度统计。尚未提供：①按《抗菌药物临床应用指导原则(2015年版)》可选用的规则模板库；②住院医嘱的抗菌药物越权拦截。上述缺项列入后续开发计划。
228,★,,实现处方/医嘱中是否存在作用机制相同药品重复应用的审查（同重复用药）；,部分响应,平台提供门诊医生站同一次就诊同一药品重复开具拦截。本条所述按作用机制相同判断药品重复应用的审查尚未提供，药品主数据当前无作用机制、药理分类属性，列入后续开发计划。
229,★,,精、麻、毒、放、高危等药品的审查；,部分响应,抗菌分级管控+CDSS 已闭环，精麻毒放标识为 md_drug 字段扩展
230,★,,对已上市精、麻、毒、放、高危药品，维护精神药品、麻醉药品、毒性药品、放射性药品、高危药品的属性标志，用户可采用属性进行规则自定义，实现相关药品的管控；,部分响应,平台药品主数据当前提供抗菌药物分级、剂型、费别、自费标志等属性维护。本条所述精神药品、麻醉药品、毒性药品、放射性药品、高危药品的属性标志维护，以及按属性自定义管控规则的功能尚未提供，列入后续开发计划。
231,★,,提供一类、二类精神药品管控规则模板，可按《处方管理办法》实现用药疗程天数管控；,部分响应,平台门诊医生站提供按药品名称的通用疗程天数上限提醒。本条所述一类、二类精神药品的识别与分档、按《处方管理办法》的疗程天数管控规则模板及其在线维护入口尚未提供，列入后续开发计划。
232,★,,提供麻醉药品提供管控规则模板，可按《处方管理办法》实现用药疗程天数的管控；,部分响应,平台门诊医生站提供按药品名称的通用疗程天数上限提醒。本条所述麻醉药品属性识别、按《处方管理办法》的疗程天数管控规则模板及其在线维护入口尚未提供，列入后续开发计划。
233,★,,对于麻醉药品缓控释制剂（如芬太尼贴剂、硫酸吗啡控释片、盐酸羟考酮缓释片、盐酸羟考酮控释片等），实现不同品种药品重复使用的审查。 TPN处方/医嘱审查,配套产品响应,属设备配套软件/商用知识库/CA 等产品参数，平台已留标准接入点
234,★,,支持三类肠外营养用药方案（仅含脂肪乳+氨基酸、仅含糖+氨基酸、仅含脂肪乳+糖+氨基酸）的自动识别和审查；,配套产品响应,属设备配套软件/商用知识库/CA 等产品参数，平台已留标准接入点
235,★,,实现氨基酸类、糖类、脂肪乳类、电解质类、水溶性维生素(复合)、脂溶性维生素(复合)、水溶性维生素(单方)、脂溶性维生素(单方)、微量元素类(复合)、微量元素类(单方)、其他类(如注射用水，胰岛素)共11类肠外营养用药用量和浓度的审查；,配套产品响应,属设备配套软件/商用知识库/CA 等产品参数，平台已留标准接入点
236,★,,支持根据根据患者年龄、体重、诊断及检验指标等特征实现对患者能量需求和补液量需求的审查；,部分响应,本条所述根据患者年龄、体重、诊断及检验指标对能量需求与补液量需求进行审查的功能当前版本未提供（患者信息尚无体重数据项，审查引擎尚未接入检验数据），列入后续开发计划。
237,★,,实现非蛋白热氮比、糖脂热量比、渗透压、液体量以及各营养物质比例等TPN特征参数的审核；,配套产品响应,属设备配套软件/商用知识库/CA 等产品参数，平台已留标准接入点
238,★,,支持TPN处方/医嘱在不同给药途径下渗透压是否符合要求的审查；,配套产品响应,属设备配套软件/商用知识库/CA 等产品参数，平台已留标准接入点
239,★,,支持营养液加入不允许添加药物的配伍提醒；,配套产品响应,属设备配套软件/商用知识库/CA 等产品参数，平台已留标准接入点
240,★,,支持营养液中仅含脂肪乳类和糖类，不含氨基酸类药物的配伍提醒。 自定义合理性审查规则,配套产品响应,属设备配套软件/商用知识库/CA 等产品参数，平台已留标准接入点
241,★,,支持用户自定义药品规则，能够对所有使用规则（包括引用自说明书规则集的规则和本院自定义的规则）进行新增、修改和删除，实现对用药适应症、禁忌症、用法用量、给药途径、相互作用、重复用药、特殊人群、配伍、过敏、不良反应等精准审查，规则审核后立即生效（不需要重启服务器）；,配套产品响应,属设备配套软件/商用知识库/CA 等产品参数，平台已留标准接入点
242,★,,提供150+判断条件，支持用户自定义编辑复杂规则判断，使药品的使用更加符合用户的实际用药情况；,部分响应,平台合理用药规则当前按药品名称、疗程天数、年龄区间、诊断编码前缀四类固定条件配置，支持在线新增药物相互作用规则。本条所述 150 个以上判断条件及用户自定义编辑复杂规则的规则编辑器尚未提供，列入后续开发计划。
243,★,,提供40+代表药品特点的属性（如单胺氧化酶抑制剂、磺胺结构类药品），支持用户在自定义规则中使用；,部分响应,平台药品主数据当前提供剂型、抗菌药物分级、费别等基础属性。本条所述 40 个以上代表药品特点的药理属性（如单胺氧化酶抑制剂、磺胺结构类药品）及其在自定义规则中的引用尚未提供，列入后续开发计划。
244,★,,支持用户自定义规则，可实现对q8h，q12h，q6h等特殊给药频率合理性的审查；,部分响应,平台医嘱记录给药频次（含 q6h、q8h、q12h 等选项）并用于生成执行计划。本条所述用户自定义规则对特殊给药频率进行合理性审查的功能尚未提供，列入后续开发计划。
245,,▲,"①提供至少60个条件（如检验指标肌酐）的""为空""判断（即未获得病人的该类信息），②支持用户在自定义规则中使用，避免审查时存在缺陷；**（投标人提供相关软件界面截图，并加盖投标人公章）**",配套产品响应,本条所述至少 60 个病人特征条件（如检验指标肌酐）的“为空”判断，属商用合理用药知识库的内容范围，由知识库厂商提供。平台当前未提供自定义规则编辑器及条件“为空”判断能力，相关承载框架列入后续开发计划；本条要求的软件界面截图当前无法提供。
246,★,,提供中药颗粒目录，支持用户自定义规则，可以进行相应的管控；,部分响应,平台当前提供药品主数据维护与门诊合理用药前置审查基础能力。本条所述中药颗粒目录，以及针对中药颗粒的用户自定义管控规则尚未提供，列入后续开发计划。
247,★,,支持用户在自定义药品规则时，采用病人特征字典表达病人疾病情况。系统提供2500+个病人特征（如高血压、妊娠期妇女，已覆盖21个疾病）及其定义的规则，其规则可采用诊断、检验、手术等信息进行定义，已可基本满足已上市药品合理性审查（与西医诊断关联）时所需的病人特征；支持用户查看病人特征定义的规则，根据医院不同的管控需求，用户可对系统病人特征定义的规则进行修改或添加新的病人特征并自定义其规则。修改后，使用,配套产品响应,本条所述 2500 个以上病人特征（覆盖 21 个疾病）及其基于诊断、检验、手术的规则定义，属商用合理用药知识库的内容范围，由知识库厂商提供。平台当前未提供病人特征字典及基于病人特征的自定义规则查看、修改与新增功能，相关承载框架列入后续开发计划。
248,★,,系统支持自定义规则审核后立即生效（不需要重启服务器）；可快速实现处方/医嘱的干预、查询、分析和统计。 自定义管理规则,部分响应,已提供：合理用药规则库页面支持在线新增药物相互作用规则，保存后即时生效、无需重启服务；触发禁用级规则时在门诊医生站实时拦截干预；提醒留痕明细可查询。尚未提供：①疗程天数与年龄禁忌规则的在线新增；②规则的编辑与删除；③按规则、科室、医生等维度的分析统计。上述缺项列入后续开发计划。
249,★,,支持用户自定义管理规则，实现对整体用药的管控，包括门、急诊处方药品超多日用量、门诊输液审查（可限定科室、疾病）；药品品种（名称和品种数）、药品发药数量、处方金额、中药饮片帖数、中药饮片味数等（可限定患者病历号、处方时间、科室、来源（门诊、急诊或住院）等；,配套产品响应,属设备配套软件/商用知识库/CA 等产品参数，平台已留标准接入点
250,★,,"支持用户自定义单病种的用药审查，控制""指定疾病的药品""只能在指定疾病下才能使用；支持用户自定义医保结算管控规则，控制""指定疾病的医保药品""在未患该疾病患者使用医保结算的管控；例：肝移植患者使用医保结算来采购只限肾移植患者医保结算的药品时，系统支持非肾移植患者须自费使用的审查。 +-------------------------------+----------------------------",部分响应,平台医保结算当前提供单品种数量超限、同单重复项目、自费占比过高三项固定审核提示。本条所述“指定疾病的药品只能在指定疾病下使用”的单病种用药审查，以及可自定义、与患者诊断关联的医保结算管控规则（如限肾移植患者医保结算药品的自费审查）尚未提供，列入后续开发计划。
251,,,支持处方/医嘱每天自动导入合理用药管理系统，并支持全处方/出院医嘱的自动分析；,部分响应,平台合理用药审查在门诊医生站开单时实时前置执行，覆盖本次新开药品。本条所述处方/医嘱每天自动导入合理用药管理系统，以及全处方、出院医嘱的事后自动全量分析尚未提供，列入后续开发计划。
252,,,支持门诊按单张处方和按患者当天所有处方合并审查，出院按患者进行合并分析；,部分响应,平台门诊合理用药审查按本次就诊内全部在用药品合并审查。本条所述门诊按单张处方与按患者当天所有处方两种合并模式的切换，以及出院患者按患者合并分析尚未提供，列入后续开发计划。
253,,,支持对处方/医嘱中存在的用法用量、相互作用、配伍禁忌、重复用药、禁忌症、适应症、特殊人群用药、妊娠期用药、哺乳期用药、过敏、给药途径等不合理用药情况进行自动分析。 分析结果查询,配套产品响应,属设备配套软件/商用知识库/CA 等产品参数，平台已留标准接入点
254,,,支持药师查看所有处方/医嘱，并可查看系统警示信息及个性化用药规则的分析结果；,部分响应,已提供：门诊药师审方工作台，药师角色可查看待审门诊处方并进行审核。尚未提供：①已审、已收费及历史处方的全量查看；②住院医嘱的药师查看；③审方工作台内展示系统警示信息；④个性化用药规则的分析结果。上述缺项列入后续开发计划。
255,,,支持科主任/医院管理人员登入系统，查看本科室/本院的处方/医嘱及分析结果；,部分响应,平台当前提供门诊合理用药提醒留痕明细查看（管理员与门诊医生角色）。本条所述科主任、医院管理人员按本科室、本院维度查看处方/医嘱及其分析结果的功能尚未提供，列入后续开发计划。
256,,,支持医生登入系统，查看本人的处方和处方分析结果；,部分响应,门诊医生站可查看当前接诊患者本次就诊的处方。本条所述医生登录后按本人查看历史处方列表及处方分析结果的功能尚未提供，列入后续开发计划。
257,,,支持从门诊处方、门诊患者、出院患者维度查看所有处方/医嘱及分析结果；,部分响应,平台当前提供按单次就诊查看处方（门诊收费、药房发药）及患者 360 视图文档时间轴。本条所述从门诊处方、门诊患者、出院患者三个维度检索查看所有处方/医嘱及分析结果的功能尚未提供，列入后续开发计划。
258,,,对于门诊处方，提供日期、处方号、患者号、患者姓名、科室、医生、诊断、警示类型、警示等级、药品名称等检索条件，支持根据选择条件筛选并展示相关处方数据及其审查结果；,部分响应,平台门诊收费与药房发药按单次就诊查看处方。本条所述按日期、处方号、患者号、患者姓名、科室、医生、诊断、警示类型、警示等级、药品名称等条件组合检索门诊处方并展示审查结果的功能尚未提供，列入后续开发计划。
259,,,对于门诊患者，提供日期、患者号、患者姓名、科室、医生、警示类型、警示等级等检索条件，支持根据选择条件筛选并展示相关门诊患者数据及其审查结果；,部分响应,平台提供门诊合理用药提醒留痕列表（含患者姓名，按时间倒序）。本条所述按日期、患者号、患者姓名、科室、医生、警示类型、警示等级等条件筛选门诊患者及其审查结果的功能尚未提供，列入后续开发计划。
260,,,对于出院患者，提供日期、住院号、患者号、患者姓名、病案号、科室、诊断、警示类型、警示等级、药品名称等检索条件，筛选出出院患者信息及审查结果；,部分响应,本条所述按日期、住院号、患者号、患者姓名、病案号、科室、诊断、警示类型、警示等级、药品名称等条件筛选出院患者及其审查结果的功能当前版本未提供（住院医嘱尚未接入合理用药审查），列入后续开发计划。
261,,,支持药师结合医院的实际用药情况，对系统审查产生的警示信息进行确认、待查操作。 ### 抽样点评功能 点评项目创建,配套产品响应,属设备配套软件/商用知识库/CA 等产品参数，平台已留标准接入点
262,,,支持全处方点评和全医嘱点评；,配套产品响应,属设备配套软件/商用知识库/CA 等产品参数，平台已留标准接入点
263,,,支持特定条件下处方/医嘱的抽样点评；,配套产品响应,属设备配套软件/商用知识库/CA 等产品参数，平台已留标准接入点
264,,,支持通过自定义模板的方式保留抽取条件和分配方案，对处方/医嘱进行抽样点评；,配套产品响应,属设备配套软件/商用知识库/CA 等产品参数，平台已留标准接入点
265,,,支持对特定药品进行专项点评，如抗菌药物专项、基药专项等；,配套产品响应,属设备配套软件/商用知识库/CA 等产品参数，平台已留标准接入点
266,,,支持多维度的抽样筛选条件组合抽取，满足用户不同的抽样要求；,部分响应,本条所述处方/医嘱点评抽样功能（多维度抽样筛选条件组合抽取）当前版本未提供，列入后续开发计划。
267,,,门急诊处方：提供年龄、患者号、处方号、处方来源（门急诊、门诊、急诊）、药品名称、药品品种数、药品属性、是否包含退药处方、是否注射给药、诊断、医生职称、处方类型（西药方、草药方、中成药方）、处方金额、抗菌药物类型、机评合理情况（全部、合理、不合理）、警示信息（按警示信息类型、状态、等级）、点评方式（按科室、按医生）、样本来源（全部、已抽取、未抽取）筛选条件；,配套产品响应,属设备配套软件/商用知识库/CA 等产品参数，平台已留标准接入点
268,,,住院医嘱：提供年龄、住院号、患者号、病案号、药品名称、药品属性、是否包含无用药患者、是否是出院带药患者、住院天数、诊断、医生职称、是否有手术信息患者、手术名称、手术等级、切口类型、用药金额、抗菌药物类型、机评合理情况、警示信息（按警示信息类型、状态、等级）、点评方式（按科室、按医生、按病区、按医疗组）、样本来源（全部、已抽取、未抽取）筛选条件；,配套产品响应,属设备配套软件/商用知识库/CA 等产品参数，平台已留标准接入点
269,,,针对药品名称，支持处方/医嘱中多个药品同时存在时才抽取的抽取方式（支持3个及以下药品的同时抽取）；,部分响应,本条所述处方/医嘱点评抽样功能（按多个药品同时存在的组合条件抽取，支持 3 个及以下药品）当前版本未提供，列入后续开发计划。
270,,,住院医嘱抽取时若存在药品名称筛选且按医生进行抽样时，支持将药品与开嘱医生关联；,部分响应,本条所述住院医嘱点评抽样功能（药品名称筛选与按医生抽样时将药品与开嘱医生关联）当前版本未提供，列入后续开发计划。
271,,,支持在抽样时设置点评样本中需要显示的警示信息类型、状态和等级。支持只显示抽取药品名称、药品属性的警示信息；,配套产品响应,属设备配套软件/商用知识库/CA 等产品参数，平台已留标准接入点
272,,,支持通过自定义规则对应警示进行样本抽取（处方、医嘱），满足用户个性化的抽样要求；,部分响应,本条所述按自定义规则对应警示进行处方、医嘱样本抽取的功能当前版本未提供（自定义规则与点评抽样功能均尚未提供），列入后续开发计划。
273,,,支持多种样本抽取方式； > 门诊：,部分响应,本条所述门诊处方点评的多种样本抽取方式当前版本未提供，列入后续开发计划。
274,,,提供全部抽取；,部分响应,本条所述门诊处方点评抽样的全部抽取方式当前版本未提供，列入后续开发计划。
275,,,提供随机按指定数量或百分比抽取；,部分响应,本条所述门诊处方点评抽样的随机按指定数量或百分比抽取方式当前版本未提供，列入后续开发计划。
276,,,提供等间隔按指定数量抽取；,部分响应,本条所述门诊处方点评抽样的等间隔按指定数量抽取方式当前版本未提供，列入后续开发计划。
277,,,提供每个机构/科室指定数量或百分比抽取；,部分响应,本条所述门诊处方点评抽样的按机构/科室指定数量或百分比抽取方式当前版本未提供，列入后续开发计划。
278,,,提供按药品抽取，即当存在药品名称筛选条件时，支持按筛选药品指定数量抽取；,部分响应,本条所述门诊处方点评抽样的按药品筛选指定数量抽取方式当前版本未提供，列入后续开发计划。
279,,,提供按医生抽取，即当存在医生筛选条件时，支持设定满足筛选条件的医生指定人数或百分比人数，并支持设置单个医生指定数量或百分比进行组合抽取； > 住院：,部分响应,本条所述门诊处方点评抽样的按医生抽取方式（医生人数或百分比与单个医生数量或百分比的组合抽取）当前版本未提供，列入后续开发计划。
280,,,提供全部抽取；,部分响应,本条所述住院医嘱点评抽样的全部抽取方式当前版本未提供，列入后续开发计划。
281,,,提供随机按指定数量或百分比抽取；,部分响应,本条所述住院医嘱点评抽样的随机按指定数量或百分比抽取方式当前版本未提供，列入后续开发计划。
282,,,提供等间隔按指定数量抽取；,部分响应,本条所述住院医嘱点评抽样的等间隔按指定数量抽取方式当前版本未提供，列入后续开发计划。
283,,,提供每个机构/科室/病区/医疗组指定数量或百分比抽取；,部分响应,本条所述住院医嘱点评抽样的按机构/科室/病区/医疗组指定数量或百分比抽取方式当前版本未提供（平台组织维度当前亦无医疗组），列入后续开发计划。
284,,,提供按药品抽取，即当存在药品名称筛选条件时，支持按筛选药品指定数量抽取；,部分响应,本条所述住院医嘱点评抽样的按药品筛选指定数量抽取方式当前版本未提供，列入后续开发计划。
285,,,提供按医生抽取，即当存在医生筛选条件时，支持按筛选医生指定数量或百分比抽取样本；,部分响应,本条所述住院医嘱点评抽样的按医生筛选指定数量或百分比抽取方式当前版本未提供，列入后续开发计划。
286,,,提供按病区、医疗组、主管医生抽取，即当存在主管医生筛选条件时，支持按指定数量或百分比抽取病区、医疗组、主管医生，每个病区、医疗组、主管医生指定数量或百分比的样本；,部分响应,本条所述住院医嘱点评抽样的按病区、医疗组、主管医生分层指定数量或百分比抽取方式当前版本未提供（平台组织维度当前亦无医疗组），列入后续开发计划。
287,,,支持多方案抽取，在单项目中新增多个抽取方案，每个方案对应一份抽取条件，多份条件逐一抽取；,配套产品响应,处方点评多方案抽样属商用点评产品参数
288,,,支持提供住院病人特殊级抗菌药物(万古霉素等)专项点评模板及导出模板。 处方/医嘱人工点评,配套产品响应,属设备配套软件/商用知识库/CA 等产品参数，平台已留标准接入点
289,,,支持处方/医嘱点评项目的任务进行分配，将抽取的处方/医嘱分配给多个药师进行人工点评；,配套产品响应,属设备配套软件/商用知识库/CA 等产品参数，平台已留标准接入点
290,,,支持复核点评流程，所有点评药师完成点评后项目进入复核阶段，复评药师可查看点评药师的点评结果并对点评结果进行复核点评并保存复核结果；,配套产品响应,属设备配套软件/商用知识库/CA 等产品参数，平台已留标准接入点
291,,,支持点评药师查看并点评被分配的点评项目及具体点评任务，点评任务列表页面提供时间、患者姓名、是否合理、机评结果、警示类型、警示等级、点评状态、审阅状态、科室、选择药品筛选条件；,配套产品响应,属设备配套软件/商用知识库/CA 等产品参数，平台已留标准接入点
292,,,支持对处方/医嘱自动点评，支持点评药师在点评处方/医嘱时，对系统点评产生的警示信息内容进行忽略或恢复，并支持人工添加点评意见，填写人工点评意见时支持选择问题代码及药品名称，同时点评任务列表页支持处方/医嘱的批量点评，包括批量确认机评结果和批量忽略机评结果；,配套产品响应,属设备配套软件/商用知识库/CA 等产品参数，平台已留标准接入点
293,,,支持按警示类型自动配置问题代码，同时支持药师点评时选择问题代码、药品名称或直接填写人工点评内容；,配套产品响应,属设备配套软件/商用知识库/CA 等产品参数，平台已留标准接入点
294,,,"支持人工点评意见标记展示，点评药师人工添加的人评意见展示""人评""标记；",配套产品响应,属设备配套软件/商用知识库/CA 等产品参数，平台已留标准接入点
295,,,支持机评警示信息、点评意见、复核意见和最终点评意见单独存储；,配套产品响应,属设备配套软件/商用知识库/CA 等产品参数，平台已留标准接入点
296,,,点评任务列表页支持处方/医嘱的批量点评，包括批量确认机评结果和批量忽略机评结果；,配套产品响应,属设备配套软件/商用知识库/CA 等产品参数，平台已留标准接入点
297,,,点评项目列表页面支持配置显示样本开始时间、样本结束时间、项目创建时间、项目结束时间、项目入库时间、项目推送时间；,配套产品响应,属设备配套软件/商用知识库/CA 等产品参数，平台已留标准接入点
298,,,复核停用时，支持在点评阶段，将点评任务填写转办理由并将任务转办至指导专家处进行点评，指导专家可在样本详情页查看样本的转办理由。复核启用时，支持在复核阶段，将复核任务填写转办理由并将任务转办至指导专家处进行复核，指导专家可在该样本详情页查看样本的转办理由；支持复核及转办均开启时，点评药师可对点评任务进行存疑操作并填写存疑理由，复核专家可在该样本详情页面查看样本的存疑理由；,配套产品响应,属设备配套软件/商用知识库/CA 等产品参数，平台已留标准接入点
299,,,支持查看样本的历史点评记录，并支持历史点评结果引用。 处方/医嘱界面展示,配套产品响应,属设备配套软件/商用知识库/CA 等产品参数，平台已留标准接入点
300,,,支持处方/医嘱明细页面一体化展示患者信息、处方/医嘱信息、检查检验信息、手术信息、电子病历信息及系统自动分析结果；,部分响应,平台当前提供患者 360 视图（门诊、检验、住院摘要文档时间轴）与门诊药师审方工作台（处方药品与用法）。本条所述一体化展示患者信息、处方/医嘱、检查检验、手术、电子病历及系统自动分析结果的处方/医嘱明细审查页尚未提供，列入后续开发计划。
301,,,对于门诊处方，支持查看患者当日所有处方；,部分响应,平台门诊收费、药房发药及合理用药审查均按单次就诊查看处方。本条所述查看患者当日跨就诊全部处方的功能尚未提供，列入后续开发计划。
302,,,对于住院医嘱，支持按医嘱类型、药品属性、药品名称、科室、医生进行医嘱明细信息筛选；,部分响应,平台住院医生站提供单个住院患者的医嘱列表（医嘱类型、用法、状态）。本条所述按医嘱类型、药品属性、药品名称、科室、医生进行住院医嘱明细筛选的功能尚未提供，列入后续开发计划。
303,,,支持点击警示信息后，左侧药品区域只展示存在该警示信息的问题药品；,外部条件,需医保局/省平台等外部环境开通后联调
304,,,支持点击药品后，右侧警示信息栏只显示该药品相关的警示信息；,部分响应,平台当前提供合理用药提醒留痕明细列表。本条所述在处方/医嘱明细页点击药品后右侧警示栏仅显示该药品相关警示的功能尚未提供（明细页与按药品关联的警示记录均尚未提供），列入后续开发计划。
305,,,支持在药师点评详情页面，展示干预阶段或审方阶段医生双签名确认时填写的理由；,配套产品响应,属设备配套软件/商用知识库/CA 等产品参数，平台已留标准接入点
306,,,支持用户自定义设置患者信息显示的字段；,部分响应,本条所述用户自定义设置患者信息显示字段的功能当前版本未提供，列入后续开发计划。
307,,,支持用户自定义设置药品明细页面展示的字段，并可设置字段排序，方便药师关注信息的优先展示；,部分响应,本条所述用户自定义设置药品明细页面展示字段及字段排序的功能当前版本未提供，列入后续开发计划。
308,,,提供处方/医嘱明细页警示等级按钮，点击对应等级即可显示或隐藏对应等级的警示信息；,部分响应,平台合理用药提醒留痕页以级别标签区分显示警示信息。本条所述处方/医嘱明细页的警示等级按钮及按等级显示/隐藏警示信息的功能尚未提供，列入后续开发计划。
309,,,支持处方/医嘱点评详情页面外链跳转功能；,配套产品响应,属设备配套软件/商用知识库/CA 等产品参数，平台已留标准接入点
310,,,支持住院点评详情页展示时序图功能。 问题代码设置功能,配套产品响应,属设备配套软件/商用知识库/CA 等产品参数，平台已留标准接入点
311,,,系统支持用户自定义问题代码与警示类型的对应关系，同时支持按对应关系自动生成问题代码；,部分响应,本条所述用户自定义问题代码与警示类型对应关系，以及按对应关系自动生成问题代码的功能当前版本未提供，列入后续开发计划。
312,,,支持问题代码在的点评界面展示和项目报表中导出。 项目报表生成及导出,配套产品响应,属设备配套软件/商用知识库/CA 等产品参数，平台已留标准接入点
313,,,门诊处方点评项目结束后，支持按机构、按科室、按医生、按科室-医生生成项目报表，包括点评处方数、处方人次数、用药品种数、抗菌药物品种数、基药品种数、抗菌药物总金额、基药使用人次数、基药使用人次百分率、抗菌药物金额百分率、抗菌药物品种数百分率、不合理处方数等指标等统计指标，满足处方点评的要求；,配套产品响应,属设备配套软件/商用知识库/CA 等产品参数，平台已留标准接入点
314,,,住院医嘱项目结束后，支持按机构、按科室、按医疗组、按科室-主管医生生成项目报表，包括出院患者人次数、用药品种数、抗菌药物品种数、基药品种数、抗菌药物使用百分率(%)、合理医嘱百分率(%)、抗菌药物总金额、抗菌药物金额百分率、抗菌药物品种数百分率、不合理医嘱数等统计指标；满足医院医嘱点评的要求；,配套产品响应,属设备配套软件/商用知识库/CA 等产品参数，平台已留标准接入点
315,,,支持项目报表、处方/医嘱样本数据导出成excel文件；,部分响应,平台当前各类统计报表（病案质控统计、科室月报、费别汇总等）提供 CSV 格式导出。本条所述处方点评项目报表与处方/医嘱样本数据及其 Excel 文件导出尚未提供（点评项目功能尚未提供），列入后续开发计划。
316,,,支持用户自定义设置样本导出方案，提供可选择的处方或医嘱点评样本导出字段（系统提供80+待选字段），满足用户的个性化导出要求；,配套产品响应,属设备配套软件/商用知识库/CA 等产品参数，平台已留标准接入点
317,,,门诊处方项目导出时支持导出全部药品、抽取药品、抗菌药物、问题药品的数据；,部分响应,平台药品主数据维护抗菌药物分级标记。本条所述门诊处方点评项目导出全部药品、抽取药品、抗菌药物、问题药品数据的功能尚未提供（点评项目功能尚未提供），列入后续开发计划。
318,,,住院医嘱项目导出时支持导出全部药品、抽取药品、抗菌药物、问题药品、出院带药、抽取医生的数据；,部分响应,本条所述住院医嘱点评项目导出全部药品、抽取药品、抗菌药物、问题药品、出院带药、抽取医生数据的功能当前版本未提供，列入后续开发计划。
319,,,支持将结束后项目中的数据进行汇总统计，支持按日期、机构、样本类型、处方来源、科室范围进行样本统计；,部分响应,平台当前提供挂号量、收入、药占比、均次费用、床日等运营统计。本条所述点评项目结束后按日期、机构、样本类型、处方来源、科室范围进行样本汇总统计的功能尚未提供，列入后续开发计划。
320,,,支持自定义配置用户项目报表查看和导出的权限；,部分响应,平台提供基于角色的菜单级与按钮级权限配置基础能力。本条所述点评项目报表查看与导出权限项尚未提供（点评项目报表功能尚未提供，暂无可配置的权限对象），列入后续开发计划。
321,,,提供点评统计功能。 > 样本统计,配套产品响应,属设备配套软件/商用知识库/CA 等产品参数，平台已留标准接入点
322,,,门诊处方：处方总数、抽取数、抽取率、点评数、点评率、合理数、不合理数、合理率、处方总人次数、点评人次数、点评率（人次）、合理人次数、不合理人次数、合理率（人次）的数据统计；,配套产品响应,属设备配套软件/商用知识库/CA 等产品参数，平台已留标准接入点
323,,,住院医嘱：出院患者人次数、抽取数、抽取率、点评数、点评率、合理数、不合理数、合理率的数据统计；,配套产品响应,属设备配套软件/商用知识库/CA 等产品参数，平台已留标准接入点
324,,,药师统计：点评药师、分配数、合理数、不合理数、合理率、点评数、点评合理数、点评不合理数、点评合理率、完成率、点评项目及数量的数据统计。 > 医生统计,配套产品响应,属设备配套软件/商用知识库/CA 等产品参数，平台已留标准接入点
325,,,门诊处方：处方数、被选中处方数、合理处方数、不合理处方数、合理率、不合理原因、问题代码的数据统计；,部分响应,平台当前提供门诊药师审方（通过/拒绝）与合理用药提醒留痕。本条所述门诊处方的处方数、被选中处方数、合理处方数、不合理处方数、合理率、不合理原因、问题代码统计尚未提供，列入后续开发计划。
326,,,问题代码的数据统计；,部分响应,平台当前提供合理用药提醒留痕明细（按规则类型与警示级别记录）。本条所述按问题代码进行的数据统计汇总尚未提供，列入后续开发计划。
327,,,药品统计：西药、中成药、中药饮片、质子泵抑制剂、注射剂、抗菌药物、特殊级、限制级、非限制级、国家基本药物等标准属性的处方数/出院患者人次数、使用率、点评数、点评率、合理处方/医嘱数、不合理处方/医嘱数、合理率的数据统计；,配套产品响应,属设备配套软件/商用知识库/CA 等产品参数，平台已留标准接入点
328,,,专项统计：按模板统计抽取数、点评数、合理数、不合理数、合理率的数据；,配套产品响应,属设备配套软件/商用知识库/CA 等产品参数，平台已留标准接入点
329,,,支持在项目结束前项目报表统计、导出方案设置及导出。 点评结果查看,配套产品响应,属设备配套软件/商用知识库/CA 等产品参数，平台已留标准接入点
330,,,支持科主任/医院管理人员登入系统，查看管理科室/管理机构的处方/医嘱及点评结果；选中处方数、合理处方数、不合理处方数、合理率、不合理原因、问题代码的数据统计；,配套产品响应,属设备配套软件/商用知识库/CA 等产品参数，平台已留标准接入点
331,,,住院医嘱（支持主管医生）：出院患者人次数、被选中数、合理数、不合理医数、合理率、不合理原因；,部分响应,平台当前提供门诊药师审方（通过/拒绝）。本条所述住院医嘱（支持主管医生维度）的出院患者人次数、被选中数、合理数、不合理数、合理率、不合理原因统计尚未提供，列入后续开发计划。
332,,,支持医生登入系统查看本人的不合理处方或医嘱，在点评项目未结束时可对药师的点评结果进行申述，填入申述理由，并支持支持上传附件。,配套产品响应,属设备配套软件/商用知识库/CA 等产品参数，平台已留标准接入点
333,★,,点评结果推送 支持将药师点评为不合理的处方推送至相应的开方医生，支持医生在收到点评结果提醒后，免密登录合理用药系统查看具体不合理处方并进行申述；支持将药师点评为不合理的医嘱推送至患者相关医生，或仅推给有问题药品的开嘱医生（非药品问题的医嘱会推送给主管医生），支持医生收到点评结果提醒后，免密登录合理用药系统查看具体不合理医嘱并进行申述。 +------------------------------,配套产品响应,属设备配套软件/商用知识库/CA 等产品参数，平台已留标准接入点
334,,,提供78张统计报表供医院使用，覆盖医院用药数据统计的各种维度，包括按机构、按科室、按医疗组、按病区、按医生统计，按药品统计、按手术统计、按问题类型统计等。 此外还提供了不同统计类型的报表，包括出院科室统计、实际使用科室统计、含在院使用统计；,部分响应,平台当前提供药事分析页（用药排名、中西药构成、抗菌药物使用强度、月度药品经费）及自定义报表引擎。本条所述 78 张预置用药统计报表（含按医疗组、按手术、按问题类型统计，以及出院科室、实际使用科室、含在院使用三种统计口径）尚未提供，列入后续开发计划。
335,,,常用上报报表（6张）；,部分响应,平台当前提供科室数据填报审批流与自定义报表引擎。本条所述 6 张常用上报报表模板尚未预置，列入后续开发计划。
336,,,概述：涵盖6张国家要求上报报表。 指标：,部分响应,平台当前提供科室数据填报审批流与自定义报表引擎。本条所述 6 张国家要求上报报表模板尚未预置，列入后续开发计划。
337,,,按照阳光用药上报相关政策，支持国家基药目录品种使用金额比例(%)、抗菌药物占药品使用比例(%)等指标的统计。\ 按照《国家三级公立医院绩效考核操作手册（2023版）》相关要求，支持点评处方占处方总数的比例、点评处方数、处方总数等合理用药相关指标的统计；,配套产品响应,属设备配套软件/商用知识库/CA 等产品参数，平台已留标准接入点
338,,,按照《国家三级公立中医机构绩效考核操作手册（2023版）》相关要求，支持点评处方占处方总数的比例、点评处方数、处方总数等合理用药相关指标的统计；,配套产品响应,属设备配套软件/商用知识库/CA 等产品参数，平台已留标准接入点
339,,,按照《国家二级公立医院绩效考核操作手册（2022版）》相关要求，支持抗菌药物使用强度（DDDs）、住院患者抗菌药物消耗量（累计DDD数）、同期收治患者人天数等合理用药相关指标的统计；,部分响应,已提供：药事分析模块提供抗菌药物使用强度指标卡，输出 DDDs、出院患者床日数及 AUD（DDDs×100/床日数），并按国考参考阈值提示。尚未提供：①住院患者抗菌药物消耗量（累计 DDD 数）未纳入统计，当前 DDDs 为门诊口径，指标口径尚属过渡口径；②无二级公立医院绩效考核指标统计表专页；③不支持按机构/科室维度查看。上述缺项列入后续开发计划。
340,,,按照《国家卫生健康委办公厅关于印发药事管理和护理专业医疗质量控制指标（2020年版）的通知》，支持统计住院患者抗菌药物使用率、住院患者抗菌药物使用强度、住院患者特殊使用级抗菌药物使用量占比等合理用药相关指标的统计；,部分响应,已提供：药事分析模块提供抗菌药物使用强度基础指标（过渡口径）。尚未提供：①住院患者抗菌药物使用率，当前抗菌药物处方比例指标为门诊口径；②住院患者特殊使用级抗菌药物使用量占比，当前抗菌药物分级目录仅设两级，且无按分级的用量统计；③无药事管理专业医疗质量控制指标报表页面。上述缺项列入后续开发计划。
341,,,按照《抗菌药物临床应用指导原则2015版》相关要求，支持抗菌药物品种数、同一通用名称抗菌药物-注射剂型、同一通用名称抗菌药物-口服剂型等相关指标的统计。 报表清单：,部分响应,平台当前提供药品字典维护（含抗菌药物标识、分级）及按中西药分类的品种数统计基础能力。本条所述按通用名称区分注射剂型/口服剂型的抗菌药物品种数统计，因药品字典尚未设置通用名与剂型维度，当前版本未提供，列入后续开发计划。
342,,,三级公立医院绩效考核指标统计表；,部分响应,平台当前在药事分析模块提供抗菌药物使用强度等零散的绩效考核参考指标。本条所述三级公立医院绩效考核指标统计表（成套指标口径、统计表页面）当前版本未提供，列入后续开发计划。
343,,,三级公立中医医院绩效考核指标统计表；,部分响应,平台当前在药事分析模块提供抗菌药物使用强度等零散的绩效考核参考指标。本条所述三级公立中医医院绩效考核指标统计表当前版本未提供，列入后续开发计划。
344,,,二级公立医院绩效考核指标统计表；,部分响应,平台当前在药事分析模块提供抗菌药物使用强度等零散的绩效考核参考指标。本条所述二级公立医院绩效考核指标统计表当前版本未提供，列入后续开发计划。
345,,,药事管理专业医疗质量控制指标（2020版）；,部分响应,平台当前在药事分析模块提供抗菌药物使用强度、抗菌药物处方比例等基础指标。本条所述药事管理专业医疗质量控制指标（2020 版）成套报表当前版本未提供，列入后续开发计划。
346,,,抗菌药物临床应用管理评价指标（2015版）； 抗菌药物专项（5张） 概述： 提供门诊及住院抗菌药物使用情况的统计，包括抗菌药物处方数、人次数、抗菌药物总金额、使用强度等指标。 指标：,部分响应,平台当前在药事分析模块提供门诊口径的抗菌药物基础统计：按药品的使用数量/金额/人次（标识抗菌药物）、抗菌药物使用强度、月度抗菌药物金额。本条所述抗菌药物临床应用管理评价指标（2015 版）报表及抗菌药物专项 5 张报表当前版本未提供，列入后续开发计划。
347,,,支持按照机构/科室/医生维度查看门诊抗菌药物总金额、品规数、处方数、处方人次数等指标；,部分响应,平台当前提供全院月度抗菌药物总金额（药事分析经费构成）基础能力。本条所述按机构/科室/医生维度查看门诊抗菌药物总金额、品规数、处方数、处方人次数尚未提供，列入后续开发计划。
348,,,支持按照机构/科室/病区/医疗组查看住院抗菌药物人次数、非限制级、限制级、特殊级抗菌药物使用人次占比(%)、抗菌药物使用强度等指标；,部分响应,平台当前提供全院抗菌药物使用强度基础指标及抗菌药物分级目录。本条所述按机构/科室/病区/医疗组维度查看住院抗菌药物人次数、非限制级/限制级/特殊级抗菌药物使用人次占比、使用强度尚未提供，列入后续开发计划。
349,,,支持按照机构/科室/病区/医疗组查看住院抗菌药物送检人次、抗菌药物治疗使用送检人次、非限制级、限制级、特殊级抗菌药物治疗使用送检人次等指标；,部分响应,本条所述住院抗菌药物送检人次、治疗使用送检人次及按分级的送检人次统计功能当前版本未提供，列入后续开发计划。
350,,,支持按药品查看门诊抗菌药物的使用人次、使用数量、使用金额、消耗总克数、使用量（DDDs）等指标；,部分响应,已提供：药事分析模块「使用汇总」页签按药品列出门诊使用人次、使用数量、使用金额，并标识抗菌药物。尚未提供：①按药品的消耗总克数与 DDDs（DDDs 当前仅提供全院合计值）；②列表固定为 TOP30，不支持单独筛选抗菌药物；③无时间区间查询条件。上述缺项列入后续开发计划。
351,,,支持按药品查看住院抗菌药物的使用人次、使用数量、使用金额、消耗总克数、使用量（DDDs）等指标。 报表清单：,部分响应,平台当前的按药品使用统计（使用人次、使用数量、使用金额）为门诊口径。本条所述按药品查看住院抗菌药物使用人次、使用数量、使用金额、消耗总克数、DDDs 尚未提供，列入后续开发计划。
352,,,门诊抗菌药物使用情况汇总；,部分响应,已提供：药事分析模块可查看门诊抗菌药物基础数据，包括按药品的使用数量/金额/人次（标识抗菌药物）、DDDs/AUD、月度抗菌药物金额。尚未提供：①独立的「门诊抗菌药物使用情况汇总」报表；②机构/科室/医生维度；③处方数、处方人次、品规数指标；④报表导出。上述缺项列入后续开发计划。
353,,,住院抗菌药物使用情况汇总；,部分响应,平台当前的抗菌药物使用统计为门诊口径。本条所述住院抗菌药物使用情况汇总报表当前版本未提供，列入后续开发计划。
354,,,住院抗菌药物送检情况分析；,部分响应,本条所述住院抗菌药物送检情况分析报表当前版本未提供，列入后续开发计划。
355,,,门诊抗菌药物使用分析；,部分响应,已提供：药事分析模块可按药品查看门诊抗菌药物的用量、金额、人次，并提供 DDDs/AUD 指标。尚未提供：①独立的「门诊抗菌药物使用分析」报表；②科室/医生下钻；③趋势与占比分析；④报表导出。上述缺项列入后续开发计划。
356,,,住院抗菌药物使用分析。 基本药物专项（4张） 概述: 提供基药及省基药的使用情况统计，包括基本药物处方数、总金额、人次数等指标。 指标：,部分响应,平台当前的药品使用统计为门诊口径，住院抗菌药物使用分析尚未提供。基本药物专项 4 张报表因药品字典尚未设置基本药物/省级基本药物标识，当前版本未提供。上述缺项列入后续开发计划。
357,,,支持按照机构/科室/医生维度查看门诊基本药物处方数、处方人次、基本药物总金额等指标；,部分响应,平台当前提供门诊口径的按药品使用统计（数量、金额、人次）基础能力。本条所述基本药物标识及按机构/科室/医生维度的门诊基本药物处方数、处方人次、总金额统计尚未提供，列入后续开发计划。
358,,,支持按照机构/科室/医生维度查看门诊省级基本药物处方数、处方人次、基本药物总金额等指标；,部分响应,平台当前提供门诊口径的按药品使用统计（数量、金额、人次）基础能力。本条所述省级基本药物标识及按机构/科室/医生维度的门诊省级基本药物处方数、处方人次、总金额统计尚未提供，列入后续开发计划。
359,,,支持按照机构/科室/病区/医疗组维度查看住院基本药物累计品规数、总金额、人次数等指标；,部分响应,本条所述基本药物标识、住院药品维度统计及按机构/科室/病区/医疗组查看住院基本药物累计品规数、总金额、人次数功能当前版本未提供，列入后续开发计划。
360,,,支持按照机构/科室/病区/医疗组维度查看住院省级基本药物累计品规数、总金额、人次数等指标。 报表清单：,部分响应,本条所述省级基本药物标识、住院药品维度统计及按机构/科室/病区/医疗组查看住院省级基本药物累计品规数、总金额、人次数功能当前版本未提供，列入后续开发计划。
361,,,门诊基本药物使用情况汇总；,部分响应,药事分析已有全院/中西药/DDD/月度经费，增长率与基药标记为报表扩展
362,,,门诊省基本药物使用情况汇总；,部分响应,药事分析已有全院/中西药/DDD/月度经费，增长率与基药标记为报表扩展
363,,,住院基本药物使用情况汇总；,部分响应,本条所述住院基本药物使用情况汇总报表当前版本未提供（药品字典尚无基本药物标识，住院药品统计尚未建设），列入后续开发计划。
364,,,住院省基本药物使用情况汇总。 输液药物专项（4张） 概述： 提供门诊及住院静脉输液药品、抗菌药物静脉输液药品的使用情况统计，包括输液药物总金额、静脉输液使用量（瓶/袋）、抗菌药物输液处方数等指标。 指标：,部分响应,本条所述住院省基本药物使用情况汇总报表当前版本未提供。输液药物专项 4 张报表因药品字典尚未设置静脉输液制剂标识与瓶/袋计量单位，当前版本未提供。上述缺项列入后续开发计划。
365,,,支持按照机构/科室/医生维度查看门诊输液药物处方数、总金额、静脉输液使用量（瓶/袋）、输液处方人次（≥14岁）、输液处方人次（＜14岁）等指标；,部分响应,本条所述按机构/科室/医生维度查看门诊输液药物处方数、总金额、静脉输液使用量（瓶/袋）及按年龄段（≥14 岁/＜14 岁）拆分的输液处方人次功能当前版本未提供，列入后续开发计划。
366,,,支持按照机构/科室/医生维度查看门诊抗菌药物输液处方数、处方人次、抗菌药物输液使用量（累计DDD数）等指标；,部分响应,平台当前提供全院抗菌药物 DDDs 合计值，未区分给药途径。本条所述按机构/科室/医生维度查看门诊抗菌药物输液处方数、处方人次、输液使用量（累计 DDD 数）尚未提供，列入后续开发计划。
367,,,支持按照机构/科室/病区/医疗组维度查看住院输液药物人次、总金额、静脉输液使用量（瓶/袋）、输液人次（≥14岁）、输液人次（＜14岁）等指标；,部分响应,本条所述按机构/科室/病区/医疗组维度查看住院输液药物人次、总金额、静脉输液使用量（瓶/袋）及按年龄段拆分的输液人次功能当前版本未提供，列入后续开发计划。
368,,,支持按照机构/科室/病区/医疗组维度查看住院抗菌药物输液人次、抗菌药物输液使用量（累计DDD数）、非限制级、限制级及特殊级抗菌药物输液人次等指标。 报表清单：,部分响应,本条所述按机构/科室/病区/医疗组维度查看住院抗菌药物输液人次、输液使用量（累计 DDD 数）及非限制级/限制级/特殊级抗菌药物输液人次功能当前版本未提供，列入后续开发计划。
369,,,门诊输液药物使用情况汇总；,部分响应,本条所述门诊输液药物使用情况汇总报表当前版本未提供，列入后续开发计划。
370,,,门诊抗菌药物输液情况汇总；,部分响应,本条所述门诊抗菌药物输液情况汇总报表当前版本未提供，列入后续开发计划。
371,,,住院输液药物使用情况汇总；,部分响应,本条所述住院输液药物使用情况汇总报表当前版本未提供，列入后续开发计划。
372,,,住院抗菌药物输液情况汇总。 质子泵专项（2张） 概述： 提供门诊及住院质子泵抑制剂的使用情况统计，包括质子泵抑制剂处方数、人次数、总金额等指标。 指标：,部分响应,本条所述住院抗菌药物输液情况汇总报表当前版本未提供。质子泵专项 2 张报表因药品字典尚未设置药理分类（当前仅区分西药/中成药），无法识别质子泵抑制剂，当前版本未提供。上述缺项列入后续开发计划。
373,,,支持按照机构/科室/医生维度查看门诊质子泵抑制剂累计品规数、处方数、总金额等指标；,部分响应,本条所述按机构/科室/医生维度查看门诊质子泵抑制剂累计品规数、处方数、总金额功能当前版本未提供（药品字典尚无药理分类维度），列入后续开发计划。
374,,,支持按照机构/科室/病区/医疗组维度查看住院质子泵抑制剂累计品规数、人次数、总金额等指标。,部分响应,本条所述按机构/科室/病区/医疗组维度查看住院质子泵抑制剂累计品规数、人次数、总金额功能当前版本未提供，列入后续开发计划。
375,,,支持按照机构/科室/医生维度查看全院质子泵抑制剂累计品规数、处方数、总金额等指标。,部分响应,本条所述按机构/科室/医生维度查看全院质子泵抑制剂累计品规数、处方数、总金额功能当前版本未提供，列入后续开发计划。
376,,,门诊质子泵抑制剂使用情况汇总；,部分响应,平台当前在药事分析模块提供门诊口径的按药品使用统计基础能力。本条所述门诊质子泵抑制剂使用情况汇总报表因药品字典尚无药理分类维度，当前版本未提供，列入后续开发计划。
377,,,住院质子泵抑制剂使用情况汇总。 中药使用专项（2张） 概述： 提供中药饮片使用情况相关统计，包括处方数、药品金额、帖数、中药注射剂处方数等指标。 指标:,配套产品响应,属设备配套软件/商用知识库/CA 等产品参数，平台已留标准接入点
378,,,支持按照机构/科室/医生维度查看门诊中药饮片处方数、处方人次、中药饮片总金额、中药饮片总帖数、帖均费用等指标；,配套产品响应,属设备配套软件/商用知识库/CA 等产品参数，平台已留标准接入点
379,,,支持按照机构/科室/病区/医疗组维度查看住院中药饮片人次数、中药饮片总金额、中药注射剂人次数等指标。 报表清单：,配套产品响应,属设备配套软件/商用知识库/CA 等产品参数，平台已留标准接入点
380,,,门诊中药使用情况汇总；,部分响应,药事分析已有全院/中西药/DDD/月度经费，增长率与基药标记为报表扩展
381,,,住院中药使用情况汇总。 重点监控药品（4张） 概述： 提供国家级、省级重点监控药品相关统计，包括药品总金额、处方数、处方人次等指标。 指标：,部分响应,平台当前提供门诊口径的西药/中成药构成统计，中草药暂未单独区分，住院中药使用情况汇总尚未提供。重点监控药品 4 张报表因药品字典尚未设置国家/省级重点监控药品标识，当前版本未提供。上述缺项列入后续开发计划。
382,,,支持按照机构/科室/医生维度查看门诊国家重点监控药品处方数、处方人次数、用药总金额等指标；,部分响应,本条所述国家重点监控药品标识及按机构/科室/医生维度的门诊国家重点监控药品处方数、处方人次数、用药总金额统计当前版本未提供，列入后续开发计划。
383,,,支持按照机构/科室/医生维度查看门诊省重点监控药品省重点监控药品处方数、处方人次数、用药总金额等指标；,部分响应,本条所述省重点监控药品标识及按机构/科室/医生维度的门诊省重点监控药品处方数、处方人次数、用药总金额统计当前版本未提供，列入后续开发计划。
384,,,支持按照机构/科室/病区/医疗组维度查看住院国家重点监控药品省重点监控药品人次数、用药总金额等指标；,部分响应,本条所述按机构/科室/病区/医疗组维度查看住院国家重点监控药品人次数、用药总金额功能当前版本未提供（重点监控标识、住院药品统计与病区/医疗组维度均待建设），列入后续开发计划。
385,,,支持按照机构/科室/病区/医疗组维度查看住院省重点监控药品省重点监控药品人次数、用药总金额等指标。 报表清单：,部分响应,本条所述按机构/科室/病区/医疗组维度查看住院省重点监控药品人次数、用药总金额功能当前版本未提供，列入后续开发计划。
386,,,门诊国家重点监控药品使用情况汇总；,部分响应,本条所述门诊国家重点监控药品使用情况汇总报表当前版本未提供，列入后续开发计划。
387,,,门诊省重点监控药品使用情况汇总；,部分响应,本条所述门诊省重点监控药品使用情况汇总报表当前版本未提供，列入后续开发计划。
388,,,住院国家重点监控药品使用情况汇总；,部分响应,本条所述住院国家重点监控药品使用情况汇总报表当前版本未提供，列入后续开发计划。
389,,,住院省重点监控药品使用情况汇总。 手术用药专项（2张） 概述： 提供I类切口手术预防使用抗菌药物情况的相关统计。 指标：,部分响应,本条所述住院省重点监控药品使用情况汇总报表当前版本未提供。手术用药专项 2 张报表因手术记录尚未设置切口类别字段、无围手术期预防用药统计，当前版本未提供。上述缺项列入后续开发计划。
390,,,支持按照医院/科室/病区/医疗组查看I类切口手术预防使用抗菌药物例次、原则上不需要预防使用抗菌药物的I类切口手术例次、I类切口手术预防使用抗菌药物品种选择合理例次等指标；,部分响应,本条所述按医院/科室/病区/医疗组查看 I 类切口手术预防使用抗菌药物例次、原则上不需预防使用的 I 类切口手术例次、品种选择合理例次等指标当前版本未提供（手术记录尚无切口类别字段），列入后续开发计划。
391,,,支持按照I类切口手术维度查看手术例数、预防用抗菌药物例数、术前24h内使用抗菌药物例数等指标。 报表清单：,部分响应,本条所述按 I 类切口手术维度查看手术例数、预防用抗菌药物例数、术前 24h 内使用抗菌药物例数功能当前版本未提供，列入后续开发计划。
392,,,围手术期抗菌药物使用情况表；,部分响应,本条所述围手术期抗菌药物使用情况表当前版本未提供，列入后续开发计划。
393,,,I类切口手术汇总表。 药品使用分析（5张） 概述： 提供药品使用情况统计，包括处方总数、处方总金额、平均处方金额、出院患者总人次、出院患者用药总金额等指标。 指标：,部分响应,本条所述 I 类切口手术汇总表当前版本未提供，列入后续开发计划。药品使用分析 5 张报表中平台已提供的基础指标见后续各条应答。
394,,,支持查看全院用药总金额、全院基本药物总金额、基本药物金额占比(%)、全院抗菌药物总金额、全院抗菌药物金额占比(%)等指标；,部分响应,已提供：药事分析模块「经费调查表」按月给出全院用药总金额、抗菌药物总金额（并分列西药/中成药）。尚未提供：①基本药物总金额及基本药物金额占比（药品字典尚无基本药物标识）；②抗菌药物金额占比未直接出列；③当前统计为门诊口径，住院用药未纳入。上述缺项列入后续开发计划。
395,,,支持按照机构/科室/医生维度查看门诊总处方数、总处方人次、平均处方药品品规数、人均药品品规数、处方数（不含中药饮片）、处方人次（不含中药饮片）等指标；,配套产品响应,属设备配套软件/商用知识库/CA 等产品参数，平台已留标准接入点
396,,,支持按照机构/科室/病区/医疗组维度查看住院出院患者总人次、出院患者住院总天数、平均住院天数、人均药品品规数、抗菌药物人次等指标；,部分响应,已提供：统计报表中的科室月报按科室给出出院患者人次（支持 CSV 导出）；运营概览提供全院平均住院天数。尚未提供：①出院患者住院总天数；②人均药品品规数；③抗菌药物人次；④病区、医疗组维度，当前仅到科室；⑤平均住院天数按科室查看。上述缺项列入后续开发计划。
397,,,支持按照机构/科室/医生维度查看门诊总费用、处方总金额、处方总金额（不含中药饮片）、用药总金额、用药总金额（不含中药饮片）、人均药品费用等指标；,配套产品响应,属设备配套软件/商用知识库/CA 等产品参数，平台已留标准接入点
398,,,支持按照机构/科室/病区/医疗组维度查看出院患者用药总金额、平均每床日费用、平均出院患者费用、平均出院患者药品费用等指标。 报表清单：,部分响应,已提供：科室月报按科室给出平均出院患者费用（结算口径，支持 CSV 导出）。尚未提供：①出院患者用药总金额（住院药品费拆分）；②平均每床日费用；③平均出院患者药品费用；④病区、医疗组维度，当前仅到科室。上述缺项列入后续开发计划。
399,,,全院药品使用分析；,部分响应,已提供：药事分析模块提供药品使用汇总 TOP30（用量/金额/人次）、中西药构成与品种数、月度药品经费构成（西药/中成药/抗菌药/合计）及抗菌药物使用强度。尚未提供：①住院用药纳入统计，当前为门诊口径；②基本药物、重点监控药品等分类指标；③报表导出。上述缺项列入后续开发计划。
400,,,门诊药品用量分析；,部分响应,已提供：药事分析模块按药品列出门诊用量与使用人次。尚未提供：①列表固定 TOP30，不可调整；②时间区间、科室、医生筛选条件；③排序切换；④Excel/CSV 导出。上述缺项列入后续开发计划。
401,,,住院药品用量分析；,部分响应,平台当前的药品用量分析为门诊口径。本条所述住院药品用量分析报表当前版本未提供，列入后续开发计划。
402,,,门诊药品金额分析；,部分响应,已提供：药事分析模块按药品金额降序列出门诊药品使用金额，并提供月度药品金额构成。尚未提供：①科室/医生维度下钻；②同比、环比分析；③时间区间条件；④报表导出。上述缺项列入后续开发计划。
403,,,住院药品金额分析。 药品适宜性分析报表（6张） 概述： 提供药品适宜性分析，系统默认提供四级、五级、六级、七级不同类型的警示信息统计分析。 指标：,部分响应,平台当前的药品金额分析为门诊口径，住院药品金额分析尚未提供。药品适宜性分析 6 张报表方面，平台当前提供门诊合理用药提醒（禁忌/慎用两档）明细留痕，四级至七级警示分级及其统计分析尚未提供。上述缺项列入后续开发计划。
404,,,支持按照机构/科室/医生维度查看门诊处方合格率、不规范处方数、不规范处方占比(%)、不适宜问题发生数等指标；,部分响应,平台当前提供门诊药师审方基础能力（待审处方列表、通过/退回）。本条所述按机构/科室/医生维度的门诊处方合格率、不规范处方数及占比、不适宜问题发生数统计尚未提供，列入后续开发计划。
405,,,支持按照问题维度查看不同类型警示信息的发生数、四级、五级、六级、七级警示信息发生的处方数以及处方占比等指标；,部分响应,平台当前的合理用药提醒分为禁忌/慎用两档，覆盖相互作用、剂量、年龄三类规则，并提供提醒明细留痕。本条所述四级至七级警示分级及按问题维度的警示发生数、处方数与处方占比统计尚未提供，列入后续开发计划。
406,,,支持按照机构/科室/病区/医疗组维度查看不适宜问题发生数、四级、五级、六级、七级警示的人次数、人次占比(%)等指标；,部分响应,平台当前提供门诊合理用药提醒（禁忌/慎用两档）明细留痕。本条所述四级至七级警示分级、按机构/科室/病区/医疗组维度的不适宜问题发生数、警示人次数及人次占比统计尚未提供，列入后续开发计划。
407,,,支持按照问题维度查看不同类型警示信息四级、五级、六级、七级警示的人次数、人次占比(%)等指标；,部分响应,平台当前的合理用药提醒分为禁忌/慎用两档，并提供提醒明细留痕。本条所述四级至七级警示分级及按问题维度的警示人次数、人次占比统计尚未提供，列入后续开发计划。
408,,,支持查看门诊药品不适宜问题发生数、不同类型警示信息的发生数、发生数占比(%)等指标；,部分响应,平台当前提供门诊合理用药提醒明细留痕（患者、类型、级别、提示、时间）。本条所述门诊药品不适宜问题发生数、各类警示信息发生数及发生数占比统计尚未提供，列入后续开发计划。
409,,,支持查看住院药品不适宜问题发生数、不同类型警示信息的发生数、发生数占比(%)等指标。 报表清单：,部分响应,平台当前合理用药提醒仅覆盖门诊医生站开单环节。本条所述住院药品不适宜问题记录及发生数、各类警示信息发生数与占比统计尚未提供，列入后续开发计划。
410,,,门诊用药适宜性分析；,部分响应,CDSS 提醒留痕可统计，干预效果趋势为报表扩展
411,,,门诊用药适宜性一览表；,部分响应,已提供：门诊合理用药提醒留痕一览（患者、类型、级别、提示、时间），可作为门诊用药适宜性一览的基础。尚未提供：①处方号、药品名称、开单医师列；②问题分级；③时间范围筛选与分页；④报表导出。上述缺项列入后续开发计划。
412,,,住院用药适宜性分析；,部分响应,平台当前合理用药提醒仅覆盖门诊开单环节。本条所述住院用药适宜性分析当前版本未提供，列入后续开发计划。
413,,,住院用药适宜性一览表；,部分响应,平台当前合理用药提醒仅覆盖门诊开单环节。本条所述住院用药适宜性一览表当前版本未提供，列入后续开发计划。
414,,,门诊药品用药问题统计；,部分响应,平台当前提供门诊合理用药提醒明细留痕与规则库维护。本条所述按问题类型汇总的门诊药品用药问题统计尚未提供，列入后续开发计划。
415,,,住院药品用药问题统计。 药品使用排名（2张） 概述： 提供全院药品使用及医生用药情况排名。 指标：,部分响应,本条所述住院药品用药问题统计当前版本未提供（住院用药问题记录尚未建设），列入后续开发计划。药品使用排名 2 张报表情况见后续各条应答。
416,,,支持按药品查看使用人次、使用频次、使用数量及使用金额，同时支持查看药品使用的医院明细及科室明细；,部分响应,已提供：药事分析模块按药品给出使用人次、使用数量、使用金额（TOP30）。尚未提供：①使用频次指标；②住院用药纳入，当前为门诊口径，尚不构成医院明细；③科室明细下钻；④列表翻页。上述缺项列入后续开发计划。
417,,,支持按医生查看用药数量、抗菌药物使用数量、抗菌药物使用数量占药品使用比例(%)、用药总金额等指标。 报表清单：,部分响应,平台当前提供按医生的接诊人次与医嘱总金额统计（含检查检验，不区分药品）。本条所述按医生查看用药数量、抗菌药物使用数量、抗菌药物使用数量占比、用药总金额尚未提供，列入后续开发计划。
418,,,全院药品使用排名；,部分响应,已提供：药事分析模块按使用金额降序的药品使用排名（TOP30）。尚未提供：①住院用药纳入，当前为门诊口径，尚非全院排名；②排名数量可调；③时间范围条件；④报表导出。上述缺项列入后续开发计划。
419,,,全院医生用药排名。 药费增长趋势（2张） 概述： 提供门诊及住院费用增长情况的同比分析指标。 指标：,部分响应,平台当前提供按医生的接诊人次与医嘱总金额统计（不区分药品）。本条所述全院医生用药排名当前版本未提供，列入后续开发计划。药费增长趋势 2 张报表情况见后续各条应答。
420,,,支持按照机构/科室/医生维度查看门诊就诊总人次、就诊人次数同比增长(%)、次均费用、次均费用同比增长比率(%)、次均药费、次均药费同比增长比率(%)等指标；,部分响应,平台当前提供科室月报中按科室的门诊就诊人次与次均费用。本条所述就诊人次、次均费用、次均药费的同比增长率，次均药费指标，以及机构维度尚未提供，列入后续开发计划。
421,,,支持按照机构/科室/病区/医疗组维度查看出院患者总人次、平均住院天数、平均住院天数同比增长比率(%)、次均费用、次均费用同比增长比率(%)、次均药费、次均药费同比增长比率(%)等指标。 报表清单：,部分响应,平台当前提供科室月报中按科室的出院患者人次与次均费用，以及全院平均住院天数。本条所述各项同比增长率、次均药费、平均住院天数按科室查看，以及病区/医疗组维度尚未提供，列入后续开发计划。
422,,,门诊药费增长分析表；,部分响应,药事分析已有全院/中西药/DDD/月度经费，增长率与基药标记为报表扩展
423,,,住院药费增长分析表； 国家卫生计生委抗菌药物临床应用管理数据上报（13张） 概述： 涵盖国家卫生计生委抗菌药物临床应用管理数据上报要求的13张报表。\ 指标：,部分响应,平台当前的药品统计为门诊口径且不含同比分析，本条所述住院药费增长分析表当前版本未提供。国家抗菌药物临床应用管理数据上报 13 张报表中，平台当前提供抗菌药物分级目录、月度药品经费构成、抗菌药物使用强度等基础数据，各表逐张情况见后续各条应答。上述缺项列入后续开发计划。
424,,,按照国家卫生计生委抗菌药物临床应用管理数据上报相关要求，支持床位使用率（%）、门诊量（人次）、急诊量（人次）、I类切口手术病人出院人次、抗菌药物使用率、抗菌药物使用强度（100人/日）、接受抗菌药物治疗的住院患者抗菌药物使用前微生物检验样本送检率（%）等指标的统计。 报表清单：,配套产品响应,属设备配套软件/商用知识库/CA 等产品参数，平台已留标准接入点
425,,,医疗机构一般情况调查；,部分响应,平台当前提供数据上报任务登记基础能力（任务名称、截止日期、自定义填报项）。本条所述医疗机构一般情况调查表的固定填报结构与自动取数尚未提供，列入后续开发计划。
426,,,临床科室指标持续改进情况；,部分响应,平台当前提供全院级运营指标快照（含抗菌药物处方比例等出厂指标）。本条所述临床科室指标持续改进情况表（科室维度指标及改进跟踪）尚未提供，列入后续开发计划。
427,,,住院患者抗菌药物使用量排名前10种品种；,部分响应,平台当前提供门诊口径的全药品使用排名 TOP30，护理质量指标中提供住院抗菌药物医嘱数单值。本条所述住院患者抗菌药物使用量排名前 10 种品种尚未提供，列入后续开发计划。
428,,,抗菌药物分级管理目录；,部分响应,已提供：抗菌药物分级管理目录查询（药品名称及分级），并用于医生站抗菌药物处方权限控制。尚未提供：①分级信息在页面上的新增、修改、删除维护；②规格、剂型、给药途径等上报表字段；③上报表格式与导出。上述缺项列入后续开发计划。
429,,,临床微生物标本送检率；,配套产品响应,属设备配套软件/商用知识库/CA 等产品参数，平台已留标准接入点
430,,,医疗机构药品经费使用情况调查表；,部分响应,已提供：药事分析模块「经费调查表」按月给出西药、中成药、抗菌药物及合计金额。尚未提供：①住院药品经费纳入，当前为门诊口径；②时间范围条件，当前固定近 12 个月；③药品总收入、药品总支出、占业务收入比等调查表规定列；④报表导出。上述缺项列入后续开发计划。
431,,,医疗机构抗菌药物品种、规格和使用量统计调查表；,部分响应,已提供：药事分析模块按品种给出使用数量、使用金额并标识抗菌药物，可近似品种与使用量统计。尚未提供：①规格列；②抗菌药物单独筛选，当前与普通药品混列；③住院用量纳入，当前为门诊口径；④调查表格式与导出。上述缺项列入后续开发计划。
432,,,医疗机构抗菌药物临床应用指标数据上报表；,部分响应,已提供：抗菌药物使用强度（AUD，含国考阈值提示）与抗菌药物处方比例（门诊）两项指标。尚未提供：①使用强度当前为过渡口径（分子取门诊消耗量、分母取住院床日），尚不满足上报口径；②住院抗菌药物使用率、送检率、I 类切口预防用药率等上报表其余指标；③上报表结构与导出。上述缺项列入后续开发计划。
433,,,医疗机构I类切口手术用药情况调查表（综合医院）；,部分响应,本条所述医疗机构 I 类切口手术用药情况调查表（综合医院）当前版本未提供（手术记录尚无切口类别字段，无围手术期预防用药统计），列入后续开发计划。
434,,,医疗机构I类切口手术用药情况调查表（儿科医院）；,部分响应,本条所述医疗机构 I 类切口手术用药情况调查表（儿科医院）当前版本未提供，列入后续开发计划。
435,,,医疗机构I类切口手术用药情况调查表（妇产科医院）；,部分响应,本条所述医疗机构 I 类切口手术用药情况调查表（妇产科医院）当前版本未提供，列入后续开发计划。
436,,,医疗机构I类切口手术用药情况调查表（口腔医院）；,部分响应,本条所述医疗机构 I 类切口手术用药情况调查表（口腔医院）当前版本未提供，列入后续开发计划。
437,,,医疗机构I类切口手术用药情况调查表（肿瘤医院）。 抗肿瘤药物专项（2张） 概述： 提供门诊及住院抗肿瘤药物使用情况的统计指标，包括抗肿瘤药物总金额、抗肿瘤药物处方数、出院患者抗肿瘤药物使用人次数等统计指标。\ 指标：,部分响应,本条所述医疗机构 I 类切口手术用药情况调查表（肿瘤医院）当前版本未提供。抗肿瘤药物专项 2 张报表因药品字典尚未设置抗肿瘤药物标识与分级，当前版本未提供。上述缺项列入后续开发计划。
438,,,支持按照机构/科室/医生维度查看门诊抗肿瘤药物总金额、抗肿瘤药物金额占比(%)、普通使用级抗肿瘤药物使用金额、普通使用级抗肿瘤药物使用金额占比(%)等指标；,部分响应,平台当前药品字典提供抗菌药物分级与中西药分类，尚无抗肿瘤药物标识与分级。本条所述按机构/科室/医生维度查看门诊抗肿瘤药物总金额及占比、普通使用级抗肿瘤药物金额及占比当前版本未提供，列入后续开发计划。
439,,,支持按照机构/科室/病区/医疗组维度查看住院抗肿瘤药物使用总金额、抗肿瘤药物使用总金额占比（%）、人均抗肿瘤药物费用、普通使用级抗肿瘤药物使用金额等指标。 报表清单：,部分响应,本条所述按机构/科室/病区/医疗组维度查看住院抗肿瘤药物使用总金额及占比、人均抗肿瘤药物费用、普通使用级抗肿瘤药物金额功能当前版本未提供（抗肿瘤药物标识、住院药品统计与病区/医疗组维度均待建设），列入后续开发计划。
440,,,门诊抗肿瘤药物临床使用情况汇总；,部分响应,平台当前在药事分析模块提供门诊口径的按药品使用统计基础能力。本条所述门诊抗肿瘤药物临床使用情况汇总报表因药品字典尚无抗肿瘤药物标识，当前版本未提供，列入后续开发计划。
441,,,住院抗肿瘤药物临床使用情况汇总。 清单报表（2张） 概述： 按照国家卫生计生委办公厅关于进一步加强抗菌药物临床应用管理遏制细菌耐药的通知，提供碳青霉烯、替加环素及含酶抑制剂使用情况清单报表。 指标：,部分响应,平台当前提供药事分析基础能力（门诊用药排名、中西药构成、抗菌药物使用强度 DDDs、月度用药经费统计）。本条所述住院抗肿瘤药物临床使用情况汇总，以及碳青霉烯类、替加环素及含酶抑制剂复合制剂使用情况专项清单报表尚未提供，列入后续开发计划。
442,,,支持统计并展示门急诊处方及出院患者使用碳青霉烯、替加环素及含酶抑制剂的使用情况，包括姓名、病历号、用药主要诊断等指标。 报表清单：,部分响应,平台当前提供药事分析基础能力（门诊用药排名、中西药构成、抗菌药物使用强度 DDDs、月度用药经费统计）。本条所述按门急诊处方及出院患者统计碳青霉烯类、替加环素及含酶抑制剂使用情况（含患者姓名、病历号、用药主要诊断）的专项报表尚未提供，药品字典亦尚未建立上述药品亚类标识，列入后续开发计划。
443,,,碳青霉烯类抗菌药物及替加环素使用情况信息表；,部分响应,平台当前提供药事分析基础能力（门诊用药排名、中西药构成、抗菌药物使用强度 DDDs、月度用药经费统计）。本条所述碳青霉烯类抗菌药物及替加环素使用情况信息表尚未提供，列入后续开发计划。
444,,,含酶抑制剂复合制剂使用情况表。 实际使用统计（3张） 概述： 支持根据出院患者的实际药品开具科室进行相关数据统计。 指标：,部分响应,平台当前提供药事分析基础能力（门诊用药排名、中西药构成、抗菌药物使用强度 DDDs、月度用药经费统计）。本条所述含酶抑制剂复合制剂使用情况表，以及按出院患者药品实际开具科室口径的实际使用统计报表尚未提供，列入后续开发计划。
445,,,支持按照机构/科室/病区/医疗组维度查看根据药品实际开具科室统计并展示出院患者的用药情况，包括用药人次、用药总金额、国家基药品种数等指标；,部分响应,平台当前提供药事分析基础能力，可按药品统计门诊用药数量与金额。本条所述按机构/科室/病区/医疗组维度、按药品实际开具科室口径统计出院患者用药人次、用药总金额的报表尚未提供；药品字典尚未建立国家基本药物标识，国家基药品种数指标尚无数据基础。上述缺项列入后续开发计划。
446,,,支持查看全院范围内患者是药品使用情况，包括使用数量、使用金额、使用量（DDDs）等指标；,部分响应,平台已提供：药事分析页按药品统计使用数量、使用金额，并按抗菌药物折算全院 DDDs 合计。尚未提供：①DDDs 指标仅为抗菌药物合计值，未按具体药品逐行展示；②统计范围目前仅覆盖门诊用药，住院用药尚未纳入，未达到全院口径。上述缺项列入后续开发计划。
447,,,支持按照机构/科室/病区维度查看根据药品实际开具科室统计并展示出院患者的药品使用情况，包括具体药品的使用人次、使用数量、使用金额、使用量（DDDs）等指标。 报表清单：,部分响应,平台当前提供药事分析基础能力（门诊按药品统计使用数量与金额、抗菌药物 DDDs 合计）。本条所述按机构/科室/病区维度、按药品实际开具科室口径统计出院患者各药品使用人次、数量、金额及 DDDs 的报表尚未提供，列入后续开发计划。
448,,,住院药品使用分析；,部分响应,平台当前提供门诊药事分析基础能力（门诊用药排名、中西药构成、抗菌药物使用强度、月度用药经费统计）。本条所述住院药品使用分析（按药品、科室等维度对住院用药进行汇总分析）尚未提供，列入后续开发计划。
449,,,全院药品使用情况分析；,部分响应,平台已提供：药事分析页的用药排名、中西药构成（品种数、数量、金额）、抗菌药物使用强度 DDDs、月度用药经费统计。尚未提供：①统计范围仅覆盖门诊，住院用药尚未纳入，未达到全院口径；②无国家基药指标、DDDs 未按药品展开、无科室维度；③无时间范围选择与报表导出。上述缺项列入后续开发计划。
450,,,住院药品使用情况分析。 含在院使用统计（5张） 概述： 支持根据业务实际发生日期的收费数据统计医疗机构内的药品使用相关数据。 指标：,部分响应,平台当前提供门诊药事分析基础能力（门诊用药排名、中西药构成、抗菌药物使用强度、月度用药经费统计）。本条所述住院药品使用情况分析，以及按业务实际发生日期收费数据统计的含在院药品使用报表尚未提供，列入后续开发计划。
451,,,支持根据业务实际发生日期的收费数据统计并展示全院的用药总金额、药品品种数、国家基药品种数、国家基药品种数占比（%）、国家基药金额等指标；,部分响应,平台已提供：药事分析页按月汇总用药总金额，并统计药品品种数。尚未提供：①国家基药品种数、基药品种数占比、基药金额三项指标，药品字典尚未建立基本药物标识；②当前统计基准为处方开立时间而非收费实际发生日期，且仅覆盖门诊，未含住院在院用药。上述缺项列入后续开发计划。
452,,,支持根据业务实际发生日期的收费数据统计，按照机构/科室/病区/医疗组维度查看，包括国家基药品种数、国家基药累计品种数、国家基本药物金额等指标；,部分响应,平台当前提供药事分析基础能力（门诊用药金额与品种数统计）。本条所述按机构/科室/病区/医疗组维度、以收费实际发生日期为基准统计国家基药品种数、累计品种数及国家基本药物金额的报表尚未提供，药品字典亦尚未建立基本药物标识，列入后续开发计划。
453,,,支持根据业务实际发生日期的收费数据统计并查看全院范围内患者药品使用情况，包括使用数量、使用金额、使用量（DDDs）等指标；,部分响应,平台当前提供药事分析基础能力（门诊按药品统计使用数量与金额、抗菌药物 DDDs 合计）。本条所述以收费实际发生日期为基准、覆盖全院范围并按药品展开 DDDs 的患者药品使用情况统计尚未提供，列入后续开发计划。
454,,,支持根据业务实际发生日期的收费数据统计，按照机构/科室/病区维度查看，包括使用数量、使用金额、使用量（DDDs）等指标；,部分响应,平台当前提供药事分析基础能力（门诊按药品统计使用数量与金额、抗菌药物 DDDs 合计）。本条所述以收费实际发生日期为基准、按机构/科室/病区维度统计使用数量、使用金额及 DDDs 的报表尚未提供，列入后续开发计划。
455,,,支持根据业务实际发生日期的收费数据统计，按医生查看用药数量、抗菌药物使用数量、抗菌药物使用数量占药品使用比例(%)、用药总金额等指标。 报表清单：,部分响应,平台当前提供按医生的门诊工作量统计基础能力。本条所述以收费实际发生日期为基准、按医生统计用药数量、抗菌药物使用数量及占比、用药总金额的报表尚未提供，列入后续开发计划。
456,,,全院药品使用分析（含在院）；,部分响应,平台当前提供门诊药事分析基础能力（门诊用药排名、中西药构成、抗菌药物使用强度、月度用药经费统计）。本条所述含在院口径的全院药品使用分析（按收费实际发生日期统计在院患者用药）尚未提供，住院在院用药数据尚未纳入任何药事统计，列入后续开发计划。
457,,,住院用药使用分析（含在院）；,部分响应,平台当前提供门诊药事分析基础能力。本条所述含在院口径的住院用药使用分析（按收费实际发生日期统计在院患者用药）尚未提供，住院在院用药数据尚未纳入任何药事统计，列入后续开发计划。
458,,,全院药品使用情况分析（含在院）；,部分响应,平台当前提供门诊药事分析基础能力（门诊用药排名、中西药构成、抗菌药物使用强度、月度用药经费统计）。本条所述含在院口径的全院药品使用情况分析尚未提供，住院在院用药数据尚未纳入药事统计，列入后续开发计划。
459,,,住院药品使用情况分析(含在院)；,部分响应,平台当前提供门诊药事分析基础能力。本条所述含在院口径的住院药品使用情况分析尚未提供，住院在院用药数据尚未纳入药事统计，列入后续开发计划。
460,,,全院医生用药排名(含在院)。 住院患者静脉输液使用监测指标调查表（2张） 概述： 按照关于开展住院患者静脉输液使用情况抽样调查的函-国卫医质控便函（2022）8号文件，支持使用静脉输液的住院患者数、住院患者使用静脉输液床日数等指标的统计。 指标：,部分响应,平台当前提供门诊药事分析基础能力及按医生的门诊工作量统计。本条所述含在院口径的全院医生用药排名，以及依据国卫医质控便函（2022）8 号开展的住院患者静脉输液使用监测指标调查表尚未提供，列入后续开发计划。
461,,,支持根据患者出院日期按科室统计并展示使用静脉输液的住院患者数、住院患者使用静脉输液床日数、住院患者使用静脉输液的数量（袋/瓶）、住院患者使用静脉输液的体积（L）等指标；,部分响应,平台当前提供门诊护士站输液执行管理基础能力（执行业务环节）。本条所述按患者出院日期、按科室统计使用静脉输液的住院患者数、静脉输液床日数、输液数量（袋/瓶）及输液体积（L）的监测报表尚未提供，相关统计数据结构尚未建立，列入后续开发计划。
462,,,支持根据患者出院日期按病种统计并展示使用静脉输液的住院患者数、住院患者使用静脉输液床日数、住院患者使用静脉输液的数量（袋/瓶）、住院患者使用静脉输液的体积（L）等指标。 报表清单：,部分响应,平台当前提供门诊护士站输液执行管理基础能力（执行业务环节）。本条所述按患者出院日期、按病种统计使用静脉输液的住院患者数、静脉输液床日数、输液数量（袋/瓶）及输液体积（L）的监测报表尚未提供，列入后续开发计划。
463,,,（科室）住院患者静脉输液使用监测指标调查表；,部分响应,本条所述（科室）住院患者静脉输液使用监测指标调查表当前版本未提供，住院静脉输液使用监测相关统计数据结构尚未建立，列入后续开发计划。
464,,,（病种）住院患者静脉输液使用监测指标调查表。 自定义报表功能,部分响应,本条所述（病种）住院患者静脉输液使用监测指标调查表当前版本未提供，住院静脉输液使用监测相关统计数据结构尚未建立，列入后续开发计划。
465,,,支持用户选择按机构、按药品、按问题类型、按手术新增自定义报表，覆盖医院用药数据统计的所需维度。,部分响应,平台已提供：数据治理模块「报表引擎」支持新增自定义报表（录入报表名称与只读查询语句）并在线运行预览结果。尚未提供：①按机构、按药品、按问题类型、按手术的维度化报表新增向导，当前需以查询语句方式定义；②机构维度与用药问题类型维度的数据基础尚未建立。上述缺项列入后续开发计划。
466,,,系统提供出院、实际、含在院三个统计维度，支持用户设定自定义报表的数据统计维度。出院维度：根据出院患者的出院科室统计用药数据；实际维度：根据出院患者的药嘱开具科室统计用药数据；含在院：根据业务发生日期的收费数据统计相关的用药数据。,部分响应,平台当前在数据治理模块提供报表引擎基础能力（新增自定义报表并在线运行预览）。本条所述出院维度（按出院科室）、实际维度（按药嘱开具科室）、含在院维度（按业务发生日期收费数据）三种统计维度的设定尚未提供，列入后续开发计划。
467,,,系统提供全院、门急诊、住院三个维度，支持用户设定自定义报表的统计数据来源，覆盖医院用药数据统计的来源选择；门急诊维度：统计数据来源为门诊或急诊的患者用药数据；住院维度：当统计维度为出院及含在院时则统计数据来源是出院患者的用药数据，当统计维度为含在院则统计收费数据中来源为住院的用药数据。,部分响应,平台当前在数据治理模块提供报表引擎基础能力（新增自定义报表并在线运行预览）。本条所述全院、门急诊、住院三种统计数据来源的可选设定，及其与统计维度的联动规则尚未提供，列入后续开发计划。
468,,,系统提供月、季、年三个报表自动生成周期，支持用户设定自定义报表的自动生成周期，还支持手动选择时间范围生成报表数据，满足医院用药数据统计的时间范围选择。,部分响应,平台当前在数据治理模块提供报表引擎基础能力（新增自定义报表并在线运行预览）。本条所述月、季、年三种自动生成周期的设定，以及手动选择时间范围生成报表数据的功能尚未提供，列入后续开发计划。
469,,,支持用户预览、修改、删除、复制、移动自定义报表，并支持对自定义报表分类管理。,部分响应,平台已提供：自定义报表列表查看与在线运行预览。尚未提供：自定义报表的修改、删除、复制、移动，以及报表分类管理。上述缺项列入后续开发计划。
470,,,系统提供标准出厂指标，用户可直接选择出厂指标组合成新的自定义报表，同时系统支持用户自定义常用维度的统计指标、计算指标、手工指标。,部分响应,平台已提供：数据治理模块内置标准出厂指标库（含药占比、抗菌药物处方占比、平均住院日等指标），可查看指标定义与快照结果。尚未提供：①出厂指标直接选取组合为新的自定义报表，当前报表引擎与指标库尚未打通；②用户自定义统计指标、计算指标、手工指标三类指标模型。上述缺项列入后续开发计划。
471,,,统计指标：支持用户个性化设定药品属性、药品分类、问题类型条件，用于筛选并统计满足条件的处方数、处方人次、出院人次、用药人次、问题发生数、处方金额、药品金额、品规数、累计品规数、品种数、累计品种数、医嘱条目数、使用量（DDDS）。,部分响应,平台当前提供内置标准指标库基础能力（指标由系统预置）。本条所述用户按药品属性、药品分类、问题类型条件自定义统计指标，并统计处方数、处方人次、出院人次、用药人次、问题发生数、处方金额、药品金额、品规数、品种数、医嘱条目数、DDDs 等指标的功能尚未提供，列入后续开发计划。
472,,,计算指标：支持用户选择多个相同数据来源的指标进行运算，实现个性化配置所需的计算指标。,部分响应,平台当前提供内置标准指标库基础能力（指标由系统预置）。本条所述用户选择多个同数据来源指标进行运算、配置计算指标的功能尚未提供，列入后续开发计划。
473,,,手工指标：支持用户增加手工指标，用于展示无法统计或计算的相关内容，提供手工指标页面输入结果数据功能。,部分响应,平台当前提供通用数据填报与审批流程基础能力（下发填报任务、人工填写、审批）。本条所述与自定义报表关联的手工指标（新增手工指标、在报表中以指标行形式录入结果数据）尚未提供，现有填报流程与指标库、报表引擎尚未打通，列入后续开发计划。
474,,,支持编辑调整自定义报表的格式，可设置表头、表尾、单元格合并及指标排序。 其他功能,部分响应,平台当前在数据治理模块提供报表引擎基础能力（按查询结果列直接展示）。本条所述自定义报表格式编辑（表头、表尾、单元格合并、指标排序设置）尚未提供，列入后续开发计划。
475,,,支持报表按机构》科室》医生（或医疗组）的下钻展示，并支持按条件筛选报表统计结果。,部分响应,平台当前在数据治理模块提供报表引擎基础能力（在线运行预览）。本条所述按机构、科室、医生（或医疗组）逐级下钻展示，以及按条件筛选报表统计结果的功能尚未提供，机构维度数据基础亦尚未建立，列入后续开发计划。
476,,,支持按月、季度、年自动生成周期性报表，同时支持用户手动生成非周期性报表数据。,部分响应,平台已提供：科室月报、按医保类型与费用类别的月度费用报表、日报，用户可手动选择月份即时生成，即满足手动生成非周期性报表及月粒度。尚未提供：季度报表、年度报表，以及按月、季、年定时自动生成并归档的周期性报表机制。上述缺项列入后续开发计划。
477,,,支持在线调整报表的显示内容，包括显示哪些指标及指标显示顺序。,部分响应,平台当前各统计报表页面（费用报表、日报、科室月报等）的展示指标为固定配置。本条所述用户在线调整报表显示指标及指标显示顺序的功能尚未提供，列入后续开发计划。
478,,,支持具体指标统计结果的点击排序。,部分响应,平台当前各统计报表结果按固定顺序展示。本条所述对具体指标统计结果点击列头排序的功能尚未提供，列入后续开发计划。
479,,,支持点评数据有变化时，提醒用户重新生成报表。,配套产品响应,属设备配套软件/商用知识库/CA 等产品参数，平台已留标准接入点
480,★,,支持报表导出，导出格式为excel格式，支持配置报表查看、报表生成、报表管理、报表填写的用户权限。 +-------------------------------+---------------------------------------------------------------------------------------------------------------------,部分响应,平台当前在科室月报、病案质控等统计页面提供 CSV 格式导出基础能力。本条所述自定义报表的 Excel 格式导出，以及报表查看、报表生成、报表管理、报表填写四类报表级用户权限配置尚未提供，列入后续开发计划。
481,,,系统提供审方药师门诊审方工作平台，支持审方药师在患者缴费前完成门诊处方的实时审查。,部分响应,平台已提供：门诊审方工作台（药师角色），待审队列取自尚未缴费的处方药品，药师可逐条通过或拒绝并记录拒绝原因。尚未提供：①审方为非强制模式，未经审核的处方仍可缴费，尚不能保证在缴费前完成审查；②审查粒度为药品明细行，尚不支持按整张处方审查；③无系统自动审查警示与审方方案。上述缺项列入后续开发计划。
482,,,系统提供审方药师住院审方工作平台，支持审方药师在医嘱调剂前完成住院医嘱的实时审查。,部分响应,平台当前提供门诊审方工作台基础能力（药师查看待审处方药品队列、逐条通过或拒绝并记录拒绝原因）。本条所述住院审方工作平台（医嘱调剂前对住院医嘱进行药师实时审查）尚未提供，列入后续开发计划。
483,,,系统按照预设的合理用药规则对处方/医嘱进行自动审查，包括过敏、禁忌症、适应症、特殊人群、配伍、相互作用、重复用药、给药途径、给药时机、给药剂量、给药频率、疗程审查等；再交由药师可选取全部或部分处方/医嘱进行人工审核；审方药师可将审核不合理的处方/医嘱打回到医生端，由医生进行双签或修改，直到处方/医嘱审核通过，进入调剂环节，实现审方药师的实时审方。 审方方案模式、权限设置,配套产品响应,属设备配套软件/商用知识库/CA 等产品参数，平台已留标准接入点
484,,,支持筛选需要审方药师人工审查的处方/医嘱：可按照院区、科室、病区、医生、药品、药品属性、诊断、警示信息等条件设置一个或多个审方方案，用于待审核处方/医嘱的过滤，确定待人工审核处方/医嘱任务；对于不符合方案设置的处方/医嘱，支持处方/医嘱自动通过审核。,部分响应,平台当前提供门诊审方工作台基础能力（待审处方药品队列、人工通过或拒绝）。本条所述按院区、科室、病区、医生、药品、药品属性、诊断、警示信息等条件配置审方方案以筛选待人工审核任务，以及不符合方案的处方/医嘱自动通过审核的功能尚未提供，列入后续开发计划。
485,,,支持根据患者年龄、患者病情严重状态设置筛选方案。,部分响应,平台当前在医生开立处方时提供年龄相关用药禁忌拦截基础能力。本条所述根据患者年龄、病情严重状态设置审方筛选方案的功能尚未提供，列入后续开发计划。
486,,,支持设置只审核静配医嘱。,部分响应,平台当前提供门诊审方工作台基础能力。本条所述静配医嘱标识及「只审核静配医嘱」的审方方案设置尚未提供，列入后续开发计划。
487,,,支持医院自定义特殊管控药品审方方案，例如重点监控药品、精麻药品等，必须经过人工审核才允许执行，不受超时时间限制。,部分响应,平台当前在药品字典提供抗菌药物分级属性，并在开立处方时进行分级权限拦截。本条所述医院自定义特殊管控药品审方方案（重点监控药品、麻醉精神类药品等必须经人工审核且不受超时时间限制）尚未提供，药品字典亦尚未建立重点监控、麻醉精神毒性放射性等特殊管控属性，列入后续开发计划。
488,,,支持在审方方案中设置药师工作日和具体工作时间，对于非药师工作时间的处方/医嘱，可自动通过审核，不影响处方/医嘱的执行；支持设置不同药师排班管理，以及对应工作时间提醒。,部分响应,平台当前提供门诊医生排班管理基础能力。本条所述在审方方案中设置药师工作日与工作时间、非工作时间处方/医嘱自动通过审核，以及药师排班管理与工作时间提醒尚未提供，列入后续开发计划。
489,,,支持设定等级的处方/医嘱自动驳回要求医生双签；支持设置需要审核医嘱但没有可审核药师时设置是否要求双签等。,部分响应,平台当前在知情同意书、医技报告审核等环节提供双人签名基础能力。本条所述审方环节按设定等级自动驳回并要求医生双签，以及无可审核药师时是否要求双签的设置尚未提供，列入后续开发计划。
490,,,门急诊支持可选择：按单张处方按患者合并当日所有处方或跨天跨就诊合并患者所有处方审查医生用药问题。,部分响应,平台当前门诊审方工作台按药品明细行逐条审查。本条所述按单张处方、按患者合并当日所有处方、跨天跨就诊合并患者所有处方三种审查方式的可选设置尚未提供，列入后续开发计划。
491,,,住院支持按患者审查或按组拆分审查，按患者审查即患者一次传入的医嘱为一个审查任务，按组拆分审查即患者一次传入的医嘱按组号拆分为多个审查任务，便于医院根据实际需要合理安排审方工作。,部分响应,平台当前提供门诊审方工作台基础能力，住院审方尚未提供。本条所述住院按患者审查或按组号拆分审查任务的可选设置尚未提供，列入后续开发计划。
492,,,支持设置药师的审方权限，可按照院区、科室、病区、处方类型、诊断、药品、属性等条件设置药师的审方权限，系统可根据药师权限将待审核处方/医嘱任务分配给有权限的审方药师。 审方页面展示,部分响应,平台当前按药师角色授权进入门诊审方工作台，所有药师查看同一待审队列。本条所述按院区、科室、病区、处方类型、诊断、药品、属性等条件细分药师审方权限，并按权限自动分配待审任务的功能尚未提供，列入后续开发计划。
493,,,支持审方页面一体化展示患者信息、处方/医嘱信息、检查检验信息、手术信息、电子病历信息、生命体征趋势图及系统自动审查结果。,部分响应,平台当前门诊审方工作台展示处方号、患者姓名、过敏史及药品名称、规格、用法、数量等处方信息。本条所述审方页面一体化展示检查检验信息、手术信息、电子病历信息、生命体征趋势图及系统自动审查结果尚未提供，列入后续开发计划。
494,,,支持在药师审核任务时，展示干预阶段医生预先填写的特别用药理由。,配套产品响应,【二级证据评审建议，待项目组签字】处方点评软件参数；平台审方工作台（reviewStatus 状态机）已备基础
495,,,支持药品使用监护点的突出展示，药品使用监护点即药师在审核某个药品的过程中需要重点关注信息，包括与药品适应症、疗效、禁忌症、不良反应等相关的检验指标、检查、生命体征和手术信息；支持查看检验指标趋势图，并支持异常检验指标的突出展示；有助于药师快速、全面、精准的审核处方/医嘱。,部分响应,平台当前门诊审方工作台展示患者过敏史与处方药品信息。本条所述药品使用监护点突出展示（关联适应症、疗效、禁忌症、不良反应的检验指标、检查、生命体征及手术信息）、检验指标趋势图及异常指标突出展示尚未提供，列入后续开发计划。
496,,,支持实时展示给审方药师，待审核处方/医嘱任务总量和分配给该药师的待审处方/医嘱任务数量。,部分响应,平台当前门诊审方工作台以列表形式展示待审处方药品。本条所述实时展示待审核任务总量及分配给当前药师的待审任务数量尚未提供，任务分配机制亦尚未建立，列入后续开发计划。
497,,,支持处方/医嘱审核历史信息的查看，包括处方/医嘱审核状态、审方药师审核意见及医生对打回处方/医嘱的处理结果。,部分响应,平台当前门诊审方工作台记录审核状态、审核意见及审核药师。本条所述审核历史查询（含审核状态、药师审核意见及医生对打回处方/医嘱的处理结果）尚未提供查看入口，医生处理结果亦尚未记录，列入后续开发计划。
498,,,支持用户自定义设置处方/医嘱明细页面展示的字段，并可设置字段排序，方便药师关注信息的优先展示。,部分响应,平台当前门诊审方工作台处方明细展示字段为固定配置。本条所述用户自定义设置明细页展示字段及字段排序的功能尚未提供，列入后续开发计划。
499,,,支持处方/医嘱审核时通过链接跳转到HIS电子病历页面。,部分响应,平台当前提供门诊审方工作台与门诊医生站电子病历页面。本条所述在处方/医嘱审核时通过链接跳转至电子病历页面的功能尚未提供，列入后续开发计划。
500,,,支持TPN药嘱计算结果展示，如渗透压、离子浓度、液体量、氨基酸浓度、葡萄糖浓度、氨基酸量、糖脂比、热氮比等（需开启TPN审查功能）。,配套产品响应,属设备配套软件/商用知识库/CA 等产品参数，平台已留标准接入点
501,,,支持系统审查结果快速跳转到规则设置页面。,部分响应,对应模块维护能力已实现（字典/参数/规则），细节逐条比对
502,,,支持特殊药品标识，如静配、高警示药品、麻醉药品、精神类药品、毒性药品及放射性药品等；并可根据医院需求自定义样式标识，如易跌倒、特殊管控药品等，以实现系统间同质化展示。,部分响应,平台当前在药品字典提供抗菌药物分级属性。本条所述静配、高警示、麻醉、精神类、毒性及放射性等特殊药品标识，以及易跌倒、特殊管控药品等医院自定义样式标识尚未提供，药品字典相应属性字段亦尚未建立，列入后续开发计划。
503,,,支持特定警示信息突出展示，缩短审核时间。 处方/医嘱人工审查,部分响应,平台已提供：门诊审方工作台对患者过敏史以红色标签突出展示。尚未提供：①系统自动审查产生的警示信息记录（合理用药规则目前在开立处方时即时拦截，不形成警示记录供审方展示）；②警示分级与可配置的突出展示规则。上述缺项列入后续开发计划。
504,,,支持审方任务自动分配，并支持任务来临时自动页面消息及提示音提示；提示音模式支持设置减少打扰；,部分响应,平台当前门诊审方工作台支持手动刷新待审队列。本条所述审方任务自动分配、新任务到达时页面消息与提示音提示及减少打扰的提示音模式设置尚未提供，列入后续开发计划。
505,,,支持设置药师最大接收任务数；,部分响应,平台已提供：审方工作台待审列表条数上限参数（全局系统参数，0 表示不限）。尚未提供：①按药师维度设置最大接收任务数，当前参数为全局待审列表上限而非每位药师的任务上限；②任务分配与药师任务池机制；③参数设置界面，目前仅可在系统参数中维护。上述缺项列入后续开发计划。
506,,,支持审方药师查看待审核处方/医嘱任务总量及分配给自己的待审处方/医嘱任务；门急诊可按科室、医生、处方号进行任务筛选；住院可按病区、医嘱类型、患者号进行任务筛选；,部分响应,平台当前门诊审方工作台以列表展示全部待审处方药品。本条所述待审任务总量与个人待审任务展示，门急诊按科室、医生、处方号筛选，住院按病区、医嘱类型、患者号筛选的功能尚未提供，住院审方亦尚未提供，列入后续开发计划。
507,,,支持先开具处方/医嘱、传入带紧急标记的处方/医嘱、特殊给药途径/给药频率处方/医嘱的优先审核；,部分响应,平台当前门诊审方工作台待审队列按处方开立先后顺序排列。本条所述紧急标记处方/医嘱、特殊给药途径或给药频率处方/医嘱的优先审核尚未提供，列入后续开发计划。
508,,,支持审方药师选择多张处方/医嘱，批量审核通过；,部分响应,平台当前门诊审方工作台支持逐条审核通过或拒绝。本条所述多选处方/医嘱批量审核通过的功能尚未提供，列入后续开发计划。
509,,,支持审方药师在审核处方/医嘱时，对系统根据处方/医嘱跑出的警示信息内容进行确认，并支持人工输入审核意见及用药建议；人工输入时支持一键复制药品名称；,部分响应,平台已提供：门诊审方工作台拒绝处方时可人工输入审核意见并记录。尚未提供：①系统自动审查警示信息的确认（警示信息尚未形成记录）；②审核通过时录入审核意见；③用药建议录入；④人工输入时一键复制药品名称。上述缺项列入后续开发计划。
510,,,对于人工输入的内容，支持药师自定义审核意见模板，便于药师在审核时进行选择及快速回复；,部分响应,平台当前门诊审方工作台支持人工输入审核意见，病历模板功能仅用于医生站病历书写。本条所述药师自定义审核意见模板及审核时快速选择回复的功能尚未提供，列入后续开发计划。
511,,,支持审方药师根据问题的严重程度选择是否强制要求医生修改处方/医嘱；,部分响应,平台当前门诊审方结论为通过或拒绝两种，拒绝后该药品作废。本条所述审方药师根据问题严重程度选择是否强制要求医生修改处方/医嘱的功能尚未提供，处方退回医生待修改的流转环节亦尚未建立，列入后续开发计划。
512,,,支持待审处方/医嘱超过规定时间，自动超时通过，并支持用户自定义超时时间；,部分响应,平台当前提供门诊审方工作台基础能力及待审列表上限参数。本条所述待审处方/医嘱超过规定时间自动超时通过及用户自定义超时时长的功能尚未提供，列入后续开发计划。
513,,,支持页面展示审方倒计时，并支持设置是否突出展示；,部分响应,平台当前门诊审方工作台未提供超时机制。本条所述审方倒计时页面展示及是否突出展示的设置尚未提供，列入后续开发计划。
514,,,支持处方/医嘱打回后，当医生超过一定时间未处理时提示给药师，且可以对医生超时未处理的时间进行设置；,部分响应,平台当前门诊审方拒绝后该药品直接作废，无医生待处理环节。本条所述处方/医嘱打回后医生超时未处理时提示药师，以及医生超时时长设置的功能尚未提供，列入后续开发计划。
515,,,支持处方/医嘱打回后，当医生对打回的处方/医嘱进行双签后，在药师界面显示双签理由并通过任务；,部分响应,平台当前提供门诊审方工作台基础能力（通过、拒绝并记录原因）。本条所述处方/医嘱打回后医生双签、药师界面显示双签理由并自动通过任务的流转尚未提供，列入后续开发计划。
516,,,支持处方/医嘱打回后，当医生跟药师沟通后，且审方药师认同医生的用药方案时，支持审方药师修改处方/医嘱的审核结果，将打回的审核结果修改为通过并支持输入通过理由；,部分响应,平台当前门诊审方结论一经作出即为终态，拒绝后该药品作废。本条所述药师与医生沟通后将打回结果修改为通过并录入通过理由的功能尚未提供，列入后续开发计划。
517,,,支持处方/医嘱的收藏，并可设置收藏分类，用于经典案例回顾等；,部分响应,本条所述处方/医嘱收藏及收藏分类（用于经典案例回顾）功能当前版本未提供，列入后续开发计划。
518,,,"支持在处方/医嘱审核任务上添加备注信息用于审方过程的记录，如""跟医生沟通需要审核通过""等；",部分响应,平台当前门诊审方工作台仅在拒绝时记录拒绝原因。本条所述在审核任务上随时添加审方过程备注（如「跟医生沟通需要审核通过」等）并查看备注记录的功能尚未提供，列入后续开发计划。
519,,,支持在药房发药或后续执行时，根据返回的重要警示信息，对自动通过或超时通过的医嘱，进行再次审核；,部分响应,平台当前提供门诊药房发药基础能力及门诊审方工作台。本条所述在药房发药或后续执行环节根据重要警示信息对自动通过、超时通过医嘱进行再次审核的功能尚未提供，自动通过与超时通过机制亦尚未建立，列入后续开发计划。
520,,,支持定时对住院患者当前所有有效医嘱进行合并审查，对存在超用药疗程或因检验指标、生命体征、诊断、手术等信息发生变化，而产生新的用药问题时，提示药师关注处理。 审查结果查看,部分响应,平台当前住院医生站提供长期医嘱按频次自动生成执行单的定时处理能力，住院审方尚未提供。本条所述定时对住院患者当前有效医嘱进行合并审查，并在超疗程或检验、生命体征、诊断、手术变化产生新用药问题时提示药师的功能尚未提供，列入后续开发计划。
521,,,支持查看进入审方系统的全部处方或医嘱，包括人工审核通过及打回的处方/医嘱、系统自动通过、超时通过的处方/医嘱；,部分响应,平台当前门诊审方工作台仅展示在途待审队列。本条所述查看进入审方系统的全部处方/医嘱（含人工通过、打回、系统自动通过、超时通过）的功能尚未提供，列入后续开发计划。
522,,,支持处方/医嘱审核历史的查看和导出，包括审方药师审核意见及医生处理结果；,部分响应,平台当前门诊审方工作台记录审核状态与审核意见，但未提供查询出口。本条所述审核历史查看与导出（含药师审核意见及医生处理结果）尚未提供，列入后续开发计划。
523,,,支持按日期、科室、警示类型、药品分类、药品名称、审方药师、审核状态、处方号、患者号、给药途径、给药频率、给药剂量、药品属性等条件筛选处方/医嘱；,部分响应,平台当前门诊审方工作台以列表展示全部待审处方药品，无筛选条件。本条所述按日期、科室、警示类型、药品分类、药品名称、审方药师、审核状态、处方号、患者号、给药途径、给药频率、给药剂量、药品属性等条件筛选处方/医嘱的功能尚未提供，列入后续开发计划。
524,,,支持药师已收藏案例的筛选查看；,配套产品响应,【二级证据评审建议，待项目组签字】处方点评软件参数；平台审方工作台（reviewStatus 状态机）已备基础
525,,,支持用户自定义设置列表页面展示字段。 审方质量评价,部分响应,平台当前审方列表页展示字段为固定配置。本条所述用户自定义设置列表页展示字段的功能尚未提供，列入后续开发计划。
526,,,支持根据日期、来源、审方药师、药品名称等条件，全部或随机抽取已审核处方/医嘱供药学管理人员进行回顾性分析评价，并可根据评价结果生成评价报表；,部分响应,平台当前提供病案终末质控评价能力，审方质量评价尚未建立。本条所述按日期、来源、审方药师、药品名称等条件全部或随机抽取已审处方/医嘱供药学管理人员回顾性评价，并生成评价报表的功能尚未提供，列入后续开发计划。
527,,,支持审方药师登入系统查看本人的审方评价结果。 统计分析,部分响应,平台当前提供门诊审方工作台基础能力，审方质量评价尚未建立。本条所述审方药师登录后查看本人审方评价结果的功能尚未提供，列入后续开发计划。
528,,,从机构、科室、医生、处方类型等角度统计处方/医嘱数量及审查概况，包括自动通过处方数/医嘱组数、药师打回、药师通过处方数/医嘱组数等指标；支持机构、科室下钻展示统计数据；,部分响应,平台当前提供运营概况、科室月报、药事分析等统计能力，尚未涵盖审方业务。本条所述从机构、科室、医生、处方类型角度统计处方/医嘱数量及审查概况（自动通过、药师打回、药师通过数量），并按机构、科室下钻展示的功能尚未提供，列入后续开发计划。
529,,,统计各审方药师审核的处方数/医嘱组数、审核通过、审核打回的处方数/医嘱组数等指标；,部分响应,平台当前门诊审方工作台记录审核药师，但尚无按药师维度的统计报表。本条所述统计各审方药师审核处方数/医嘱组数及通过、打回数量的功能尚未提供，列入后续开发计划。
530,,,从机构、科室、医生、药师等维度统计处方/医嘱打回后医生对打回处方/医嘱的处理情况，包括医生双签、医生修改处方数/医嘱组数等指标；,部分响应,平台当前门诊审方拒绝后该药品直接作废，医生处理过程尚未记录。本条所述从机构、科室、医生、药师维度统计打回后医生双签、医生修改处方数/医嘱组数的功能尚未提供，列入后续开发计划。
531,,,从机构、科室、医生、药师等角度统计药师审方的效率及医生处理的效率，包括药师审核耗时、医生处理耗时等指标；,部分响应,平台当前门诊审方工作台尚未记录审核时间。本条所述从机构、科室、医生、药师角度统计药师审核耗时、医生处理耗时等效率指标的功能尚未提供，列入后续开发计划。
532,,,统计药师审核的处方/医嘱中各问题类型的发生的情况，包括打回处方数/医嘱组数、医生双签、医生修改处方数/医嘱组数等指标。 审方消息沟通,部分响应,平台当前合理用药规则在开立处方时即时拦截，尚未形成问题类型记录。本条所述统计药师审核处方/医嘱中各问题类型发生情况（打回数、医生双签数、医生修改数）的功能尚未提供，列入后续开发计划。
533,,,支持审方药师打回处方/医嘱后，可通过审方消息沟通工具将打回信息及打回原因提示给医生，医生和药师可以在客户端就用药方案实时交流；,部分响应,平台当前提供门诊危急值提醒消息能力，审方消息沟通尚未建立。本条所述药师打回处方/医嘱后通过审方消息工具向医生推送打回信息与原因，医患双方在客户端实时交流用药方案的功能尚未提供，列入后续开发计划。
534,,,支持医生登录医生工作站时自动登录审方消息客户端；,部分响应,平台当前提供门诊医生站登录能力，审方消息客户端尚未建立。本条所述医生登录医生工作站时自动登录审方消息客户端的功能尚未提供，列入后续开发计划。
535,,,支持医生在通知中进行双签名操作；,部分响应,平台当前在知情同意书、医技报告审核等环节提供双人签名基础能力，审方通知尚未建立。本条所述医生在审方通知中进行双签名操作的功能尚未提供，列入后续开发计划。
536,,,支持医生查看消息通知和消息推送历史；,部分响应,平台当前提供门诊危急值提醒消息能力。本条所述医生查看审方消息通知及消息推送历史的消息中心功能尚未提供，列入后续开发计划。
537,,,支持医生回复审方打回的内容，并支持审方药师查看医生回复内容；,部分响应,平台门诊审方当前提供待审处方队列及药师通过/打回操作基础能力；本条所述处方打回后医生回复通道及审方药师查看医生回复内容功能尚未提供，列入后续开发计划。
538,,,支持医生离线时消息的存储，并支持医生在线时的消息推送；,部分响应,平台门诊审方当前提供处方打回结果的记录基础能力；本条所述医生离线时的消息存储与医生在线时的消息推送机制尚未提供，列入后续开发计划。
539,,,对于门诊处方，支持设置消息推送给当前处方医生或处方科室所有医生；对于住院医嘱，支持设置消息推送给当前医嘱医生、所在病区所有医生或所在科室所有医生，以便及时处理。 > 审方大屏,部分响应,平台当前提供门诊处方审方基础能力（待审队列、通过/打回）；本条所述按处方医生或处方科室全体医生设置消息推送范围，以及住院医嘱审方及其按医嘱医生、所在病区、所在科室设置推送范围的功能尚未提供，列入后续开发计划。
540,,,支持当天处方审核量、打回/通过、医生处理数据展示；,部分响应,平台当前提供门诊排队叫号大屏与病区护理看板基础能力；本条所述审方大屏（当天处方审核量、打回/通过量、医生处理数据展示）尚未提供，列入后续开发计划。
541,★,,支持实时更新展示审方工作效率情况及药师排名，支持门诊住院各科室审方任务量排名、问题种类排名。 +-------------------------------+------------------------------------------------------------------------------------------------------------------------,部分响应,平台门诊审方当前提供待审处方队列及药师通过/打回操作基础能力；本条所述审方工作效率实时展示、药师排名、门诊住院各科室审方任务量排名、问题种类排名尚未提供，列入后续开发计划。
542,,,支持对接入应用的授权管理，支持可视化的用户管理、证书管理，实现数字证书得申请、更新、吊销等。,配套产品响应,本条属数字证书认证（CA）系统配套产品范畴。平台在电子签名环节提供标准签名/验签接入接口，可对接 CA 厂商签名服务；接入应用授权管理、可视化用户管理与证书管理及数字证书的申请、更新、吊销由配套 CA 厂商产品提供。
543,,,提供restful API的形式接口与业务系统对接，产品提供对业务系统请求报文的真实性完整性校验。,配套产品响应,本条属 CA 签名服务器配套产品范畴。平台业务系统侧提供标准签名/验签接入接口，按 CA 厂商接口规范完成对接；面向业务系统的 RESTful 签名服务接口及业务请求报文的真实性、完整性校验由配套 CA 厂商签名服务器提供。
544,,,产品支持基于数字证书的安全认证登录管理功能，能实现多种角色管理，包括但不限于管理员、操作员、审计员等。,配套产品响应,本条属 CA 配套产品范畴。平台自身提供基于用户名口令的登录及按临床业务角色（管理员、医生、护士、药师等）的权限管理；基于数字证书的安全认证登录及管理员、操作员、审计员等角色的分级管理由配套 CA 厂商产品提供。
545,,,支持基于服务端的签名任务发起和签名结果获取；基于协同密钥技术来实现移动端用户私钥的生成和使用。,配套产品响应,属设备配套软件/商用知识库/CA 等产品参数，平台已留标准接入点
546,,,支持在统一页面实现对用户的集中管理，包括用户导入、用户新增、用户照片和签章图片导入、单个冻结和批量冻结、单个删除和批量删除、批量导出、签章样式自定义编辑等功能。,配套产品响应,属设备配套软件/商用知识库/CA 等产品参数，平台已留标准接入点
547,,,支持在线、离线证书签发模式、日志及审计功能；支持用户量、签名量、证数量的统计分析。,配套产品响应,本条属 CA 配套产品范畴。在线/离线证书签发模式、签发日志与审计功能，以及用户量、签名量、证书量的统计分析均由配套 CA 厂商证书管理系统提供；平台通过标准签名/验签接入接口与之对接。
548,,,支持管理员一键授权管理：能够在单一页面实现自由勾选功能模块对管理员进行权限分配，包括对用户管理功能的授权、对证书验证管理的授权、CSS高级配置的授权、系统设置的授权、日志的授权、配置管理的授权等。,配套产品响应,本条属 CA 厂商协同签名服务管理台范畴。平台自身提供按角色勾选菜单与按钮的权限分配功能；针对 CA 用户管理、证书验证管理、CSS 高级配置、系统设置、日志、配置管理等项目的管理员一键授权，由配套 CA 厂商管理台提供。
549,,,支持一人多设备、一设备多人的应用场景；支持授权签名：用户只需要使用手机在PC端完成一次授权即可多次签名，并可以关闭授权；支持推送签名：用户以推送的方式发起签名，签名者在手机端收到推送后直接完成签名；支持在签名任务中添加签名描述信息。,配套产品响应,本条属移动 CA（协同签名）配套产品范畴。平台在病历、知情同意书等签名环节提供标准签名接入接口；一人多设备/一设备多人应用场景、授权签名（手机在 PC 端一次授权后多次签名并可关闭授权）、推送签名及签名任务描述信息由配套 CA 厂商移动协同签名产品提供。
550,,,支持通过系统唯一用户标识绑定用户身份；支持通过接口添加用户信息，支持CRL配置和根证书配置，支持标准签名验证，能够与USBKey签名互通，支持证书有效性验证。,配套产品响应,属设备配套软件/商用知识库/CA 等产品参数，平台已留标准接入点
551,,,支持基于SM2密钥分割技术和协同签名技术实现电子签名功能。,配套产品响应,属设备配套软件/商用知识库/CA 等产品参数，平台已留标准接入点
552,,,支持扫码签名、推送签名、自动签名、授权自动签名功能。,配套产品响应,本条属移动 CA 配套产品范畴。扫码签名、推送签名、自动签名、授权自动签名由配套 CA 厂商移动协同签名产品提供；平台通过标准签名接入接口在各业务签名环节调用。
553,,,支持基于数字证书的个人电子签章、扫码签章、网页签章、PDF签章，支持移动端和管理端自定义配置签章图片功能。,配套产品响应,属设备配套软件/商用知识库/CA 等产品参数，平台已留标准接入点
554,,,移动端兼容APP（Android/IOS/鸿蒙）、SDK、微信小程序、企业微信、钉钉小程序、小程序。,配套产品响应,本条属 CA 移动签名产品形态范畴。平台自身的员工移动工作台为响应式网页形态，可在手机浏览器中使用；移动签名的 APP（Android/iOS/鸿蒙）、SDK、微信小程序、企业微信、钉钉小程序等形态由配套 CA 厂商提供。
555,,,提供证书签发、签名统计、统计报表功能，支持按时间/证书类型/科室/姓名进行查看、检索和导出功能。,配套产品响应,本条属 CA 厂商证书管理平台范畴。证书签发、签名统计与统计报表，以及按时间/证书类型/科室/姓名的查看、检索与导出功能，由配套 CA 厂商管理平台提供；平台通过标准签名/验签接入接口对接。
556,,,移动签名专用设备的服务端密码模块满足密码模块安全等级第二级相关要求。 **移动端密码模块（协同签名APP/SDK）**,配套产品响应,本条为密码产品安全资质要求，非平台软件功能。移动签名专用设备的服务端密码模块由配套 CA 厂商提供，其密码模块安全等级第二级要求以厂商出具的商用密码产品检测认证证书作为响应证据。
557,,,移动端提供SDK和APP两种形态模块。,配套产品响应,本条属 CA 移动签名产品范畴。移动端 SDK 与 APP 两种形态模块由配套 CA 厂商提供；平台通过标准签名接入接口调用签名服务。
558,,,移动端支持基于激活码下载证书和扫码下载证书。,配套产品响应,本条属 CA 移动端功能范畴。基于激活码下载证书与扫码下载证书由配套 CA 厂商移动签名 APP 提供；平台不涉及证书下载与证书生命周期管理。
559,,,移动端支持基于签名任务id和扫码签名。,配套产品响应,本条属 CA 移动端功能范畴。基于签名任务 ID 的签名与扫码签名由配套 CA 厂商移动签名产品提供；平台在各业务签名环节通过标准签名接入接口发起签名请求。
560,,,移动端APP支持扫码签名、推送签名。,配套产品响应,本条属 CA 移动端功能范畴。移动端 APP 的扫码签名、推送签名由配套 CA 厂商移动签名 APP 提供；平台通过标准签名接入接口对接。
561,,,移动端APP支持通过扫码或手动方式配置服务端。,配套产品响应,本条属 CA 移动端功能范畴。移动端 APP 通过扫码或手动方式配置服务端地址的功能由配套 CA 厂商移动签名 APP 提供。
562,,,"移动端APP要能够在Android应用市场和苹果AppStore中已经发布,支持安卓、鸿蒙、IOS主流操作系统。",配套产品响应,本条为移动签名 APP 的发布事实，非平台软件功能。安卓、鸿蒙、iOS 版移动签名 APP 及其在 Android 应用市场与苹果 App Store 的上架，由配套 CA 厂商提供，并以应用市场上架截图或链接作为响应证据。
563,,,移动端SDK支持集中显示待签名文件列表，并且支持批量勾选文件进行签署。,配套产品响应,本条属 CA 移动端 SDK 功能范畴。待签名文件列表集中显示与批量勾选签署由配套 CA 厂商移动签名 SDK 提供；平台自身的住院病历批量签名属业务功能，与本条移动 SDK 能力不同。
564,,,移动端SDK支持传PIN码签名：支持通过传入PIN码的方式进行签名。,配套产品响应,本条属 CA 移动端 SDK 功能范畴。通过传入 PIN 码方式进行签名的功能由配套 CA 厂商移动签名 SDK 提供。
565,,,移动端支持通过PIN码或指纹进行认证后签名。,配套产品响应,本条属 CA 移动端功能范畴。通过 PIN 码或指纹认证后签名的功能由配套 CA 厂商移动签名产品提供。
566,,,移动端SDK支持开启和关闭指纹。,配套产品响应,本条属 CA 移动端 SDK 功能范畴。指纹认证的开启与关闭由配套 CA 厂商移动签名 SDK 提供。
567,,,支持Android4.4及以上版本，iOS8.0及以上版本，鸿蒙等操作系统。,配套产品响应,本条属 CA 移动签名 SDK 兼容性范畴。Android 4.4 及以上、iOS 8.0 及以上、鸿蒙等操作系统的支持以配套 CA 厂商的 SDK 兼容性说明作为响应证据；平台自身移动工作台为响应式网页形态，与终端操作系统版本解耦。
568,,,移动端APP须在Android应用市场和苹果AppStore中已经发布。,配套产品响应,本条为移动签名 APP 的发布事实，非平台软件功能。移动签名 APP 在 Android 应用市场与苹果 App Store 的上架由配套 CA 厂商提供，并以应用市场上架截图或链接作为响应证据。
569,,,移动端密码模块需同时具备IOS和Android两个版本且满足密码模块安全等级第二级相关要求。 **时间戳服务器**,配套产品响应,属设备配套软件/商用知识库/CA 等产品参数，平台已留标准接入点
570,,,"支持管理员配置功能，管理员配置支持基于数字证书的方式配置""超级管理员模式""和""三权分立模式""。",配套产品响应,属设备配套软件/商用知识库/CA 等产品参数，平台已留标准接入点
571,,,支持多种时间戳服务接口，支持应用接口包含但不限于Java、C、COM。,配套产品响应,属设备配套软件/商用知识库/CA 等产品参数，平台已留标准接入点
572,,,支持可信时间发布功能，支持时间同步机制。,配套产品响应,本条属时间戳服务（TSA）/密码设备配套产品范畴。平台业务时间统一取自数据库服务器时钟；可信时间发布功能及时间同步机制由配套时间戳服务器设备提供。
573,,,支持各类应用开发平台调用，支持应用平台包括但不限Windows server、 Linux、AIX、Solaris、Unix。,配套产品响应,本条为 CA/时间戳服务 SDK 的跨平台调用要求，属配套产品范畴。Windows Server、Linux、AIX、Solaris、Unix 等应用平台的 SDK 由配套 CA 厂商提供；平台自身以容器化方式部署于 Linux 服务器，通过标准接口调用签名与时间戳服务。
574,,,支持算法标准：SM2、SM3。,配套产品响应,【二级证据评审建议，待项目组签字】CA 产品参数；平台 SignatureAdapter SPI 接入点就绪（ADR 系列）
575,,,提供备份恢复功能，可通过界面备份当前所有配置，保证系统瘫痪时的快速恢复，支持通过证书对备份数据进行加密，通过验证证书口令解密实现备份数据恢复。,配套产品响应,本条属签名服务器密码设备管理台范畴。平台自身提供数据库备份执行记录的登记与查看，备份与恢复由运维脚本执行；通过界面备份全部配置、以证书加密备份数据并凭证书口令解密恢复，由配套密码设备厂商管理台提供。
576,,,提供时间源管理。,配套产品响应,【二级证据评审建议，待项目组签字】CA 产品参数；平台 SignatureAdapter SPI 接入点就绪（ADR 系列）
577,,,支持时间戳的签发及验证功能，提供时间戳服务接口，时间戳结构满足RFC3161/RFC2630/GM0033规范要求。,配套产品响应,属设备配套软件/商用知识库/CA 等产品参数，平台已留标准接入点
578,,,可配置多CA签发的根证书，验证多CA签发的时间戳，支持CRL/LDAP验证方式。,配套产品响应,属设备配套软件/商用知识库/CA 等产品参数，平台已留标准接入点
579,,,支持时间源同步机制，支持NTP、SNTP同步方式，既支持以自身时间源为基准进行时间同步，同时也支持以外置时间源为基准进行时间同步。,配套产品响应,本条属时间戳服务器/密码设备能力范畴。NTP、SNTP 同步方式及以自身时间源或外置时间源为基准的时间同步机制由配套密码设备提供；平台业务时间统一取自数据库服务器时钟。
580,,,支持分级权限管理模式，分为管理员、操作员、审计员三级，分别赋予不同权限。,配套产品响应,本条属密码设备三员分立管理模式范畴。平台自身提供基于角色的权限管理（角色与菜单、按钮权限配置），角色体系面向临床业务；密码设备的管理员、操作员、审计员三级分级权限由配套密码设备管理台提供。
581,,,支持通过管理界面进行应用管理、证书管理、系统配置以及日志查询等管理操作，支持通过web管理页面直接升级系统。,配套产品响应,本条属密码设备 Web 管理台范畴。平台自身提供用户、角色、系统配置与审计日志的管理页面；密码设备的应用管理、证书管理、系统配置、日志查询及通过 Web 管理页面在线升级系统，由配套密码设备厂商管理台提供。
582,,,支持一键检测功能，包括服务接口检测（包含初始化获取随机数接口、创建时间戳请求接口、创建时间戳接口、验证时间戳接口）、加密卡检测和时间源检测，保证设备处于正常工作状态。,配套产品响应,属设备配套软件/商用知识库/CA 等产品参数，平台已留标准接入点
583,,,提供备份恢复功能，可通过界面备份当前所有配置，保证系统瘫痪时的快速恢复，支持通过证书对备份数据进行加密，通过验证证书口令解密实现备份数据恢复。,配套产品响应,本条属签名服务器密码设备管理台范畴。平台自身提供数据库备份执行记录的登记与查看，备份与恢复由运维脚本执行；通过界面备份全部配置、以证书加密备份数据并凭证书口令解密恢复，由配套密码设备厂商管理台提供。
584,,,备份恢复：将服务器配置信息备份到PC端，也可以将PC端的备份文件恢复到系统，方便出问题时尽快恢复。,配套产品响应,本条属密码设备管理台范畴。将服务器配置信息备份到 PC 端并从 PC 端备份文件恢复到系统的功能由配套密码设备厂商管理台提供；平台自身仅提供数据库备份执行记录的登记与查看。
585,,,业务日志管理：签发时间戳的时候记录业务日志，可以选择开启或关闭业务日志。,配套产品响应,属设备配套软件/商用知识库/CA 等产品参数，平台已留标准接入点
586,,,产品满足密码模块安全等级第二级相关要求。 **个人数字证书**,配套产品响应,本条为个人数字证书产品的安全资质要求，非平台软件功能。密码模块安全等级第二级要求以配套 CA 厂商出具的商用密码产品检测认证证书作为响应证据；平台通过标准签名/验签接入接口使用证书完成电子签名。
587,,,标示个人用户网络身份；,配套产品响应,本条属个人数字证书产品属性范畴。标示个人用户网络身份的数字证书由配套 CA 机构签发；平台通过标准签名/验签接入接口使用该证书完成电子签名。
588,,,证书格式标准遵循x．509v3标准；,配套产品响应,属设备配套软件/商用知识库/CA 等产品参数，平台已留标准接入点
589,,,支持自定义证书扩展域管理；,配套产品响应,【二级证据评审建议，待项目组签字】CA 产品参数；平台 SignatureAdapter SPI 接入点就绪（ADR 系列）
590,,,证书包含一年有效期。 **设备证书**,配套产品响应,本条属个人数字证书签发策略范畴。证书一年有效期由配套 CA 机构按其证书策略签发并管理；平台不涉及证书有效期管理。
591,,,标示设备用户网络身份；,配套产品响应,本条属设备证书产品属性范畴。标示设备用户网络身份的设备证书由配套 CA 机构签发并管理；平台不涉及设备证书管理。
592,,,证书格式标准遵循x．509v3标准；,配套产品响应,属设备配套软件/商用知识库/CA 等产品参数，平台已留标准接入点
593,,,支持自定义证书扩展域管理；,配套产品响应,【二级证据评审建议，待项目组签字】CA 产品参数；平台 SignatureAdapter SPI 接入点就绪（ADR 系列）
594,★,,证书包含一年有效期。 +-------------------------------+------------------------------------------------------------------------------------------------------------------------------------------------------------,配套产品响应,本条属设备证书签发策略范畴。设备证书的签发及一年有效期由配套 CA 机构按其证书策略确定，并以 CA 厂商证书策略说明作为响应证据；平台通过标准签名/验签接入接口对接 CA 签名服务，不涉及证书生命周期管理。
595,,,予以完成各业务信息系统之间的解耦互联（拥有高效率的数据资料获取、转换和加载（数据资料抽取转换加载）功能，确保数据资料的精确性和完整性性），拥有全院级集成化应当用的企业级服务功能总线信息系统架构，基于内容的智能化分发，拥有基于事件触发工作机制的信息系统对接，予以完成信息格式适配转换与数据资料传递。,部分响应,平台集成层已提供：HL7 v2 报文解析、MLLP 与 HTTP 两种入站通道、检验结果事件触发的自动入库处理、报文全量留痕、文件/数据库适配器与基于内容关键字的路由规则配置及路由测试，以及临床数据中心的定时抽取归集。尚未提供：企业级服务总线产品形态（消息中间件、服务编排/流程引擎）、基于报文内容的智能化分发（当前为关键字匹配）。上述缺项列入后续开发计划。
596,,,业务流程维护管理；字典同步更新引擎：协同更新服务功能，使多个信息系统同步予以完成同一工作业务流程带来的数据资料更新；数据资料库连接参数配置，内部数据资料交换，业务消息路由；拥有IDE运行环境，拥有集成的几大引擎工作机制：执行操作引擎：拥有引擎的服务功能创建与管控，业务流程定义，业务消息映射，数据资料映射与转换的自动化化。,部分响应,平台当前提供数据元与术语映射登记、适配器与路由规则配置等基础能力；本条所述业务流程维护管理、字典同步更新引擎、IDE 运行环境、执行操作引擎、业务流程定义、业务消息映射与数据映射转换自动化尚未提供，列入后续开发计划。
597,,,能够基于事件触发的业务消息传输工作机制，能够功能的推送和接收。,部分响应,平台已提供：检验结果接收事件触发的自动落库处理，MLLP 与 HTTP 两条业务消息接收通道，以及服务订阅登记与测试推送。尚未提供：面向外部系统的真实出站推送（当前为模拟推送，仅记录推送流水）、跨系统消息投递总线（当前事件机制限于平台内部）。上述缺项列入后续开发计划。
598,,,以制定适合我国医疗卫生运行环境下的卫生行业业务消息交互规范，基于平台信息系统的数据资料交换标准化，同时结合我国医疗卫生实际情况，对HL7V3交互服务功能进行本土化约束和适当扩展，业务消息规范借鉴国际上已有的成熟业务消息标准ISO/HL7V3。,部分响应,平台当前提供 HL7 v2 报文交互及 WS/T 500 结构的 CDA 文档骨架生成基础能力；本条所述基于 ISO/HL7 V3 的卫生行业业务消息交互规范及其本土化约束与扩展尚未提供，列入后续开发计划。
599,,,能够热备高能够用性性部署，备机能够在不应当人工干预的情况下自动化启动，当主机修复后，业务消息在备机中继续运行，当主机发生故障时，主备机之间设置、业务消息库能够即时一致化，业务消息会转回主机中继续处理操作。,部分响应,平台当前以容器化单实例方式部署；本条所述双机热备高可用部署、备机无人工干预自动启动、主备之间配置与业务消息库即时一致化及故障自动切换与回切尚未提供，列入后续开发计划。
600,,,能够按需免费扩展，无接入通讯点数量限制。,配套产品响应,【二级证据评审建议，待项目组签字】CA 产品参数；平台 SignatureAdapter SPI 接入点就绪（ADR 系列）
601,,,能够多种用于主流信息交互方式的适配器：数据资料库适配器、文件适配器、WebService适配器、socket适配器、队列适配器等。,部分响应,平台已提供：文件适配器、数据库适配器的配置管理，以及 socket 形态的 MLLP 报文接收服务和 HTTP 报文接收接口。尚未提供：WebService 适配器、消息队列适配器；socket 与 HTTP 通道尚未纳入可配置的适配器框架。上述缺项列入后续开发计划。
602,,,拥有图形化集成服务功能及业务流程定义工具，借助IDE运行环境。,部分响应,平台当前提供表单方式的适配器与路由规则维护页面；本条所述图形化集成服务与业务流程定义工具及 IDE 运行环境尚未提供，列入后续开发计划。
603,,,基于内容的路由、广播路由、聚合路由、拆分路由、排序路由、自定义中介器、XML信息格式适配转换器。,部分响应,平台已提供：基于内容的路由（路由规则维护与路由测试）。尚未提供：广播路由、聚合路由、拆分路由、排序路由、自定义中介器、XML 信息格式适配转换器。上述缺项列入后续开发计划。
604,,,通过参数而非编程的方式，能够对接各类异构信息系统而无论其底层技术栈何种技术，如JMS、Web服务功能、JDBC、HTTP、File、FTP、及其它等80多种协议。,配套产品响应,【二级证据评审建议，待项目组签字】重型 ESB 产品参数；平台 int_adapter 文件/DB 路由雏形已备
605,,,拥有多种协议转换的转换器（Transformer），如httpTransformer。,配套产品响应,重型格式转换器属 ESB 产品，平台已有 HL7 解析+CDA 输出
606,,,拥有文件格式适配的转换器（Transformer）。如：xml格式适配json格式，能够多种文件格式适配，xml格式适配String格式等。,配套产品响应,重型格式转换器属 ESB 产品，平台已有 HL7 解析+CDA 输出
607,,,准许通过XSLT能够予以完成对XML格式的转换，能够XML标准定义。,配套产品响应,【二级证据评审建议，待项目组签字】重型 ESB 产品参数；平台 int_adapter 文件/DB 路由雏形已备
608,,,能够用业务消息中的属性数据资料进行业务消息的分发，且路由业务规则通过设置方式予以完成，过滤，予以完成不同业务规则的动态路由。,部分响应,平台已提供：路由规则通过界面配置入库并动态生效、按业务消息内容关键字匹配分发、停用适配器时拒绝投递。尚未提供：按业务消息结构化属性（如报文段字段）分发、过滤器节点、多规则优先级与组合条件。上述缺项列入后续开发计划。
609,,,编写Java程序通过JMSSubscriber来订阅不同主题的业务消息，通过请求的数据资料内容的关键值进行主题发布。,部分响应,平台当前提供基于 HTTP 的服务订阅登记与推送流水记录基础能力；本条所述基于 JMS 的主题订阅与按数据内容关键值发布主题的消息机制尚未提供，列入后续开发计划。
610,,,能够对已有功能业务流程的重新编排，然后组合生成新的业务流程。,配套产品响应,【二级证据评审建议，待项目组签字】重型 ESB 产品参数；平台 int_adapter 文件/DB 路由雏形已备
611,,,能够如下主流数据资料存储的对接，MySql、SqlServer、Oracle等。,部分响应,平台采用 PostgreSQL，JPA/JDBC 层具备主流库可迁移性（技术路线说明响应）
612,,,其他数据资料库连接能够采用自定义方式连接。,配套产品响应,【二级证据评审建议，待项目组签字】ESB 数据源连接器产品参数；平台 int_adapter DB 适配器已备基础
613,,,能够HTTP协议与HTTPS安全稳定能够靠能够靠协议组件。,部分响应,平台已提供：基于 HTTP 协议的 REST 服务化接口、集成报文 HTTP 入站接口与出站适配器留痕。尚未提供：HTTPS 传输加密配置（含 TLS 证书与反向代理配置）。上述缺项列入后续开发计划。
614,,,包括C#、JAVA、Groovy、python等，能够多种编程语言对平台信息系统的调用。 **（二）平台监控** （1）平台综合监控,部分响应,平台已提供：REST/JSON 形式的对外接口，与调用方编程语言无关，并有 Python 脚本实际调用的实践。尚未提供：在线接口文档（OpenAPI/Swagger）、对外接口说明书、C#/Java/Groovy 调用 SDK 与示例。上述缺项列入后续开发计划。
615,,,即时监测业务消息发送相关数据资料，自动化产生审计记录连接状态审计记录及行为审计记录；即时刷新各个业务业务消息的流动状态；更新监测结果，审计记录平台信息系统审计记录；即时监测业务消息发送失败相关数据资料；拥有基于业务条件的监测检索；即时地显示集成平台信息系统的功能器系统资源监测结果，包括监测概况、队列积压情况、功能器系统资源监测；即时对第三方数据资料交换连接状态、第三方应当用平台信息系统的运行状态和,部分响应,平台已提供：集成消息监控页面（进/出站、通道、关联单号、状态、报文、错误信息逐笔记录，按通道筛选与刷新，失败报文红色标识）；后台巡检自动检测连接池、内存及近一小时报文失败积压并生成工单；运维健康总览（磁盘、慢接口）。尚未提供：按时间段/单号/状态等业务条件检索、队列积压量与服务器资源的可视化监控面板、第三方应用运行状态监测。上述缺项列入后续开发计划。
616,,,接入平台信息系统总数，予以完成各类汇总功能：包括启用功能总数，今日功能调用次数，功能调用总数，业务消息通道业务消息数等汇总分析处理操作功能。,部分响应,平台当前提供集成消息逐笔流水查询与适配器清单基础能力；本条所述接入系统总数、启用服务数、今日调用次数、调用总数、通道消息数等汇总分析统计尚未提供，列入后续开发计划。
617,,,检索设定日期内特定名称和类别的告警数据资料，对告警条件的增、改、删及启用、停用等行为，设置告警项。,部分响应,平台当前提供固定阈值的运维健康告警与后台巡检自动开工单基础能力；本条所述告警项的配置化管理（告警条件的增、改、删及启用、停用，按日期/名称/类别检索告警数据）尚未提供，列入后续开发计划。
618,,,能够运行监测审计记录输出功能。 > （2）ESB(企业服务总线的监控),正偏离/无偏离,由集成监控模块提供：集成报文运行监测日志自动记录（方向、通道、关联单号、状态、错误信息、报文内容与时间），按月分区存储并自动清理历史数据，在「集成消息日志」页面按通道查询与刷新展示。
619,,,能够监测业务消息发送相关数据资料，更新监测结果，即时审计记录各个业务业务消息的流动状态。,正偏离/无偏离,由集成监控模块提供：每笔业务消息的进/出站方向、通道、关联单号、处理状态、错误信息与时间逐条记录，「集成消息日志」页面实时刷新展示各业务消息的流动状态，并支持按通道过滤查看。
620,,,能够显示企业级服务功能总线信息系统架构的监测结果，包括服务功能器系统资源情况、Flow（服务功能业务流程）情况监测、部署情况监测。,配套产品响应,【二级证据评审建议，待项目组签字】重型 ESB 产品参数；平台 int_adapter 文件/DB 路由雏形已备
621,,,能够第三方数据资料交换连接状态、第三方应当用平台信息系统的运行状态和行为人员关键性行为的跟踪审计记录功能。,部分响应,平台已提供：第三方数据交换连接状态按报文逐笔记录成功/失败并在集成监控页面展示，近一小时失败积压自动生成运维工单；人员关键操作行为记录于系统审计日志并提供查询页面。尚未提供：第三方应用运行状态监测（心跳探活、可用率）。上述缺项列入后续开发计划。
622,★,,能够监测总线部署的业务应当用及flow的执行操作时间。能够通过开启flow监测，监测Flow中执行操作的业务消息内容、各个组件的输出业务消息内容等。 +-------------------------------+--------------------------------------------------------------------------------------------,配套产品响应,本条属企业服务总线（ESB）配套产品范畴。平台集成层提供业务消息进出流水记录与集成监控页面，作为总线接入的基础；总线部署业务应用及 Flow 执行时间监测、开启 Flow 监测查看各组件输入输出业务消息内容，由配套 ESB 产品提供。
623,,,依托ETL工具构建定时任务与事件驱动双重数据采集模式，通过与各业务系统接口的标准化交互对接，将院内患者全流程诊疗及临床业务数据，统一归集至平台数据库，实现多源业务数据的自动化汇聚与整合。 数据集成,部分响应,平台已提供：临床数据中心定时采集（每日凌晨增量同步，按更新时间水位增量抽取，带任务互斥与开关配置）与手动全量/增量同步入口，多源数据统一归集至临床文档库。尚未提供：事件驱动的实时采集模式、通过标准化接口与各业务系统对接采集（当前为同库直读方式）。上述缺项列入后续开发计划。
624,,,数据中心集成整合院内多维度核心医疗数据，涵盖患者主索引、患者基础服务信息、门诊处方、临床诊断结果、住院病历、住院医嘱、输血相关记录、血液配发信息、血型鉴定报告、手术麻醉记录、检验与检查申请单据、门诊病历、生命体征记录、检验报告、检查报告、病理报告等全品类临床业务数据。 数据浏览,部分响应,平台临床数据中心已归集：门诊就诊文档（门诊病历、诊断、处方医嘱）、检验报告、住院摘要（含病程记录与结算信息）及历史数据导入文档，并提供患者 360 视图浏览。尚未纳入归集：患者主索引、输血记录、血液配发、血型鉴定报告、手术麻醉记录、检查申请单、检查报告、病理报告、生命体征记录。上述缺项列入后续开发计划。
625,★,,提供数据集浏览功能，可实时查看各数据集的数据采集状态与数据校验结果；支持临床数据中心全局概览展示，同时可对临床数据库中的标准数据集进行统一查阅与浏览。 +-------------------------------+-------------------------------------------------------------------------------------------,部分响应,平台当前提供临床数据中心已归集文档的类型计数及六项固定数据完整性核查基础能力；本条所述数据集浏览、各数据集采集状态与数据校验结果实时查看、临床数据中心全局概览展示及标准数据集统一查阅浏览尚未提供，列入后续开发计划。
626,,,采用多样化的数据抽取工具，构建高效、稳定的运营数据采集链路，将医院各业务场景下产生的各类运营数据，精准、快速抽取至数据中心数据库，为后续数据统计分析提供基础支撑。 （2）数据存储,部分响应,平台已提供：内置九项运营指标的快照抽取（手动生成当日快照并落库）与临床数据中心定时归集两条运营数据采集链路。尚未提供：独立的数据中心数据库（运营汇总当前为直查业务库实时统计）、多样化数据抽取工具与连接器配置、指标快照的定时自动执行。上述缺项列入后续开发计划。
627,,,结合医院实际数据规模、硬件资源配置等情况，制定差异化运营数据抽取策略，优先将各类运营数据抽取至数据仓库进行存储管理。 （3）数据清洗,配套产品响应,数仓 ETL 属大数据平台产品
628,,,依据各项业务指标及数据分析需求，对数据仓库内的运营数据开展系统性清洗与标准化转换操作；过程中严格对照主数据映射规则，对不符合规则的数据予以筛选舍弃，对未纳入主数据标准范围的数据进行合规性转换处理，并通过调度任务设置定时执行机制，实现数据清洗与转换工作的自动化、常态化运行，保障数据质量达标。 （4）数据模型,部分响应,平台当前提供术语映射登记（本地术语与标准编码对照）基础能力；本条所述按主数据映射规则对运营数据进行系统性清洗与标准化转换、不合规数据筛选舍弃、未纳标数据合规性转换及其定时调度自动执行尚未提供，列入后续开发计划。
629,★,,结合医院实际业务形态、业务场景特点及各类数据分析指标的核心要求，构建符合大数据标准的规范化仓库模型，所有模型数据均采用经过前置清洗、转换处理后的合规数据，并统一存储于ClickHouse数据库中，保障数据存储的高效性与分析的准确性。该仓库模型涵盖多层级架构，各层级功能明确、各司其职，具体包括但不限于以下三层： > DWD层（数据明细层）：聚焦原始数据的标准化处理，针对清洗转换后的明细数据执行容错修,部分响应,平台当前的统计报表直接基于业务数据库生成；本条所述 ClickHouse 数据库存储、DWD/DWS 等多层级规范化仓库模型及前置清洗转换链路尚未提供，列入后续开发计划。
630,,,提供数据质量规则可视化创建功能，支持按需选择不同数据源、目标数据表及具体字段，灵活配置标准化质量校验规则，涵盖空值核查、值域合法性校验、重复数据去重检查、数据及时性审核、跨维度数据一致性校验等核心场景；同时支持自定义SQL脚本编写，满足复杂业务场景下的个性化、精细化质量检查需求，全方位筑牢数据质量防线。,部分响应,平台当前提供六项固定的数据完整性核查（患者证件号/手机号缺失、病历未签名、病案未归档、诊断未编码、处方未审核）及一键重新核查基础能力；本条所述可视化质量规则创建、按数据源/目标表/字段配置空值、值域、重复、及时性、跨维度一致性校验规则及自定义 SQL 质量检查尚未提供，列入后续开发计划。
631,,,具备同类质量规则智能校验与提醒机制，系统可自动识别当前创建的规则与已存在的同类需求规则，及时触发冗余提醒，避免重复创建；支持将创建的质量规则与对应业务分类进行关联绑定，实现规则的分类归档与高效检索，同时可自动生成该质量规则对应的SQL执行语句，省去手动编写成本，提升规则落地效率。,部分响应,本条所述同类质量规则智能校验与冗余提醒、质量规则与业务分类关联归档检索、自动生成规则对应 SQL 执行语句功能当前版本未提供，列入后续开发计划。
632,,,支持已创建数据质量规则的全流程运维管理，可根据业务需求变化、数据标准更新，对现有质量规则的检查条件、参数配置等进行灵活修改；同时支持对过期、无用、冗余的质量规则进行删除操作，确保质量规则体系的简洁性、时效性与适用性，适配业务动态发展需求。 （2）业务分类管理,部分响应,平台当前提供固定的数据完整性核查项基础能力；本条所述质量规则检查条件与参数配置的修改、过期无用冗余规则的删除等全流程运维管理功能尚未提供，列入后续开发计划。
633,,,用户可创建不同的业务规则，通过质量规则与业务分类进行关联配置，最终自动生成对应业务场景下的质量报告。 （3）调度任务管理,部分响应,本条所述业务分类管理、质量规则与业务分类关联配置及自动生成对应业务场景质量报告功能当前版本未提供，列入后续开发计划。
634,,,支持选取已配置完成的质量规则，自定义设置业务任务的执行时段与调度频次，系统将依据设定自动执行任务；同时支持手动触发执行，并可对任务执行结果与历史状态进行查询查看。 （4）数据质量监控,部分响应,平台当前提供数据完整性核查的手动触发基础能力；本条所述质量规则调度任务管理（执行时段与调度频次配置、自动执行、手动触发、执行结果与历史状态查询）尚未提供，列入后续开发计划。
635,,,支持对数据质量进行全方位监控展示，涵盖业务规则总量、质量规则总量、规则调用总次数、执行成功次数、执行失败次数，并可统计展示各业务分类、各数据表的质量问题排行。,部分响应,平台当前提供固定核查项的实时计数与通过/未通过展示基础能力；本条所述数据质量监控看板（业务规则总量、质量规则总量、规则调用总次数、执行成功/失败次数、按业务分类与数据表的质量问题排行）尚未提供，列入后续开发计划。
636,★,,支持根据业务分类、数据源、时间周期等维度筛选检索质检报告，支持查看报告详细明细信息，并可对报告及明细内容进行导出与下载。 +-------------------------------+----------------------------------------------------------------------------------------------------------,部分响应,平台当前提供固定核查项的实时计数展示基础能力；本条所述质检报告按业务分类、数据源、时间周期筛选检索、报告明细查看及报告与明细导出下载尚未提供，列入后续开发计划。
637,,,负责业务指标所依赖的基础指标（分子、分母）维护，支持完善指标定义、数据来源等信息；针对系统采集类指标，可绑定对应业务场景与数仓模型。,部分响应,平台当前提供内置指标库（指标编码、名称、单位、目标值）的查看基础能力；本条所述基础指标分子/分母维护、指标定义与数据来源信息完善、采集类指标与业务场景及数仓模型绑定尚未提供，列入后续开发计划。
638,,,支持对业务指标进行分类维护，例如三级公立医院绩效考核、医院评审、医共体建设等类别；在对应分类下创建业务指标，配置指标属性、内涵定义、应用方向、计算公式、责任科室等信息，构建医院统一规范的指标库体系。,部分响应,平台当前提供内置指标库的只读查看与快照生成基础能力；本条所述指标分类维护（三级公立医院绩效考核、医院评审、医共体建设等）及在分类下创建指标并配置指标属性、内涵定义、应用方向、计算公式、责任科室尚未提供，列入后续开发计划。
639,,,可依据业务实际需要，对已有指标进行编辑更新或停用处理。 （2）指标统计,部分响应,平台当前提供内置指标库的查看基础能力；本条所述已有指标的编辑更新与停用处理尚未提供，列入后续开发计划。
640,★,,支持查看已建立指标的总体数量，并可按指标分类、归属科室等维度进行汇总统计与展示。 +-------------------------------+------------------------------------------------------------------------------------------------------------------------------,部分响应,平台当前提供内置指标的平铺列表查看基础能力；本条所述指标总体数量展示及按指标分类、归属科室维度的汇总统计与展示尚未提供，列入后续开发计划。
641,,,支持对主数据目录、数据来源、版本信息等基础信息进行维护，可配置主数据包含的字段信息，包括字段编码、数据类型、长度、默认值、非空校验、主键标识等，并支持与其他主数据建立关联关系。,部分响应,平台已提供：数据元目录维护（数据元标识、名称、数据类型、表示格式、值域、引用行业标准、备注）的新增与关键字检索。尚未提供：版本信息维护，字段长度、默认值、非空校验、主键标识的配置，以及主数据之间的关联关系配置。上述缺项列入后续开发计划。
642,,,支持对已添加的字段进行编辑、查看及停用操作，新增字段需经过流程审批通过后方可正式启用。 （2）标准审批管理,部分响应,平台当前提供数据元的新增与查询基础能力；本条所述已添加字段的编辑、停用操作及新增字段经流程审批后启用的机制尚未提供，列入后续开发计划。
643,,,可对主数据字段的新增、修改申请进行查询与审核，支持批量通过或批量驳回操作，驳回审批时需录入对应的驳回原因。 > （3）数据管理,部分响应,平台当前提供数据填报记录的审核（通过/退回）基础能力；本条所述主数据字段新增、修改申请的查询与审核、批量通过/批量驳回及驳回原因录入尚未提供，列入后续开发计划。
644,,,负责主数据目录下具体数据的维护工作，支持手动新增、Excel 文件导入以及接口同步三种数据录入方式。 （4）映射管理,部分响应,平台已提供：数据元手动新增维护；药品字典、收费项目字典的批量文本（CSV）导入。尚未提供：Excel 文件导入、接口同步录入方式，以及面向主数据目录下数据的批量导入（当前导入对象为药品与收费项目字典）。上述缺项列入后续开发计划。
645,,,支持建立不同主数据之间的对应关系，维护主数据间的字段映射规则以及数据项的映射配置。 （5）订阅管理,部分响应,平台已提供：术语映射管理——按诊断/药品/检验/检查/手术分类，将本地术语映射至 ICD-10、LOINC、ATC、ICD-9-CM3 等标准编码，支持新增与查询。尚未提供：主数据之间字段级映射规则配置、数据元与术语映射之间的关联。上述缺项列入后续开发计划。
646,,,各业务系统可通过接口方式对接主数据平台，系统实时展示各系统的对接状态与调用情况。 （6）操作日志,部分响应,平台已提供：服务订阅管理——登记各接入系统及目标地址、启用/停用、测试推送、查看各订阅方推送次数与推送流水。尚未提供：真实出站推送（当前为模拟推送，对接状态为登记状态而非实际连通状态）、失败重试与心跳探活。上述缺项列入后续开发计划。
647,★,,完整记录并展示用户在主数据模块内的所有操作行为与历史记录。 +-------------------------------+-----------------------------------------------------------------------------------------------------------------------------------------,部分响应,平台已提供：主数据模块全部新增、修改、删除操作自动记录至系统审计日志（操作人、操作类型、操作对象、结果、来源地址、时间），审计日志页面支持按用户名、时间范围、敏感操作筛选与分页查询。尚未提供：操作内容与变更前后值的记录、按模块筛选审计日志、主数据各页面内的操作历史入口。上述缺项列入后续开发计划。
648,,,.支持填报数据的展示、筛选及已填报记录查询，可依据不同填报状态，执行提交、编辑及撤回等操作。,部分响应,平台已提供：填报任务下发、科室填报提交、已填报记录按任务查询、审核通过/退回。尚未提供：按填报状态筛选、已提交记录的编辑、撤回操作。上述缺项列入后续开发计划。
649,,,科室可按指标主题（如三级公立医院评审）进行数据填报，系统自动提取数据标准中归属当前科室、需人工填报的指标；填报过程支持查看指标释义，并可上传佐证附件材料。 （2）数据审批,部分响应,平台已提供：填报任务下发（任务标题、截止日期、填报字段说明）、科室填报提交与提交记录查询。尚未提供：按指标主题填报并自动提取归属本科室需人工填报的指标、指标释义查看、佐证附件上传、按登录人所在科室自动归属填报。上述缺项列入后续开发计划。
650,,,审批人员可查看科室填报内容并对指标值进行审核，支持单条或批量审批通过与驳回，驳回需注明原因，同时可查看审批流程与历史记录；审批流程支持通过流程引擎灵活配置。 （3）填报数据监测,部分响应,平台已提供：审批人员查看科室填报内容并逐条审批通过或退回，审批结果与备注落库。尚未提供：批量审批通过/驳回、驳回原因由审批人自行录入、审批流程与历史记录查看、通过流程引擎灵活配置审批流程。上述缺项列入后续开发计划。
651,,,支持按填报主题与时间维度，对各科室近 12 个月的数据填报情况进行统一监控与展示。 （4）填报统计,部分响应,平台当前提供填报任务清单及各任务已提交数量基础能力；本条所述按填报主题与时间维度对各科室近 12 个月数据填报情况的统一监控与展示尚未提供，列入后续开发计划。
652,,,支持以表格形式对各类已完成填报的指标数据进行汇总展示。 （5）填报干预,部分响应,平台已提供：按填报任务以表格形式展示各科室提交内容与状态。尚未提供：跨任务、跨指标的结构化指标数据汇总表（当前提交内容为文本形式）及导出。上述缺项列入后续开发计划。
653,★,,支持对指标可填报月份进行管控，支持对指标分类执行锁定与解锁操作，锁定后对应指标禁止填报。 +-------------------------------+--------------------------------------------------------------------------------------------------------------------------,部分响应,平台当前提供填报任务截止日期设置基础能力；本条所述指标可填报月份管控、指标分类锁定与解锁及锁定后禁止填报尚未提供，列入后续开发计划。
654,,,系统严格遵循《国家卫生健康委办公厅关于印发三级医院评审标准》中的相关指标要求，开展数据展示与分析应用，为医院管理者提供指标监控能力，通过数据支撑医疗质量与运营效率的持续提升。 （2）指标主题,部分响应,平台已提供：指标定义、每日指标快照与达标/超标判定，内置门诊人次、药占比、床位使用率、门诊均次费用、在院患者数、平均住院日、抗菌药处方占比、病历签名率、报告审核率九项通用管理指标。尚未提供：与《三级医院评审标准》指标体系的对应映射及其全部指标的展示分析。上述缺项列入后续开发计划。
655,,,提供多维度主题分析，涵盖资源配置与运营管理、医疗服务能力、质量安全管理、重点专科质控、单病种质控、限制类医疗技术质控等分析主题。,部分响应,平台当前提供病案统计（疾病谱、手术统计、科室出院构成、床位效率）、质控中心（病历时限质控、不良事件、院感监测）及单病种上报卡管理等基础分析能力；本条所述按资源配置与运营管理、医疗服务能力、质量安全管理、重点专科质控、单病种质控、限制类医疗技术质控组织的多维度主题分析框架尚未提供，列入后续开发计划。
656,,,针对无法由系统自动采集、自动计算生成的指标，支持通过人工填报方式完成数据采集。 （3）展现形式,部分响应,已提供：数据治理模块的人工填报通道，可发布填报任务、由科室填报并经审核。尚未提供：填报内容与指标目录挂接、填报值回写指标结果（当前填报为文本内容，不能作为指标值补录并进入指标展示）。上述缺项列入后续开发计划。
657,,,首支持麻醉、重症、急诊、检验、病理、院感、临床用血、呼吸内科、产科、神经专业、系统性疾病、肾病、护理、药事等各专科质控指标展示。,部分响应,平台当前提供麻醉记录、重症监护记录、急诊留观与抢救、检验室内质控、病理、院感监测、临床用血、护理质量、药事分析等业务模块的办理与单点质控能力；本条所述涵盖麻醉、重症、急诊、检验、病理、院感、临床用血、呼吸内科、产科、神经专业、系统性疾病、肾病、护理、药事等各专科的质控指标口径定义与集中展示尚未提供（其中呼吸内科、产科、神经专业、系统性疾病、肾病尚无对应业务模块），列入后续开发计划。
658,,,平台首页指标以卡片化方式展示，支持按时间维度筛选查看对应指标数据。,部分响应,已提供：平台首页以卡片方式展示今日挂号、今日门诊收入、今日住院结算、在院患者、床位使用率、低库存药品等指标，并配有近 7 日挂号与收入趋势图。尚未提供：首页指标的时间维度筛选（当前卡片固定为当日口径，趋势图固定为近 7 日，无日期筛选控件）。上述缺项列入后续开发计划。
659,,,支持国家 52 个单病种相关指标展示，包含病例上报率、平均住院日、次均费用、病死率、手术患者并发症发生率等核心内容（需医院已开展对应病种业务）。,部分响应,平台当前提供单病种上报卡管理（覆盖急性心肌梗死、脑卒中、社区获得性肺炎、心力衰竭 4 个病种的病例筛选、上报卡填写与上报）；本条所述国家 52 个单病种的病例上报率、平均住院日、次均费用、病死率、手术患者并发症发生率等指标计算与展示尚未提供，列入后续开发计划。
660,,,支持床位配置、卫生技术人员配置、资源配置、运营指标、科研指标及其他类指标的集中展示与查询。,部分响应,已提供：病案统计中的科室床位效率（床位数、占用床日、周转次数、使用率）、运营指标看板、人事台账与医务台账、科研项目登记台账。尚未提供：①床位、人员、资源、运营、科研各类指标的集中展示与查询页面（当前分散于不同菜单）；②卫生技术人员配置指标口径（人员分类、床护比等）；③科研指标口径（论文、课题、经费等，当前仅为项目登记台账）。上述缺项列入后续开发计划。
661,,,支持国家限制类医疗技术、人体器官捐献与移植相关指标展示（需医院已开展对应业务，并提前完成指标建模配置）。,部分响应,本条所述国家限制类医疗技术及人体器官捐献与移植相关指标展示，以及配套的指标建模配置机制，当前版本未提供，列入后续开发计划。
662,,,持指标钻取分析：点击指标可进入二级明细页面，部分指标支持按科室进一步下钻至三级详情页面（部分指标无多级钻取页面。,部分响应,平台当前提供首页指标卡片、数据治理指标表与病案统计各页签的平铺展示能力；本条所述点击指标进入二级明细页、按科室下钻至三级详情页的钻取分析尚未提供，列入后续开发计划。
663,,,支持医疗服务能力、医院质量、医疗安全类相关指标数据可视化展示。 （4）业务系统支撑,部分响应,已提供：质控中心（病历时限质控、不良事件、院感监测）、病案统计（疾病谱 TOP20、手术统计、科室出院构成、ICD 章节构成、床位效率）、危急值监控等医疗质量与安全相关数据的表格化展示。尚未提供：①上述数据的图形化可视化呈现（当前以表格为主，仅首页与病历质控页提供图表）；②按医疗服务能力、医院质量、医疗安全三类组织的指标看板。上述缺项列入后续开发计划。
664,★,,对于支持自动采集、自动计算的指标，需依托对应源头业务系统提供数据支撑。包括重症监护信息系统、HIS、单病种管理系统、实验室管理系统（LIS）、手术麻醉系统、药学监护系统、院感信息系统、处方审查系统、血透信息系统、急诊信息系统、病理信息系统、不良事件管理系统、护理管理系统、DRGS、手卫生依从系统、科研管理系统、输血管理系统、处方点评系统等。 ------------------ ---------,配套产品响应,属设备配套软件/商用知识库/CA 等产品参数，平台已留标准接入点
665,,,系统以国家卫生健康委办公厅印发的《国家三级公立医院绩效考核操作手册》为核心参考依据，自动完成相关指标的分析与生成，为医院管理者优化市场布局、提升医疗运营效率提供数据支撑，助力科学决策。 （2）指标主题,部分响应,平台当前提供运营指标看板、病案统计与质控中心等基础分析能力；本条所述以《国家三级公立医院绩效考核操作手册》为依据的绩效考核指标体系及其自动分析生成尚未提供，列入后续开发计划。
666,,,涵盖四大核心分类指标的分析与可视化呈现，具体包括医疗质量、运行效率、持续发展及满意度评价。,部分响应,平台当前提供随访满意度调查登记及基础运营、病案、质控数据展示；本条所述按医疗质量、运行效率、持续发展、满意度评价四大分类组织的绩效考核指标分析与可视化呈现尚未提供，列入后续开发计划。
667,,,针对部分无法通过系统自动运算获取的指标类型，提供人工手工填报渠道，保障数据采集的完整性。 （3）展现形式,部分响应,已提供：数据治理模块的人工填报通道（发布填报任务、科室填报、审核）。尚未提供：①绩效考核指标目录（当前填报无可挂靠的指标项）；②填报值回写指标结果并进入指标展示（当前填报为文本内容）。上述缺项列入后续开发计划。
668,,,支持指标多级下钻查询，点击对应指标可进入二级详情页面，部分二级页面可通过选择科室，进一步下钻至三级明细页面（部分指标不具备二级或三级下钻页面）。,部分响应,平台当前提供首页指标卡片与各统计页签的平铺展示；本条所述绩效考核指标的多级下钻查询（二级详情页、按科室三级明细页）尚未提供，列入后续开发计划。
669,,,可集中呈现医疗质量、运行效率、持续发展、满意度评价等各类分类下的相关指标数据，呈现清晰、一目了然。,部分响应,平台当前提供运营数据总览（当日门诊、在院、净收入等）与数据治理通用指标表；本条所述按医疗质量、运行效率、持续发展、满意度评价分类集中呈现指标数据的看板尚未提供，列入后续开发计划。
670,,,平台首页采用卡片化样式展示各类指标，支持通过时间筛选功能，灵活查看不同时段的指标信息。 （4）业务系统支撑,部分响应,已提供：平台首页卡片化展示今日挂号、门诊收入、住院结算、在院患者、床位使用率、低库存药品等运营指标。尚未提供：①首页时间筛选功能（当前固定当日口径，无日期控件）；②绩效考核指标在首页的卡片化展示（当前为通用运营指标）。上述缺项列入后续开发计划。
671,★,,对于可从业务系统自动采集数据的指标，其自动获取功能的实现，需依托对应业务系统提供基础支撑。包括财务管理系统、手术麻醉系统、双向转诊系统、DRGS、实验室管理系统、HIS、处方审查系统、设备管理系统等。 -------------- ----------------------- 序号 系统名称 1 HIS 2 手术麻醉系统 3 处方点评系统 4 处方审查系统 5 双向转诊系统 6 设备管理系统 7,配套产品响应,属设备配套软件/商用知识库/CA 等产品参数，平台已留标准接入点
672,,,提供门诊全流程运营数据的多维度展示与分析能力，支撑门诊效率与服务质量监控。 包含：,部分响应,已提供：门诊运营数据的多处展示与分析——近期挂号量与收入趋势、药占比与门诊均次费用、科室月报（科室门诊人次、收入、均次费用）、费用类别统计。尚未提供：预约、挂号、分诊候诊、就诊、收费、取药各环节的效率与服务质量指标（候诊时长、诊室与窗口效率、取药等候统计等），门诊全流程监控口径尚不完整。上述缺项列入后续开发计划。
673,,,可统计并展示科室挂号量、科室接诊量、医生挂号量、医生接诊量排名 TOP10，同时支持急诊常见诊断类型 TOP10 展示；,部分响应,已提供：科室月报中的科室门诊人次与收入排行、医生接诊量与处方金额排行。尚未提供：①TOP10 口径的排名展示（当前科室不限量、医生取前 50）；②挂号量与接诊量的区分统计（当前按挂号医生计数，为同一口径）；③急诊常见诊断类型 TOP10。上述缺项列入后续开发计划。
674,,,支持按挂号渠道统计挂号人次、退号人次、预约人次，并汇总展示急诊人次、门诊总就诊人次；,部分响应,已提供：今日挂号人次与近期挂号量趋势统计，预约挂号业务模块。尚未提供：①按挂号渠道统计挂号人次（挂号记录当前未记录渠道来源）；②退号人次汇总；③预约人次汇总；④急诊人次与门诊总就诊人次的汇总展示。上述缺项列入后续开发计划。
675,,,挂可按费用类别统计门诊总费用、退费金额，分析支付方式构成、门诊均次费用、药费、药占比，同时展示医保报销金额及报销占比。 （2）住院运营指标,正偏离/无偏离,由财务费用报表与运营指标看板提供：按费用类别统计门诊总费用与退费金额，按医保类型统计费用金额与占比，门诊均次费用、药费与药占比；支付方式构成由班结缴款单按支付方式汇总收退款金额与笔数；医保报销金额与报销占比由医保基金监测提供（近 12 个月按业务类型统计基金支付、自付金额与基金占比）。
676,,,实现住院业务关键运营指标集中呈现，为住院管理与资源调配提供数据依据。 包含：,正偏离/无偏离,由平台首页运营指标面板、病案统计与科室月报共同提供住院关键运营指标的集中呈现：在院人次、床位总数与占用数、床位使用率、出院人次、平均住院日、住院均次费用，科室出院构成与科室平均住院日，近 12 个月科室床位效率趋势，以及科室月报中的住院收入与出院人次。
677,,,支持按科室统计入院、出院人次分布，并展示在院患者性别、年龄、护理等级等维度构成情况；,部分响应,已提供：按科室统计出院人次分布及平均住院日、占比，按科室按月的出院人次趋势。尚未提供：①按科室的入院人次分布；②在院患者性别、年龄、护理等级维度的构成统计。上述缺项列入后续开发计划。
678,,,涵盖入院人次、预约入院人次、出院人次及实时在院人次等核心住院流量指标；,部分响应,已提供：实时在院人次（首页卡片）、出院人次、入院人次（病案统计总览）。尚未提供：预约入院人次（当前无入院预约登记与统计）。上述缺项列入后续开发计划。
679,,,可按费用类型展示住院总费用、均费、药品费用、药占比、床位使用率，并统计医保结算金额及报销占比。 （3）其他运营指标,部分响应,已提供：住院总费用与住院均次费用（全院及按科室）、按费用类别的住院费用统计、床位使用率（首页及近 12 个月科室床位效率）、医保结算金额与基金占比（医保基金监测）。尚未提供：住院药品费用与住院药占比指标（当前药占比仅为门诊口径）。上述缺项列入后续开发计划。
680,,,支持医院整体运营相关补充指标的统一展示与可视化分析。,正偏离/无偏离,由平台首页与运营数据总览提供：首页展示今日挂号、门诊收入、住院结算、在院患者、床位使用率、低库存药品六张指标卡片，近 7 日挂号与收入趋势图、病组横向对比图、运营指标描述表与待办工作量；运营数据总览展示今日门诊、在院、净收入、待检标本、待审报告、未处理危急值及指标快照。
681,,,提供平均候诊时长统计、门诊诊断词云展示、药品使用量 TOP10 排行等分析内容；,部分响应,已提供：药品使用量排行（全院药品使用汇总 TOP30）。尚未提供：①平均候诊时长统计（当前分诊叫号仅记录状态流转，无候诊时长计算）；②门诊诊断词云展示。上述缺项列入后续开发计划。
682,★,,可统计各住院科室手术人次，并展示待诊疗、待检查、待检验、待取药、待入院等各类等待人次。 +-------------------------------+---------------------------------------------------------------------------------------------------------------------------,部分响应,已提供：首页展示全院口径的待收费、待取药、待执行（检查、检验、治疗合并）、待执行住院医嘱等等待人次；病案统计提供按术式的手术统计与全院手术总数。尚未提供：①按住院科室分组的手术人次统计；②待入院等待人次；③待检查与待检验分列并可按科室拆分的等待人次口径。上述缺项列入后续开发计划。
684,,,综合（全部）视图：通过患者列表，浏览患者在医院的所有门诊、住院、检查、检验等数据资料； > 集成展示患者基础信息、既往病史、近期就诊记录、检验检查摘要、手术记录、生命体征趋势、用药明细等核心数据； > > 采用B/S架构Web方式实现，作为电子病历系统默认患者视图； > > 支持多视图模式切换，包括就诊信息视图、用药记录视图、检查检验视图等； > > 提供人体解剖部位疾病分布图，支持点击部位查看相,部分响应,已提供：患者 360 视图（B/S 架构），左侧患者检索列表、右侧临床文档时间轴，支持全部/门诊/检验/住院多视图切换与文档明细查看。尚未提供：①患者基础信息、既往病史、检验检查摘要、手术记录、生命体征趋势、用药明细各自成块的集成展示（当前以文档明细形式呈现）；②检查报告与手术记录纳入视图；③人体解剖部位疾病分布图。上述缺项列入后续开发计划。
685,,,门诊视图：通过患者列表，以时间轴浏览患者在医院的所有门诊数据资料、检查、检验、处方数据资料等，选择门诊视图； > 专注展示患者门诊诊疗活动及相关处方、报告信息； > > 支持门诊就诊记录快速切换，便于查阅历次门诊信息； > > 支持门诊处方与检验检查报告的关联展示。,部分响应,已提供：患者 360 视图门诊视图，以时间轴列出历次门诊就诊，点击即可切换查阅，门诊文档包含病历（主诉、现病史）、诊断与医嘱处方。尚未提供：①门诊处方与检验检查报告的关联展示（检验报告为独立文档，未与所属就诊关联呈现）；②检查报告纳入门诊视图。上述缺项列入后续开发计划。
686,,,住院视图：通过患者列表，选择住院视图，以时间轴查看患者在医院的所有住院信息、检查、检验、手术信息等。 > 提供以时间为轴线的住院诊疗信息展示，包括生命体征、出入量、护理级别、术后天数等关键指标； > > 展示单次住院期间每日新增病历信息，包括用药、医嘱、检验、检查、病历文书等； > > 支持住院时序视图动态切换，医生可查看患者住院期间生命体征变化趋势； > > 支持住院医嘱、检查检验报告、诊断记录,部分响应,已提供：患者 360 视图住院视图，住院文档包含住院号、科室、状态、入院与出院诊断、出院时间、病历文书列表及结算信息。尚未提供：①生命体征、出入量、护理级别、术后天数等时序指标展示；②单次住院按日展开的每日新增病历信息（用药、医嘱、检验、检查、文书）；③住院时序视图切换与生命体征变化趋势图；④手术信息纳入住院视图。上述缺项列入后续开发计划。
687,,,病史导航：患者病史导航主要有患者查看，患者病史导航，患者卫生事件查看以及360视图。 > 支持与医生工作站、护士工作站等业务系统无缝集成（支持单点登录与统一权限控制）； > > 支持通过样本号、条码号调阅检验报告； > > 支持通过报告单号、申请单号调阅放射报告、内镜报告、病历报告、超声报告； > > 支持通过住院号、就诊标识调阅住院就诊时序图； > > 支持系统性能监控，包括页面加载时间、接口响,部分响应,已提供：患者查看与 360 视图，统一权限控制（统一登录鉴权、按角色控制视图访问），接口响应耗时监控。尚未提供：①在门诊医生站、住院医生站、护士站内嵌 360 视图的集成入口（当前需从菜单单独进入）；②按样本号、条码号调阅检验报告；③按报告单号、申请单号调阅放射、内镜、病理、超声报告；④住院就诊时序图；⑤页面加载时间监控。上述缺项列入后续开发计划。
688,★,,历史就诊信息：查询患者所有历史就诊相关的各种信息，如：患者信息、患者基本健康状况、用药记录、手术记录、检验记录、检查记录、门诊与住院的诊断记录等； > 医护人员可自定义个人收藏分类体系，支持多级分组结构 > > 支持在浏览过程中动态添加/取消收藏，收藏操作响应时间≤1秒； > > 支持典型病例收藏标记，便于医疗教学、病例讨论等场景快速调用； > > 支持收藏患者标签化管理，可按病种、科室等维度进行,部分响应,已提供：门诊医生站历史就诊查阅（近 50 次就诊的诊断、主诉、处理意见与签名状态），患者 360 视图按患者查阅门诊、检验、住院文档（含用药、诊断、检验记录）并支持全文检索。尚未提供：①医护人员个人收藏体系（自定义多级分组、浏览中动态收藏/取消、典型病例收藏标记、按病种与科室的收藏标签化管理）；②手术记录与检查记录纳入历史就诊查阅。上述缺项列入后续开发计划。
689,,,实时监测：动态抓取医院当日运营数据变动，涵盖预约、挂号、急诊、候诊、已诊疗、在院、入院、出院、手术量等信息，同时监测预约患者候诊时长及门诊与住院费用的分类占比，为医院管理方提供便捷的实时运营数据查看服务。,部分响应,已提供：当日运营实时数据展示——今日挂号、今日门诊收入、今日住院结算、在院人次、床位占用、待收费/待发药/待执行、危急值待处理，以及运营数据总览的今日门诊、在院、净收入、待检标本、待审报告。尚未提供：①预约、急诊、候诊、已诊疗、当日入院、当日出院、当日手术量的实时口径；②预约患者候诊时长监测；③门诊与住院费用分类占比在实时面板上的呈现（当前仅有月度费用报表）。上述缺项列入后续开发计划。
690,,,生命周期：展现大数据全流程处理链路，从各业务系统抽取原始数据，在大数据中心搭建 ODS 镜像数据库，依托既定数据质量规范核查数据有效性，再通过主数据转换、清洗规则完成数据筛选整合，并入数据仓库（DW）形成标准化数据资产；借助多种分析工具对数据仓库内数据进行挖掘应用，并依据实际应用成效迭代优化数仓模型。,部分响应,平台当前提供从业务库向临床数据中心的定时增量抽取能力；本条所述展现 ODS 镜像库、数据质量核查、主数据转换与清洗规则、数据仓库（DW）及数仓模型迭代优化的大数据全流程处理链路尚未提供，列入后续开发计划。
691,,,数据采集：全面监测 ODS 库数据采集状况，统计各数据表采集成功与失败的数据量；系统具备强大的数据源适配能力，内置专属适配器与连接器，兼容 Oracle、MySQL、SQLServer、Hive 等各类数据库；提供依托 ETL 框架的数据抽取、转换、翻转、清洗等采集脚本，支持数据日志采集（含接口视图采集、存储过程采集）、接口采集等多元采集方式，同时覆盖 SQL 语句采集、存储过程采集、文档附件采集,部分响应,平台当前提供面向单一业务数据库的临床数据中心抽取同步能力；本条所述 ODS 库采集状况监测（各表采集成功/失败数据量）、多数据库（Oracle、MySQL、SQLServer、Hive 等）适配器与连接器、基于 ETL 框架的采集脚本，以及日志采集、接口采集、存储过程采集、文档附件采集等多元采集方式尚未提供，列入后续开发计划。
692,,,数据质量：依托数据质量模块内置的规则体系，在任务调度执行后，同步监控 ODS 层原始数据与经清洗转换后的 DW 数仓数据质量，并自动统计并展示不符合质量标准的数据量。,部分响应,已提供：数据治理模块的数据质量核查，内置患者证件号/手机号缺失、门诊病历未签名、出院未归档病案、入院诊断未编码、在途未审处方六条核查规则，逐条展示问题数量与是否通过，可手动重新核查。尚未提供：①可配置的质量规则体系（当前规则固定，不可增删）；②ODS 层与 DW 层的分层质量监控（当前核查对象为业务库）；③与任务调度联动的自动核查。上述缺项列入后续开发计划。
693,,,数据处理：对 ODS 至 DW 环节的数据条目数量进行监控，可查看经主数据转换处理的数据量以及依据 ETL 规则剔除的数据量。,部分响应,平台当前提供临床数据中心同步后的抽取条数反馈；本条所述 ODS 至 DW 环节的数据条目监控、主数据转换处理量与按 ETL 规则剔除量的查看尚未提供，列入后续开发计划。
694,,,对大数据资源服务器运行状态进行全面监测，涵盖服务器台数、CPU 负载、总内存容量及总存储容量等关键指标； > 实时监控单台服务器的资源占用与健康状态，包括 CPU 利用率、内存使用量、存储使用情况等明细信息； > > 对数据仓库整体情况进行监控，统计数据总量、模型（数据表）数量，并展示各模型（数据表）的行数与数据存储大小。 （2）数据源管理,部分响应,已提供：运维监控页面的单机健康总览（数据库连通性、运行时长、磁盘剩余空间、内存使用、告警清单）及慢接口监控。尚未提供：①多台服务器台数与集群级汇总；②CPU 负载与利用率；③逐台服务器的资源占用明细列表；④数据仓库监控（数据总量、模型/数据表数量、各表行数与存储大小）。上述缺项列入后续开发计划。
695,,,支持数据同步调度与实时更新，保障数据流转的时效性与完整性。,部分响应,已提供：临床数据中心每日定时增量同步（多实例自动选主、可通过系统配置开关），支持手动立即同步，采用增量水位与重叠窗口保障不漏数据。尚未提供：①实时更新（当前为每日一次定时批量，无实时或流式同步）；②调度时间与策略的界面配置；③同步范围扩展（当前覆盖门诊就诊、检验报告、住院摘要三类）。上述缺项列入后续开发计划。
696,,,内置数据库密码加密机制，所有配置密码均密文存储，杜绝明文泄露。,部分响应,平台当前支持通过环境变量注入数据库口令，使口令可不写入部署配置文件；本条所述配置密码密文存储（配置项加密机制）尚未提供，列入后续开发计划。
697,,,提供数据源全生命周期管理，支持一站式完成新增、编辑、删除及配置运维。 （3）部门管理,部分响应,本条所述数据源全生命周期管理（数据源新增、编辑、删除及配置运维）当前版本未提供，列入后续开发计划。
698,,,赋能大数据平台使用部门的自主运维，通过与主数据平台的无缝对接实现数据同步。支持部门主体的增删改查管理，并可灵活维护部门间的上下级组织架构与关联关系。 （4）用户管理,部分响应,已提供：系统管理中的部门管理，支持部门查询、新增、编辑与停用，支持上下级组织架构维护。尚未提供：①部门删除（当前以停用替代）；②与外部主数据平台的对接与部门数据自动同步。上述缺项列入后续开发计划。
699,,,构建精细化的权限管控体系，支持针对指定医院与科室范围进行数据权限的精细化配置，同时可独立完成菜单权限的分配与管理，并支持用户密码重置等账号管理操作。,部分响应,已提供：菜单权限的独立分配与管理（角色授权树、按角色保存菜单授权），用户密码重置（重置后强制首次改密、旧登录凭证失效）。尚未提供：按指定医院与科室范围的数据权限精细化配置（当前无数据范围维度，为单院部署）。上述缺项列入后续开发计划。
700,,,打通与主数据平台的数据同步链路，实现大数据平台用户数据的自动化拉取与落地，并支持对用户信息进行全生命周期的新增、编辑、删除与查询管理。 （5）角色管理,部分响应,已提供：用户管理的分页查询、新增（含口令强度校验与首次登录改密）、编辑、密码重置、停用/启用。尚未提供：①用户删除（当前以停用替代）；②与主数据平台的用户数据自动化拉取与落地同步。上述缺项列入后续开发计划。
701,,,构建统一的角色权限管理体系，支持权限策略的标准化定义与批量复用。可通过角色为用户快速关联各项权限资源，也支持在人员维度进行反向关联与批量指派，实现双向、高效的权限管控。 （6）流程管理,部分响应,已提供：统一的角色权限管理，角色列表、全量菜单树、按角色保存权限授权（可整体复用），用户维度可关联多个角色。尚未提供：从角色侧反向查看并批量指派人员（当前仅能逐个用户编辑其角色）。上述缺项列入后续开发计划。
702,,,支持填报审批系统的流程自定义配置，可按需设置各审批节点对应的审批人员或审批角色；提供可视化拖拽式流程设计方式，支持同一审批流程多版本管理与发布。,部分响应,平台当前提供数据治理填报任务的单节点审核（通过/驳回并填写审核意见）；本条所述审批流程自定义配置、按节点设置审批人员或角色、可视化拖拽式流程设计、同一流程多版本管理与发布尚未提供，列入后续开发计划。
703,★,,支持按数据填报的对应科室进行差异化配置，可针对不同科室单独设定专属的审批流程，满足各科室业务流程多样化、个性化的审批管理需求。 （7）字典管理 提供大数据业务系统专属的字典数据维护功能，支持对字典目录进行统一管理与维护，并可对各目录下对应的标准数据值进行新增、编辑与管理操作。 +-------------------------------+----------------------------,部分响应,平台当前提供数据治理填报的全院统一单步审核（通过/驳回），以及数据元目录与术语字典的维护（字典目录及标准数据值的新增与查询）；本条所述按科室差异化配置专属审批流程尚未提供，列入后续开发计划。
705,,,基于已配置完成的执行器参数，可创建并管理各类数据采集任务，支持灵活配置定时调度规则，实现数据采集任务的自动化、规范化运行，有效提升任务执行效率。,部分响应,集成适配器+路由雏形已有，调度编排属 ESB 级配套
706,,,提供任务调度全流程日志查询服务，可详细查询任务ID、调度时间、调度结果、调度备注、执行时间、执行结果、执行备注、操作记录等相关信息，便于追溯调度过程、快速排查异常问题。,部分响应,平台当前提供定时任务的自动执行（含多实例选主），执行结果记录于应用日志；本条所述任务调度全流程日志查询（任务ID、调度时间、调度结果、执行时间、执行结果、备注、操作记录的可查询界面）尚未提供，列入后续开发计划。
707,★,,负责任务调度执行器的注册及全生命周期管理，支持执行器的新增、编辑等操作，保障执行器稳定运行，为各类任务调度工作提供可靠的基础支撑。 +-------------------------------+-----------------------------------------------------------------------------------------------------,部分响应,集成适配器+路由雏形已有，调度编排属 ESB 级配套
709,,,支持数据集定义，根据《电子病历基本数据集》等标准，规定电子病历数据集元数据属性和数据元目录，用于信息收集 、存储、共享和信息系统的建设。,部分响应,已提供：数据治理标准管理中的数据元目录，可维护数据元标识、名称、数据类型、表示格式、值域与引用标准，并内置国标示例数据元。尚未提供：①数据集定义层（数据集与数据元的归属关系及目录树，当前数据元为平表）；②依据《电子病历基本数据集》的数据集元数据属性定义与配套数据元内容（当前内置数据元仅为少量示例）。上述缺项列入后续开发计划。
710,★,,基于标准数据元、标准数据集，对医疗机构患者就诊产生的全流程临床业务数据进行统一展示、查询、浏览，实现门诊、住院、检查检验、手术、护理、病历、医嘱、费用等数据的可视化查阅。其中包含门诊处方明细，检查申请记录，检查申请记录明细，检查报告，检查报告明细，检验记录，检验记录明细，检验条码记录，检验报告，检验报告明细，一般手术记录，治疗记录，治疗记录用药，治疗记录手术，手术申请单，手术申请单手术，麻醉术前访,部分响应,已提供：患者 360 视图统一查阅门诊、住院、检验、病历、医嘱、费用六类数据——门诊就诊文档含病历、诊断与处方明细，检验报告含结果明细，住院摘要含病程记录与结算费用，并支持全文检索；数据元与术语标准由数据治理标准管理维护。尚未提供：检查申请记录及明细、检查报告及明细、检验条码记录、一般手术记录、治疗记录（含用药与手术）、手术申请单、麻醉术前访视、护理记录等数据的纳入与可视化查阅。上述缺项列入后续开发计划。
712,,,患者中心，具备对患者信息的扩充，包括患者联系方式扩充如APPID、微信账号等。,部分响应,平台当前提供患者主索引的基本信息（含电话、地址）维护；本条所述患者联系方式扩充（APPID、微信账号等）尚未提供，列入后续开发计划。
713,,,接入配置，具备配置管理统一通讯消息的接入方式，通过内置短信、微信、邮箱、临床工作门户的接入配置，根据配置的信息实现与医院内的短信服务平台、微信平台等信息推送平台的交互。,部分响应,本条所述短信、微信、邮箱、临床工作门户等统一通讯消息的接入配置管理，以及与院内短信服务平台、微信平台等推送平台的交互，当前版本未提供，列入后续开发计划。
714,,,业务中心，具备院内通讯业务统一管理，如平台告警服务、患者就诊提醒、危急值消息推送等业务，给患者、医生或者相关人员发送相应的提醒信息；提供业务扩展功能可根据院内的业务需要对业务中心中的业务类别进行丰富。,部分响应,已提供：危急值消息通知与处理闭环（记录应通知医师与通知时刻）、运维平台告警清单、欠费催缴登记。尚未提供：①统一的业务中心（通讯业务统一注册与管理，当前各类提醒分散实现）；②患者就诊提醒；③业务类别的可配置扩展机制。上述缺项列入后续开发计划。
715,,,即时通信，支撑创建通知消息，通过发布功能可及时根据配置信息推送给相关用户，保证消息的及时性。,部分响应,本条所述创建通知消息并按配置发布推送给相关用户的即时通信功能，当前版本未提供，列入后续开发计划。
716,,,消息记录，具备通知消息推送记录，可根据接收者姓名、接收者类型、发送状态、时间范围进行查询。查看消息发送记录，消息发送状态以及失败原因。,部分响应,平台当前提供集成接口报文日志与服务订阅推送流水的查询；本条所述通知消息推送记录（按接收者姓名、接收者类型、发送状态、时间范围查询，查看发送状态与失败原因）尚未提供，列入后续开发计划。
717,★,,统一对外提供标准接口，包含短信、微信公众号（包含第三方的微信公众号）、邮箱、企业微信、临床工作门户。 +-------------------------------+--------------------------------------------------------------------------------------------------------------------,部分响应,平台当前提供运维告警向企业微信/钉钉的单向推送；本条所述统一对外的短信、微信公众号（含第三方公众号）、邮箱、企业微信、临床工作门户标准消息接口尚未提供，列入后续开发计划。
719,★,,负责字典核心数据维护，包括值域代码、值域名称、编码规则、版本信息、备注说明等内容的新增、编辑、查询、启用与禁用，保障字典数据准确完整。,部分响应,对应模块查询统计能力已实现，界面细节逐条比对
720,★,▲,①字典对照，临床各业务系统之间数据字典和字典版本不一致，需要数据中心约定相关字典使用标准及版本，对历史数据和实时数据进行统一对照和转换。将医院各业务系统的数据字典映射到统一的数据字典，对照的范围包括：科室字典对照，检验检查字典对照、诊断编码字典对照、术语字典对照等。②术语字典更新后实时 / 定时同步至相关业务系统。完整记录数据字典所有操作行为，包括操作人、操作时间、操作类型、操作内容，实现操作全程,部分响应,已提供：数据治理标准管理中的术语字典对照，支持诊断、药品、检验、检查、手术操作类本地名称到标准编码/标准名称/标准体系的映射登记与查询；系统操作留痕记录操作人、操作时间与操作路径。尚未提供：①科室字典对照；②字典版本管理；③对历史数据与实时数据的对照转换执行；④术语字典更新后向相关业务系统的实时/定时同步；⑤操作日志的操作类型与操作内容记录。上述缺项列入后续开发计划。
722,,,CDA文档生成：标准文档模板使用FreeMarker模板引擎技术，将文档模板和数据分开配置管理。共享文档模板按章节、条目进行管理，见下图：图共享文档模板配置，CDA转换器通过关联CDA文档模板与CDR数据源，通过此项关联，用定时或事件机制就生成了患者各类CDA文档。,部分响应,已提供：基于临床数据中心数据生成符合共享文档规范结构的 CDA 文档（含文档头、患者信息与结构化正文，证件号按角色脱敏）。尚未提供：①基于 FreeMarker 的模板引擎与模板/数据分离配置管理；②共享文档模板按章节、条目的管理；③CDA 转换器与 CDR 数据源的关联配置；④定时或事件触发的自动生成机制。上述缺项列入后续开发计划。
723,,,标准文档生成及注册：依据配置好的文档模板，提供两种文档生成方式，一种是自动定时生成方式，另一种是手动生成方式；自动定时生成需要在配置文件中进行定时任务的时间配置。文档生成后自动进行XSD验证，验证通过后调用标准共享文档注册服务注册到平台；生成的各类共享文档，可在平台上查阅。,部分响应,平台当前提供按文档手动生成 CDA 文档的接口能力；本条所述基于配置模板的自动定时生成、生成后 XSD 验证、调用共享文档注册服务完成注册，以及生成文档在平台界面上的查阅尚未提供，列入后续开发计划。
724,,,共享文档调阅：各业务子系统便可订阅及授权情况通过标准的WebService服务在患者主索引（MPI）的指引下对某一患者在医院内的EMR进行调阅浏览操作。,部分响应,已提供：在患者主索引指引下按患者调阅临床文档、查看文档全文与全文检索，调阅按院内角色权限控制。尚未提供：①标准 WebService 服务方式的调阅接口（当前为院内接口鉴权调阅）；②各业务子系统的订阅登记与按子系统授权调阅机制。上述缺项列入后续开发计划。
725,★,,共享文档可视化展示：由于CDA文档规范中仅仅定义了文档模式XSD，未定义可视化的XSL，医院信息集成平台提供了一个默认的XSL，用于对CDA文档进行格式化处理和可视化展现。 +-------------------------------+--------------------------------------------------------------------------------,部分响应,已提供：患者 360 视图对共享文档的可视化查阅（文档时间轴与明细），以及 CDA 文档生成接口。尚未提供：用于 CDA 文档格式化处理与可视化展现的默认 XSL 样式（当前 CDA 文档仅以原始 XML 形式输出，无格式化展现入口）。上述缺项列入后续开发计划。
727,,,实现消息服务的同步调用管控，确保服务发布者与订阅者之间的消息交互高效、准确，适配不同的消息接收场景。同步调用场景中，订阅者即为服务发布者；订阅者可自主选择WebService、HTTP、ESB等多种消息接收方式，根据所选接收类型，配置对应的参数信息，完成同步调用设置；同时支持对服务的有效性、版本、生效时间、服务描述等关键信息进行统一管理。,部分响应,已提供：数据治理中的服务订阅登记，可登记事件类型、订阅方与回调地址，支持启停与推送次数查看。尚未提供：①WebService、HTTP、ESB 等多种接收方式的选择与对应参数配置（当前仅支持一个回调地址）；②服务有效性、版本、生效时间、服务描述等关键信息的统一管理；③同步调用管控机制。上述缺项列入后续开发计划。
728,,,通过消息引擎实现对各类消息的订阅与消费管控，支持不同系统对接平台消息服务，实现消息的精准接收与处理。订阅者可选择WebService、HTTP、MQ等多种消息接收方式，对接不同业务系统，配置相应的订阅参数，完成消息订阅操作；通过消息引擎实现消息的精准分发与消费，保障订阅者能及时获取所需消息。,部分响应,已提供：服务订阅登记、启停、测试推送与推送流水查询。尚未提供：①消息引擎（当前测试推送为模拟记录，无真实投递，业务事件尚未触发订阅分发）；②WebService、MQ 等多种接收方式选择（当前仅回调地址）；③消费侧管控（消费确认、重试队列）。上述缺项列入后续开发计划。
729,,,实现对平台服务调用权限的管控，防止未授权访问，保障服务调用的安全性与规范性。第三方系统若需调用平台发布的服务，需先开启授权功能；系统可针对不同用户，分配不同的服务调用权限，仅被授权的服务，当前用户可通过平台统一接口进行调用，未授权服务将被禁止访问，实现服务调用权限的精细化控制。,部分响应,已提供：平台统一登录鉴权与接口级角色权限控制，模块级访问闸门，以及面向第三方接口机的最小权限专用角色。尚未提供：服务注册清单、授权功能开关、按用户或第三方系统逐项配置可调用服务的授权管理页面（当前授权按角色预置，实施期无法为特定第三方系统单独勾选服务清单）。上述缺项列入后续开发计划。
730,,,在授权基础上，进一步强化服务调用的安全管理，防范非法调用，保障服务与数据的安全。已获得授权的服务，需通过平台统一认证服务，获取对应的认证令牌；只有校验为有效状态的认证令牌，才能进一步调用相关业务服务，确保服务调用的合法性与安全性。,正偏离/无偏离,由平台统一认证服务提供：授权用户通过统一登录获取认证令牌，每次业务服务调用均校验令牌有效性，令牌无效或缺失即拒绝访问；用户密码变更或账号停用后，其既有令牌立即失效。
731,,,简化平台已发布接口的测试流程，实现接口的快速验证，保障接口功能正常、可正常调用。支持对发布到平台的所有接口进行在线实时测试，无需额外搭建测试环境，快速验证接口的响应效果、功能完整性，简化消息测试工作，提升测试效率。,部分响应,已提供：服务订阅的在线测试推送，集成适配器的报文路由测试（按报文关键字匹配适配器并模拟投递，留有测试记录）。尚未提供：①平台已发布接口的目录清单与逐个在线实时测试；②测试推送的真实出网投递与对端响应验证（当前为模拟记录）。上述缺项列入后续开发计划。
732,,,提供服务的集中展示入口，方便用户快速查看平台各类服务的发布与订阅情况，实现服务的可视化管理。集中展示各业务系统发布到平台的所有服务列表，同时展示各系统订阅消费的服务列表，清晰呈现服务的发布方、订阅方关联关系，便于查询与管理。,部分响应,已提供：服务订阅的集中展示（事件类型、订阅方、回调地址、累计推送次数、启停状态）。尚未提供：①各业务系统发布到平台的服务列表（服务注册与发布管理）；②服务发布方与订阅方关联关系的可视化呈现。上述缺项列入后续开发计划。
733,,,记录服务调用过程中的全量日志信息，实现服务交互的可追溯，同时支持异常消息的快速处理。详细记录服务调用相关的消息日志，包括服务名称、服务编码、消息调用者、消息接收者、服务交互日期时间、交互性能、请求消息内容、返回消息内容、服务交互状态等关键信息；支持根据日志记录，实现消息的重推操作，处理消息接收失败等异常场景。,部分响应,已提供：集成监控的接口报文日志，按月分区记录方向、通道、关联单号、报文内容、状态、错误信息与时间，支持按通道筛选查询；接口耗时另由慢接口监控记录。尚未提供：①服务名称与服务编码字段；②消息调用者与接收者字段；③交互耗时并入报文日志；④请求报文与返回报文分列记录；⑤基于日志的消息重推功能。上述缺项列入后续开发计划。
734,★,,记录服务订阅过程中的消息分发日志，确保消息分发过程可追溯，保障消息能成功推送至订阅者。详细记录服务订阅相关的消息日志，包括服务名称、服务编码、消息订阅者、消息分发时间、分发状态、分发消息内容、分发返回消息等信息；支持消息定时多次推送功能，直至消息推送成功，确保订阅者能准确接收所需消息。 +-------------------------------+-----------------------,部分响应,已提供：服务订阅的分发流水记录（订阅方、分发内容、结果、分发时间），可按订阅查询流水及累计推送次数。尚未提供：①真实的消息投递（当前为模拟记录）；②定时多次重推直至成功；③服务名称、服务编码、分发返回消息字段；④失败原因记录。上述缺项列入后续开发计划。
736,,,统一应用服务：统一管理所有接入统一身份认证系统的业务系统与应用，规范完成系统注册、集成接口注册及用户信息同步，保障各应用协同高效运行。,部分响应,平台当前提供集成报文适配器的注册管理（文件/数据库类适配器）与院内用户统一登录；本条所述接入统一身份认证系统的业务应用注册、集成接口注册及用户信息同步的统一应用服务尚未提供，列入后续开发计划。
737,,,统一集成服务：全面提供多层面集成管理，涵盖用户集成、认证集成、单点登录（SSO）集成，实现各系统、各模块的无缝衔接与协同联动。,部分响应,平台当前提供报文层集成（HL7 v2 接入、医保/支付/签名适配接口、适配器路由）；本条所述用户集成、认证集成、单点登录（SSO）集成的多层面集成管理尚未提供，列入后续开发计划。
738,,,统一身份认证：提供标准化统一身份认证服务，为所有访问平台的实体（用户、系统）分配唯一身份标识并实施统一管理；通过专用认证模块完成身份鉴别，保障鉴别数据的保密性与完整性，严禁采用不安全登录方式。,部分响应,已提供：院内用户统一身份认证——统一登录、登录失败锁定、口令定期更换提醒、口令加密存储、登录凭证统一鉴别与操作审计留痕。尚未提供：①对系统类实体的唯一身份标识与凭据管理（系统级账号与密钥）；②单点登录；③多因素认证。上述缺项列入后续开发计划。
739,,,统一门户管理：通过统一门户集中展示所有业务系统，实现单点登录功能，支持密码、扫码等多种认证方式及用户标准化管理，无需重复输入账号密码，提升操作便捷性。,部分响应,平台当前提供本平台自身的菜单门户与患者端门户；本条所述集中展示所有业务系统的统一门户、单点登录免重复认证、密码与扫码等多种认证方式尚未提供，列入后续开发计划。
740,,,基于角色的访问控制：将菜单访问权限与角色精准绑定，支持角色、权限的自定义定义与灵活分配，实现精细化、规范化的访问控制，保障权限分配合理合规。,部分响应,已提供：菜单与按钮级权限同角色精准绑定，按角色编辑授权，前端按授权菜单进行访问控制。尚未提供：①角色的自定义新建与删除（当前角色为预置，仅可编辑授权）；②数据范围与操作范围维度的权限控制。上述缺项列入后续开发计划。
741,★,,基于用户的登录权限管理：将系统访问权限与用户个体精准关联，为不同用户分配差异化的系统访问权限，实现按人精准授权，进一步强化系统访问安全。 +-------------------------------+--------------------------------------------------------------------------------------------------,正偏离/无偏离,由系统管理的用户管理提供：每个用户单独绑定角色集合并可单独启停，菜单权限与接口权限按用户差异化下发，前端按用户所授菜单进行访问控制；用户密码变更后其已签发登录凭证即失效。
743,,,主索引服务及标准化处理：提供主索引信息验证、调用等核心基础服务，同步对主索引数据进行标准化清洗与格式规整，统一数据口径，保障数据规范性。,部分响应,已提供：患者主索引的查询、建档、更新服务，身份证校验位验证与掩码值回写拦截，按 18 位身份证自动推导出生日期与性别。尚未提供：①姓名、地址、民族等字段的标准化清洗与格式规整规则；②可配置的标准化引擎；③数据口径校验报表。上述缺项列入后续开发计划。
744,,,统一服务接口：提供标准化、规范化的统一对外服务接口，简化各业务系统接入流程，支持各业务系统高效调用主索引相关服务，提升系统联动效率。,部分响应,已提供：患者主索引的标准化院内接口，已被门诊挂号、住院、体检等模块统一调用复用。尚未提供：①对外接口目录与接口说明文档；②接入方注册与系统级凭据；③接口版本与调用配额管理。上述缺项列入后续开发计划。
745,,,数据匹配算法：依据预设的匹配规则与权重配置，对主索引信息进行自动化匹配运算，精准生成匹配结果及匹配分值，支撑患者身份精准识别。,部分响应,平台当前提供按证件类型与证件号的精确匹配（已建档患者自动识别），以及按姓名/患者号/证件号/手机号的检索；本条所述基于匹配规则与权重配置的自动化匹配运算及匹配分值输出尚未提供，列入后续开发计划。
746,,,主索引消息传输：对主索引信息的新增、修改、合并等各类变更事件，进行实时消息推送与传输，确保跨系统数据同步更新，保障数据一致性。,部分响应,平台当前提供服务订阅登记与推送流水记录的基础能力；本条所述主索引新增、修改、合并等变更事件的实时消息推送与跨系统同步尚未提供（患者档案变更当前不触发事件分发，且尚无合并功能），列入后续开发计划。
747,,,患者标识交叉索引服务：综合分析多业务系统患者信息，为同一患者的不同系统记录建立唯一交叉索引，支撑跨系统患者身份精准识别，实现患者信息实时共享与互联互通。,部分响应,平台当前提供全院统一的患者主索引，各业务模块共用同一患者档案；本条所述多业务系统患者记录的交叉索引（源系统标识与本地患者号到主索引的映射）尚未提供，列入后续开发计划。
748,,,患者基本信息查询管理：支持按患者ID列表、姓名、出生年月、性别、地址等多维度条件组合查询，快速获取患者完整、详细的注册信息，满足日常查询需求。,部分响应,已提供：患者登记查询页面，支持按姓名、患者号、证件号、手机号检索并分页查看患者注册信息。尚未提供：①出生年月、性别、地址等查询条件；②多条件组合查询；③按患者 ID 列表批量查询。上述缺项列入后续开发计划。
749,,,患者信息模型维护：支持对系统患者信息模型进行灵活配置与调整，精准适配医院当前患者数据现状；配备高效匹配算法引擎，可根据医院数据质量动态调整匹配模型及匹配权重。,部分响应,平台当前提供固定字段的患者信息模型；本条所述患者信息模型的灵活配置与调整，以及可动态调整匹配模型与权重的匹配算法引擎尚未提供，列入后续开发计划。
750,,,疑似数据管理：支持疑似重复患者数据的查询、合并、拆分、信息比对等全流程维护操作，通过主数据清洗、去重校验等手段，有效清理重复主数据，提升患者主数据的洁净度与准确性，保障主索引数据质量合规。,部分响应,平台当前提供患者主索引的查询、建档与更新；本条所述疑似重复患者数据的查询、合并、拆分、信息比对及去重清洗尚未提供，列入后续开发计划。
751,,,批量数据导入：支持患者信息批量导入功能，可应对突发事故导致业务系统无法访问EMPI系统的场景，实现断服期间产生的患者信息快速同步，保障数据完整性。,部分响应,平台当前提供药品目录与收费项目的批量导入；本条所述患者信息批量导入（断服期间患者信息快速同步）尚未提供，列入后续开发计划。
752,,,操作日志记录与回退：对主索引系统所有业务变更操作进行全程完整记录，形成可追溯的操作日志，同时支持操作回退功能，保障数据可恢复、可审计。,部分响应,已提供：主索引相关的新增、修改等操作及敏感查询自动记入操作审计日志（操作人、操作方式、操作路径、结果、来源地址、时间），并提供审计查询页面。尚未提供：①变更前后内容的记录；②操作回退功能。上述缺项列入后续开发计划。
753,★,,同系统内部合并结果查询：支持查询同一业务系统内部患者记录的合并历史、合并关系及具体合并结果，为系统数据核对、审计及问题排查提供支撑。 +-------------------------------+----------------------------------------------------------------------------------------------------,部分响应,平台当前提供患者主索引的查询、建档与更新，以及操作审计日志；本条所述患者记录合并功能及同系统内部合并历史、合并关系、合并结果的查询尚未提供，列入后续开发计划。
755,,,提供主数据目录的版本管理功能，支持版本创建、版本追溯、版本对比，确保目录变更可追溯、可回滚。,部分响应,平台当前提供药品、收费项目、ICD 诊断、费用类别等主数据目录的维护与批量导入更新；本条所述主数据目录版本管理（版本创建、版本追溯、版本对比与回滚）尚未提供，列入后续开发计划。
756,,,提供对主数据的明细数据与业务系统的基础数据的映射关系管理功能，包含建立映射关系、修改映射关系、发布映射关系信息，确保主数据与业务数据协同一致。,部分响应,已提供：主数据与业务基础数据的映射关系建立与查询（术语管理中新增本地名称到标准编码的映射，支持诊断、药品、检验、检查、手术操作类）。尚未提供：①映射关系的修改与删除；②映射关系的发布管理。上述缺项列入后续开发计划。
757,,,提供对主数据的明细数据注册、修改、注销功能，支持明细数据的批量操作，确保主数据明细准确、完整。,部分响应,已提供：药品与收费项目主数据的批量导入（新增与更新，含行级错误回执），单条属性维护。尚未提供：①主数据明细的注销/停用；②批量导入的界面操作入口（当前为接口能力）。上述缺项列入后续开发计划。
758,,,提供对主数据的明细数据与业务系统的基础数据的映射关系管理功能，包含建立映射关系、修改映射关系、发布映射关系信息，确保主数据与业务数据协同一致。,部分响应,已提供：主数据与业务基础数据的映射关系建立与查询（术语管理中新增本地名称到标准编码的映射，支持诊断、药品、检验、检查、手术操作类）。尚未提供：①映射关系的修改与删除；②映射关系的发布管理。上述缺项列入后续开发计划。
759,,,提供可以查看业务系统基础数据和主数据的映射关系，支持映射结果导出功能（导出格式支持常见格式，如Excel、CSV等），方便数据核对与审计。,部分响应,已提供：术语管理页面查看业务基础数据与主数据的映射关系。尚未提供：映射结果的导出功能（Excel、CSV 等格式）。上述缺项列入后续开发计划。
760,,,根据部分字段内容的一致性，提供业务系统基础数据和主数据自动映射功能，提升映射效率，减少人工操作成本，支持自动映射结果的人工校验与调整。,部分响应,平台当前提供主数据管理（药品、收费项目、疾病编码）与术语对照手工维护基础能力，可按诊断、药品、检验、检查、手术五类逐条登记标准术语与院内术语的对应关系。本条所述基于字段一致性的主数据自动映射、映射候选生成及自动映射结果的人工校验与调整尚未提供，列入后续开发计划。
761,,,提供主数据基准库，集中存储主数据，确保主数据的唯一性、准确性和一致性，支持基准库的备份、恢复功能，保障数据安全。,部分响应,已提供：主数据基准库集中存储药品、收费项目、疾病编码等主数据，编码唯一，全院开单、收费、发药统一引用同一份主数据；数据库级每日定时自动备份，备份台账可查，24 小时内无成功备份自动告警。尚未提供：主数据基准库专项的备份/恢复操作入口，当前恢复由运维人员依据备份文件手工执行；恢复演练功能。上述缺项列入后续开发计划。
762,,,提供灵活、安全可靠的权限管理功能，包括用户、用户组、角色管理，支持权限的精细化分配（按功能模块、操作范围分配权限），确保数据操作安全可控。,部分响应,已提供：系统管理中的用户管理（新建、修改、停用）与角色管理，角色按菜单、按钮两级授权，实现按功能模块的精细化权限分配，用户登录后按角色下发可用菜单与操作按钮。尚未提供：用户组管理；按操作范围/数据范围的授权控制；角色自定义新建。上述缺项列入后续开发计划。
763,,,提供日志管理功能，对主数据目录的生命周期操作事件进行详细日志记录，包含操作人、操作时间、操作内容、操作结果等信息，支持日志查询、筛选、导出，满足审计要求。,部分响应,已提供：系统日志查询功能，自动记录操作人、操作时间、操作方式与路径、操作结果状态、来源地址，支持按操作人、时间范围、敏感操作筛选并分页查询。尚未提供：日志导出功能；操作内容明细（变更前后值）记录；面向主数据目录生命周期的专项事件日志。上述缺项列入后续开发计划。
764,★,,通过服务总线模式或者微服务模式提供主数据注册、更新、查询、订阅、推送服务，供其他机构/系统调用，支持服务接口的权限控制、调用日志记录，确保服务稳定、安全。 提供精确高效的查询检索功能，支持按字段、按条件（多条件组合）进行主数据、目录、映射关系等内容的查询，支持模糊查询、精确查询，确保查询结果快速、准确。 +-------------------------------+--------------,部分响应,已提供：主数据注册与更新（药品、收费项目批量导入更新，费用类别与属性维护）、主数据查询（按名称模糊检索）均以微服务接口方式对外提供，接口纳入统一权限控制，写操作留调用日志。尚未提供：主数据订阅与推送服务；多条件组合查询、精确/模糊切换与分页检索；主数据读取调用的日志记录。上述缺项列入后续开发计划。
765,,,能够处理和识别原始格式的电子病历文书内容，自动进行后结构化处理和运算，根据患者的临床表现（症状诱因、持续时间、部位、性质、程度、加重缓解）、检查（体格检查、检查结果）、检验结果计算推荐疑似常见诊断。,部分响应,平台当前提供门诊开药环节的合理用药提示基础能力（药物相互作用、疗程天数、年龄限制规则及按诊断的建议文案）。本条所述电子病历文书后结构化处理，以及基于临床表现、体格检查、检查检验结果的疑似诊断推荐尚未提供，列入后续开发计划。
766,,,支持显示诊断可能性，并按可能性从高到低排列。,部分响应,平台当前提供门诊开药环节的合理用药提示基础能力。本条所述诊断可能性计算与按可能性高低排序展示，依附于疑似诊断推荐功能，当前版本尚未提供，列入后续开发计划。
767,,,支持按类别显示诊断依据，并将命中诊断依据的内容高亮显示。,部分响应,平台当前提供门诊开药环节的合理用药提示基础能力。本条所述按类别展示诊断依据及命中依据内容高亮显示，依附于疑似诊断推荐功能，当前版本尚未提供，列入后续开发计划。
768,,,支持将推荐诊断结果自动写入初步诊断。 常见症状体征,部分响应,平台当前提供门诊医生站初步诊断的手工录入与保存。本条所述将推荐诊断结果自动写入初步诊断，依附于疑似诊断推荐功能，当前版本尚未提供，列入后续开发计划。
769,,,根据疾病与症状体征的相关性，推荐该疾病的常见症状和体征。 鉴别诊断,部分响应,平台当前提供患者端症状导诊基础能力（按症状推荐就诊科室）。本条所述根据疾病与症状体征的相关性推荐该疾病常见症状和体征的功能尚未提供，列入后续开发计划。
770,,,根据主诉，现病史中提到的症状（包括症状的诱因、持续时间、部位、性质、程度、加重缓解因素）推荐出相关疾病，并对相似疾病进行鉴别，帮助排除其他疾病的可能。 诊断疾病详情,部分响应,平台当前提供门诊病历主诉、现病史的文本书写。本条所述基于主诉与现病史症状要素（诱因、持续时间、部位、性质、程度、加重缓解因素）推荐相关疾病并进行鉴别诊断的功能尚未提供，列入后续开发计划。
771,,,如果医生需要对于推荐的疾病进一步了解，可查看该疾病的详细信息，如：疾病详情、疾病概述、临床表现、治疗方法等信息，进而提升巩固自己的专业技能。 **医学知识库模块** 疾病知识库,配套产品响应,疾病详情、疾病概述、临床表现、治疗方法等疾病知识内容属商用医学知识库产品范畴，由配套知识库厂商提供并出具内容清单。平台当前提供按诊断的合理用药建议文案基础能力；疾病知识库的查看入口与对接工作列入后续开发计划。
772,,,包含疾病概述、临床表现、病理详情、何时就医、预后、预防介绍、自我护理、护理方法（病房）、注意事项、处置建议、用药建议、检查建议、患者指导等详细内容。 药品知识库,配套产品响应,疾病概述、临床表现、病理详情、何时就医、预后、预防、自我护理、护理方法、注意事项、处置建议、用药建议、检查建议、患者指导等疾病知识库内容属商用医学知识库产品范畴，由配套知识库厂商提供并出具内容清单。平台侧的知识库对接工作列入后续开发计划。
773,,,包含通用名、剂型、功效分类、成分分类、主要成分、药品性状、溶媒分类、给药方式、ATC 编码、主要成分、规格、儿童日最高量、成人日最高量、儿童日建议给药次数、儿童每次建议剂量、成人日建议给药次数、成人每次建议剂量、特殊给药条件（饭前..）、儿童注意事项、孕妇注意事项、老人注意事项、药理机制、毒理机制、生成厂商。 检验知识库,配套产品响应,属设备配套软件/商用知识库/CA 等产品参数，平台已留标准接入点
774,,,包含通用名、项目介绍、检验样本、注意事项。 检查知识库,配套产品响应,检验知识库条目内容（通用名、项目介绍、检验样本、注意事项）属商用医学知识库产品范畴，由配套知识库厂商提供并出具内容清单。平台侧已具备检验项目的标本类型与参考区间维护，可作为知识库对接的基础数据点；项目介绍与注意事项内容的承载与对接列入后续开发计划。
775,,,包含通用名、指标介绍、正常区间、注意事项。 手术知识库,配套产品响应,检查知识库条目内容（通用名、指标介绍、注意事项）属商用医学知识库产品范畴，由配套知识库厂商提供并出具内容清单。平台侧已提供检验参考区间维护，支持按性别、年龄段维护正常区间，可作为对接基础；指标介绍与注意事项内容的承载与对接列入后续开发计划。
776,,,包含手术概述、适应症、术前准备、麻醉、手术步骤、术中注意事项等。 > 经典病例知识库,配套产品响应,手术知识库内容（手术概述、适应症、术前准备、麻醉、手术步骤、术中注意事项）属商用医学知识库产品范畴，由配套知识库厂商提供并出具内容清单。平台当前提供手术申请与排程业务功能；手术知识库的对接工作列入后续开发计划。
777,,,提供不少于 2000 份的各科室经典病例，且病例有正规版权来源，可合法用于学习。 > 临床路径知识库,配套产品响应,不少于 2000 份各科室经典病例及其正规版权来源属知识内容与版权交付，由配套知识库厂商提供并出具病例清单与版权证明。平台侧经典病例库的展示与对接工作列入后续开发计划。
778,,,提供国家发布的 1200+份临床路径知识库。 > 法律法规知识库,配套产品响应,平台已提供临床路径承载框架：路径模板维护（名称、适用诊断、路径项目）、患者入径与变异记录。国家发布的 1200 余份临床路径内容属知识内容交付，由配套知识库厂商提供并出具清单，导入平台路径模板后使用；批量导入工具列入后续开发计划。
779,,,提供常见法律法规知识库。 > 高级搜索,配套产品响应,常见法律法规知识库内容属商用知识库产品范畴，由配套知识库厂商提供并出具内容清单。平台当前版本未提供法规条目维护与检索页面，对接工作列入后续开发计划。
780,,,支持高级搜索，支持通过多种方式（关键字、标题首字母）检索知识库内容，涉及疾病知识、检验检查知识、评估表、药品说明书等知识内容。 > 知识库对接,配套产品响应,属设备配套软件/商用知识库/CA 等产品参数，平台已留标准接入点
781,,,支持通过 CS、BS、API 方式进行对接，知识库部分 可与 CDSS 用不同对接方式，独立对接到各个系统。 > 知识库应用,配套产品响应,知识库的 CS、BS、API 三种对接方式及与临床决策支持分开独立对接的能力，由配套知识库厂商按其产品接口规范提供并说明。平台侧当前未内置知识库客户端或接口调用，将按厂商接口规范完成对接，列入后续开发计划。
782,,,可以自由搜索，也可以在不同应用场景自动调用， 如：在新开医嘱时，可实现右键打开新开项目知识库； **医嘱系统-新开医嘱** 检验合理性审核,部分响应,知识库内容及自由检索服务由配套商用知识库提供。平台当前提供门诊医生站医嘱开立与合理用药规则库、提醒留痕页面；本条所述平台侧的知识自由搜索入口，以及在新开医嘱时右键唤起项目知识库的联动功能尚未提供，列入后续开发计划。
783,,,下达检验申请医嘱时，能够针对患者性别、年龄、妊娠状态、诊断、生理周期、以往用药、以往检验申请项目、以往检验结果等至少8个维度进行申请合理性自动审核并针对问题申请给出提示。 > 检查合理性审核,部分响应,平台当前在门诊开药环节提供合理用药自动审核基础能力（药物相互作用、疗程天数、年龄限制）。本条所述检验申请医嘱下达时按性别、年龄、妊娠状态、诊断、生理周期、以往用药、以往检验申请项目、以往检验结果等至少 8 个维度的合理性自动审核与提示尚未提供，妊娠状态、生理周期等患者数据项的采集亦未提供，列入后续开发计划。
784,,,下达检查申请医嘱时，能够针对患者性别、年龄、妊娠状态、诊断、过敏史、以往用药、以往检查项目、以往检查结果等至少 8 个维度对申请合理性进行自动检查并提示。 > 手术合理性审核,部分响应,平台当前在门诊开药环节提供合理用药自动审核基础能力，患者过敏史用于开药过敏交叉判断。本条所述检查申请医嘱下达时按性别、年龄、妊娠状态、诊断、过敏史、以往用药、以往检查项目、以往检查结果等至少 8 个维度的合理性自动检查与提示尚未提供，列入后续开发计划。
785,,,下达手术申请医嘱时，能够针对患者性别、年龄、妊娠状态、诊断等对申请合理性进行自动检查并提示。 > 治疗合理性审核,部分响应,平台当前提供住院手术申请登记与排程业务功能，并在门诊开药环节提供合理用药自动审核基础能力。本条所述手术申请医嘱下达时按患者性别、年龄、妊娠状态、诊断等进行合理性自动检查与提示尚未提供，列入后续开发计划。
786,,,下达治疗申请医嘱时，能够针对患者性别、年龄、妊娠状态、诊断等对申请合理性进行自动检查并提示（备注：针灸、拔罐、血透、高压氧等医院治疗类项目均需支持） > 术语对照。,部分响应,平台当前将针灸、拔罐、血透、高压氧等治疗类项目作为收费项目维护并支持开单，并在门诊开药环节提供合理用药自动审核基础能力。本条所述治疗申请医嘱下达时按性别、年龄、妊娠状态、诊断等进行合理性自动检查与提示尚未提供，列入后续开发计划。
787,,,自动对照：支持院内医疗术语标准化，将标准术语与院内术语 及编码自动对照，以实现推荐诊断、检查、检验、药品、手术名称的本地化。,部分响应,平台当前提供术语对照的手工维护基础能力，可按诊断、药品、检验、检查、手术五类逐条登记标准术语与院内术语编码的对应关系。本条所述标准术语与院内术语及编码的自动对照，以及对照结果用于推荐诊断、检查、检验、药品、手术名称本地化的功能尚未提供，列入后续开发计划。
788,,,手动对照：支持医院根据个性化情况手动对照。 **术语知识维护** 术语范围,部分响应,已提供：术语管理页面支持按诊断、药品、检验、检查、手术五类手工新增标准术语与院内术语编码的对照关系，并按类别查询。尚未提供：对照记录的修改与删除；对照结果接入开单与诊断推荐链路用于术语本地化。上述缺项列入后续开发计划。
789,,,支持对检查、检验、治疗、手术等的术语禁忌知识及注意事项等维护。 > 检查知识维护,部分响应,平台当前提供药品类知识维护基础能力（药物相互作用、疗程天数、年龄限制规则库）。本条所述针对检查、检验、治疗、手术的术语禁忌知识及注意事项维护尚未提供，列入后续开发计划。
790,,,支持维护禁忌症状、禁忌疾病、禁忌病史、禁忌过敏史、冲突项目、禁忌药物、检查前患者注意事项等各个维度知识。 > 检验知识维护,部分响应,平台当前提供检查申请与检查报告业务功能，以及药品类知识规则库维护基础能力。本条所述检查知识的禁忌症状、禁忌疾病、禁忌病史、禁忌过敏史、冲突项目、禁忌药物、检查前患者注意事项等维度知识维护尚未提供，列入后续开发计划。
791,,,支持按照检验标本、检验大项、小项进行维护知识，且支持维护正常值、危急值、药物影响、疾病影响等各个维度知识。 > 治疗知识维护,部分响应,已提供：检验参考区间维护，按检验项目维护正常值上下限与危急值上下限，支持按性别、年龄段分段设置，危急值与检验报告闭环联动。尚未提供：按检验标本、检验大项、小项的三级层级维护；药物影响、疾病影响两个维度的知识维护。上述缺项列入后续开发计划。
792,,,支持维护禁忌症状、禁忌疾病、禁忌病史、禁忌过敏史、禁忌人群、治疗前患者注意事项等各个维度知识。 > 知识来源,部分响应,平台当前将治疗项目作为收费项目维护并支持开单，并提供药品类知识规则库维护基础能力。本条所述治疗知识的禁忌症状、禁忌疾病、禁忌病史、禁忌过敏史、禁忌人群、治疗前患者注意事项等维度知识维护尚未提供，列入后续开发计划。
793,,,所有知识可以选择使用平台已有知识，也可以复用其他医院已有经验。 > 知识证据,部分响应,平台当前的合理用药规则以院内规则库形式维护，随产品初始化交付基础规则。本条所述知识来源选择（使用平台已有知识或复用其他医院经验）、知识来源标识及知识包导入导出的跨院复用机制尚未提供，列入后续开发计划。
794,,,所有平台已添加知识，均有明确证据来源和证据可信度。 > 生效配置,部分响应,对应模块维护能力已实现（字典/参数/规则），细节逐条比对
795,,,支持对以上各个维度知识进行配置，是否可以在系统对应场景提醒。 > 修改记录,部分响应,平台当前提供药物相互作用规则的禁止/慎用两档级别设置，在门诊开药场景触发提醒。本条所述按知识维度配置是否在系统对应场景提醒的功能（多场景定义与按场景开关）尚未提供，列入后续开发计划。
796,,,支持对所有术语知识的变更情况给出详细的记录，并追溯到具体的人员角色。 灵活配置对接场景,部分响应,平台当前对规则新增等操作记录通用操作日志（操作人、操作时间、操作路径与结果）。本条所述术语知识变更的详细记录（变更前后内容明细）及追溯到具体人员角色的功能尚未提供，列入后续开发计划。
797,,,支持根据医院需求，对统一知识平台的不同知识提供给不同业务系统做对接，且不同平台可共用同样的知识。 **手术知识维护** 手术量表,部分响应,平台当前提供数据事件订阅登记基础能力（患者建档、检验发布、出院等事件）。本条所述将统一知识平台的不同知识按需提供给不同业务系统对接、多平台共用同一知识的分发配置功能尚未提供，列入后续开发计划。
798,,,支持根据患者检查结果、检验结果、生命体征对于手术进行加权计算风险，并可以实现达到风险阈值时进行提醒。 **特殊人群维护** 自定义特殊人群,部分响应,平台当前提供护理评估量表（跌倒、压疮）的评分与风险等级判定基础能力。本条所述根据患者检查结果、检验结果、生命体征对手术进行加权风险计算，并在达到风险阈值时提醒的功能尚未提供，列入后续开发计划。
799,,,支持根据医院需求，对性别、年龄、检查、检验结果等不同维护自定义标签，且该自定义人群在术语禁忌知识维护里可以生效。 **多条件规则配置** 过程规则管理,部分响应,平台当前提供患者性别、出生日期、过敏史等基本信息维护。本条所述按性别、年龄、检查、检验结果等维度自定义特殊人群标签，并使该人群在术语禁忌知识维护中生效的功能尚未提供，列入后续开发计划。
800,,,支持按照疾病、生理状态、性别、年龄、体征、检验结果、检查结果等自定义诊疗过程中实时出现的风 险预警及建议规则。规则支持实时生效，并能在对应应用场景给临床进行提醒。 **统计报表** 提醒统计,部分响应,平台当前提供门诊开药场景的合理用药规则维护（药物相互作用、疗程天数、年龄限制），规则维护后开单即时生效。本条所述按疾病、生理状态、性别、年龄、体征、检验结果、检查结果等多条件自定义风险预警与建议规则，并在对应应用场景实时提醒的功能尚未提供，列入后续开发计划。
801,,,支持对提醒记录进行保存，并可以根据不同的科 室、医生、提醒类别、提醒级别等筛选对应的统计结果。 人员管理,部分响应,已提供：提醒记录保存与提醒留痕页面，展示患者、提醒类型、提醒级别、提醒内容与时间。尚未提供：按科室、医生、提醒类别、提醒级别筛选；统计汇总结果；禁止级拦截提醒的留痕记录（当前仅慎用级提醒入库）。上述缺项列入后续开发计划。
802,,,支持医院按照项目分工安排不同的角色，不同的角 色对应不同的权限。 **系统配置** 系统日志查询,正偏离/无偏离,由系统管理的用户管理与角色管理提供：按医院项目分工设置角色，角色按菜单与按钮两级授权（如收费员、药师、管理员分别持有不同操作按钮权限），用户绑定角色后登录即按角色下发对应菜单与操作权限，未授权功能不可访问。
803,★,,支持用户按照不同角色权限对于系统中的操作日志进行查询。 +-------------------------------+-------------------------------------------------------------------------------------------------------------------------------------------,部分响应,已提供：系统日志查询页面，支持按操作人、时间范围、敏感操作筛选并分页查询操作日志。尚未提供：按不同角色权限划分可查询的日志范围，当前仅系统管理员角色可查询操作日志，科室主任、质控、护士长等角色暂无日志查询权限。上述缺项列入后续开发计划。
805,,,分诊台： > 支持分诊台管辖候诊区排班预览及签到预览。 > > 支持当日排班医生队列预览。 > > 支持对患者状态手动调整，包括患者指定接诊医生、特殊患者队列调整、诊室调整等情况。 > > 支持患者在分诊台通过卡号、身份证等证件号快速报道。实时查看：实时查看门诊的详细情况（如：待分诊，待呼叫，已就诊，过号，已结诊，已回诊等队列信息各科室队列信息）。,部分响应,已提供：叫号大屏按科室实时显示候诊、已叫、就诊中、过号四类队列，10 秒自动刷新；预约签到台按排班列出预约名单并办理签到；医生排班管理。尚未提供：分诊台统一页面（候诊区排班预览与签到预览合一、当日排班医生队列预览）；患者状态手动调整（指定接诊医生、特殊患者队列调整、诊室调整）；按卡号、身份证号快速报到；已结诊、已回诊队列状态。上述缺项列入后续开发计划。
806,,,"智能分诊： > 系统根据患者挂号信息，识别患者身份，提供患者分诊优先策略。如：例如老、幼、军人、离休等患者能够优先就诊，并用其他颜色以示区别，并对此类患者能够进行优先就诊行为，如""军""、""幼""等，优先：能够对""特殊""患者进行标识，打消其他患者疑虑避免引起纠纷，同时叫号屏幕能够显示此类患者标识。 > > 过号：将呼叫未来患者延迟就诊或者移除队列重新加入排队。 > > 回诊：支持设置回诊断策略。如设置",部分响应,已提供：过号处理，呼叫未到患者转入过号队列，可由工作人员重呼。尚未提供：按老、幼、军人、离休等身份的分诊优先策略，特殊患者的颜色区分与叫号屏标识；过号后延迟就诊或重新加入排队的策略配置（当前为人工重呼）；回诊策略设置。上述缺项列入后续开发计划。
807,,,实时叫号: > 叫号信息能够在候诊区的显示屏上实时滚动显示，包括患者姓名、就诊诊室、排队序号等。 > > 支持语音叫号功能，叫号语音清晰、准确，音量适中，可根据候诊区环境进行调节。 > > 叫号规则灵活，如按照顺序叫号、直呼叫号，以适应不同情况下呼叫。 > > 实时更新叫号状态，当患者就诊、过号、复诊等情况发生时，及时在显示屏和语音中进行提示。 > > 叫号屏支持多科室共用：能够多科室/多诊室共用,部分响应,已提供：候诊区叫号大屏实时显示排队序号、患者姓名（脱敏）、科室，10 秒自动刷新；语音叫号（普通话，可开关）；顺序叫号；就诊、过号、重呼时大屏与语音实时更新。尚未提供：就诊诊室信息显示；语音音量调节；直呼指定患者；多科室/多诊室共用一块叫号屏。上述缺项列入后续开发计划。
808,,,与医生工作站联动 > 医生在工作站上可以操作叫号功能，如呼叫下一位患者、重复呼叫、直呼呼叫、暂停呼叫等。 > > 医生工作站能够实时显示当前队列情况，展示队列状态。操作直呼、顺呼分诊台同步语音，并突出展示呼叫患者。 > > 当医生完成接诊后，能够通过工作站及时反馈就诊结束信息，系统自动更新叫号队列。 > > 系统能够将医生的停诊、换诊等信息及时推送至候诊区显示屏和患者的移动端，避免患者长时间等待。,部分响应,已提供：门诊医生站当日候诊队列列表（状态、号序、患者、过敏史），医生开始接诊后叫号大屏就诊中队列自动更新。尚未提供：医生站内呼叫下一位、重复呼叫、直呼、暂停呼叫操作及分诊台语音同步；接诊结束反馈并自动更新队列；停诊、换诊信息推送至候诊区显示屏与患者移动端。上述缺项列入后续开发计划。
809,★,,统计分析： > 支持对医生接诊数量、时间数据进行汇总统计； > > 支持对患者等待时间统计； +-------------------------------+------------------------------------------------------------------------------------------------------------------------,部分响应,已提供：科室月报按医生汇总接诊人次与处方金额。尚未提供：医生接诊时长的汇总统计；患者等待时间统计（叫号时间已记录，尚未提供候诊时长的统计分析）。上述缺项列入后续开发计划。
811,,,数据统计显示：直观显示总预约个数、已签到个数、等候个数、未签到个数，便于了解整体排队状态。,部分响应,已提供：叫号大屏显示候诊人数与过号人数。尚未提供：预约签到台的总预约数、已签到数、未签到数汇总显示。上述缺项列入后续开发计划。
812,,,优先顺序调整：支持对患者队列优先顺序进行灵活调整，包括前移和后移操作，满足特殊需求。,部分响应,平台当前提供候诊队列按号序自动排序，以及过号与重呼操作。本条所述对患者队列优先顺序的灵活调整（前移、后移）尚未提供，列入后续开发计划。
813,,,队列分类展示：分别呈现可呼叫队列、呼叫未到队列、已完成队列，助力高效进行排队叫号管理。,正偏离/无偏离,由门诊叫号大屏提供：队列按候诊（可呼叫）、过号（呼叫未到）、已就诊（已完成）分栏展示，并同时显示当前已叫与就诊中患者，工作人员可在大屏上进行叫号与过号重呼操作。
814,,,支持与签到机对接，对已缴费患者进行签到操作，使其进入排队等候队列，实现签到流程自动化。,部分响应,平台当前提供预约签到台人工签到，签到后患者自动进入候诊队列。本条所述与签到机对接、已缴费患者自助签到自动进入排队队列的功能尚未提供，列入后续开发计划。
815,,,依据优先级规则，对签到患者进行优先排序，保障排队秩序合理。,部分响应,平台当前按签到后的号序顺序叫号。本条所述依据可配置的优先级规则对签到患者进行优先排序的功能尚未提供，列入后续开发计划。
816,,,候检区信息展示：候检区实时显示所有等候患者及当前检查患者信息，并及时更新状态变化，方便患者和工作人员掌握情况。,部分响应,已提供：医技候检页面双栏显示等待中与已呼叫患者及检查项目。尚未提供：候检页面自动定时刷新（当前需切换页签或叫号时刷新）；「检查中」独立状态的标识与展示。上述缺项列入后续开发计划。
817,,,患者查询功能：患者可通过显示屏便捷查看当前排队情况，合理安排等候时间。,部分响应,已提供：门诊叫号大屏页面，实时显示各队列排队情况。尚未提供：可直接部署于候诊区的免登录显示屏模式（当前需院内账号登录）；患者端排队情况查询。上述缺项列入后续开发计划。
818,,,多检查室管理：支持对同一设备区域的多个检查室进行排队叫号及大屏显示，优化区域内排队管理。,外部条件,需医保局/省平台等外部环境开通后联调
819,,,队列同步：排队队列自动同步至技师工作站，技师可按队列顺序直接呼叫患者进行检查，简化操作流程。,正偏离/无偏离,由医技预约与叫号页面提供：检查、检验预约完成后自动生成当日候检队列并同步至技师工作站，技师按队列顺序点击「叫下一号」呼叫患者，被叫患者状态自动更新，技师角色默认授予该页面权限。
820,★,,重复呼叫功能：支持对过号未到患者进行重复呼叫，同时也支持对已完成患者的重复呼叫。叫号时，语音与显示屏同步显示，确保患者及时知晓。 +-------------------------------+------------------------------------------------------------------------------------------------------,部分响应,已提供：门诊诊区叫号大屏的过号与重呼，重呼时语音与显示屏同步。尚未提供：检查、检验候检队列的过号、重呼与语音播报（当前仅顺序叫号）；对已完成患者的重复呼叫。上述缺项列入后续开发计划。
822,,,支持自助机签到模式，扫码签到打印回执单。,部分响应,平台当前提供预约签到台人工签到。本条所述自助机签到模式、扫码签到及回执单打印尚未提供，列入后续开发计划。
823,,,支持采血大厅模式，在门诊大厅使用大屏幕显示待采集标本患者。,部分响应,已提供：检验待采集标本清单（已收费未采样）与采样条码打印；检验叫号队列页面。尚未提供：采血大厅大屏展示版式与免登录大厅显示模式；采血叫号队列与待采集标本清单的联动。上述缺项列入后续开发计划。
824,,,支持过号模式，重新签到。,部分响应,已提供：过号处理与重呼，呼叫未到患者转入过号队列，由工作人员在叫号大屏上重呼。尚未提供：过号患者自行重新签到的入口。上述缺项列入后续开发计划。
825,,,支持优先功能，如果是急诊，可以进行标识，优先检查，呼叫时在排队号码前增加'急诊'进行呼叫。,部分响应,平台当前提供预检分诊级别登记，叫号队列按号序顺序呼叫。本条所述急诊患者标识、优先检查排序及呼叫时在排队号码前增加「急诊」前缀的功能尚未提供，列入后续开发计划。
826,,,支持顺呼、选呼、过号等呼叫方式，配合显示屏给出语音提示。,部分响应,已提供：顺呼（按序呼叫下一位）、过号处理，配合叫号大屏语音提示。尚未提供：选呼（指定任一候诊患者直接呼叫）。上述缺项列入后续开发计划。
827,,,支持屏幕叫号信息进度展示，包括患者信息、采集序号、过号提醒等。,部分响应,已提供：门诊叫号大屏显示排队序号、患者姓名（脱敏）与过号提醒区；医技、检验叫号队列显示患者、项目与采集序号。尚未提供：医技、采血叫号页面的过号处理与过号提醒。上述缺项列入后续开发计划。
828,,,支持过号屏显示。,正偏离/无偏离,由门诊叫号大屏提供：独立的过号显示区实时列出过号人数与过号患者名单，工作人员可在该区直接对过号患者重呼。
829,,,支持界面自定义布局。,部分响应,【二级证据评审建议，待项目组签字】病历模板/报表引擎自定义已备；页面级拖拽布局属低代码产品
830,,,支持多窗口显示。,部分响应,平台当前提供服务窗口字典维护。本条所述叫号与窗口绑定、叫号屏按多窗口分区显示的功能尚未提供，列入后续开发计划。
831,★,,支持语音播放。 +-------------------------------+---------------------------------------------------------------------------------------------------------------------------------------------------------------,部分响应,已提供：门诊诊区叫号大屏语音播放，叫号与重呼时自动播报，语音开关可记忆。尚未提供：本条所属的采血/标本采集叫号大屏及其语音播放，医技候检页面暂无语音。上述缺项列入后续开发计划。
832,,,系统支持按预约顺序、签到顺序或分时段签到顺序自动生成排队序号。 +-----------------------------------------------------------------------------------------------------+,部分响应,已提供：排队序号自动生成，门诊按挂号先后取号，预约签到沿用预约序号，医技预约按同日同时段顺序取号。尚未提供：按预约顺序、签到顺序或分时段签到顺序三种规则的可配置切换。上述缺项列入后续开发计划。
833,,,可针对过号患者配置叫号的优先级规则。 +-----------------------------------------------------------------------------------------------------+,部分响应,平台当前提供过号患者的人工重呼。本条所述针对过号患者的叫号优先级规则配置尚未提供，列入后续开发计划。
834,,,过号时可设置自动顺延至当前顺序末尾，或移入专门的过号队列。 +-----------------------------------------------------------------------------------------------------+ +-----------------------------------------------------------------,部分响应,已提供：过号时移入专门的过号队列，在叫号大屏独立显示并可重呼。尚未提供：过号自动顺延至当前顺序末尾的模式；两种过号模式的可配置开关。上述缺项列入后续开发计划。
835,,,患者缴费成功后自动加入排队队列。 +-----------------------------------------------------------------------------------------------------+,正偏离/无偏离,由门诊收费与药房取药叫号联动提供：患者缴费成功后处方自动进入药房取药排队队列，无需人工加入操作，即时显示于取药叫号页面。
836,,,配药各环节（如配药中、待取药）的状态变化能实时反映在叫号屏幕上，患者完成取药后信息从屏幕移除。 +-----------------------------------------------------------------------------------------------------+ +-----------------------------------------------,部分响应,已提供：患者完成取药后信息自动从叫号屏幕移除。尚未提供：配药中、待取药等中间环节状态及其在叫号屏幕上的实时反映（当前仅已缴费、已发药两种状态）。上述缺项列入后续开发计划。
837,,,患者签到后按既定规则进入排队序列。 +-----------------------------------------------------------------------------------------------------+,正偏离/无偏离,由预约签到台与叫号队列联动提供：患者签到后自动生成挂号记录，沿用预约序号按号序进入候诊队列，叫号大屏与医生站候诊列表即时显示。
838,,,支持人工手动调整队列顺序。 +-----------------------------------------------------------------------------------------------------+ +---------------------------------------------------------------------------------,部分响应,【二级证据评审建议，待项目组签字】叫号过号/重呼/顺延已备；人工拖拽排序为深化项
839,,,叫号屏幕实时展示排队进度，包括患者信息、窗口信息及过号提醒等内容。 +-----------------------------------------------------------------------------------------------------+,部分响应,已提供：叫号大屏实时展示请就诊号、候诊队列、就诊中与过号提醒区，含患者信息与科室名称，10 秒自动刷新。尚未提供：窗口信息展示（叫号暂未与服务窗口绑定）。上述缺项列入后续开发计划。
840,,,设有专门的过号显示区域。 +-----------------------------------------------------------------------------------------------------+,外部条件,需医保局/省平台等外部环境开通后联调
841,,,屏幕的界面布局和展示内容支持自定义配置。 +-----------------------------------------------------------------------------------------------------+,部分响应,对应模块维护能力已实现（字典/参数/规则），细节逐条比对
842,,,可同时显示多位等候患者的完整信息。 +-----------------------------------------------------------------------------------------------------+,正偏离/无偏离,由叫号大屏与医技候检页面提供：门诊叫号大屏同屏逐条列出全部候诊患者的排队序号与姓名；医技候检页面同屏列出等待患者及其检查项目明细。
843,,,具备语音播报功能。 +-----------------------------------------------------------------------------------------------------+,部分响应,已提供：门诊叫号大屏语音播报，叫号与重呼时自动播报。尚未提供：药房取药、检查、检验叫号页面的语音播报。上述缺项列入后续开发计划。
844,,,患者信息支持脱敏显示，以保护隐私。 +-----------------------------------------------------------------------------------------------------+,部分响应,已提供：门诊叫号大屏患者姓名脱敏显示（保留姓氏，其余以星号替代），语音播报同步脱敏。尚未提供：检查、检验、药房叫号队列的患者姓名脱敏。上述缺项列入后续开发计划。
845,,,通过可视化图表与精准数据结合的方式，从多维度呈现预约整体状况。在预约率方面，系统自动统计已预约号源占总可预约号源的比例，支持按日、周、月等时间维度生成趋势分析图，直观展示预约率变化。 +-----------------------------------------------------------------------------------------------------------,部分响应,平台当前提供内置运营指标与自定义表格报表基础能力。本条所述预约率自动统计（已预约号源占总可预约号源比例）及按日、周、月的趋势分析图尚未提供，列入后续开发计划。
846,,,系统支持自定义检查项目互斥规则，针对无法同时进行或需间隔特定时长的检查（如造影与核磁共振、增强 CT 与增强核磁），可设置互斥条件与间隔要求； +-------------------------------------------------------------------------------------------------------------------------------,部分响应,平台当前提供检查、检验预约登记基础能力（按日期与上午/下午时段）。本条所述自定义检查项目互斥规则、设置互斥条件与间隔时长要求的功能尚未提供，列入后续开发计划。
847,,,当用户尝试同时预约互斥项目时，系统自动弹窗提示冲突信息并阻断预约； +---------------------------------------------------------------------------------------------------------------------------------------------------------------------,部分响应,平台当前在预约时校验时段有效性、申请单是否已收费及是否重复预约。本条所述预约互斥项目时自动弹窗提示冲突并阻断预约的功能尚未提供，列入后续开发计划。
848,,,涉及需间隔执行的项目，系统依据预设规则（如 4-6 小时间隔），在一键预约流程中自动分配合理时段，规避检查风险，保障医疗安全与检查准确性。 +---------------------------------------------------------------------------------------------------------------------------------,部分响应,平台当前提供检查、检验预约登记基础能力（按日期与上午/下午时段）。本条所述依据预设间隔规则在一键预约流程中自动分配合理时段的功能尚未提供，列入后续开发计划。
849,,,系统支持自定义检查项目优先级规则，针对存在先后执行顺序或间隔时间要求的检查项目（如特定检查需在心电图完成后进行），可灵活配置优先级策略； +----------------------------------------------------------------------------------------------------------------------------------,部分响应,平台当前提供检查、检验预约登记基础能力。本条所述自定义检查项目优先级规则、配置项目先后执行顺序与间隔时间策略的功能尚未提供，列入后续开发计划。
850,,,预约时，系统自动结合号源情况与预设优先级规则，智能规划检查顺序与时间安排，确保检查流程科学有序，避免因执行顺序不当影响检查效果或延误诊疗进度。 +-------------------------------------------------------------------------------------------------------------------------------,部分响应,平台当前提供检查、检验预约逐单登记（按日期与上午/下午时段）。本条所述结合号源情况与优先级规则智能规划检查顺序与时间安排的功能尚未提供，列入后续开发计划。
851,,,系统支持对同类型检查项目进行合并配置，如多项超声检查项目。当患者同时申请多项可合并项目时，系统会自动合并预约，减少患者预约次数和检查等待时间，同时提高检查室检查效率。 +-------------------------------------------------------------------------------------------------------------------,部分响应,平台当前提供检查、检验预约逐单登记。本条所述同类型检查项目合并配置及多项可合并项目自动合并预约的功能尚未提供，列入后续开发计划。
852,,,系统提供丰富的检索方式，输入住院号、卡号、申请单号，快速完成预约登记。这种多方式检索适配不同场景，无论是手持纸质申请单的患者，还是通过电子渠道获取信息的患者。 +-----------------------------------------------------------------------------------------------------------------------,部分响应,平台当前提供门诊检查、检验待预约申请单列表。本条所述通过住院号、卡号、申请单号检索快速完成预约登记的功能尚未提供，住院申请单纳入预约登记亦尚未提供，列入后续开发计划。
853,,,自由号源展示：用户可根据实际需求，自由切换按诊室、按周、按日展示号源。按诊室展示时，清晰呈现各诊室可预约时段与剩余号源；按周、按日展示便于查看整体号源分布情况，辅助合理安排预约计划。 +-----------------------------------------------------------------------------------------------------------,部分响应,平台当前提供按日期查询检查、检验预约队列。本条所述按诊室、按周、按日自由切换的号源展示视图，以及各诊室可预约时段与剩余号源呈现尚未提供，列入后续开发计划。
854,,,分时段预约：将每日可预约时间划分为多个精细时段，患者可根据自身安排灵活选择，减少排队等待时间，优化就医体验。 +------------------------------------------------------------------------------------------------------------------------------------------------,部分响应,已提供：门诊挂号分时段预约，每日排班划分为多个精细时段并设置号源容量，院内预约台与患者端均可选时段预约。尚未提供：检查、检验预约的精细时段划分（当前仅上午/下午两个时段）。上述缺项列入后续开发计划。
855,,,一键自动预约：针对复诊或常规检查患者，系统根据历史预约记录和检查周期，智能推荐合适的时间与项目，患者一键确认即可完成预约，简化操作流程。 +----------------------------------------------------------------------------------------------------------------------------------,部分响应,平台当前提供检查、检验预约逐单登记与改约。本条所述针对复诊或常规检查患者，根据历史预约记录与检查周期智能推荐时间与项目并一键确认预约的功能尚未提供，列入后续开发计划。
856,,,强制预约：对于特定检查项目或高峰时段号源已满的情况下预约人员根据当前诊室的患者情况，可以适当加号，强制预约需要填写原因，以便合理调控患者流量，保障医疗资源的有序利用。 +-------------------------------------------------------------------------------------------------------------------,部分响应,平台当前提供检查、检验预约登记基础能力。本条所述号源已满时的强制预约（加号）通道及加号原因填写留痕功能尚未提供，检查预约号源上限设置亦尚未提供，列入后续开发计划。
857,,,智能合并预约：支持手动勾选同类型检查项目，系统自动判断项目兼容性，可合并的合并后进行统一预约，减少患者多次预约的繁琐，同时提高检查设备的使用效率。 +-----------------------------------------------------------------------------------------------------------------------------,部分响应,平台当前提供检查、检验预约逐单登记。本条所述手动勾选同类型检查项目、系统自动判断兼容性并合并统一预约的功能尚未提供，列入后续开发计划。
858,,,活取消与改约：系统支持自定义设置取消预约次数，超出限制后患者将无法自行取消。取消预约后，对应号源立即释放，可重新预约。 +-------------------------------------------------------------------------------------------------------------------------------------------,部分响应,已提供：取消预约后对应号源立即释放可重新预约，患者端支持自助取消，医技预约支持批量取消。尚未提供：自定义取消预约次数上限及超限后患者无法自行取消的限制。上述缺项列入后续开发计划。
859,,,改约功能支持直接选择新的时间与诊室，且改约和取消操作均支持批量处理。 +--------------------------------------------------------------------------------------------------------------------------------------------------------------------,部分响应,已提供：改约时直接选择新的日期与时段并自动重排序号；取消操作支持批量处理。尚未提供：改约时选择诊室；改约的批量处理（当前逐条改约）。上述缺项列入后续开发计划。
860,,,导引单补打：预约成功后，若患者不慎丢失导引单，可在系统中通过订单号或身份信息重新补打，导引单包含检查科室位置、流程指引、注意事项等详细内容，确保患者顺利完成检查。 +---------------------------------------------------------------------------------------------------------------------,部分响应,平台当前提供挂号凭证、收费票据、检验报告等单据打印。本条所述预约导引单（含检查科室位置、流程指引、注意事项）打印及按订单号或身份信息补打的功能尚未提供，列入后续开发计划。
861,,,自动惩戒机制：系统自动监测患者爽约次数，达到设定阈值后，自动将患者加入黑名单，限制其预约权限。黑名单患者在预约时，系统将弹出提示，告知其受限原因。 +-----------------------------------------------------------------------------------------------------------------------------,部分响应,平台当前提供门诊预约挂号与预约取消的基础能力；本条所述爽约次数自动监测、达到阈值自动加入黑名单并限制预约权限、预约时弹出受限原因提示的功能尚未提供，列入后续开发计划。
862,,,恢复预约功能：对于有特殊情况的患者，管理员可手动移除黑名单，移除后患者立即恢复预约资格，体现管理的人性化与灵活性。 +---------------------------------------------------------------------------------------------------------------------------------------------,部分响应,平台当前提供门诊预约挂号与预约管理基础能力；本条所述管理员手动移除黑名单、移除后即时恢复预约资格的功能依附于爽约黑名单机制，当前版本未提供，列入后续开发计划。
863,,,号源模式：用户设定班次内总号源数，系统自动计算每个项目的平均耗时，确保号源分配科学合理，避免出现过度预约或资源浪费。 +--------------------------------------------------------------------------------------------------------------------------------------------,部分响应,平台当前提供门诊医生排班维护，可按科室、医生、日期、时段设置号别、挂号费与号源数；本条所述检查设备班次总号源设定及按项目平均耗时自动计算分配的号源模式尚未提供，列入后续开发计划。
864,,,号源模式支持独立分配门诊、住院、急诊号源，也可根据实际情况进行共享设置，满足不同患者群体的检查需求。 +----------------------------------------------------------------------------------------------------------------------------------------------------,部分响应,平台当前提供门诊医生排班的号源数设置与余号实时统计；本条所述检查号源按门诊、住院、急诊独立分配以及号源共享设置的功能尚未提供，列入后续开发计划。
865,,,支持复制粘贴。 +---------------------------------------------------------------------------------------------------------------------------------------------------------------------------------------------+,部分响应,平台当前提供排班信息的逐条新增与停诊维护；本条所述排班记录的复制粘贴（多选复制、批量粘贴生成）功能尚未提供，列入后续开发计划。
866,,,项目模式：在预约过程中，系统按照项目预计时长进行叠加计算，实时显示班次内剩余时间，为后续预约提供参考，保障排班的准确性和合理性。 +--------------------------------------------------------------------------------------------------------------------------------------,部分响应,平台当前提供检查检验申请单按日期与上下午时段的预约排队；本条所述按项目预计时长叠加计算并实时显示班次内剩余时间的项目模式尚未提供，列入后续开发计划。
867,,,支持按日导入。 +---------------------------------------------------------------------------------------------------------------------------------------------------------------------------------------------+ ,部分响应,平台当前提供排班信息在线逐条维护，以及药品目录、收费项目目录的批量导入；本条所述排班信息按日导入功能尚未提供，列入后续开发计划。
868,,,直观信息预览：主页面以可视化图表和列表形式展示排班信息，包括设备名称、排班时间、性别能力、号源数或剩余时间等关键信息。 +-------------------------------------------------------------------------------------------------------------------------------------------,部分响应,平台当前提供门诊医生排班列表页，展示科室、医生、时段、号别、挂号费、号源数、已挂与余号；本条所述检查设备排班主页面（以图表与列表展示设备名称、排班时间、性别能力、号源数或剩余时间）尚未提供，列入后续开发计划。
869,,,鼠标悬停在具体排班记录上，可查看详细的项目安排与能力说明。 +-------------------------------------------------------------------------------------------------------------------------------------------------------------------------,部分响应,平台当前提供排班记录的列表查看；本条所述鼠标悬停排班记录查看详细项目安排与设备能力说明的功能，及其依赖的设备能力数据维护，当前版本未提供，列入后续开发计划。
870,,,支持通过预设模板快速生成排班信息，也可复制历史排班记录进行修改，大幅提高排班效率。 +-------------------------------------------------------------------------------------------------------------------------------------------------------------,部分响应,平台当前提供排班逐条新增与停诊维护（模板功能目前用于病历文书与检查报告）；本条所述通过预设排班模板快速生成排班、复制历史排班记录进行修改的功能尚未提供，列入后续开发计划。
871,,,排班时，系统自动识别节假日及设备保养日，并弹出提醒，避免安排冲突。 +---------------------------------------------------------------------------------------------------------------------------------------------------------------------,部分响应,平台当前提供门诊医生排班维护，HRP 设备管理中提供设备保养计划与保养到期标记；本条所述排班时自动识别节假日及设备保养日并弹出冲突提醒的功能尚未提供（排班与保养计划尚未联动，亦无节假日维护），列入后续开发计划。
872,,,排班时可随时调整设备的项目能力和性别能力，以适应设备维护、技术升级等情况。 +-----------------------------------------------------------------------------------------------------------------------------------------------------------------,部分响应,平台当前提供门诊医生排班的时段、号别与号源维护；本条所述设备项目能力与性别能力的设置及排班时随时调整的功能尚未提供，列入后续开发计划。
873,,,支持按多种条件查询预占号源患者信息，如身份证号、姓名等。管理员可根据实际情况，随时取消预占号源，释放资源，确保号源合理分配。 +----------------------------------------------------------------------------------------------------------------------------------------,部分响应,已提供：检查检验预约队列支持按日期查询已预约患者信息，管理员可多选后批量取消预约。尚未提供：①按身份证号、姓名等多条件检索预约患者；②取消预约后自动释放号源额度（当前检查预约尚无号源容量概念）。上述缺项列入后续开发计划。
874,,,手机端预约界面采用可视化布局，整合窗口与在线预约项目。点击任意项目即可调取预约须知，确认同意后进入号源查询。 +------------------------------------------------------------------------------------------------------------------------------------------------,部分响应,平台当前提供患者端预约挂号（按科室排班选择时段）；本条所述手机端检查项目可视化预约界面（整合窗口与在线预约项目）、点击项目弹出预约须知、确认同意后进入号源查询的流程尚未提供，列入后续开发计划。
875,,,支持多院区选定时动态更新号源信息，采用号源管理模式实时刷新剩余号源，保障信息透明，规避超量预约。 +------------------------------------------------------------------------------------------------------------------------------------------------------,部分响应,平台当前提供门诊挂号号源的剩余号数实时刷新，可规避超量预约；本条所述多院区选择及切换院区时动态更新号源信息的功能尚未提供（当前无院区维度），列入后续开发计划。
876,,,当患者多选预约项目时，系统自动触发智能调度。基于预设优先级、互斥规则与合并策略，系统自动分析项目冲突与兼容性。 +-----------------------------------------------------------------------------------------------------------------------------------------------,部分响应,平台当前提供患者端按单个时段逐项预约；本条所述多选预约项目后自动触发智能调度、基于预设优先级、互斥规则与合并策略分析项目冲突与兼容性的功能尚未提供，列入后续开发计划。
877,,,对互斥项目优先保障高优先级需求，并提示患者调整冲突项。 +---------------------------------------------------------------------------------------------------------------------------------------------------------------------------,部分响应,平台当前提供患者端预约时余号不足的提示；本条所述互斥项目按优先级优先保障并提示患者调整冲突项的功能尚未提供，列入后续开发计划。
878,,,对可合并项目自动整合至同一时段。 +--------------------------------------------------------------------------------------------------------------------------------------------------------------------------------------,部分响应,平台当前提供检查检验预约按日期与上下午时段顺序取号；本条所述可合并项目自动整合至同一时段的功能尚未提供，列入后续开发计划。
879,,,便捷操作管理：在手机端，患者可随时查看预约详情，包括检查项目、时间、地点等；支持在线取消预约和重新预约，操作流程简单易懂，方便患者根据自身情况调整安排。 +--------------------------------------------------------------------------------------------------------------------------,部分响应,已提供：患者端「我的预约」可查看门诊预约详情（科室、日期、时段、费用），支持在线取消预约，取消后可返回预约页重新预约。尚未提供：①检查项目预约在患者端的详情查看；②预约详情中的地点信息。上述缺项列入后续开发计划。
880,,,即时消息通知：预约成功、取消，系统通过公众号自动发送通知，消息包含关键信息和操作指引，确保患者及时获取预约状态变更信息。 +------------------------------------------------------------------------------------------------------------------------------------------,部分响应,平台当前提供患者端预约成功与取消后的即时状态更新与页面展示；本条所述通过公众号自动发送预约成功/取消通知（含关键信息与操作指引）的功能尚未提供，列入后续开发计划。
881,,,支持在每台设备的排班界面，按时段安排主班医师、副班医师。可复制已有排班记录，简化排班流程。 +---------------------------------------------------------------------------------------------------------------------------------------------------------,部分响应,平台当前提供门诊医生排班按时段设置单一出诊医生；本条所述在设备排班界面按时段安排主班、副班医师及复制已有排班记录的功能尚未提供，列入后续开发计划。
882,,,诊室管控：能够管控检查科室对应当的诊室及物理地址。 +-----------------------------------------------------------------------------------------------------------------------------------------------------------------------------,部分响应,平台当前提供科室组织架构层级维护；本条所述检查科室对应诊室及其物理地址的管控功能尚未提供，列入后续开发计划。
883,,,科室设置：能够根据科室设置启用合并功能。 +----------------------------------------------------------------------------------------------------------------------------------------------------------------------------------,部分响应,本条所述按科室设置启用预约项目合并功能当前版本未提供（预约项目合并策略本身尚未提供），列入后续开发计划。
884,★,,类型管控：能够一致化his检查类型，并能够根据类型设置预约渠道占比。 +--------------------------------------------------------------------------------------------------------------------------------------------------------------------,部分响应,平台当前提供收费项目目录中检查类项目的基础分类，预约记录中登记预约来源渠道；本条所述检查类型与 HIS 检查类型的一致化对照，以及按检查类型设置各预约渠道号源占比并据此控制预约的功能尚未提供，列入后续开发计划。
885,,,支持展示日、周、月、年的检验预约人次。 +---------------------------------------------------------------------------------------+ 预约管理 +------------------------------------------------------------------------------------,部分响应,平台当前提供数据治理内置运营指标与自定义报表功能；本条所述检验预约人次按日、周、月、年维度的统计展示尚未提供，列入后续开发计划。
886,,,支持标本采集类型的维护，录入标本名称、采集类型等信息。 +---------------------------------------------------------------------------------------+,部分响应,平台当前提供检验标本条码登记与标本状态跟踪；本条所述标本采集类型字典维护（录入标本名称、采集类型等）尚未提供，列入后续开发计划。
887,,,支持采样中心的维护，录入采样地址、采样类型、预约号源数、预约间隔时间等相关信息。 +---------------------------------------------------------------------------------------+,部分响应,平台当前提供服务窗口维护（窗口编号、名称、类型、状态，含采样窗口类型）；本条所述采样中心维护（采样地址、采样类型、预约号源数、预约间隔时间）尚未提供，列入后续开发计划。
888,,,支持采样窗口维护，录入窗口名称、窗口编号、窗口类型、窗口状态。 +---------------------------------------------------------------------------------------+,正偏离/无偏离,由服务窗口维护功能提供：支持录入窗口编号、窗口名称、窗口类型（采样/药房/收费）与窗口状态（开放/关闭），支持一键切换开关状态并按列表查看维护。
889,,,支持班次维护，设置班次名称、开始时间、结束时间、号源数量等。 +---------------------------------------------------------------------------------------+,部分响应,已提供：班次字典维护，可设置班次名称、开始时间、结束时间。尚未提供：①班次号源数量设置；②班次字典与检验采样预约的关联（当前班次字典用于护理排班，采样窗口尚无班次概念）。上述缺项列入后续开发计划。
890,,,支对需要进行预约的检验申请进行配置，包含项目名称、匹配窗口类型、采样时间段等。 +---------------------------------------------------------------------------------------+,部分响应,平台当前提供已收费的检查检验申请单自动进入待预约队列；本条所述需预约检验申请的规则配置（项目名称、匹配窗口类型、采样时间段）尚未提供，列入后续开发计划。
891,,,支持从检验系统中导入检验申请项目。 +---------------------------------------------------------------------------------------+ 窗口排班 +--------------------------------------------------------------------------------------,部分响应,已提供：检验申请单与检验系统同库共享，已收费的检验申请单自动进入「待预约申请单」列表，无需人工导入。尚未提供：检验申请项目字典的导入功能（含项目主数据同步与导入记录）。上述缺项列入后续开发计划。
892,,,支持对预约窗口进行排班，以此生成预约号源。 +---------------------------------------------------------------------------------------+,部分响应,平台当前提供服务窗口维护、检验预约按日期与上下午时段顺序取号，以及门诊医生排班的号源池管理；本条所述对预约窗口进行排班并据此生成预约号源的功能尚未提供，列入后续开发计划。
893,,,支持上一周、下一周快捷查询。 +---------------------------------------------------------------------------------------+,部分响应,已提供：门诊医生排班页提供「上一周/下一周」快捷按钮，可按周切换查询日期。尚未提供：①检验预约队列页的上一周/下一周快捷切换（当前仅按单日选择）；②采样窗口排班模块本身。上述缺项列入后续开发计划。
894,,,支持自选周进行排班查询。 +---------------------------------------------------------------------------------------+,部分响应,平台当前提供门诊医生排班与检验预约队列的按单日查询；本条所述自选周进行排班查询（按周范围展示）的功能尚未提供，列入后续开发计划。
895,,,支持从上周导入排班，完成快捷排班。 +---------------------------------------------------------------------------------------+ 检验预约 +--------------------------------------------------------------------------------------,部分响应,平台当前提供排班逐条新增与停诊维护；本条所述从上周导入排班完成快捷排班的功能尚未提供，列入后续开发计划。
896,,,支持通过扫码或输入患者卡号进行检验项目的预约。 +---------------------------------------------------------------------------------------+,部分响应,已提供：检验预约功能，可从待预约申请单列表中为患者选择日期与时段完成预约。尚未提供：通过扫码或输入患者卡号检索患者后直接预约的识别入口。上述缺项列入后续开发计划。
897,,,具备取消预约功能，对未执行的预约进行取消。 +---------------------------------------------------------------------------------------+,正偏离/无偏离,由检验预约队列提供：支持对未执行（已预约、未叫号）的预约记录进行取消，可多选后批量取消，已执行的预约不可选择取消。
898,,,具备预约查询功能，可查询已预约患者信息。 +---------------------------------------------------------------------------------------+,正偏离/无偏离,由检验预约队列提供：按日期查询已预约患者，展示患者姓名、检验项目、时段、顺序号与预约状态。
899,,,具备作废预约功能，可对已预约信息进行作废处理。 +---------------------------------------------------------------------------------------+,部分响应,已提供：检验预约队列可对已预约记录进行取消处理（支持批量）。尚未提供：独立于取消的「作废」状态及作废原因、操作人留痕（当前取消与作废为同一状态）。上述缺项列入后续开发计划。
900,,,可查询已排班的窗口剩余号源情况以及该时段号源的预约情况。 +---------------------------------------------------------------------------------------+ 移动端预约 +--------------------------------------------------------------------------,部分响应,已提供：检验预约队列按日期查询各时段（上午/下午）的预约明细。尚未提供：已排班采样窗口的剩余号源查询（当前采样窗口尚无排班与号源容量）。上述缺项列入后续开发计划。
901,,,支持患者在移动端上进行检验预约，选择预约项目及时间段进行预约。 +---------------------------------------------------------------------------------------+,部分响应,平台当前提供患者端门诊分时段预约挂号；本条所述患者在移动端选择检验项目及采样时段进行检验预约的功能尚未提供，列入后续开发计划。
902,★,,支持患者在移动端进行预约查询，查询已预约信息详情。 +---------------------------------------------------------------------------------------+ +-------------------------------+---------------------------------------------------,部分响应,已提供：患者端「我的预约」可查询已预约信息详情（预约号、状态、科室、排班日期、班次、号别、费用、时段起止），支持自助取消；患者端以网页形态提供，可通过手机浏览器访问。尚未提供：①检验预约信息在患者端的查询入口（当前仅覆盖门诊挂号预约）；②原生 APP 或小程序形态的移动端。上述缺项列入后续开发计划。
903,,,支持对门诊患者建立随访计划，实现随访任务的新增、编辑、查询与全流程管理。 +---------------------------------------------------------------------------------------------------------------------------+,部分响应,已提供：患者随访功能，可为患者新建随访计划（主题、随访日期）、查看待随访列表、完成随访并记录结果。尚未提供：①随访计划的编辑修改；②按门诊就诊来源建立随访（当前随访对象为患者主索引，不关联就诊记录）；③待随访、已完成两态之外的全流程状态管理。上述缺项列入后续开发计划。
904,,,支持从门诊业务系统自动提取患者基本信息，无需重复录入，提高随访建档效率与数据准确性。 +---------------------------------------------------------------------------------------------------------------------------+,部分响应,已提供：建立随访时通过患者主索引检索选择患者，自动带出姓名、电话、病历号，无需重复录入。尚未提供：从门诊就诊记录自动提取本次就诊科室、就诊时间、接诊医生等信息带入随访档案。上述缺项列入后续开发计划。
905,,,支持多维度组合筛选，可按时间段、就诊科室、有无随访计划等条件进行精准查询与数据过滤。 +---------------------------------------------------------------------------------------------------------------------------+,部分响应,平台当前提供随访列表按状态（待随访/已完成）的查询能力；本条所述按时间段、就诊科室、有无随访计划等多维度组合筛选尚未提供，列入后续开发计划。
906,,,支持在随访档案中录入、维护患者联系人信息，确保随访沟通渠道完整可追溯。 +---------------------------------------------------------------------------------------------------------------------------+,部分响应,平台当前提供随访列表显示患者本人联系电话；本条所述在随访档案中录入、维护患者联系人信息的功能尚未提供，列入后续开发计划。
907,,,支持自定义随访类别配置与随访周期设置，满足不同病种、不同诊疗场景下的个性化随访管理要求。 +---------------------------------------------------------------------------------------------------------------------------+ （2）出院病人随访 +------------------,部分响应,平台当前提供随访计划的主题与随访日期设置；本条所述自定义随访类别配置与随访周期设置（按病种、诊疗场景）尚未提供，列入后续开发计划。
908,,,支持对出院患者开展随访管理，可完整记录随访信息，并对下次随访计划进行制定、维护与跟踪。 +---------------------------------------------------------------------------------------------------------------------------+,部分响应,已提供：通用患者随访功能，可为任意患者建立随访计划、完成随访并记录随访结果与完成时间。尚未提供：①出院患者维度（随访记录不关联住院记录）；②下次随访计划的制定、维护与跟踪（完成随访后不生成后续计划）。上述缺项列入后续开发计划。
909,,,支持从住院业务系统自动提取出院患者基本信息，减少重复录入，提升随访建档效率。 +---------------------------------------------------------------------------------------------------------------------------+,部分响应,平台当前提供建立随访时从患者主索引带出患者基本信息；本条所述从住院业务自动提取出院患者信息（出院时间、出院科室、住院号、出院诊断）自动建档的功能尚未提供，列入后续开发计划。
910,,,支持多维度筛选查询，可按时间段、科室、有无随访计划等条件进行精准数据过滤。 +---------------------------------------------------------------------------------------------------------------------------+,部分响应,平台当前提供随访列表按状态的查询能力；本条所述出院随访按时间段、科室、有无随访计划等多维度筛选尚未提供，列入后续开发计划。
911,,,支持详细记录随访信息，包括随访时间、随访人员、随访内容、沟通情况及随访结果。 +---------------------------------------------------------------------------------------------------------------------------+,部分响应,已提供：随访记录包含随访日期、沟通渠道、随访内容主题、随访结果与完成时间，完成随访时弹窗录入结果。尚未提供：①随访人员（执行人）记录；②沟通情况的过程记录（当前仅一个渠道标识）；③随访结果在列表中的展示。上述缺项列入后续开发计划。
912,,,支持根据患者康复情况设置下次随访时间，并制定、保存与执行对应的随访计划。 +---------------------------------------------------------------------------------------------------------------------------+ （3）病人随访记录 +--------------------------,部分响应,平台当前提供完成随访时录入随访结果；本条所述根据患者康复情况设置下次随访时间并自动生成、保存与执行后续随访计划的功能尚未提供，列入后续开发计划。
913,,,支持对门诊及出院患者的随访记录进行统一查询、检索与浏览，方便医护人员快速查阅历史随访信息。 +---------------------------------------------------------------------------------------------------------------------------+,部分响应,已提供：随访记录按状态查询的后台能力，可返回已完成随访记录及对应患者信息。尚未提供：①界面上查看历史（已完成）随访记录的入口与状态切换；②门诊/出院来源分类；③检索条件与分页。上述缺项列入后续开发计划。
914,,,支持查看单条随访记录的完整详情信息，包括随访时间、随访人员、沟通内容、处理结果及后续计划等，实现随访信息全览与追溯。 +---------------------------------------------------------------------------------------------------------------------------+ 复诊数据资料管控 +-----,部分响应,平台当前提供随访列表（随访日期、患者、电话、主题）的查看；本条所述单条随访记录完整详情（随访时间、随访人员、沟通内容、处理结果、后续计划）的查看与追溯尚未提供，列入后续开发计划。
915,,,支持按复诊时间、复诊医生等维度，对门诊患者复诊信息进行多条件组合查询与筛选。 +---------------------------------------------------------------------------------------------------------------------------+,部分响应,本条所述按复诊时间、复诊医生等维度对门诊患者复诊信息的多条件组合查询与筛选功能当前版本未提供，列入后续开发计划。
916,,,支持按就诊时间、就诊科室等维度，对门诊患者复诊信息进行精准查询与数据统计。 +---------------------------------------------------------------------------------------------------------------------------+,部分响应,本条所述按就诊时间、就诊科室维度对门诊患者复诊信息的精准查询与数据统计功能当前版本未提供，列入后续开发计划。
917,,,支持按预计复诊时间、复诊医生等条件，对出院患者复诊信息进行多维度查询与筛选。 +---------------------------------------------------------------------------------------------------------------------------+,部分响应,本条所述按预计复诊时间、复诊医生等条件对出院患者复诊信息的多维度查询与筛选功能当前版本未提供，列入后续开发计划。
918,,,支持按出院时间、出院科室、住院号等关键字段，对出院患者复诊信息进行精准检索与统计。 +---------------------------------------------------------------------------------------------------------------------------+ 直接随访管控 +------------------------,部分响应,平台当前提供住院登记中出院时间、出院科室、住院号等基础信息；本条所述以复诊为主体、按上述字段对出院患者复诊信息进行检索与统计的功能尚未提供，列入后续开发计划。
919,,,能够对无随访计划的门诊病人进行直接随访。 +---------------------------------------------------------------------------------------------------------------------------+,部分响应,平台当前提供「先建随访计划、再完成随访」的流程；本条所述对无随访计划的门诊患者直接随访（一步完成随访记录）的功能尚未提供，列入后续开发计划。
920,,,能够直接随访时指定下次随访时间及复诊时间。 +---------------------------------------------------------------------------------------------------------------------------+,部分响应,本条所述直接随访时指定下次随访时间及复诊时间的功能当前版本未提供，列入后续开发计划。
921,,,能够对无随访计划的出院病人进行直接随访。 +---------------------------------------------------------------------------------------------------------------------------+,部分响应,平台当前提供通用患者随访计划流程；本条所述对无随访计划的出院患者直接随访的功能尚未提供（随访模块尚未与住院出院记录关联），列入后续开发计划。
922,,,能够直接随访时指定下次随访时间、随访计划及复诊时间。 +---------------------------------------------------------------------------------------------------------------------------+ 历史随访管控 +---------------------------------------,部分响应,本条所述直接随访时指定下次随访时间、随访计划及复诊时间的功能当前版本未提供，列入后续开发计划。
923,,,支持按随访开始时间、随访结束时间、随访人员等条件，对门诊患者历史随访记录进行多维度精准查询与筛选。 +---------------------------------------------------------------------------------------------------------------------------+,部分响应,平台当前提供随访列表按状态查询；本条所述按随访开始时间、随访结束时间、随访人员等条件对门诊患者历史随访记录的多维度查询与筛选尚未提供，列入后续开发计划。
924,,,支持按患者就诊时间、就诊科室等维度，对门诊患者历史随访记录进行检索、查询与数据统计。 +---------------------------------------------------------------------------------------------------------------------------+,部分响应,平台当前提供随访列表按状态查询；本条所述按就诊时间、就诊科室维度对门诊患者历史随访记录的检索与统计尚未提供（随访记录尚未关联就诊信息），列入后续开发计划。
925,,,支持按随访开始时间、随访结束时间、随访人员等多条件组合，对出院患者历史随访记录进行精准查询与筛选。 +---------------------------------------------------------------------------------------------------------------------------+,部分响应,平台当前提供随访列表按状态查询；本条所述按随访开始时间、结束时间、随访人员等多条件对出院患者历史随访记录的组合查询与筛选尚未提供，列入后续开发计划。
926,,,支持按出院时间、出院科室、住院号等关键信息，对出院患者历史随访记录进行检索、查看与统计。 +---------------------------------------------------------------------------------------------------------------------------+,部分响应,平台当前提供随访列表按状态查询；本条所述按出院时间、出院科室、住院号对出院患者历史随访记录的检索、查看与统计尚未提供（随访记录尚未关联住院信息），列入后续开发计划。
927,★,,支持随访方式的新增、编辑与删除管理，可根据临床业务需求灵活配置、维护各类随访方式，满足不同场景下的随访业务开展要求。 +---------------------------------------------------------------------------------------------------------------------------+ +--------------,部分响应,平台当前随访记录带有随访渠道字段（默认为电话随访）；本条所述随访方式字典的新增、编辑、删除管理，以及建立随访时按需选择随访方式的功能尚未提供，列入后续开发计划。
928,,,"病人到医院就诊后，各个业务系统打印指引单（门诊药品、处置、检查、检验、体检等）给病人，指引单上显示本次就诊对应的支付二维码。病人打开手机上安装的支付宝APP或微信APP，对准二维码一扫，显示本次就诊记录的费用明细及要支付的总金额。用户无需注册，核对信息后，点击""去缴费""输入支付密码即可完成缴费，后续直接到对应的业务系统完成诊疗流程即可。 +-----------------------------",部分响应,已提供：门诊扫码支付闭环——收银端扫码支付台可按就诊生成支付单与支付码，患者端可查看本次就诊待缴费明细与合计金额并选择微信/支付宝渠道发起支付，支付确认后自动完成结算、医嘱置为已收费，金额不符时转人工差错单处理。尚未提供：①各业务系统指引单打印及二维码印制；②支付码的二维码图形生成（当前以文本码展示）；③微信/支付宝正式商户通道的下单与回调对接。上述缺项列入后续开发计划。
929,,,门诊、检查、检验、体检、胶片收费、自助机等业务平台信息系统按照约定的业务规则打印缴费二维码，根据医院的需要，可以另外打印移动医保支付二维码。 +--------------------------------------------------------------------------------------------------------------------------------,部分响应,平台当前提供按就诊汇总全部待缴费医嘱统一生成支付码；本条所述门诊、检查、检验、体检、胶片收费、自助机等各业务平台按约定规则分别打印缴费二维码，以及另行打印移动医保支付二维码的功能尚未提供，列入后续开发计划。
930,,,用户使用手机上安装的支付宝APP或微信APP，扫描指引单上的二维码，会自动打开一个网页，展示患者本次就诊记录对应的患者就诊信息，包括所有待缴费的项目及对应的明细、总金额。 +-----------------------------------------------------------------------------------------------------------------,部分响应,已提供：患者端「待缴费账单」网页按就诊展示待缴费项目与合计金额，并可直接发起支付。尚未提供：①扫描指引单二维码免注册自动打开该网页的入口（当前需通过患者门户以患者号加手机号登录）；②项目级单价、数量明细展示。上述缺项列入后续开发计划。
931,,,"用户无需注册，扫码后点击""支付""，输入支付密码即可完成缴费。系统自动识别当前的支付方式，缴费信息与HIS实时同步，完成支付后直接到对应的业务系统完成诊疗流程即可（治疗、取药、检查检验、体检、病理等）。 +--------------------------------------------------------------------------------------------------",部分响应,已提供：支付确认后与 HIS 实时联动——自动生成结算单、医嘱置为已收费并回写结算信息，患者可直接到对应业务科室完成诊疗；金额不符时挂起并生成差错单。尚未提供：①免注册扫码即付（当前需门户登录）；②微信/支付宝正式通道的支付密码验证流程；③支付方式自动识别（当前由患者在页面选择渠道）。上述缺项列入后续开发计划。
932,★,,展示本次就诊记录的对应支付信息。完成支付后，可以再次扫描二维码，显示申请单号，取药窗口号等。 +--------------------------------------------------------------------------------------------------------------------------------------------------------,部分响应,已提供：本次就诊对应支付信息展示——收银端按患者列出支付单号、金额、渠道、状态、结算单与出码时间，患者端可查看待缴费账单与已缴费清单。尚未提供：支付完成后再次扫描二维码回显申请单号、取药窗口号的流程（当前服务窗口台账未与处方、发药单绑定，无按处方分配取药窗口的逻辑）。上述缺项列入后续开发计划。
933,,,患者纸质报告单上或者指引导单上会有影像二维码，扫描该二维码即可浏览影像图片，也可直接对接医院公众号，通过检查报告查看对应的影像，支持分享，下载影像或报告。 +-------------------------------------------------------------------------------------------------------------------------,配套产品响应,平台提供检查报告限时分享链接（可匿名查看检查所见与诊断意见）及外部 PACS 阅片地址配置项作为接入点；报告单/指引单上的影像二维码、公众号内查看影像、影像分享与下载由云胶片/PACS 配套产品提供，平台配合完成检查记录与报告的关联对接。
934,,,将影像检索功能深度集成至患者移动端的检查报告模块，实现'报告查阅'与'影像浏览'的一站式无缝跳转，提升用户操作效率。 +--------------------------------------------------------------------------------------------------------------------------------------------,配套产品响应,平台患者端提供检查报告查阅（检查项目、检查所见、诊断意见、审核时间）；报告页面内嵌影像检索与「报告查阅—影像浏览」一站式跳转由云胶片配套产品提供，平台预留外部 PACS 阅片地址配置作为接入点。
935,,,报告内容全覆盖：包含患者基本信息、检查所见描述、诊断意见，以及报告医师与审核医师的完整签名信息。\ 影像资料高保真：提供完整的原始影像序列，确保数据无损传输。\ 存储与访问优势：支持影像资料长期云端保存，实现随时随地、多终端无缝查看。 +---------------------------------------------------------------------------------,配套产品响应,平台检查报告记录含患者基本信息、检查所见、诊断意见及报告医师、审核医师双签信息（患者端与分享页当前仅展示检查所见与诊断意见，签名信息对外展示列入后续开发计划）；原始影像序列的无损传输、长期云端保存与多终端查看由云胶片/PACS 配套产品提供。
936,,,系统支持历史离线检查资料的自动调阅申请处理，同时具备实时影像与报告的即时获取能力。用户可在'影像报告'与'原始影像'视图间无缝切换，实现图文联动浏览。 +---------------------------------------------------------------------------------------------------------------------------,配套产品响应,平台提供检查报告的即时查阅与外部 PACS 阅片地址配置作为接入点；历史离线检查资料的自动调阅申请处理、实时影像获取以及「影像报告—原始影像」图文联动视图由 PACS/云胶片配套产品提供。
937,,,即时调阅：支持影像图片与检查报告的加载与查看。 +-----------------------------------------------------------------------------------------------------------------------------------------------------------------+,部分响应,已提供：检查报告即时调阅——患者端可查看已审核报告，分享链接可匿名读取报告内容。尚未提供：平台内的影像图片加载与查看（当前仅提供外部 PACS 阅片地址链接跳转）。上述缺项列入后续开发计划。
938,,,交互浏览：实现报告文本与影像图片的一键切换与联动浏览。 +-----------------------------------------------------------------------------------------------------------------------------------------------------------------+,配套产品响应,平台提供检查报告的书写、审核与查阅功能；报告文本与影像图片的一键切换与联动浏览属阅片端能力，由云胶片/PACS 配套产品提供，平台预留外部阅片地址配置作为接入点。
939,,,消息触达：支持通过公众号、短信等多种方式，自动通知患者报告已出。 +-----------------------------------------------------------------------------------------------------------------------------------------------------------------+ 影像报,部分响应,平台当前提供报告审核发布后生成分享链接；本条所述通过公众号、短信等方式自动通知患者报告已出的消息触达功能尚未提供（尚无短信网关与公众号消息通道），列入后续开发计划。
940,,,系统兼容移动设备。 +-----------------------------------------------------------------------------------------------------------------------------------------------------------------+,正偏离/无偏离,平台前端采用适配移动屏幕的网页设计：患者门户为单列移动版式页面，另提供员工移动工作台独立布局，均可在手机、平板等移动设备浏览器上正常访问使用。
941,,,用户可在任意终端无缝查阅检查报告及原始影像。 +-----------------------------------------------------------------------------------------------------------------------------------------------------------------+,部分响应,已提供：检查报告跨终端查阅——患者端移动版式页面可查看已审核报告，另有匿名分享链接可在任意终端打开。尚未提供：原始影像在平台内的查阅（当前仅提供外部 PACS 阅片地址）。上述缺项列入后续开发计划。
942,,,支持通过医院官方微信公众号，进入检查报告阅览报告和影像。 +-----------------------------------------------------------------------------------------------------------------------------------------------------------------+,部分响应,平台当前提供患者门户网页（患者号加手机号登录）查看检查报告；本条所述通过医院官方微信公众号进入查看检查报告与影像的功能尚未提供（尚无微信公众号授权接入），列入后续开发计划。
943,,,能够从医院微信小程序浏览检查报告和影像。 +-----------------------------------------------------------------------------------------------------------------------------------------------------------------+,部分响应,平台当前提供患者门户网页查看检查报告；本条所述通过医院微信小程序浏览检查报告与影像的功能尚未提供（当前无小程序端），列入后续开发计划。
944,,,可通过扫描报告单二维码进入查看报告和影像。 +-----------------------------------------------------------------------------------------------------------------------------------------------------------------+,部分响应,平台当前提供检查报告打印与报告分享链接；本条所述报告单印制二维码、扫码进入查看报告与影像的功能尚未提供（尚无二维码生成能力），列入后续开发计划。
945,,,能够通过公众号发送的微信链接直接调阅检查报告和影像。 +-----------------------------------------------------------------------------------------------------------------------------------------------------------------+,部分响应,平台当前提供报告审核发布后生成分享链接（在院内操作端展示）；本条所述通过公众号向患者发送微信链接、直接调阅检查报告与影像的功能尚未提供，列入后续开发计划。
946,,,智能提醒：报告一出，微信即刻推送通知。 +-----------------------------------------------------------------------------------------------------------------------------------------------------------------+,部分响应,平台当前提供检查报告审核发布流程；本条所述报告出具后即刻微信推送通知的智能提醒功能尚未提供，列入后续开发计划。
947,,,原生支持触摸手势操作，实现报告与影像的流畅滑动浏览及缩放查看。 +-----------------------------------------------------------------------------------------------------------------------------------------------------------------+ 影像图片,部分响应,平台当前提供检查报告的移动版式页面浏览；本条所述原生触摸手势对报告与影像的流畅滑动、缩放浏览尚未提供（平台内无影像浏览组件），列入后续开发计划。
948,,,窗宽窗位调节：支持自动计算与手动精细调节，适应不同组织对比度需求。 +-----------------------------------------------------------------------------------------------------------------------------------------------------------------+,配套产品响应,【二级证据评审建议，待项目组签字】影像后处理/阅片/病理工作站产品；平台 RIS/病理流转与 PACS 接入点已备
949,,,多模态伪彩映射：内置黑白反向、彩虹色、金属色、火红、热金属蓝及混合模式等多种预设，满足多样化阅片习惯。 +---------------------------------------------------------------------------------------------------------------------------------------------------,配套产品响应,【二级证据评审建议，待项目组签字】影像后处理/阅片/病理工作站产品；平台 RIS/病理流转与 PACS 接入点已备
950,,,图像增强：提供图像锐化与增强算法，提升细节辨识度。 +-----------------------------------------------------------------------------------------------------------------------------------------------------------------+,配套产品响应,【二级证据评审建议，待项目组签字】影像后处理/阅片/病理工作站产品；平台 RIS/病理流转与 PACS 接入点已备
951,,,支持无损缩放、平移漫游、水平/垂直翻转及任意角度旋转等基础几何变换。 +-----------------------------------------------------------------------------------------------------------------------------------------------------------------+,配套产品响应,【二级证据评审建议，待项目组签字】影像后处理/阅片/病理工作站产品；平台 RIS/病理流转与 PACS 接入点已备
952,,,配备全套诊断工具，包括箭头标注、直线/曲线距离测量、角度测量，以及矩形、多边形、椭圆形等区域分析工具。 +---------------------------------------------------------------------------------------------------------------------------------------------------,外部条件,需医保局/省平台等外部环境开通后联调
953,,,支持动态影像序列的自动播放与帧率调整。 +-----------------------------------------------------------------------------------------------------------------------------------------------------------------+,配套产品响应,平台不存储影像帧数据，提供外部 PACS 阅片地址配置作为接入点；动态影像序列的自动播放与帧率调整属阅片端功能，由 PACS/云胶片配套产品提供。
954,,,"在执行测量、翻转、窗宽窗位调整等操作后，支持""一键重置""至初始状态，确保阅片流程高效无忧。 +---------------------------------------------------------------------------------------------------------------------------------------------------------",配套产品响应,【二级证据评审建议，待项目组签字】影像后处理/阅片/病理工作站产品；平台 RIS/病理流转与 PACS 接入点已备
955,,,"系统支持二维码与链接双模式分享检查报告及数字影像，专为异地转诊、多院协作等场景打造高效信息传递通道，患者如需将影像资料分享给外地专家，仅需在查阅界面点击 ""分享"" 按钮，即可发起操作。 +----------------------------------------------------------------------------------------------------------",部分响应,已提供：检查报告链接分享——报告审核发布后生成限时访问链接，支持吊销，接收方可匿名查看报告内容。尚未提供：①二维码模式分享；②数字影像的分享（当前仅分享报告文本）；③患者查阅界面上的「分享」按钮入口（当前链接在报告审核发布时生成）。上述缺项列入后续开发计划。
956,,,"在分享流程启动前，系统将弹出 ""免责声明""，以显著标识和明确提示向用户强调信息传播潜在风险，用户须仔细阅读并主动选择 ""同意"" 选项，方可触发分享操作，从源头保障用户知情权与数据使用合规性。 +-------------------------------------------------------------------------------------------------------",部分响应,平台当前提供报告分享链接的生成与吊销；本条所述分享前弹出免责声明、用户须阅读并主动选择「同意」后方可触发分享的流程尚未提供，列入后续开发计划。
957,,,分享过程中，系统提供高度灵活的权限配置功能：用户可自定义设置分享链接的有效时长，到期后链接自动失效。 +----------------------------------------------------------------------------------------------------------------------------------------------------,部分响应,本平台影像报告分享功能已提供分享链接有效期设置与到期自动失效能力，并可提前撤回已分享链接；当前分享操作按默认有效期生成链接，尚未在界面上开放有效期自定义设置与撤回操作入口。上述缺项列入后续开发计划。
958,,,支持选择匿名分享模式，隐藏患者个人敏感信息。 +-----------------------------------------------------------------------------------------------------------------------------------------------------------------+,部分响应,本平台影像报告分享页面对患者姓名统一做脱敏展示，且仅展示检查项目、检查方式、影像所见、诊断意见与审核时间，不展示证件号码与联系方式；当前为固定的脱敏展示方式，尚未提供由分享人自行选择匿名分享模式的开关。上述缺项列入后续开发计划。
959,★,,可自由控制接收方是否具备下载权限，防止资料无限制扩散，还能设置是否允许查看历史版本影像。 +----------------------------------------------------------------------------------------------------------------------------------------------------------,部分响应,本平台影像报告分享当前提供有效期控制、链接撤回与患者姓名脱敏等管控能力，分享页面仅展示报告文字内容、不提供影像文件下载；本条所述接收方下载权限开关与是否允许查看历史版本影像的设置，当前版本尚未提供，列入后续开发计划。
960,,,支持对患者进行院内满意度调查，调查结果可生成电子化记录；支持查看门诊、出院、在院患者满意度调查统计表。能根据患者的评价结果，适时向管理端推送消息。能按系统策略自动采集业务系统中的特定人群信息（如：住院时间长、治疗费用高、重危病人等）进行满意度调查管理。,部分响应,本平台患者关怀模块已提供满意度评价的电子化记录与统计展示（调查份数、平均分及最近评价明细）；尚未提供①门诊、出院、在院分类统计表；②评价结果向管理端的消息推送；③按住院时间长、费用高、危重等人群策略自动发起调查；④评价内容的界面录入入口。上述缺项列入后续开发计划。
961,,,患者通过院内自助设备、微信公众号、网站等完成满意度调查问卷、投诉或意见反馈，问卷结果统一；通过采集方式获得的患者反馈数据能够通过网络传送给相关管理部门进行分析处理；能够对相关数据进行分析处理，能够将结果反馈给用户。,部分响应,本平台当前提供满意度评价记录与统计的基础能力；本条所述自助设备、微信公众号、网站等多渠道问卷采集，投诉与意见反馈受理，以及反馈数据向管理部门传送、分析处理与结果回馈，当前版本尚未提供，列入后续开发计划。
962,,,满意度调查涵盖对于医院、科室、人员的评价，同时包含诊疗环节，如挂号、住院、取药、检查、治疗、就医环境等内容。,部分响应,本平台当前的满意度评价为总体评分加文字意见的记录方式；本条所述对医院、科室、人员分别评价，以及挂号、住院、取药、检查、治疗、就医环境等诊疗环节的分项评价，当前版本尚未提供，列入后续开发计划。
963,,,医院可登录管理系统对满意度问卷进行管理、展示问卷统计报表，导出问卷人数等信息。 +-------------------------------+-------------------------------------------------------------------------------------------------------------------------------,部分响应,本平台已提供满意度统计报表页面，管理人员登录后可查看调查份数、平均分与最近评价明细；尚未提供①问卷的新建、编辑与发布等问卷管理功能；②问卷人数等信息的导出。上述缺项列入后续开发计划。
964,★,,全面展示挂号信息、待诊信息，根据挂号信息查询整体挂号数据，根据待诊信息查询钱都队列信息。 +----------------------------------------------------------------------------------------------------------------------------------------------------------,部分响应,本平台门诊挂号台已提供当日挂号记录展示（含患者、科室、医生、号序、费用与状态），分诊叫号大屏提供候诊、已叫号、就诊中、过号四类待诊队列展示；尚未提供①按患者、科室、医生、时段、号别的多条件挂号检索；②历史日期挂号数据查询；③挂号数据的整体汇总口径。上述缺项列入后续开发计划。
965,★,,全面展示历史患者就诊信息，查询已诊患者列表，能够浏览个人资料、病历、医嘱等信息。 +--------------------------------------------------------------------------------------------------------------------------------------------------------------,部分响应,本平台门诊医生站已提供患者历史就诊查阅（最近五十次就诊的主诉、处理意见与诊断），当日已诊患者可在接诊列表中查看，患者资料与病历随接诊一并载入；尚未提供①历史就诊中医嘱与处方明细的查阅；②跨日期的已诊患者列表检索。上述缺项列入后续开发计划。
966,★,,全面展示周期患者就诊信息，查询周期患者列表，能够浏览个人资料、病历、医嘱等信息。 +--------------------------------------------------------------------------------------------------------------------------------------------------------------,部分响应,本平台门诊医生站当前提供当日患者列表，并可按患者查阅其历次就诊记录；本条所述按周期（时间段）检索并展示患者列表，以及在该列表内浏览个人资料、病历、医嘱的功能，当前版本尚未提供，列入后续开发计划。
967,★,,具备各种接诊方式，包括刷就诊卡、医保卡、身份证等其他电子凭证，或从待诊、已诊、历史、本科室患者病人列表中选择患者调入接诊，并支持对接排队叫号系统功能管理患者接诊顺序。 +-------------------------------------------------------------------------------------------------------------------,部分响应,本平台门诊医生站支持从当日患者队列中点选患者调入接诊，挂号台支持按姓名、患者号、身份证号、手机号检索患者；尚未提供①就诊卡、医保卡、身份证等电子凭证读卡接诊；②已诊、历史、本科室等多来源患者列表切换调入；③医生在工作站内直接管理叫号与接诊顺序。上述缺项列入后续开发计划。
968,★,,在接诊病人管理中，支持多病人接诊模式。 +-----------------------------------------------------------------------------------------------------------------------------------------------------------------------------------,部分响应,本平台门诊医生站当前为单患者工作区，医生可在患者队列中切换接诊对象并逐位完成诊疗记录；本条所述多病人并行接诊模式（同时保持多位患者的书写会话）当前版本尚未提供，列入后续开发计划。
969,★,,支持自定义患者信息栏显示信息。 +---------------------------------------------------------------------------------------------------------------------------------------------------------------------------------------,部分响应,本平台门诊医生站患者信息栏固定展示姓名、患者编号、性别、年龄与过敏史提示；本条所述由用户或院级自定义患者信息栏显示内容的配置功能，当前版本尚未提供，列入后续开发计划。
970,★,,叫号数据资料一致化到语音设备及诊室显示屏上，与分诊叫号平台信息系统予以完成互动，能够医生根据患者列表对患者进行呼叫就诊行为。 +----------------------------------------------------------------------------------------------------------------------------------------,部分响应,本平台已提供门诊分诊叫号：叫号大屏按科室叫下一号并保留叫号记录，同时具备语音播报能力；尚未提供①医生在本人患者列表中直接呼叫患者就诊；②外部语音设备与诊室显示屏的对接；③与急诊预检分诊之间的数据联动。上述缺项列入后续开发计划。
971,★,,医生接诊患者后自动化获取患者基本数据资料，为病历书写、门诊医嘱拥有数据资料能够。 +--------------------------------------------------------------------------------------------------------------------------------------------------------------,正偏离/无偏离,本平台门诊医生站在接诊选中患者后自动带出患者基本信息与过敏史，并一次性载入本次就诊的病历、诊断与已开医嘱；病历书写与门诊医嘱开立在同一就诊上下文中共享数据，医生无需重复录入患者资料。
972,★,,集中展示患者在医院信息系统中的基本信息，如姓名、性别、年龄、联系方式、过敏史和病种信息。 +----------------------------------------------------------------------------------------------------------------------------------------------------------,部分响应,本平台门诊医生站患者信息栏集中展示姓名、患者编号、性别、年龄，并对过敏史做醒目提示；尚未提供①联系方式的展示；②病种（慢特病等）信息的展示。上述缺项列入后续开发计划。
973,★,,支持接诊信息修改、患者基本信息修改。 +------------------------------------------------------------------------------------------------------------------------------------------------------------------------------------,部分响应,本平台已提供患者基本信息修改功能，可在患者建档页面维护患者资料；尚未提供①接诊（挂号）信息修改，挂号建立后只能整单退号，不能修改科室、医生、号别与就诊日期；②医生站接诊工作区内的患者信息编辑入口。上述缺项列入后续开发计划。
974,★,,能够医生无号就诊，为一些特殊情况患者拥有便利。 +-------------------------------------------------------------------------------------------------------------------------------------------------------------------------------,部分响应,本平台门诊诊疗流程当前以挂号记录为基础，病历书写、诊断与医嘱开立均在接诊后进行；本条所述医生无号就诊（先诊后挂或临时建档就诊）通道，当前版本尚未提供，列入后续开发计划。
975,★,,拥有诊间预约挂号功能，能够预约下次就诊科目及日期。 +-----------------------------------------------------------------------------------------------------------------------------------------------------------------------------,部分响应,本平台已提供分时段预约挂号功能，院内预约挂号页面与患者端均可预约就诊科室与就诊日期，并支持预约签到；尚未提供门诊医生站接诊界面内的诊间预约入口，医生暂不能在诊间为患者直接预约下次就诊科目与日期。上述缺项列入后续开发计划。
976,★,,能够诊间加号、转诊、转介、退号等功能。 +-----------------------------------------------------------------------------------------------------------------------------------------------------------------------------------,部分响应,本平台已在挂号收费窗口提供退号功能，并与收费环节联动校验；本条所述诊间加号、转诊、转介三项功能当前版本尚未提供，退号亦暂无门诊医生站入口。上述缺项列入后续开发计划。
977,★,,支持门诊西医诊断规范化管理，对标ICD-10标准编码及自定义临床诊断名称描述。 +---------------------------------------------------------------------------------------------------------------------------------------------------------------,部分响应,本平台门诊诊断依托 ICD-10 编码字典，医生可按诊断名称、编码或拼音检索并多选录入，诊断以标准编码规范存储；尚未提供①自定义临床诊断名称的自由文本描述录入；②ICD-10 字典的批量导入与维护功能，当前字典为常见病简表。上述缺项列入后续开发计划。
978,,▲,①对接院外医疗机构发起的转诊申请单，获取患者基础信息、病情摘要、病历图片等信息。②在审核时判断患者病情，提供多级审核机制，即患者病情仅需急诊处理时，由急诊医生审核后反馈审核信息至申请端。（投标人提供相关软件界面截图，并加盖投标人公章 +----------------------------------------------------------------------------------,部分响应,本条所述对接院外医疗机构发起的转诊申请单、接收患者基础信息与病情摘要及病历图片，以及急诊医生审核后反馈申请端的多级审核机制，当前版本尚未提供，列入后续开发计划；相应软件界面截图暂不具备提供条件。
979,★,,提供患者诊断助手功能，包括患者历史诊断、常用诊断、高频诊断等内容，方便医生录入。 +--------------------------------------------------------------------------------------------------------------------------------------------------------------,部分响应,本平台门诊医生站提供患者历史诊断查阅，可查看历次就诊及其诊断并对主诊断醒目标识，辅助医生了解既往诊断情况；尚未提供①常用诊断与高频诊断的推荐；②历史诊断一键带入当前病历诊断栏。上述缺项列入后续开发计划。
980,★,,诊断报卡：根据下达的诊断判断是否需要进行传染病，食源性疾病统一报卡等操作，完成报卡闭环**。** +------------------------------------------------------------------------------------------------------------------------------------------------------,部分响应,本平台已提供传染病报卡的建卡、审核与上报闭环功能；尚未提供①依据下达的诊断自动判断是否需要报卡并提示医生；②食源性疾病报卡；③门诊医生站内的报卡入口，现由院感与护理岗位手工建卡。上述缺项列入后续开发计划。
981,★,,支持诊断与病历信息对接，实现诊断录入完成后病历诊断数据自动导入。 +----------------------------------------------------------------------------------------------------------------------------------------------------------------------,正偏离/无偏离,本平台门诊诊断在病历书写界面内直接录入，与病历同事务保存，诊断数据自动进入本次就诊病历；再次打开该次就诊时病历与诊断一并带出，历史就诊摘要亦同步携带诊断信息，实现诊断与病历的信息对接。
982,★,,能够在诊断基础上进行前缀、后缀内容的增加。 +---------------------------------------------------------------------------------------------------------------------------------------------------------------------------------,部分响应,本平台门诊诊断按标准编码、诊断名称与主次诊断标志规范记录；本条所述在诊断基础上增加前缀、后缀描述内容的功能，当前版本尚未提供，列入后续开发计划。
983,★,,能够门诊诊断的确诊和疑诊标记功能。 +-------------------------------------------------------------------------------------------------------------------------------------------------------------------------------------,部分响应,本平台门诊诊断当前记录标准编码、诊断名称与主次诊断标志；本条所述门诊诊断的确诊、疑诊标记功能，当前版本尚未提供，列入后续开发计划。
984,★,,能够医保病人特殊病种录入。 +-----------------------------------------------------------------------------------------------------------------------------------------------------------------------------------------,部分响应,本平台患者建档已记录参保类型（自费、职工医保、居民医保），并在结算时据以自动分割医保与自费费用；本条所述医保门诊特殊病种（慢特病）的备案与录入功能，当前版本尚未提供，列入后续开发计划。
985,★,,支持主次诊断设置与显示。 +------------------------------------------------------------------------------------------------------------------------------------------------------------------------------------------,正偏离/无偏离,本平台门诊诊断支持主次诊断的设置与显示：诊断按顺序录入、首位即为主诊断，历史就诊查阅与病案首页均按主诊断、其他诊断分别标识展示，主次口径贯穿门诊与病案统计。
986,★,,门诊病历跟医生站一体化集成，满足界面集成、数据集成、应用集成的整合效果，方便医生看诊，提高就诊效率。 +----------------------------------------------------------------------------------------------------------------------------------------------------,正偏离/无偏离,本平台门诊病历为医生站工作区内的固定页签，与处方、检查检验、已开医嘱同屏并列；一次接诊即载入本次就诊的病历、诊断与医嘱数据，界面、数据与应用在同一入口内整合，医生看诊无需在多个系统间切换。
987,★,,结构化模板：提供丰富的门诊病历模板，包括常见疾病的模板，支持自定义模板，方便医生快速录入。 +---------------------------------------------------------------------------------------------------------------------------------------------------------,部分响应,本平台已提供电子病历模板库与模板维护功能，可自定义新建、编辑模板并按科室与类型分类，住院医生站与检查报告书写已支持套用；尚未提供①门诊病历书写界面的模板选择与套用入口；②常见疾病模板的预置内容，模板需在实施阶段建立。上述缺项列入后续开发计划。
988,★,,门诊病历书写支持自动选择科室默认模板，也支持自行选择任一模板进行病历书写。同时支持选择患者历史文书创建新病历。 +-----------------------------------------------------------------------------------------------------------------------------------------------,部分响应,本平台已提供病历模板库与模板维护功能，住院医生站支持选择模板书写病历；本条所述门诊病历自动套用科室默认模板、自行选择任一模板书写，以及选择患者历史文书创建新病历，当前版本尚未提供，列入后续开发计划。
989,★,,提供类WORD书写界面风格、结构化书写、所见即所得。支持文本元素、日期元素、单选元素、多选元素等多种结构化书写格式，支持病历书写时元素的快速跳转。自由文本输入：在结构化模板基础上，支持医生自由输入文本，满足个性化记录需求。 +---------------------------------------------------------------------------------------,部分响应,本平台门诊病历按主诉、现病史、既往史、体格检查、处理意见分项书写，医生可自由文本输入，满足个性化记录需求；本条所述类 WORD 所见即所得书写界面，文本、日期、单选、多选等结构化元素及元素间快速跳转，当前版本尚未提供，列入后续开发计划。
990,★,,多媒体记录：能够插入图片、音频、视频等多媒体资料，如患者的患处照片、口述录音等。 +--------------------------------------------------------------------------------------------------------------------------------------------------------------,部分响应,本平台门诊病历当前以文字记录为主；本条所述在病历中插入图片、音频、视频等多媒体资料（如患处照片、口述录音）的功能，当前版本尚未提供，列入后续开发计划。
991,★,,实现门诊病历和门诊医嘱的信息自动更新和签名流程闭环。在医生站录入医嘱和诊断自动更新到本人创建/签署的病历中，当切换病历或者诊毕时引导医生一键签署或重新签署病历，保证门诊病历中的医嘱和诊断信息不丢失。 +---------------------------------------------------------------------------------------------------,部分响应,本平台门诊病历具备电子签名与签名后冻结、补正留痕的处理能力，诊断与病历同事务保存不会丢失；尚未提供①门诊病历签名的界面操作入口；②诊毕或切换患者时的签署、重签引导；③医嘱信息自动回写病历。上述缺项列入后续开发计划。
992,★,,拥有临床数据资料引用功能，能够直接引用患者基本数据资料、检验、检查等数据资料，也能够引用历史病历中的相关内容。 +-----------------------------------------------------------------------------------------------------------------------------------------------,部分响应,本平台门诊医生站可查阅患者历次就诊记录与诊断，检验结果与患者全景视图亦可在相应页面调阅；尚未提供将患者基本信息、检验检查结果或历史病历内容一键引用（插入）至当前病历正文的功能。上述缺项列入后续开发计划。
993,★,,拥有诊断库、电子病历模板库等知识库的支撑。 +---------------------------------------------------------------------------------------------------------------------------------------------------------------------------------,部分响应,本平台已提供电子病历模板库（模板新建、编辑与维护齐备）以及 ICD-10 诊断字典的检索支撑，医生书写与诊断录入均可调用；诊断库当前为常见病简表，尚未提供 ICD-10 全量导入与字典维护功能。上述缺项列入后续开发计划。
994,★,,病历内容历次更新痕迹保留，拥有病历留痕功能。 +--------------------------------------------------------------------------------------------------------------------------------------------------------------------------------,部分响应,本平台门诊病历签名后即行冻结，此后任何修改均须以补正方式进行，完整保留原文快照、补正内容、补正原因、补正人与补正时间，形成可追溯的留痕记录；尚未提供签名前书写阶段的历次保存版本痕迹。上述缺项列入后续开发计划。
995,★,,并拥有药物字典、检验检查字典、手术治疗字典等字典数据资料，医生能够开具药品、处置治疗、卫生材料等医嘱。 +---------------------------------------------------------------------------------------------------------------------------------------------------,部分响应,本平台已提供药品字典与收费项目字典（涵盖检验、检查、治疗、卫生材料分类），医生可在门诊医生站开具药品处方及检验、检查、处置治疗、卫生材料医嘱；尚未提供手术操作字典（ICD-9-CM-3）与门诊手术医嘱开立通道，住院手术名称目前为自由文本录入。上述缺项列入后续开发计划。
996,★,,能够不同级别医生开立相应当级别药物、检验检查、治疗方案以及手术等医嘱数据资料，拥有医嘱权限管控支持上级医生或药师对医嘱进行审核。 +--------------------------------------------------------------------------------------------------------------------------------------,部分响应,本平台已提供抗菌药物分级处方权管控（按医生级别限制抗菌药开立）与药师处方审核功能；尚未提供①检验、检查、治疗方案、手术等医嘱按医生级别开立的权限管控；②上级医生对门诊医嘱的审核环节。上述缺项列入后续开发计划。
997,★,,以符合《处方管控办法》：诊断、科室、医生、时间的限制等，自动化审批录入处方的完整性性。 +-----------------------------------------------------------------------------------------------------------------------------------------------------------,部分响应,本平台已提供医生维度的抗菌药物分级处方权管控、须接诊后方可开单的校验，以及过敏禁忌与重复用药提醒；尚未提供①处方须有诊断的完整性校验；②处方限量与处方有效期控制；③科室维度的开立限制；④麻醉、精神药品专用处方管控。上述缺项列入后续开发计划。
998,★,,能够集成合理用药平台信息系统、医保控费平台信息系统进行合理用药及医保控费审查及提示。 +------------------------------------------------------------------------------------------------------------------------------------------------------------,配套产品响应,合理用药平台与医保控费平台由专业厂商配套产品提供。本平台已内置临床用药审查机制（药物相互作用、剂量与疗程、年龄适应性等规则审查）并在开单环节实时提示，规则数据源可由商用合理用药知识库替换供数；医保侧已预留统一接入适配层，由医保控费产品或医保部门接口接入后实现事前审查与控费提示。
999,★,,方便医生快捷进行医嘱的开立，拥有处方模板功能，并具有相应当模板编辑功能。 +------------------------------------------------------------------------------------------------------------------------------------------------------------------,部分响应,本平台门诊处方支持逐项选择药品并录入单次量、频次、给药途径、天数与数量后开立，配合药品字典检索提高录入效率；本条所述处方模板功能及相应模板编辑功能，当前版本尚未提供，列入后续开发计划。
1000,★,,能够协定处方功能，提高医院配方速度和质量。 +---------------------------------------------------------------------------------------------------------------------------------------------------------------------------------,部分响应,本平台门诊处方当前为逐项开立方式；本条所述协定处方（院内固定配方成组开立）功能，当前版本尚未提供，列入后续开发计划。
1001,★,,拥有费用数据资料提示：包括项目名称、规格、价格、医保费用类别、数量等。 +-------------------------------------------------------------------------------------------------------------------------------------------------------------------,部分响应,本平台门诊开单时提示收费项目名称、单价与数量，并在已开医嘱列表中展示项目、数量与金额；尚未提供①项目规格的提示；②医保费用类别的提示与展示。上述缺项列入后续开发计划。
1002,★,,拥有药品数据资料提示：包括商品名、通用名、规格、价格、库存量、医保费用类别等。 +---------------------------------------------------------------------------------------------------------------------------------------------------------------,部分响应,本平台门诊开药时在药品选择处即提示药品名称、规格、价格、单位与可用库存量；尚未提供①商品名与通用名的分别提示（当前为单一药品名称）；②医保费用类别的提示。上述缺项列入后续开发计划。
1003,★,,缺药时不准许进行后续处方开具业务流程，拥有缺药提醒。 +----------------------------------------------------------------------------------------------------------------------------------------------------------------------------,部分响应,本平台在门诊开单时校验药品库存并对库存不足给出缺药提醒，药房发药环节对库存不足做硬性拦截。考虑到临时进药等实际业务安排，当前在医生开立环节采用提示而不阻断的处理方式；如需按本条要求在缺药时禁止继续开具处方，可作为可配置的管控策略列入后续开发计划。
1004,★,,能够多种录入方式：五笔首码、拼音首码、汉字、商品名、通用名、药品编码等。 +------------------------------------------------------------------------------------------------------------------------------------------------------------------,部分响应,对应业务登记能力已实现，字段级差异逐条比对
1005,★,,提高医生开方速度，能够预先设置药品的默认剂量、频次、用法等。 +------------------------------------------------------------------------------------------------------------------------------------------------------------------------,部分响应,对应模块维护能力已实现（字典/参数/规则），细节逐条比对
1006,★,,医师能够输入相关注意事项，所有医嘱均拥有备注功能。 +-----------------------------------------------------------------------------------------------------------------------------------------------------------------------------,部分响应,本平台门诊与住院医嘱当前记录项目名称、用法用量、数量、金额与执行状态等要素；本条所述医师注意事项录入与全部医嘱的备注功能，当前版本尚未提供，列入后续开发计划。
1007,★,,能够处方作废、处方双签字功能。 +---------------------------------------------------------------------------------------------------------------------------------------------------------------------------------------,部分响应,本平台已提供处方作废功能，未收费处方可直接作废、已收费处方须先退费后作废，作废过程受控；尚未提供处方双签字功能，门诊处方暂无第二医师共同签署环节。上述缺项列入后续开发计划。
1008,★,,医嘱与病历内容相关联，便于查看医嘱依据和治疗思路。 +-----------------------------------------------------------------------------------------------------------------------------------------------------------------------------,正偏离/无偏离,本平台门诊病历、诊断与医嘱以同一次就诊为主线关联存储，医生站工作区一次载入全部内容，可在病历、处方、检查检验、已开医嘱各页签间同屏对照查看，清晰体现医嘱依据与治疗思路。
1009,★,,支持根据患者过敏信息、皮试记录、药品皮试规则智能提醒自动开立皮试医嘱。 +-------------------------------------------------------------------------------------------------------------------------------------------------------------------,部分响应,本平台已内置药品皮试规则，门诊护士站提供皮试登记与结果录入，且在输液执行前强制校验同类别皮试阴性结果，未通过即行拦截；尚未提供医生开立相关药品时的皮试智能提醒与皮试医嘱自动开立。上述缺项列入后续开发计划。
1010,★,,提供针对药品医嘱外送功能。 +-----------------------------------------------------------------------------------------------------------------------------------------------------------------------------------------,部分响应,本平台门诊药品医嘱当前的执行流程为院内药房发药；本条所述药品医嘱外送（处方外流与院外配送）功能，当前版本尚未提供，列入后续开发计划。
1011,★,,支持草药处方开立时根据草药成品类型（如中药配方颗粒剂、中药饮片、机配颗粒饮片等）设置的倍数药自动校验医生开立单味草药剂量是否符合倍数药规格，若不符则需进行提醒，且不允许保存通过。 +-------------------------------------------------------------------------------------------------------------,配套产品响应,属设备配套软件/商用知识库/CA 等产品参数，平台已留标准接入点
1012,★,,支持草药处方煎法、炮制、治法的选择。 +------------------------------------------------------------------------------------------------------------------------------------------------------------------------------------,部分响应,本平台药品字典当前涵盖西药与中成药，处方按单次量、频次、给药途径与用药天数开立；本条所述草药处方的煎法、炮制与治法选择功能，当前版本尚未提供，列入后续开发计划。
1013,★,,拥有检验申请单开具功能，检验申请单，拥有检验项目诊断、加急标志录入功能。 +------------------------------------------------------------------------------------------------------------------------------------------------------------------,部分响应,本平台门诊医生站可开具检验申请单并自动生成申请单号，检验项目取自收费项目字典，申请单随就诊记录关联管理；尚未提供①加急标志录入；②检验项目对应诊断信息随申请单一并带出。上述缺项列入后续开发计划。
1014,★,,拥有检查申请单开具功能，检查申请单，拥有检查申请单临床摘要、诊断数据资料、检查目的、注意事项录入功能。 +---------------------------------------------------------------------------------------------------------------------------------------------------,部分响应,本平台门诊医生站可开具检查申请单并自动生成申请单号，检查项目取自收费项目字典；尚未提供临床摘要、诊断资料、检查目的与注意事项等申请单信息的录入。上述缺项列入后续开发计划。
1015,★,,拥有手术申请单开具功能，拥有急诊手术、日间手术等标志录入功能，手术申请单。 +-----------------------------------------------------------------------------------------------------------------------------------------------------------------,部分响应,本平台已提供手术申请单开具功能（住院侧），可填写手术名称、麻醉方式、拟手术时间与手术医生，并支持排程与术后记录；尚未提供①急诊手术、日间手术等标志录入；②门诊侧手术申请单开立。上述缺项列入后续开发计划。
1016,★,,拥有检验申请自动获取病情摘要、诊断，能填写标本类型、采样部位等信息，并根据流向自动获取执行科室。 +------------------------------------------------------------------------------------------------------------------------------------------------------,部分响应,本平台门诊医生站可开具检验申请单并生成申请单号，检验标本可按条码流转至检验环节；本条所述申请单自动获取病情摘要与诊断、标本类型与采样部位填写、按流向自动确定执行科室等功能，当前版本尚未提供，列入后续开发计划。
1017,★,,予以完成医技检查报告调阅功能，能够浏览检查结果和影像资料，能够与医技检查平台信息系统集成。 +---------------------------------------------------------------------------------------------------------------------------------------------------------,部分响应,本平台检查报告可在医技技师工作台书写审核，并向患者端开放报告查询；尚未提供①临床医生工作站内的检查报告调阅入口；②影像资料浏览；③与影像检查平台的实际集成对接，当前仅预留接入配置。上述缺项列入后续开发计划。
1018,★,,予以完成医技检验报告调阅功能，能够与医技检验平台信息系统集成。 +-----------------------------------------------------------------------------------------------------------------------------------------------------------------------,正偏离/无偏离,本平台已实现检验报告调阅：检验结果统一归集至临床数据中心，可在患者全景视图中按检验类别与时间轴查阅历次报告；同时通过标准 HL7 检验结果报文接口与检验平台集成，实现结果自动接收入库。
1019,★,,基于电子病历评价标准，实现患者就诊信息互通，在门诊医生站中有且不限于检验、检查、病理、电子病历数据报告查询，也支持历史某段时间内就诊报告的查询。 +------------------------------------------------------------------------------------------------------------------------------,部分响应,本平台门诊医生站可查阅患者历次就诊的电子病历摘要与诊断（最近五十次），实现就诊信息互通的基础调阅；尚未提供①医生站内检验、检查、病理报告的集中查询；②按历史某段时间的就诊报告筛选。上述缺项列入后续开发计划。
1020,★,,支持图文报告查看以及内嵌式影像浏览器接口查看。 +-------------------------------------------------------------------------------------------------------------------------------------------------------------------------------,部分响应,本平台检查与检验报告当前以文字形式展示与打印；本条所述图文报告（图像与文字混排）查看以及内嵌式影像浏览器接口查看，当前版本尚未提供，列入后续开发计划。
1021,★,,在检验结果中支持检验定量指标的趋势图分析，分单指标趋势图和多指标趋势图。 +------------------------------------------------------------------------------------------------------------------------------------------------------------------,部分响应,本平台已具备按患者与检验项目归集定量结果并标注异常的基础能力，可为趋势分析提供数据；尚未提供①单指标趋势图的界面展示；②多指标趋势图分析。上述缺项列入后续开发计划。
1022,★,,拥有门诊会诊申请功能，能够门诊各科室间的会诊申请。 +-----------------------------------------------------------------------------------------------------------------------------------------------------------------------------,部分响应,本平台已提供住院会诊申请与会诊管理功能；本条所述门诊会诊申请及门诊各科室间的会诊流程，当前版本尚未提供，列入后续开发计划。
1023,★,,同时浏览患者的就诊数据资料，拥有填写会诊结论功能。 +-----------------------------------------------------------------------------------------------------------------------------------------------------------------------------,部分响应,本平台已提供会诊结论（会诊意见）填写功能，会诊单可查看申请事由、状态与会诊意见并形成记录；尚未提供①会诊时同屏浏览患者病历、检验、检查等就诊资料；②门诊会诊场景下的应用。上述缺项列入后续开发计划。
1024,★,,拥有医保类别审批功能，自动化核算就诊费用。 +---------------------------------------------------------------------------------------------------------------------------------------------------------------------------------,部分响应,本平台已实现就诊费用的自动核算，按患者参保类型自动计算起付线、统筹支付与个人自付并完成结算；尚未提供医保类别（参保类型）的申请与审批流程，当前由建档岗位直接维护。上述缺项列入后续开发计划。
1025,★,,能够根据设置给予医生退费功能。 +---------------------------------------------------------------------------------------------------------------------------------------------------------------------------------------,部分响应,本平台已提供退费功能并支持大额退费审批控制；出于财务内控与岗位职责分离要求，退费操作当前限收费员与管理员岗位办理，医生站可作废未收费医嘱。本条所述按设置授予医生退费权限的功能，当前版本尚未提供，列入后续开发计划。
1026,★,,拥有处方、检验单、检查单、治疗单、导诊单打印功能。 +-----------------------------------------------------------------------------------------------------------------------------------------------------------------------------,部分响应,本平台已提供挂号凭条、收费票据、检验报告单、住院费用清单与出院记录等打印能力；本条所述处方笺、检验申请单、检查单、治疗单、导诊单五类单据的打印，当前版本尚未提供，列入后续开发计划。
1027,★,,医生下达的门诊诊断能够与传染病上报报卡进行关联，能够传染病报卡登记，并自动化根据诊断填写不同类型的报卡内容提醒医生进行上报。 +----------------------------------------------------------------------------------------------------------------------------------------,部分响应,本平台已提供传染病报卡的登记、审核与上报闭环功能；尚未提供①门诊诊断与传染病报卡的关联；②依据诊断自动填写相应类型报卡内容并提醒医生上报；③门诊医生的报卡权限与操作入口。上述缺项列入后续开发计划。
1028,★,,能够死亡登记卡的登记。 +-------------------------------------------------------------------------------------------------------------------------------------------------------------------------------------------,正偏离/无偏离,本平台病案统计模块提供死亡登记卡的登记功能，可录入死亡患者、死亡时间、直接死因及死因链与死亡地点，支持登记卡列表查询与打印输出，操作入口位于死亡登记页签。
1029,★,,患者如应当住院治疗，医生为患者诊治时，医生能够在门诊医生站直接开具电子入院证，填写相关入院证数据资料。 +---------------------------------------------------------------------------------------------------------------------------------------------------,部分响应,本平台住院办理环节提供入院登记与预交金管理，门诊医生站可完成病历、诊断与医嘱记录；本条所述由门诊医生站直接开具电子入院证并填写入院证相关资料的功能，当前版本尚未提供，列入后续开发计划。
1030,★,,也能够移动端进行入院预约或缴纳预交金，入院证提交后共享到其他业务平台信息系统，患者能够根据电子入院证办理入院。 +-----------------------------------------------------------------------------------------------------------------------------------------------,部分响应,本平台患者端已提供预约挂号、报告查询与在线缴费等服务，住院预交金在住院办理窗口收缴并可查询；本条所述移动端入院预约、移动端缴纳预交金以及入院证提交后共享至其他业务系统并据以办理入院，当前版本尚未提供，列入后续开发计划。
1031,★,,拥有医师工作量汇总。 +--------------------------------------------------------------------------------------------------------------------------------------------------------------------------------------------,正偏离/无偏离,本平台运营管理模块提供医师工作量汇总，按月统计各医师接诊人次与处方金额并排名展示，可随科室月报一并导出，供科室与院级考核使用。
1032,★,,拥有诊断工作量汇总。 +--------------------------------------------------------------------------------------------------------------------------------------------------------------------------------------------,部分响应,本平台病案统计已提供出院主诊断疾病谱排名（例数与平均住院日）与 ICD 章节构成分析，可反映诊断分布情况；尚未提供门诊诊断维度的工作量汇总。上述缺项列入后续开发计划。
1033,★,,拥有费用相关汇总。 +---------------------------------------------------------------------------------------------------------------------------------------------------------------------------------------------,正偏离/无偏离,本平台提供多口径费用汇总：收入总览、每日收入、科室月度门诊与住院收入及人次、均次费用、药占比等运营指标，按费别与费用类别的金额汇总，以及财务日结报表，均具备界面查询与导出能力。
1034,★,,拥有费别分类的金额汇总。 +------------------------------------------------------------------------------------------------------------------------------------------------------------------------------------------,正偏离/无偏离,本平台费用报表提供按费别（自费、职工医保、居民医保）汇总的门诊与住院笔数、金额、退费金额、均次费用与占比，可在费用分类报表页面查询并导出。
1035,★,,拥有病人区域来源分布汇总。 +-----------------------------------------------------------------------------------------------------------------------------------------------------------------------------------------,外部条件,需医保局/省平台等外部环境开通后联调
1036,,,直观显示已安床位和空置床位，能够床位卡的形式显示。 +-----------------------------------------------------------------------------------------------------------------+,部分响应,本平台门诊输液以输液登记列表方式管理并展示待输液、输液中与已完成状态，住院病区提供床位卡视图；本条所述门诊输液室已安床位与空置床位的床位卡形式展示，当前版本尚未提供，列入后续开发计划。
1037,,,拥有高效快速输液登记功能，通过患者卡号自动化带出相关数据资料予以完成安床。 +-----------------------------------------------------------------------------------------------------------------+,部分响应,本平台门诊护士站可从待输液医嘱中快速建立输液登记，患者与药品信息随医嘱自动带出；本条所述通过患者卡号读卡带出资料并完成安床的功能，当前版本尚未提供，列入后续开发计划。
1038,,,能够对患者换床进行高效快速行为及管控，能够换床功能。 +-----------------------------------------------------------------------------------------------------------------+,部分响应,本平台门诊输液当前不设床位管理（住院侧提供转床功能）；本条所述输液患者换床操作及其管控，当前版本尚未提供，列入后续开发计划。
1039,,,能够取消安床，满足因特殊原因取消输液的情况处理操作。 +-----------------------------------------------------------------------------------------------------------------+,部分响应,本平台门诊输液登记建立后按待输液、输液中、已完成流转；本条所述取消安床及因特殊原因取消输液的处理，当前版本尚未提供，列入后续开发计划。
1040,,,防止重复登记，能够浏览患者历史输液登记数据资料，如有未予以完成的输液数据资料进行提示。 +-----------------------------------------------------------------------------------------------------------------+,部分响应,本平台门诊输液登记对同一医嘱做防重复建单校验，候选医嘱列表自动排除已登记项，并在列表中展示未完成的输液记录便于护士掌握执行情况；尚未提供①按患者浏览历史输液登记资料；②该患者存在未完成输液时的主动提示。上述缺项列入后续开发计划。
1041,,,能够按床号号或就诊号进行高效快速检索病人。 +-----------------------------------------------------------------------------------------------------------------+,部分响应,本平台门诊护士站皮试登记支持按挂号号与药品名称检索；本条所述输液环节按床号或就诊号快速检索病人的功能，当前版本尚未提供，列入后续开发计划。
1042,,,能够简卡和明细卡另种显示方式。 +-----------------------------------------------------------------------------------------------------------------+,部分响应,本平台门诊输液以列表方式展示登记与执行信息；本条所述简卡与明细卡两种显示方式的切换，当前版本尚未提供，列入后续开发计划。
1043,,,能够设置每页显示床位数量。 +-----------------------------------------------------------------------------------------------------------------+ 分诊管理 +----------------------------------------------------------------,部分响应,本平台门诊输液列表当前按固定条数展示近期记录；本条所述设置每页显示床位数量的功能，当前版本尚未提供，列入后续开发计划。
1044,,,"支持对患者就诊调整手动调整,包括设置未报到、等候就诊、正在就诊、诊结、就诊叫号、诊室调整、指定接诊医生等。 +-----------------------------------------------------------------------------------------------------------------+",部分响应,本平台门诊分诊叫号提供候诊、已叫号、就诊中、过号等状态流转，支持过号、重呼与叫下一号操作，接诊时自动置为就诊中；尚未提供①手动置为未报到、诊结等任意状态；②诊室调整；③指定或改派接诊医生。上述缺项列入后续开发计划。
1045,,,支持在分诊台通过医保卡、就诊号、病案号等签到；支持进入过号队列的过号患者，通过重新签到再入队列。 +-----------------------------------------------------------------------------------------------------------------+ 医嘱执行与管理 +--------------------------,部分响应,本平台已提供预约患者签到挂号功能，过号患者可通过重呼重新进入队列且不占用候诊队首；尚未提供在分诊台通过医保卡、就诊号、病案号等凭证检索并完成签到。上述缺项列入后续开发计划。
1046,,,清晰展示患者的医嘱信息，包括药品医嘱、治疗医嘱、检查医嘱等。 +-----------------------------------------------------------------------------------------------------------------+,正偏离/无偏离,本平台住院医生站与护士站按药品、检验、检查、治疗分类清晰展示患者医嘱，含项目名称、给药途径、单次量、频次、数量、金额与执行状态，医生与护士可在各自工作站分别查看同一口径的医嘱信息。
1047,,,护士能够执行医嘱并进行记录，如输液、注射、采血等操作的执行时间和执行者。 +-----------------------------------------------------------------------------------------------------------------+,正偏离/无偏离,本平台护士站支持医嘱执行操作并自动记录执行人与执行时间，长期医嘱按日生成执行明细逐次执行留痕；门诊输液同样记录执行护士与开始、结束时间，注射、采血等执行环节均可追溯。
1048,,,对医嘱的执行状态进行跟踪和提醒，确保医嘱按时准确执行。 +-----------------------------------------------------------------------------------------------------------------+ 皮试管控 +--------------------------------------------------,部分响应,本平台提供医嘱执行状态跟踪：临时与长期医嘱执行明细均带执行状态，护士站提供待执行医嘱队列，护理管理白板汇总未执行医嘱数量；尚未提供按时执行的超时预警与主动提醒。上述缺项列入后续开发计划。
1049,,,能够皮试及某些过敏试验结果的录入。 +-----------------------------------------------------------------------------------------------------------------+,正偏离/无偏离,本平台门诊护士站提供皮试登记与皮试（过敏试验）结果录入，结果按阴性、阳性规范记录并可查询，输液执行前据此自动校验，保障用药安全。
1050,,,皮试结果能够一致化到诊室，便于医生浏览。 +-----------------------------------------------------------------------------------------------------------------+,部分响应,本平台门诊护士站已记录皮试结果，并在输液执行前自动校验同类别皮试阴性结果；本条所述皮试结果同步至诊室、供门诊医生在工作站直接浏览的功能，当前版本尚未提供，列入后续开发计划。
1051,,,能够作废原处方不发药，皮试结果不通过时。 +-----------------------------------------------------------------------------------------------------------------+ 输液管控 +---------------------------------------------------------,部分响应,平台门诊护士站提供皮试结果登记，皮试阳性时系统拒绝开始输液。本条所述皮试不通过时自动作废原处方并停止发药的联动功能当前版本未提供，列入后续开发计划。
1052,,,能够病人身份及输液袋条码标签的生成与打印。 +-----------------------------------------------------------------------------------------------------------------+,部分响应,平台当前条码标签能力用于检验标本与消毒供应包。本条所述患者身份及输液袋条码标签的生成与打印当前版本未提供，列入后续开发计划。
1053,,,能够输液执行操作卡的打印。 +-----------------------------------------------------------------------------------------------------------------+,部分响应,平台当前提供挂号凭条、收费票据、检验报告、体温单、护理记录单等打印页面。本条所述输液执行操作卡打印当前版本未提供，列入后续开发计划。
1054,,,能够审计记录输液执行操作时间、执行操作人等数据资料。 +-----------------------------------------------------------------------------------------------------------------+,正偏离/无偏离,由门诊护士站输液管理功能提供：每条输液记录留存开始执行时间、执行护士与结束时间；每次巡视逐条记录巡视护士与巡视内容，并在输液列表中展示执行时间与巡视次数；系统操作另经统一操作日志留痕，可在系统操作日志页面查询。
1055,,,能够输液单签名功能。 +-----------------------------------------------------------------------------------------------------------------+,部分响应,平台签名能力当前用于门诊病历与住院病历文书。本条所述输液单签名功能当前版本未提供，列入后续开发计划。
1056,,,费用管控。 +-----------------------------------------------------------------------------------------------------------------+,部分响应,已提供：输液流程前置于收费，仅已收费或已发药的静脉用药医嘱可进入输液候选列表并生成输液记录，未收费医嘱不能开始输液。尚未提供：输液执行项目（如静脉输液费、穿刺费）的计费入口；输液环节的补收费与退费；输液费用列表。上述缺项列入后续开发计划。
1057,,,显示所有能够计费的输液执行操作单列表供计费选择。 +-----------------------------------------------------------------------------------------------------------------+,部分响应,平台门诊护士站提供输液执行状态列表。本条所述可计费输液执行操作单列表及计费选择功能当前版本未提供，列入后续开发计划。
1058,,,能够手动创建和移除输液治疗过程中产生的相关计费项目予以完成计费。 +-----------------------------------------------------------------------------------------------------------------+ 基础管控 +---------------------------------------------,部分响应,平台门诊收费站提供处方费用收取与退费基础能力。本条所述在输液治疗过程中手动创建和移除计费项目并完成计费的功能当前版本未提供，列入后续开发计划。
1059,,,能够对输液室进行管控，同时管控临床科室与输液室的映射关系。 +-----------------------------------------------------------------------------------------------------------------+,部分响应,平台提供科室字典维护基础能力。本条所述输液室管理及临床科室与输液室映射关系维护当前版本未提供，列入后续开发计划。
1060,,,能够对输液相关用药途径进行管控。 +-----------------------------------------------------------------------------------------------------------------+,部分响应,平台门诊、住院医嘱录入提供固定的用药途径选项。本条所述输液相关用药途径的字典化管控（可维护的用药途径字典）当前版本未提供，列入后续开发计划。
1061,,,能够对输液室的输液床位进行管控，并设置床位相关属性及排序。 +-----------------------------------------------------------------------------------------------------------------+,部分响应,平台住院护士站提供病区床位的批量建立与管理。本条所述输液室输液床位管理及床位属性设置与排序当前版本未提供，列入后续开发计划。
1062,,,+-------------------------------+-----------------------------------------------------------------------------------------------------------------------------------------------------------------------,非参数行,文档转换产生的表格分隔残渣，不计入参数总数
1063,★,,实现了对基础数据元信息的具体详情内容的预先查阅，和对数据元的基础信息的修改，移除无用的数据元等能力。 +----------------------------------------------------------------------------------------------------------------------------------------------------,部分响应,已提供：数据标准管理页支持新增数据元，并以列表形式展示编码、名称、数据类型、格式、值域、标准依据等基础信息。尚未提供：数据元详情查阅页；数据元基础信息修改；无用数据元的移除。上述缺项列入后续开发计划。
1064,★,,借助列表形式展示了所有的指标库，能够按条件检索符合条件的信息。 +-----------------------------------------------------------------------------------------------------------------------------------------------------------------------,部分响应,已提供：数据治理页「指标管理」以列表形式展示全部指标定义及其最新快照值。尚未提供：按条件检索指标库信息（检索框与过滤条件）。上述缺项列入后续开发计划。
1065,★,,实现了对指标库的基础管理能力，例如：增加、修改指定的项目、根据设定条件检索指定的指标库信息和修改指定的指标库信息列表等。 +------------------------------------------------------------------------------------------------------------------------------------------,部分响应,平台当前提供指标库列表展示与指标快照生成基础能力。本条所述指标定义的增加、修改、按条件检索及指标信息列表的修改当前版本未提供，列入后续开发计划。
1066,★,,借助树形结构清晰展示了全部元素库信息的分类，和元素库信息之间的关系等。 +-------------------------------------------------------------------------------------------------------------------------------------------------------------------,部分响应,平台当前提供数据元列表展示基础能力。本条所述以树形结构展示元素库分类及元素之间关系的功能当前版本未提供，列入后续开发计划。
1067,★,,实现了对元素库信息的具体详情内容的预先查阅，和对元素库信息的基础信息实施编辑、给指定的元素库增加子类元素库等能力。 +---------------------------------------------------------------------------------------------------------------------------------------------,部分响应,【二级证据评审建议，待项目组签字】报表引擎（SELECT 白名单）+ 数据元管理已备；可视化元素库属报表平台产品
1068,★,,借助树形结构清晰的呈现了当前的所有的病历分类信息及其互相之间的关联。 +--------------------------------------------------------------------------------------------------------------------------------------------------------------------,部分响应,平台当前住院病历按入院记录、首次病程、病程记录、查房记录、术前小结、出院记录等预置类型书写。本条所述病历分类的树形展示及分类之间关联关系当前版本未提供，列入后续开发计划。
1069,★,,实现了对分类的基础信息预先查阅，对病历分类的基础信息修改，和增加新的分类。 +-----------------------------------------------------------------------------------------------------------------------------------------------------------------,部分响应,平台当前病历类型为系统预置固定类型。本条所述病历分类的基础信息查阅、修改与新增分类功能当前版本未提供，列入后续开发计划。
1070,★,,借助树形结构清晰展示了全部数据源信息的分类，和数据源的其他属性等。 +---------------------------------------------------------------------------------------------------------------------------------------------------------------------,部分响应,平台当前提供角色菜单授权的树形维护基础能力。本条所述数据源信息登记管理及其分类与属性的树形展示当前版本未提供，列入后续开发计划。
1071,★,,实现了对数据源信息的具体详情内容的预先查阅，和对数据源信息的基础信息实施编辑、给指定的数据源增加子类数据源等能力。 +---------------------------------------------------------------------------------------------------------------------------------------------,部分响应,【二级证据评审建议，待项目组签字】报表引擎（SELECT 白名单）+ 数据元管理已备；可视化元素库属报表平台产品
1072,★,,借助分页表格展示了系统应用到的参数，能够依据参数编码和参数名称检索，能够对参数值实施编辑。 +---------------------------------------------------------------------------------------------------------------------------------------------------------,部分响应,对应模块查询统计能力已实现，界面细节逐条比对
1073,★,,能够依据权限的不同检索到不同的模板，依据应用范围模板分为全局模板、全院模板、科室模板、个人模板。 +------------------------------------------------------------------------------------------------------------------------------------------------------,部分响应,已提供：病历模板库支持按模板类型与科室筛选，模板使用范围分为全院通用与科室两级。尚未提供：全局模板与个人模板两级范围；依据登录人权限自动收窄可检索到的模板。上述缺项列入后续开发计划。
1074,★,,模板增加：能够增加病历模板，指定模板分类和使用范围。 +----------------------------------------------------------------------------------------------------------------------------------------------------------------------------,正偏离/无偏离,由病历模板维护页提供：可新增病历模板，指定模板分类（病历模板、知情同意书模板、检查报告模板）与使用范围（指定科室或全院通用）；模板维护页具有独立菜单并纳入角色授权。
1075,★,,模板兼容具备最小结构化元素，符合文本、数值、复选、单选、多选、日期等结构化录入要求。 +------------------------------------------------------------------------------------------------------------------------------------------------------------,部分响应,平台当前病历模板为文本内容模板，可套用到住院病历书写。本条所述文本、数值、复选、单选、多选、日期等最小结构化元素的模板录入要求当前版本未提供，列入后续开发计划。
1076,★,,兼容文档修改，字符、段落属性配置，页面版式配置，页眉页脚配置，兼容特殊符号，兼容图文结合性输入，兼容矢量图形绘制和表格。 +------------------------------------------------------------------------------------------------------------------------------------------,部分响应,对应模块维护能力已实现（字典/参数/规则），细节逐条比对
1077,★,,"具备病人隐私防护手段，对模板病历中表示患者隐私信息的能够配置成""加密展示""。 +----------------------------------------------------------------------------------------------------------------------------------------------------------------",部分响应,平台当前提供患者列表、报告分享、数据同步等场景的固定规则脱敏展示。本条所述对模板病历中患者隐私信息按字段配置为「加密展示」的功能当前版本未提供，列入后续开发计划。
1078,★,,拥有模板授权能力，使用范围为科室或个人的模板，需要授权到科室或个人后才能使用，需要授权的模板在新建的时候自动完成授权给构建科室或构建人，其他科室或个人如想使用该模板，需要将模板授权给对应的科室或个人。 +--------------------------------------------------------------------------------------------------,部分响应,平台当前病历模板按使用范围（科室或全院通用）供查看与复制为新模板。本条所述模板授权到科室或个人、新建时自动授权给构建科室或构建人、其他科室或个人经授权后使用的模板授权功能当前版本未提供，列入后续开发计划。
1079,★,,增加病历：通过挑选病历模板增加病历，也可借助于既往病历增加病历，兼容门诊病历、急诊留观病历等病历文书构建并书写。 +----------------------------------------------------------------------------------------------------------------------------------------------,部分响应,已提供：门诊医生站门诊病历书写；住院医生站挑选病历模板新增病历；急诊留观观察记录。尚未提供：门诊医生站挑选模板建病历；借助既往病历新增病历；急诊留观病历文书的模板化构建与书写。上述缺项列入后续开发计划。
1080,,▲,① 具有专业电子病历编辑器，编辑界面可达到所见即所得的效果。②电子病历模板支持专科要求模板编辑器进行量身定制。（投标人提供相关软件界面截图，并加盖投标人公章） +-----------------------------------------------------------------------------------------------------------------------,部分响应,已提供：病历模板库维护（新增、按类型与科室筛选、复制为新模板），并在住院医生站套用模板书写。尚未提供：所见即所得的专业电子病历编辑器；面向专科定制的模板编辑器（当前模板为文本内容）。上述缺项列入后续开发计划。相关软件界面截图按招标要求另行提供。
1081,★,,临时存储与提交：兼容临时存储和提交两种存储方法，临时存储表示病历尚未书写完成，提交表示病历已书写完成，提交后再修改病历会保留编辑痕迹。 +-----------------------------------------------------------------------------------------------------------------------------------,正偏离/无偏离,由门诊医生站与住院医生站提供：病历签名前可反复保存（临时存储）；签名即提交，提交后病历冻结不可直接修改；如需修改须走病历补正流程，系统保留原文快照、补正内容、补正人、补正时间与补正原因，修改痕迹可查。
1082,★,,复制/粘贴挑选性控制：借助参数控制不同病人的病历内容是否能够互相复制粘贴操作。 +---------------------------------------------------------------------------------------------------------------------------------------------------------------,部分响应,本条所述通过参数控制不同病人病历内容能否互相复制粘贴的功能当前版本未提供，列入后续开发计划。
1083,,▲,提供检验、检查数据插入到病历文书的功能，在病历录入中，医生可根据病情描述需要，自主选择①检查、②检验报告数据直接将准确的数据插入到病历中任意位置；（投标人提供相关软件界面截图，并加盖投标人公章） +-----------------------------------------------------------------------------------------------------,部分响应,平台当前提供检查检验报告查询及患者 360 视图报告查阅。本条所述在病历录入中自主选择检查、检验报告数据并插入病历任意位置的功能当前版本未提供，列入后续开发计划。
1084,★,,录入诊断：兼容中西医诊断录入，西医使用icd规范诊断，诊断能够增加前后缀；兼容存储常用诊断，从常用诊断中挑选诊断等功能。 +------------------------------------------------------------------------------------------------------------------------------------------,部分响应,已提供：西医诊断按 ICD-10 规范字典录入（支持拼音检索），可标记主诊断。尚未提供：中医诊断录入；诊断前后缀；常用诊断的存储与从常用诊断中挑选。上述缺项列入后续开发计划。
1085,★,,插入音视频、图片：可在病历书写过程中实时录制语音、视频，并能够进行播放和插入到病历中，并且可插入图片，图文结合性输入，兼容矢量图形绘制修改能力。 +------------------------------------------------------------------------------------------------------------------------------,部分响应,平台当前病历正文为文本录入。本条所述病历书写中实时录制语音、视频并播放插入、插入图片实现图文结合、矢量图形绘制修改等功能当前版本未提供，列入后续开发计划。
1086,★,,病历签名：兼容多种医师签名方法，如个性化设置图片签名，文本签名；能够与第三方CA认证签名接口对接，达成CA认证签名。 +--------------------------------------------------------------------------------------------------------------------------------------------,部分响应,已提供：病历签名标准接入点，签名后病历冻结，可对接第三方 CA 认证签名接口（数字证书、签名服务与厂商 SDK 由 CA 厂商作为配套产品提供，实施时完成对接）。尚未提供：医师个性化图片签名与文本签名设置。上述缺项列入后续开发计划。
1087,★,,编辑痕迹：兼容三级医师的编辑痕迹管理能力，病历提交后所有的编辑痕迹都会保留下来，包含修改方法、修改内容、修改人姓名及工号、修改时间等，借助于菜单选择是否展示编辑痕迹。 +-------------------------------------------------------------------------------------------------------------------,部分响应,平台当前提供病历签名后的补正留痕，补正内容、补正原因、补正人、补正时间可查。本条所述三级医师编辑痕迹管理（保留提交后每次修改的修改方法、修改内容、修改人姓名及工号、修改时间，并可通过菜单选择是否展示痕迹）当前版本未提供，列入后续开发计划。
1088,★,,病历打印：病历可预览、续打、合并打印、挑选区域打印。 +----------------------------------------------------------------------------------------------------------------------------------------------------------------------------,外部条件,需医保局/省平台等外部环境开通后联调
1089,★,,查阅质量控制结果：可查阅病历的质量控制结果，提示和方便医生书写病历。 +--------------------------------------------------------------------------------------------------------------------------------------------------------------------,部分响应,已提供：住院病历完整性预检（出院办理时提示缺失文书）；病案终末质控评分（质控科页面）。尚未提供：在门诊医生站、住院医生站书写界面内展示质控结果并提示医生；门诊病历质控。上述缺项列入后续开发计划。
1090,★,,存储多种格式：可将病历存储为pdf、html、xml等格式，借助于编辑器或相应的工具打开病历。 +-------------------------------------------------------------------------------------------------------------------------------------------------------,部分响应,已提供：病历文书以 CDA 样式 XML 格式输出。尚未提供：PDF 格式存储；HTML 格式导出（当前仅提供浏览器打印页面）。上述缺项列入后续开发计划。
1091,,▲,支持特殊符号、医学图库、医学表达式的快速引用，包括但不限于：①龋齿、②月经史、③牙科、④眼科专用医学专用公式。并且兼容常用的专用符号，符号兼容个性化设置。 > （投标人提供相关软件界面截图，并加盖投标人公章） +----------------------------------------------------------------------------------------------,部分响应,对应模块维护能力已实现（字典/参数/规则），细节逐条比对
1092,★,,病历内容自动完成引用：病历增加时借助引用数据源自动完成带出病人已有的信息，如姓名、门诊号等基础信息，并且也能够带出其他病历中已有的信息，如将门诊病历中的主诉自动完成带入到医疗文书中。 +-----------------------------------------------------------------------------------------------------------,部分响应,已提供：新建病历时自动带出患者姓名、患者号、性别、年龄、过敏史等基础信息；历史就诊病历可查阅。尚未提供：引用数据源配置机制；从其他病历（如门诊病历主诉）自动带入内容到新文书。上述缺项列入后续开发计划。
1093,★,,知识库管理：医生可自行管理知识库词条、导入医学知识库词条，达成病历辅助、高效书写。 +-------------------------------------------------------------------------------------------------------------------------------------------------------------,部分响应,平台当前提供开方环节的临床决策规则（药物相互作用、剂量、年龄等）。本条所述医生自行管理病历书写知识库词条及导入医学知识库词条以辅助病历书写的功能当前版本未提供，列入后续开发计划。
1094,★,,病程记录合并修改：兼容病程记录合并预先查阅和修改、打印，按照病程记录的记录时间排序，方便医生书写。 +-----------------------------------------------------------------------------------------------------------------------------------------------------,部分响应,已提供：住院医生站以时间线合并展示患者全部病程记录。尚未提供：病程记录合并预览与合并打印；未签名病程记录的修改；严格按记录时间正序排列。上述缺项列入后续开发计划。
1095,★,,病历存为模板、疾病组：可将当前病历存为模板，一般能够存为科室模板和个人模板；并且兼容将患者病历存为疾病组。 +-------------------------------------------------------------------------------------------------------------------------------------------------,部分响应,已提供：科室及全院通用病历模板库维护，住院医生站可套用模板书写。尚未提供：将当前病历一键存为模板；个人模板；将患者病历存为疾病组。上述缺项列入后续开发计划。
1096,★,,全文检索：兼容病历内容全文检索，借助病历全文检索系统能够检索病历。 +---------------------------------------------------------------------------------------------------------------------------------------------------------------------,部分响应,已提供：临床数据中心病历文书全文检索接口（按关键词匹配文书标题与正文）。尚未提供：全文检索的前端操作入口；独立的病历全文检索系统。上述缺项列入后续开发计划。
1097,★,,检索患者病历接口通道：给予基于浏览器方法检索患者门急诊病历文书列表的接口通道，借助于病历列表查阅患者所有病历。 +-----------------------------------------------------------------------------------------------------------------------------------------------,正偏离/无偏离,由临床数据中心与门诊医生站提供：临床数据中心按患者返回病历文书列表并可点开查看全文（患者 360 视图入口）；门诊医生站可查阅患者历次门诊病历与诊断列表（历史就诊入口）。两者均为浏览器可直接调用的标准接口通道。
1098,★,,检索结构化元素内容接口通道：给予检索门急诊病历中某个结构化元素内容的接口通道，借助接口通道能够检索到结构化元素的书写内容。 +-----------------------------------------------------------------------------------------------------------------------------------------,部分响应,已提供：门诊病历接口返回主诉、现病史、既往史、体格检查、处理意见等固定结构化字段的书写内容。尚未提供：按元素编码或名称检索单个结构化元素的接口通道；可配置扩展的病历结构化元素模型。上述缺项列入后续开发计划。
1099,★,,病历锁定与取消锁定接口通道：给予门急诊病历锁定与取消锁定的接口通道，病历锁定后将不能修改，如需修改，能够向质控平台申请，申请通过后才能编辑病历。 +------------------------------------------------------------------------------------------------------------------------------,部分响应,已提供：门急诊病历签名锁定接口，锁定后病历不可修改（住院病历同口径）；锁定后如需修改可走补正流程并留痕。尚未提供：取消锁定接口；向质控平台申请解锁、审批通过后放开编辑的流程。上述缺项列入后续开发计划。
1100,★,,门诊病历跟医生站一体化集成，满足界面集成、数据集成、应用集成的整合效果，方便医生看诊，提高就诊效率。 +----------------------------------------------------------------------------------------------------------------------------------------------------,正偏离/无偏离,门诊病历为门诊医生站内置功能：同一工作区内病历、诊断、医嘱分页签书写，患者信息页头与用药安全提示同页展示；病历、诊断与医嘱共用同一次就诊上下文并在同一事务中保存，开方前自动校验病历侧过敏史，界面、数据、应用三层一体化集成。
1101,★,,门急诊病历书写支持自动选择科室默认模板，也支持自行选择任一模板进行病历书写。同时支持选择患者历史文书创建新病历。 +----------------------------------------------------------------------------------------------------------------------------------------------,部分响应,平台当前住院医生站提供病历模板选择套用，门诊医生站提供患者历史就诊查阅。本条所述门急诊病历书写自动选择科室默认模板、自行选择任一模板书写、选择患者历史文书创建新病历三项当前版本未提供，列入后续开发计划。
1102,,,病历文书保存时，支持实时生成PDF文件。 +----------------------------------------------------------------------------------------------------------------------------------------------------------------------------------,部分响应,平台当前病历打印通过浏览器打印页面完成。本条所述病历文书保存时实时生成 PDF 文件的功能当前版本未提供，列入后续开发计划。
1103,★,,系统需要具备智能的窗口分配策略，能够根据指定药房下已开启的窗口，按照剩余工作量最小化或平均分配的原则，将处方自动分配到各个窗口。 +--------------------------------------------------------------------------------------------------------------------------------------,部分响应,平台当前提供服务窗口名录维护（窗口编号、名称、类型、开关状态）。本条所述按药房已开启窗口、依剩余工作量最小或平均分配原则自动将处方分配到各窗口的功能当前版本未提供，列入后续开发计划。
1104,★,,支持将特殊类型的处方灵活分配到预先设定的专用窗口。例如，代煎处方、需要快递的处方、精麻药品处方以及毒性药品处方，都可以定向分配至指定的处理窗口。 +------------------------------------------------------------------------------------------------------------------------------,部分响应,平台当前提供服务窗口名录维护。本条所述代煎、快递、精麻、毒性等特殊类型处方定向分配到预设专用窗口的功能当前版本未提供，列入后续开发计划。
1105,★,,系统能够快速、便捷地与自动包药机、自动发药机等自动化设备进行对接。 +---------------------------------------------------------------------------------------------------------------------------------------------------------------------,配套产品响应,自动包药机、自动发药机等药房自动化设备的直连对接属设备厂商配套产品范围，由设备厂商提供设备驱动与通讯接口规范。平台当前提供面向检验检查系统的 MLLP/HL7 消息接入通道；药房自动化设备专用适配接入点列入后续开发计划，结合设备厂商接口规范在实施阶段完成对接。
1106,★,,支持为药房设置一个默认窗口。当药房下所有的常规窗口都关闭时，处方可以自动分配到这个默认窗口进行处理。 +----------------------------------------------------------------------------------------------------------------------------------------------------,部分响应,平台当前提供服务窗口的开放/关闭状态维护。本条所述为药房设置默认窗口、常规窗口全部关闭时处方自动回落到默认窗口的功能当前版本未提供，列入后续开发计划。
1107,★,,系统支持多院区、多机构的管理模式，并提供跨院区、跨药房的发药功能，方便患者在任一指定地点取药。 +-------------------------------------------------------------------------------------------------------------------------------------------------------,部分响应,平台当前为单院区单药房模式，药品库存为单一门诊药房库存。本条所述多院区、多机构管理模式及跨院区、跨药房发药功能当前版本未提供，列入后续开发计划。
1108,★,,在门诊发药管理中，系统支持西药、中成药、中草药分设不同药房发药，或在同一个药房内完成所有发药。整个流程包括发药、核对确认以及自动扣减相应库存的功能。 +----------------------------------------------------------------------------------------------------------------------------,部分响应,已提供：门诊药房发药，发药时自动扣减库存并留存出库流水，具备多人同时操作的防重复发药保护。尚未提供：发药核对确认环节；西药、中成药、中草药分设不同药房发药（当前为单一门诊药房）；中草药药品分类。上述缺项列入后续开发计划。
1109,★,,在发药时，系统能够自动获取并展示药品的详细信息，包括名称、规格、批号、价格、生产厂家、药品来源、剂型、属性、类别、医保编码，以及领药人、开方医生和对应的门诊患者信息。 +-------------------------------------------------------------------------------------------------------------------,部分响应,已提供：发药界面展示处方号、药品名称、规格、用法用量、数量及患者姓名、患者号。尚未提供：批号、价格、生产厂家、药品来源、剂型、属性、类别、医保编码、领药人、开方医生在发药界面的展示。上述缺项列入后续开发计划。
1110,★,,支持根据各个药房的自身管理要求，配置是否需要患者在取药前先进行签到，签到后才能进入发药队列。 +--------------------------------------------------------------------------------------------------------------------------------------------------------,部分响应,平台当前提供门诊预约到院签到。本条所述按药房配置取药前患者先签到、签到后方进入发药队列的功能当前版本未提供，列入后续开发计划。
1111,★,,支持按药房配置是否需要药师先进行人工接方操作，接方成功后才能进行后续的配药和发药处理。 +-----------------------------------------------------------------------------------------------------------------------------------------------------------,部分响应,平台当前发药流程为已缴费处方直接进入发药队列。本条所述按药房配置药师人工接方、接方成功后方可配药发药的功能当前版本未提供，列入后续开发计划。
1112,★,,药师可以通过一个统一界面查看当前药房所有已开启的窗口以及正在工作的配药人员，并能够在此界面上直接进行窗口的开启/关闭以及配药人员工作状态的调整。 +------------------------------------------------------------------------------------------------------------------------------,部分响应,已提供：服务窗口统一管理界面，可查看窗口列表并直接开启/关闭窗口（当前位于运营管理菜单，面向管理员与运营角色）。尚未提供：查看正在工作的配药人员及调整其工作状态；药师角色的窗口管理工作台入口。上述缺项列入后续开发计划。
1113,★,,发药界面能够对尚未配药、已配药但未核对、处方尚未缴费、以及需要做皮试但尚未完成的处方给出明显提醒，以减少药师与患者、护士之间的沟通成本，提高工作效率。 +---------------------------------------------------------------------------------------------------------------------------,部分响应,平台当前发药界面展示已缴费待发处方列表，皮试结果拦截位于门诊护士站输液环节。本条所述发药界面对尚未配药、已配药未核对、处方未缴费、需皮试未完成处方的明显提醒当前版本未提供，列入后续开发计划。
1114,★,,系统支持直接发药、先配药后发药、配药后再核对三种基础发药模式。针对中医药等特殊发药流程，还提供了草药自煎、医院加工（代煎或制膏）、外部公司加工三种取药流程选项，以满足医院多样化的服务需求。 +--------------------------------------------------------------------------------------------------------,部分响应,平台当前提供直接发药一种模式。本条所述先配药后发药、配药后再核对的发药模式配置，以及草药自煎、医院加工（代煎或制膏）、外部公司加工三种取药流程当前版本未提供，列入后续开发计划。
1115,★,,支持对一张处方按计划分次发药或一次性全部发药。例如对于需要多次输液治疗的处方，可以按照每次的治疗量分次发放，也可以一次将全部药品发给患者。 +---------------------------------------------------------------------------------------------------------------------------------,部分响应,平台当前发药为一张处方一次性全部发放。本条所述按计划分次发药（如多次输液按每次治疗量分次发放）功能当前版本未提供，列入后续开发计划。
1116,★,,支持对门诊配送药品进行集中处理。对于患者可能在多个药房都有药品的情况，系统可以进行统一的集中配送管理。 +---------------------------------------------------------------------------------------------------------------------------------------------------,部分响应,本条所述门诊配送药品集中处理及患者多药房药品统一集中配送管理功能当前版本未提供，列入后续开发计划。
1117,★,,支持与外部代煎公司或物流公司进行系统对接，实现待煎药或待制膏药品的批量发药和批量配送功能。例如，在外部公司来院统一取走处方时进行批量发药，或对接第三方物流平台进行处方药品的配送。 +-------------------------------------------------------------------------------------------------------------,部分响应,本条所述待煎药、待制膏药品的批量发药、批量配送及与外部代煎公司、物流公司的系统对接功能当前版本未提供，列入后续开发计划。
1118,★,,支持对代煎药进行业务类型的转换，可以将代煎处方转为非代煎（患者自煎），反之亦然。同时，也支持对代煎费用进行追加收费或退费处理。 +---------------------------------------------------------------------------------------------------------------------------------------,部分响应,平台门诊收费提供补收费与退费审批基础能力。本条所述代煎处方与自煎处方之间的业务类型转换及代煎费追加收费、退费功能当前版本未提供，列入后续开发计划。
1119,★,,在发药核对环节，系统支持多种便捷的定位方式：通过扫描患者条形码快速定位待发药处方；支持患者使用就诊卡刷卡定位；也支持输入发票号码，将一整张发票下的所有处方一次性调出发药。 +-----------------------------------------------------------------------------------------------------------------,部分响应,平台当前发药界面通过选择当日挂号定位待发药处方。本条所述扫描患者条形码、就诊卡刷卡及输入发票号一次性调出整张发票下全部处方的定位方式当前版本未提供，列入后续开发计划。
1120,★,,在发药票据打印方面，系统支持各个打印页面的个性化配置。提供发药前打印、发药后打印、不打印三种处方打印模式，并支持口服药卡、输液单、处方笺的自动打印。 +----------------------------------------------------------------------------------------------------------------------------,部分响应,平台当前提供挂号凭条、收费票据、检验报告单等打印页面，输液单由门诊护士站手工生成。本条所述发药前打印、发药后打印、不打印三种处方打印模式、打印页面个性化配置及口服药卡、输液单、处方笺自动打印当前版本未提供，列入后续开发计划。
1121,★,,支持通过扫描药品码或药品追溯码进行发药。在发药环节扫描追溯码，可以实现对药品流通全过程的监管，并为后续的责任追溯提供依据。 +-----------------------------------------------------------------------------------------------------------------------------------------,部分响应,平台当前条码能力用于检验标本与消毒供应包。本条所述扫描药品码或药品追溯码发药及基于追溯码的药品流通全过程监管与责任追溯当前版本未提供，列入后续开发计划。
1122,★,,在发药流程的质量管理环节，系统通过与合理用药系统对接，自动进行用药审查，对用药禁忌、并发症、不良反应等用药安全问题进行质量控制。同时，基于过敏药物管理制度，对未做皮试、皮试结果阳性、药品缺药等异常处方的发药操作进行额外的控制或拦截。 +----------------------------------------------------------------------------------,部分响应,已提供：开方环节内置用药审查规则（过敏交叉禁忌、重复用药、抗菌药分级、药物相互作用、剂量、年龄）；发药环节缺药拦截；输液环节皮试结果拦截。尚未提供：发药环节对未做皮试、皮试阳性处方的拦截；与商用合理用药系统的接口对接（合理用药知识库与审查引擎由合理用药系统厂商作为配套产品提供）。上述缺项列入后续开发计划。
1123,★,,支持在发药前校验患者当前是否还有尚未缴费的处方。如果存在未缴费处方，系统会给出相应的提醒，避免漏收费。 +---------------------------------------------------------------------------------------------------------------------------------------------------,部分响应,平台收费站提供未缴费处方的收费工作队列。本条所述发药前校验患者是否存在未缴费处方并给出提醒的功能当前版本未提供，列入后续开发计划。
1124,★,,系统支持多院区、多机构的管理模式，并提供跨院区、跨药房的配药功能。 +---------------------------------------------------------------------------------------------------------------------------------------------------------------------,部分响应,平台当前为单院区单药房模式。本条所述多院区、多机构管理模式及跨院区、跨药房配药功能当前版本未提供，列入后续开发计划。
1125,★,,在门诊配药模式上，系统支持两种方式：一种是不纳入系统严格流程管理的简易配药模式，另一种是纳入系统全流程管理的规范化配药模式。 +----------------------------------------------------------------------------------------------------------------------------------------,部分响应,平台当前门诊药房提供已缴费处方直接发药并自动扣减库存的流程。本条所述简易配药模式与纳入全流程管理的规范化配药模式当前版本未提供，列入后续开发计划。
1126,★,,在配药流程中，系统支持配药核对功能。即配药人员完成药品配置后，需要经过核对环节确认无误，才算配药工作真正完成。 +-----------------------------------------------------------------------------------------------------------------------------------------------,部分响应,本条所述配药核对环节（配药完成后经核对确认方为配药完成）当前版本未提供，列入后续开发计划。
1127,★,,在配药队列管理方面，系统支持多人同时进行配药操作。处方缴费后，系统会根据智能化的分配策略（如平均分配、剩余工作量最小等规则）自动将处方分配给不同的配药员。同时，支持配药员自行设置工作/休息状态，以灵活应对突发情况。 +-------------------------------------------------------------------------------------------,部分响应,本条所述多人同时配药、处方缴费后按平均分配或剩余工作量最小策略自动分配给配药员、配药员自行设置工作/休息状态的配药队列管理功能当前版本未提供，列入后续开发计划。
1128,★,,支持取消配药操作。对于尚未开始配药的处方，可以将其从当前配药员的任务列表中移除，并重新分配给其他正在工作的配药员。 +---------------------------------------------------------------------------------------------------------------------------------------------,部分响应,本条所述取消配药并将处方从当前配药员任务列表移除、重新分配给其他配药员的功能当前版本未提供，列入后续开发计划。
1129,★,,在配药核对环节，系统支持患者通过刷卡定位其待配药处方，也支持通过扫描患者条形码进行快速定位。 +--------------------------------------------------------------------------------------------------------------------------------------------------------,部分响应,平台当前药房界面通过选择当日挂号定位处方。本条所述配药核对环节患者刷卡定位与扫描患者条形码快速定位待配药处方的功能当前版本未提供，列入后续开发计划。
1130,★,,在配药质量管理环节，系统基于药品使用准则，对未做皮试或皮试结果阳性等异常处方的配药操作提供额外的控制功能，确保用药安全。 +------------------------------------------------------------------------------------------------------------------------------------------,部分响应,已提供：门诊护士站输液环节皮试类别匹配拦截，皮试阴性方可开始输液；开方环节合理用药拦截。尚未提供：配药、发药环节对未做皮试或皮试阳性处方的额外控制。上述缺项列入后续开发计划。
1131,★,,在门诊退药模式中，根据实际需要退回的药品数量和种类，系统支持部分退药或全部退药。部分退药后，原已发药的数据将被作废，并自动生成一条新的、扣减了退药数量的发药数据；全部退药后，则直接作废原发药数据。 +----------------------------------------------------------------------------------------------------,部分响应,已提供：门诊全部退药，退药后原发药记录作废并自动回补库存。尚未提供：按数量部分退药；部分退药后作废原发药数据并自动生成扣减退药数量的新发药数据。上述缺项列入后续开发计划。
1132,★,,在退药核对环节，支持通过扫描患者的条形码，快速查找出该患者的所有待退药数据，并进行退药处理。 +--------------------------------------------------------------------------------------------------------------------------------------------------------,部分响应,平台当前退药界面通过选择当日挂号定位患者。本条所述扫描患者条形码快速查找该患者全部待退药数据并处理的功能当前版本未提供，列入后续开发计划。
1133,★,,支持持有就诊卡的患者通过刷卡快速定位其退药信息，进行操作。 +-------------------------------------------------------------------------------------------------------------------------------------------------------------------------,部分响应,平台当前退药界面通过选择当日挂号定位患者。本条所述持就诊卡患者刷卡快速定位退药信息的功能当前版本未提供，列入后续开发计划。
1134,★,,系统支持进行取消退药的处理，以撤销误操作的退药。 +------------------------------------------------------------------------------------------------------------------------------------------------------------------------------,部分响应,平台当前提供门诊退药处理。本条所述取消退药以撤销误操作退药的功能当前版本未提供，列入后续开发计划。
1135,★,,对于已经进行过多次退药操作的复杂情况，系统也支持对这些退药记录进行取消操作。 +----------------------------------------------------------------------------------------------------------------------------------------------------------------,部分响应,平台当前提供门诊退药处理。本条所述对多次退药记录进行取消操作的功能当前版本未提供，列入后续开发计划。
1136,★,,系统支持取消发药操作。被取消发药的处方将重新回到发药队列，等待后续再次发药。 +----------------------------------------------------------------------------------------------------------------------------------------------------------------,部分响应,平台当前提供门诊退药处理。本条所述取消发药并使处方重新回到发药队列等待再次发药的功能当前版本未提供，列入后续开发计划。
1137,★,,支持通过扫描患者的条形码，快速查找出该患者的待取消发药数据，并进行取消发药处理。 +--------------------------------------------------------------------------------------------------------------------------------------------------------------,部分响应,本条所述扫描患者条形码查找待取消发药数据并进行取消发药处理的功能当前版本未提供，列入后续开发计划。
1138,★,,支持在退药环节扫描药品追溯码，通过追溯码信息对药品的流通环节进行全程监管，并为后续的责任追溯提供依据。 +---------------------------------------------------------------------------------------------------------------------------------------------------,部分响应,本条所述退药环节扫描药品追溯码及基于追溯码的流通环节全程监管与责任追溯当前版本未提供，列入后续开发计划。
1139,★,,在取消发药和门诊退药环节，系统支持进行追溯码扫描操作，并对所退药品是否与原始发放药品一致进行校验，提高操作的准确性。 +--------------------------------------------------------------------------------------------------------------------------------------------,部分响应,本条所述取消发药与门诊退药环节的追溯码扫描及所退药品与原发放药品一致性校验当前版本未提供，列入后续开发计划。
1140,★,,在处方审核模式中，系统同时支持人工审核和自动审核两种方式。人工审核由药师在系统中操作完成；自动审核则通过与合理用药系统的接口，由系统自动完成处方审查。在审核操作上，支持批量审核，可以一键通过所有待审核处方。同时，系统提供审核未通过的常见原因列表，方便医师选择，最后还支持对已审核通过或未通过的处方进行重新审核。 +-------------------------------------------,部分响应,已提供：药师审方工作台人工审核（逐单通过或拒绝，拒绝时填写原因，具备多人同时审方的防重复保护）；开方环节内置合理用药审查规则。尚未提供：批量一键通过全部待审处方；审核未通过常见原因列表选择；已审处方重新审核；通过合理用药系统接口自动审核（合理用药审查引擎由合理用药系统厂商作为配套产品提供）。上述缺项列入后续开发计划。
1141,★,,系统具备处方审查功能，审查结果可以实时返回至医生工作站。医院可以利用系统数据开展处方点评工作，促进合理用药。 +------------------------------------------------------------------------------------------------------------------------------------------------,配套产品响应,属设备配套软件/商用知识库/CA 等产品参数，平台已留标准接入点
1142,★,,支持在药房端对尚未完成缴费的患者进行费用结算处理。 +-----------------------------------------------------------------------------------------------------------------------------------------------------------------------------,部分响应,平台门诊收费站提供未缴费处方的费用结算。本条所述在药房端对尚未缴费患者进行费用结算的功能当前版本未提供，列入后续开发计划。
1143,★,,对于中草药处方，支持在药房对代煎费进行补充收费或退费操作。 +-------------------------------------------------------------------------------------------------------------------------------------------------------------------------,部分响应,平台门诊收费提供补收费与退费基础能力。本条所述中草药处方在药房对代煎费进行补充收费或退费的功能当前版本未提供，列入后续开发计划。
1144,★,,在药品申领的主流程中，系统涵盖了库存调拨、科室领用、主动出库三种核心业务。并提供了一个集中处理界面，可以统一处理本库房的主动申领入库、申领退药入库和被动接收的出库入库业务，以及本库房的被动申领出库、申领退药出库和主动发往其他库房的出库业务。 +------------------------------------------------------------------------------,部分响应,平台当前提供门诊药房单库存的采购入库验收、库存调整、盘点、效期与低库存管理。本条所述库存调拨、科室领用、主动出库三种申领业务及多库房申领出入库的集中处理界面当前版本未提供，列入后续开发计划。
1145,★,,在药品的出入库申领操作中，系统支持通过直接引入当前库房的药品信息，来自动生成库房的申领信息。 +--------------------------------------------------------------------------------------------------------------------------------------------------------,部分响应,平台当前提供采购入库单登记。本条所述引入当前库房药品信息自动生成申领信息的功能当前版本未提供，列入后续开发计划。
1146,★,,系统支持将多种因素组合成智能计算公式，并依据公式自动计算生成申领信息。这些因素可以包括：当前库房在某一时段的药品消耗量、设定的最高/最低库存标准、以及实时库存量等。 +--------------------------------------------------------------------------------------------------------------------,部分响应,平台当前提供按指定阈值查询低库存药品。本条所述基于时段药品消耗量、最高/最低库存标准、实时库存量等因素组合公式自动计算生成申领信息的功能当前版本未提供，列入后续开发计划。
1147,★,,入库单：通过新增、编辑、查看、审核入库请领单向药库申请药品。 +------------------------------------------------------------------------------------------------------------------------------------------------------------------------,部分响应,平台当前提供供应商采购入库单的新增、查看与验收审核。本条所述向药库申请药品的入库请领单新增、编辑、查看、审核功能当前版本未提供，列入后续开发计划。
1148,★,,在药品入库管理中，系统除了处理常规的药品领用入库外，还支持其他各类入库业务，如药品加工后入库、医院自制药品入库以及盘点盈溢入库等。 +-------------------------------------------------------------------------------------------------------------------------------------,部分响应,平台当前提供采购入库验收及盘点盈亏的库存调整流水。本条所述药品加工后入库、医院自制药品入库、盘点盈溢入库等分类型入库单当前版本未提供，列入后续开发计划。
1149,★,,系统支持对来自同一生产厂家的药品，按照不同的生产批号、采购价格和有效期进行精细化的分批次入库管理。 +-----------------------------------------------------------------------------------------------------------------------------------------------------,部分响应,平台药库入库单支持同一药品按生产批号、有效期、供应商分行登记，一次入库一行即为一个批次。尚未提供：①入库单按采购价格分批核算；②批次级在库量管理（当前库存为药品维度汇总值，出库不按批次扣减，效期预警中的批次余量为估算口径）。上述缺项列入后续开发计划。
1150,★,,"在进行其他类型入库操作时，系统同样支持同时采用多种包装单位（例如""盒""和""瓶""）进行数量的录入与换算。 +---------------------------------------------------------------------------------------------------------------------------------------------------",部分响应,平台当前入库按药品字典的单一计量单位录入数量。本条所述以多种包装单位（盒、瓶等）并行录入并自动换算的功能尚未提供，列入后续开发计划。
1151,★,,除了常规的科室申领出库，系统还支持其他类型的出库业务，例如药品报损、科室直接领用、以及盘点后产生的盘亏出库等。 +-----------------------------------------------------------------------------------------------------------------------------------------------,部分响应,平台当前提供药房发药出库与退药回补的库存流水留痕。本条所述药品报损出库、科室直接领用出库、盘亏出库等其他出库业务单据当前版本未提供，列入后续开发计划。
1152,★,,系统在自动扣减库存时，内置了多种出库策略，例如优先出库最早入库的药品（先进先出），或优先出库距离失效期最近的药品（近效期先出）。同时，也支持用户在出库时手动选择从哪个具体批次的药品中进行出库。 +------------------------------------------------------------------------------------------------------,部分响应,平台当前库存为药品维度汇总量，发药时按汇总量自动扣减；效期预警按近效期先出口径估算各批次余量供参考。本条所述先进先出、近效期先出等出库策略及出库时手工选择批次的功能，当前版本未提供，列入后续开发计划。
1153,★,,系统提供了对门诊药房库存进行全面盘点的功能，并支持按照药品分类、存放库位、剂型等不同维度来组织和进行盘点。 +-------------------------------------------------------------------------------------------------------------------------------------------------,部分响应,平台门诊药房盘点功能提供盘点单建立、实盘数录入、盘盈盘亏确认，建单时按药品名称检索勾选纳入盘点范围。尚未提供：①按药品分类、剂型组织盘点；②按存放库位组织盘点（药品字典暂无库位属性）。上述缺项列入后续开发计划。
1154,★,,盘点范围不仅限于当前有库存的药品，也支持将当前库存为零的药品以及当前处于禁用状态的药品纳入盘点清单，以保证库存账目的完整性。 +----------------------------------------------------------------------------------------------------------------------------------------,部分响应,平台盘点单建单不设库存下限，当前库存为零的药品可纳入盘点清单。尚未提供：将处于禁用状态的药品纳入盘点清单（当前建单药品检索仅返回启用药品）；另建单检索每次返回条数有限，大批量勾选效率待优化。上述缺项列入后续开发计划。
1155,★,,为了提高盘点效率，系统支持通过引入预设的盘点模板（包含特定药品列表）来快速生成盘点任务。 +----------------------------------------------------------------------------------------------------------------------------------------------------------,部分响应,平台当前盘点单通过逐个勾选药品建立。本条所述预设盘点模板（含特定药品列表）及按模板快速生成盘点任务的功能尚未提供，列入后续开发计划。
1156,★,,系统支持单人或多人协同进行盘点数据的录入工作，以适应不同规模的盘点任务。 +------------------------------------------------------------------------------------------------------------------------------------------------------------------,部分响应,平台当前盘点单由建单人建立并录入实盘数，盘点行不区分录入人。本条所述多人分工协同录入盘点数据的功能尚未提供，列入后续开发计划。
1157,★,,在录入盘点数据时，系统支持使用多种包装单位（如盒、瓶、支）进行数量的录入，并自动换算成标准单位。 +------------------------------------------------------------------------------------------------------------------------------------------------------,部分响应,平台当前盘点实盘数按药品字典的单一计量单位录入。本条所述以盒、瓶、支等多种包装单位录入并自动换算为标准单位的功能尚未提供，列入后续开发计划。
1158,★,,为了方便操作，系统支持在录入实盘数量时，直接复制当前的账面库存作为起点。盘点任务完成后，系统能够根据实盘与账面的差异，自动生成盘盈入库单和盘亏出库单。 +---------------------------------------------------------------------------------------------------------------------------,部分响应,平台盘点单确认后按实盘与账面差异自动调整库存并记录盘点流水。本条所述录入时一键复制账面库存作为实盘起点，以及盘点完成后自动生成盘盈入库单与盘亏出库单，当前版本未提供，列入后续开发计划。
1159,★,,在盘点录入过程中，允许操作人员对具体批次药品的账面数量进行调整。 +----------------------------------------------------------------------------------------------------------------------------------------------------------------------,部分响应,平台盘点单账面数取盘点开始时刻的库存快照并予以锁定，以保证盘点基准一致；录入阶段仅录入实盘数，差异在确认环节统一处理。本条所述在录入过程中调整具体批次药品账面数量的功能当前版本未提供（平台亦无批次级在库量），列入后续开发计划。
1160,★,,能够查询所有记录的盘点信息。 +----------------------------------------------------------------------------------------------------------------------------------------------------------------------------------------,正偏离/无偏离,由门诊药房盘点管理页面提供：历史盘点单列表（单号、状态、建单时间）及点击查看单据明细，明细含各药品账面数、实盘数、已盘数量、盘盈盘亏行数与净盈亏汇总。
1161,★,,系统支持在盘点过程中，如果发生了发药或退药业务，这些动态数量能够在最终的盘点汇总单上得到体现，确保盘点数据的实时准确。 +-------------------------------------------------------------------------------------------------------------------------------------------,部分响应,平台盘点采用账面锁定基准：盘点确认时自动比对账面是否因盘点期间发药、退药发生变化，如有变化则提示重新盘点，以避免动态出入库导致盘点数据失真。本条所述将盘点期间发药、退药的动态数量自动体现在盘点汇总单上的处理方式当前版本未提供，列入后续开发计划。
1162,★,,在库存禁用管理中，系统提供了多种禁用模式，包括按批次禁用和按药品禁用等。支持填写药品禁用的原因，并提供取消禁用的功能，以完善库存管理的流程控制。 +------------------------------------------------------------------------------------------------------------------------------,部分响应,平台药品字典含启用/停用状态属性。本条所述库存禁用管理（按批次禁用、按药品禁用、填写禁用原因、取消禁用）当前版本未提供操作界面与流程，列入后续开发计划。
1163,★,,系统提供药品禁用历史记录的查询功能，便于追溯。 +-------------------------------------------------------------------------------------------------------------------------------------------------------------------------------,部分响应,本条所述药品禁用历史记录及其查询功能当前版本未提供，将与库存禁用管理功能一并列入后续开发计划。
1164,,,系统提供库存冻结功能，允许对某批药品的其中一部分数量进行冻结，被冻结的库存将不可用于发药等出库操作。 +----------------------------------------------------------------------------------------------------------------------------------------------------,部分响应,平台当前提供药品维度的库存汇总管理与发药自动扣减。本条所述按批次对部分数量进行库存冻结、冻结库存不可用于发药等出库操作的功能当前版本未提供，列入后续开发计划。
1165,★,,系统提供针对内部员工的药品借用和归还管理功能。 +-------------------------------------------------------------------------------------------------------------------------------------------------------------------------------,部分响应,本条所述面向内部员工的药品借用与归还管理功能当前版本未提供，列入后续开发计划。
1166,★,,支持在员工进行药品借还操作时，通过输入个人密码的方式进行身份验证，确保操作安全。 +--------------------------------------------------------------------------------------------------------------------------------------------------------------,部分响应,平台当前对药房操作采用按角色的访问控制。本条所述员工药品借还操作时输入个人密码进行身份验证的功能当前版本未提供，将与药品借还管理功能一并列入后续开发计划。
1167,★,,系统提供针对特殊药品的独立日结与月结统计功能，例如可以为贵重药品、精神麻醉药品等生成每日的日结日报。 +----------------------------------------------------------------------------------------------------------------------------------------------------,部分响应,平台当前提供收费员班结日结（缴款口径）。本条所述面向贵重药品、精神麻醉药品等特殊药品的独立日结日报与月结统计，以及药品字典中的特殊药品管制分类维度，当前版本未提供，列入后续开发计划。
1168,★,,系统支持自定义每月的月结日期。首次月结基于初始化建账的日期，之后每个月的月结周期则从上一次月结的终止时间开始计算。 +---------------------------------------------------------------------------------------------------------------------------------------------,部分响应,【二级证据评审建议，待项目组签字】日结报表+交款核对已备（/reports/daily）；自定义月结周期/取消月结为财务深化项
1169,★,,系统提供了取消月结的功能，但为确保数据连续性，取消操作必须从最后一个已月结的月份开始，逐月向前进行，不允许跨月取消。 +--------------------------------------------------------------------------------------------------------------------------------------------,部分响应,【二级证据评审建议，待项目组签字】日结报表+交款核对已备（/reports/daily）；自定义月结周期/取消月结为财务深化项
1170,★,,在库房管理模块中，系统提供多种基本的统计查询功能，包括门诊药房库存查询、药品价格信息查询、门诊发药记录查询、申领历史查询、药房账簿查询、汇总月报、库存日报、失效药品报警以及代煎药发药情况查询等。系统能够动态查询任意时间段内的药品入库消耗情况，以及任意一种药品的详细入、出、存明细账。 +---------------------------------------------------------,部分响应,平台库房管理已提供：门诊药房库存查询与低库存提示、药品价格信息查询（含调价留痕）、库存出入流水查询（最近记录、可按药品查看）、失效药品效期报警。尚未提供：①申领历史查询；②药房账簿查询及单药入出存明细账（期初/本期入/本期出/期末结存口径）；③汇总月报与库存日报；④代煎药发药情况查询；⑤按任意起止时间段动态查询入库消耗；⑥门诊发药记录按日期、药品的通用查询（当前仅按就诊查看）。上述缺项列入后续开发计划。
1171,★,,在库房效期管理中，系统提供药品有效期的自动报警功能，能够统计即将过期和已过期药品的品种数量及金额，并对库存量不足的药品进行提示。 +--------------------------------------------------------------------------------------------------------------------------------------,部分响应,平台已提供药品效期自动报警（每日定时巡检、即将过期/已过期分级、自动生成待办工单）及库存不足提示。尚未提供：即将过期与已过期药品的品种数量及金额汇总统计（当前预警列表无金额与汇总行，批次在库量为估算口径）。上述缺项列入后续开发计划。
1172,★,,+-------------------------------+-----------------------------------------------------------------------------------------------------------------------------------------------------------------------,非参数行,文档转换产生的表格分隔残渣，不计入参数总数
1173,,,采用树形展示医嘱、病历、诊断、病案首页等，能够快捷进入相关行为。 +----------------------------------------------------------------------------------------+,部分响应,住院医生站工作区以页签方式组织医嘱、病历、体征三项内容，可在同一界面快捷切换。尚未提供：①树形导航展示；②医生站内直接进入诊断录入与病案首页（当前分别位于诊断补录与病案首页菜单）。上述缺项列入后续开发计划。
1174,,,支持床号、住院号、姓名、主管医生、主要诊断等多方式检索患者。 +----------------------------------------------------------------------------------------+,部分响应,平台病案首页选单支持按住院号、姓名检索住院患者。尚未提供：住院医生站患者列表内的检索功能，以及按床号、主管医生、主要诊断的检索方式。上述缺项列入后续开发计划。
1175,,,可快捷切换到其他科室住院病人进行管控，拥有切换科室功能。 +----------------------------------------------------------------------------------------+,部分响应,住院医生站患者列表当前展示全院在院患者，医生可直接打开其他科室患者的工作区。尚未提供：显式的切换科室操作、按科室维度的患者过滤，以及切换科室后的权限归属管理。上述缺项列入后续开发计划。
1176,,,支持按时间段、出院状态检索历史住院病人。 +----------------------------------------------------------------------------------------+,部分响应,住院医生站当前提供在院患者列表。本条所述按时间段、出院状态检索历史住院病人的功能尚未提供，列入后续开发计划。
1177,,,提供病危、病种、护理等级等病人特殊状态图标显示功能。 +----------------------------------------------------------------------------------------+,部分响应,护士站护理白板显示患者护理等级（特级/一级/二级/三级，可调整）及过敏红色标识。尚未提供：①住院医生站患者列表中的特殊状态图标；②病危/病重独立状态标记；③病种标识。上述缺项列入后续开发计划。
1178,,,可根据诊断编码选择是否进入临床路径管控。 +----------------------------------------------------------------------------------------+,部分响应,临床路径模板已支持关联诊断编码前缀，并提供患者入径功能接口。尚未提供：医生站开立诊断时依据诊断编码选择是否入径的操作入口，以及入径时按患者诊断编码与路径模板的自动匹配校验。上述缺项列入后续开发计划。
1179,,,支持对患者进行授权，被授权科室允许对授权病人进行医疗行为。 +----------------------------------------------------------------------------------------+ 诊断管控 +-------------------------------------------------------------------------,部分响应,平台当前住院患者列表对各科室开放，跨科室诊疗未做科室隔离。本条所述患者授权管理（将患者授权给指定科室后方可开展医疗行为）尚未提供，列入后续开发计划。
1180,,,支持入院诊断、出院诊断、术前、术后等诊断，按国际疾病分类标准下达。 +----------------------------------------------------------------------------------------+,部分响应,平台已提供入院诊断（入院登记时按ICD-10检索选择）、出院诊断（出院时录入）及住院其他诊断（编码必填）的录入。尚未提供：①术前诊断与术后诊断类型；②出院诊断录入接入ICD-10检索控件（当前为编码与名称手工录入）。上述缺项列入后续开发计划。
1181,,,支持疾病编码、拼音、汉字等多重检索方式检索诊断。 +----------------------------------------------------------------------------------------+,正偏离/无偏离,由基础数据ICD-10诊断字典提供：诊断检索同时支持疾病编码、汉字名称、拼音首字母三种方式；门诊医生站与住院入院登记的诊断选择均为远程搜索下拉，输入任一方式即可匹配。
1182,,,可对诊断进行确诊和疑似标记。 +----------------------------------------------------------------------------------------+,部分响应,平台当前提供门诊与住院诊断的录入及主诊断区分。本条所述诊断确诊/疑似标记尚未提供，列入后续开发计划。
1183,,,可对诊断进行主要诊断和次要诊断标记。 +----------------------------------------------------------------------------------------+,部分响应,门诊医生站支持主要诊断标记（诊断列表第一项为主诊断，界面明确提示）；住院侧以入院诊断/出院诊断作为主要诊断、其他诊断作为次要诊断区分。尚未提供：住院多条诊断中显式的主/次诊断标记及切换操作。上述缺项列入后续开发计划。
1184,,,支持诊断前后备注填写，满足临床诊断要求。 +----------------------------------------------------------------------------------------+,部分响应,平台当前提供诊断编码与名称录入。本条所述诊断前后备注（如待排、双侧等修饰语）填写功能尚未提供，列入后续开发计划。
1185,,,支持诊断全过程管理，自动关联疾病报卡与临床路径 +----------------------------------------------------------------------------------------+ 病历书写。 +------------------------------------------------------------------------------,部分响应,平台当前提供传染病报卡登记与审核上报、临床路径入径接口，以及入院/出院/其他诊断录入。本条所述诊断全过程管理及诊断与疾病报卡、临床路径的自动关联尚未提供，列入后续开发计划。
1186,,,集成电子病历组件，完成病史、主诉、现病史、体格检查等结构化书写。 +----------------------------------------------------------------------------------------+,部分响应,住院医生站集成电子病历书写，支持入院记录、首次病程、病程记录、查房记录、术前小结、出院记录六类记录的书写、签名与补正；门诊病历按主诉、现病史、既往史、体格检查、处理意见分字段结构化保存。尚未提供：住院病历中主诉、现病史、既往史、体格检查等内容的结构化分字段存储（当前为整篇正文录入）。上述缺项列入后续开发计划。
1187,,,可按不同专业、病种定制病历模板。 +----------------------------------------------------------------------------------------+,正偏离/无偏离,由病历模板维护页面提供：病历模板按科室归属与模板类型（病历/知情同意）分类维护，住院医生站书写病历时可套用本科室模板及全院通用模板；按病种定制以模板命名区分。
1188,,,支持特殊医学符号、表达式及医学矢量图标注。 +----------------------------------------------------------------------------------------+,配套产品响应,【二级证据评审建议，待项目组签字】商用病历编辑器控件参数；平台病历模板/打印数据集已备
1189,,,直接引用患者检验、检查、术语词库等临床数据。 +----------------------------------------------------------------------------------------+,部分响应,平台当前可在患者360视图与报告页面查看患者检验检查结果。本条所述在病历书写中直接引用检验、检查数据及术语词库的功能尚未提供，列入后续开发计划。
1190,,,自动从业务平台提取数据生成病案首页及附页。 +----------------------------------------------------------------------------------------+,正偏离/无偏离,由病案首页页面提供：自动从住院登记、诊断、手术、结算费用等业务数据提取并组装病案首页，含患者基本信息、入出院信息、主诊断与其他诊断、手术信息、分类费用汇总，无需二次录入。
1191,,,符合国家规范书写电子病历，支持运行病历环节质控。 +----------------------------------------------------------------------------------------+ 医嘱管控 +------------------------------------------------------------------------------,正偏离/无偏离,由质控中心提供运行病历环节质控：对在院患者自动核查入院记录24小时内完成、首次病程时限、三级查房时限、病程记录连续性（危重患者采用更严阈值）、抢救记录时限等，输出缺陷明细；出院/归档前另有病历完整性预检。病历书写按规范设置六类记录类型，签名后冻结、仅可追加补正。
1192,,,拥有医生开单、抗菌药物、精麻、限制药品、手术等医嘱权限管控。 +----------------------------------------------------------------------------------------+,部分响应,平台已提供抗菌药物分级处方权管理（医师分级授权、药品分级属性、门诊开单时自动拦截越级用药），医嘱开立整体受角色权限控制。尚未提供：①住院医嘱开立时的抗菌药物分级校验；②精神麻醉药品处方权限；③限制药品权限维度；④手术权限分级管控。上述缺项列入后续开发计划。
1193,,,可开具检查、检验、处方、治疗处置、手术、护理、会诊、转科、出院等医嘱。 +----------------------------------------------------------------------------------------+,部分响应,住院医生站可开具药品医嘱及检验、检查、治疗处置医嘱。手术、会诊、转科、出院、护理等级目前以独立业务单据办理，尚未作为医嘱类型进入医嘱单，无法在医嘱单中统一查看与打印。上述缺项列入后续开发计划。
1194,,,实时显示项目名称、规格、价格、医保类别、数量等信息。 +----------------------------------------------------------------------------------------+,部分响应,住院医生站开单时实时显示项目名称与价格，医嘱列表显示项目名、用法、数量与金额。尚未提供：①医保类别显示（项目字典暂无医保目录等级属性）；②规格在选择下拉与医嘱列表中的展示。上述缺项列入后续开发计划。
1195,,,显示药品通用名、规格、价格、库存、医保类别，缺药提醒并限制开方。 +----------------------------------------------------------------------------------------+,部分响应,住院医生站药品下拉实时显示药品名称、价格与当前库存；门诊开单时提供缺药提示；库存不足在医嘱执行、发药环节强制拦截。尚未提供：①药品通用名字段与显示；②规格在下拉中展示；③医保类别；④住院开单环节的缺药提醒与限制开方（当前仅在执行时拦截，门诊开单亦仅提示不拦截）。上述缺项列入后续开发计划。
1196,,,所有医嘱支持备注功能，医师可输入相关注意事项。 +----------------------------------------------------------------------------------------+,部分响应,平台当前医嘱录入包含项目、数量、用法、频次、单次剂量、长期/临时属性。本条所述医嘱备注（注意事项）填写功能尚未提供，列入后续开发计划。
1197,,,提供医院、科室、个人的医嘱模板及编辑功能。 +----------------------------------------------------------------------------------------+,部分响应,平台当前提供病历模板及临床路径模板（入径时批量下达医嘱）。本条所述医院、科室、个人三级医嘱模板及其编辑功能尚未提供，列入后续开发计划。
1198,,,支持协定处方开具，支持多方式快速录入药品和诊疗项目。 +----------------------------------------------------------------------------------------+,部分响应,平台当前提供按关键字远程检索快速录入药品与诊疗项目。本条所述协定处方开具，以及编码、拼音、自定义码等多方式快速录入尚未提供，列入后续开发计划。
1199,,,可预设药品默认剂量、频次、用法。 +----------------------------------------------------------------------------------------+,部分响应,平台当前由医生在开单时逐条选择剂量、频次、用法。本条所述药品默认剂量、频次、用法的预设及开单自动带出尚未提供，列入后续开发计划。
1200,,,支持长期 / 临时医嘱开立。医嘱有暂存、提交、审核、执行、停止、作废状态，支持全流程闭环管理。 +----------------------------------------------------------------------------------------+,部分响应,平台已提供长期/临时医嘱开立（长期医嘱按频次自动生成逐次执行行并计费），医嘱状态含已开立、已执行、已作废，并支持停止（费用固化、未执行行自动跳过）与作废操作。尚未提供：暂存、提交、审核（护士/药师核对）三个状态环节，医嘱闭环尚不完整。上述缺项列入后续开发计划。
1201,,,不同状态医嘱用不同颜色标识，支持医嘱预开预停。 +----------------------------------------------------------------------------------------+,部分响应,住院医生站医嘱列表按状态以不同颜色标签标识（未执行/已执行/作废，长期医嘱另标识长期与已停）。尚未提供：医嘱预开（指定生效时间）与预停（指定计划停止时间），当前停嘱即时生效。上述缺项列入后续开发计划。
1202,,,支持医嘱闭环状态浏览、支持医嘱复制、引用、出院互用。 +----------------------------------------------------------------------------------------+,部分响应,平台已提供医嘱闭环状态浏览（医嘱状态、长期医嘱逐次执行行含执行人与执行时间、护士站执行队列），出院小结打印时带出已执行药品明细作为出院带药参考。尚未提供：①医嘱复制；②引用历史住院或门诊医嘱；③出院带药一键转为出院医嘱。上述缺项列入后续开发计划。
1203,,,支持按条件检索过滤医嘱，自动生成皮试医嘱，皮试阴性方可开药。 +----------------------------------------------------------------------------------------+,部分响应,平台已提供门诊皮试闭环：护士站登记皮试结果，输液执行前按药品皮试类别（青霉素类/头孢类）校验本次就诊阴性结果，未通过则拦截。尚未提供：①医嘱列表按条件检索过滤；②开具需皮试药品时自动生成皮试医嘱；③开药前的皮试阴性校验及住院医嘱皮试校验（当前仅在门诊输液前校验）。上述缺项列入后续开发计划。
1204,,,支持集成合理用药系统，支持药品说明书检索、配伍禁忌与剂量监测。 +----------------------------------------------------------------------------------------+,配套产品响应,属设备配套软件/商用知识库/CA 等产品参数，平台已留标准接入点
1205,,,支持接入合理用药系统，对医嘱合理性进行校验。 +----------------------------------------------------------------------------------------+ 申请单管控 +-------------------------------------------------------------------------------,部分响应,平台已内置合理用药校验并在门诊开单前置执行：过敏禁忌、重复用药、药物相互作用、疗程上限、年龄限制（禁用级拦截、慎用级留痕），以及抗菌药物分级校验，规则库由院内自行维护。尚未提供：①外部商用合理用药系统的标准接入适配（商用知识库本体由知识库厂商提供）；②住院医嘱的合理用药校验。上述缺项列入后续开发计划。
1206,,,支持检验、检查、输血、手术、会诊、治疗申请单下达，自动生成对应医嘱。 +----------------------------------------------------------------------------------------+,部分响应,平台已提供检验、检查、治疗申请单下达并自动形成对应医嘱（门诊、住院一致，医技科室据此接单），输血申请具备申请、审批、发血、输血记录全流程。尚未提供：输血、手术、会诊申请单自动生成对应医嘱（当前为独立单据，不进入医嘱与计费）。上述缺项列入后续开发计划。
1207,,,检验检查项目全院统一字典管控。 +----------------------------------------------------------------------------------------+,正偏离/无偏离,由基础数据管理的收费项目字典提供：检验、检查、治疗、材料类项目全院统一维护（编码、名称、类别、费用类别、自费标志、单价），支持批量导入，门诊医生站与住院医生站共用同一字典开单。
1208,,,开单时可浏览患者病历、项目适应症、注意事项和临床意义。 +----------------------------------------------------------------------------------------+,部分响应,门诊医生站开单时可查看患者历次就诊、诊断与病历摘要。本条所述项目适应症、注意事项、临床意义等知识信息的浏览尚未提供，列入后续开发计划。
1209,,,申请单信息同步传输至医技科室，实现数据共享。 +----------------------------------------------------------------------------------------+,部分响应,门诊检验、检查申请单在收费后自动进入检验科、影像科待检队列，结果回传后自动更新医嘱状态。尚未提供：住院检验、检查申请单向医技科室的同步流转。上述缺项列入后续开发计划。
1210,,,可按申请单调阅检验检查报告，异常值特殊颜色标识。 +----------------------------------------------------------------------------------------+,部分响应,平台已具备按申请单调阅检验报告的数据接口，检验报告单打印与患者端报告查看均以特殊颜色标识异常值。尚未提供：临床医生站内按申请单调阅检验检查报告的操作入口。上述缺项列入后续开发计划。
1211,,,支持检验报告趋势图展示。 +----------------------------------------------------------------------------------------+,部分响应,平台已提供同一检验项目历次结果序列及前后变化率的数据接口。尚未提供：临床页面上的检验报告趋势图展示。上述缺项列入后续开发计划。
1212,,,支持一体化开单界面，一个界面支持开立所有申请单 +----------------------------------------------------------------------------------------+ 会诊管控。 +------------------------------------------------------------------------------,部分响应,门诊医生站与住院医生站均在同一工作区开立处方及检验、检查、治疗申请，一次提交。尚未提供：会诊、手术、输血申请纳入一体化开单界面（当前分别在会诊、手术、输血功能中办理）。上述缺项列入后续开发计划。
1213,,,医生可提出会诊申请，自动形成医嘱，填写会诊信息。 +----------------------------------------------------------------------------------------+,部分响应,平台已提供会诊申请数据接口（住院患者、受邀科室、会诊问题）。尚未提供：①医生站发起会诊申请的操作入口；②会诊申请自动形成医嘱。上述缺项列入后续开发计划。
1214,,,可浏览本人会诊申请，填写会诊时间及会诊结论。 +----------------------------------------------------------------------------------------+,部分响应,平台已提供会诊申请列表浏览及书写会诊结论（记录会诊人与完成时间）。尚未提供：①按当前登录人或受邀科室过滤的本人会诊列表；②会诊时间字段的填写。上述缺项列入后续开发计划。
1215,,,第一时间接收会诊消息，快速查看病人资料。 +----------------------------------------------------------------------------------------+,部分响应,平台当前提供会诊申请列表供受邀科室查看。本条所述会诊消息即时通知及从会诊列表快速跳转查看病人资料的功能尚未提供，列入后续开发计划。
1216,,,提供独立会诊患者列表，显示紧急程度。 +----------------------------------------------------------------------------------------+,部分响应,平台已在患者服务页面提供会诊列表页签（住院号、患者、受邀科室、会诊问题、状态）。尚未提供：①独立的会诊患者列表；②紧急程度字段与显示。上述缺项列入后续开发计划。
1217,,,会诊意见自动写入电子病历会诊单，支持跨院区会诊 +----------------------------------------------------------------------------------------+,部分响应,平台当前会诊结论记录于会诊单。本条所述会诊意见自动写入电子病历会诊单，以及跨院区会诊（院区维度管理）尚未提供，列入后续开发计划。
1218,,,支持会诊闭环管理，闭环如下：会诊开单、会诊接收、会诊到达、会诊结论、会诊评价。 +----------------------------------------------------------------------------------------+,部分响应,平台会诊流程当前包含会诊开单（数据接口）与会诊结论两个节点。尚未提供：会诊接收、会诊到达、会诊评价三个节点及对应状态流转。上述缺项列入后续开发计划。
1219,,,危急值管控。 +----------------------------------------------------------------------------------------+,正偏离/无偏离,由危急值管理功能提供：检验、影像双通道危急值自动识别并生成告警，通知到开单医师（缺失时至挂号医师），限时确认，处置留痕，超期看板追踪，确认时限可配置；当前覆盖门诊医嘱产生的危急值。
1220,,,具备危急值预警提醒功能，及时消息通知医生。 +----------------------------------------------------------------------------------------+,部分响应,平台危急值告警生成时自动记录通知对象（开单医师）、通知时间与确认时限，医生在危急值页面「我的待确认」中查看并标识超期。尚未提供：站内弹窗、待办角标、短信等即时消息推送通道（当前需医生打开危急值页面查看）。上述缺项列入后续开发计划。
1221,,,拥有危急值处理流程，支持强制校验危急值是否处理，支持关联相关医嘱。 +----------------------------------------------------------------------------------------+,部分响应,平台危急值处理流程完整：仅开单医师本人可确认，确认时记录处置意见，告警与触发的医嘱自动关联。尚未提供：以未处理危急值为条件的强制校验（开医嘱、结算、出院等环节的阻断）。上述缺项列入后续开发计划。
1222,,,处理数据返回医技科室，与医技系统集成。 +----------------------------------------------------------------------------------------+,部分响应,平台当前危急值处置结果记录于临床侧危急值管理中。本条所述处置结果回传医技科室（医技页面查看处理状态或经接口回传医技系统）尚未提供，列入后续开发计划。
1223,,,实现危急值接收、处理、反馈全闭环。 +----------------------------------------------------------------------------------------+ 疾病监测报卡 +-----------------------------------------------------------------------------------,部分响应,平台已提供危急值生成、通知、接收确认、处置留痕、超期看板的闭环。尚未提供：处置结果向报告科室的反馈回执。上述缺项列入后续开发计划。
1224,,,诊断符合传染病上报时，系统自动提示医生上报。 +----------------------------------------------------------------------------------------+,部分响应,平台当前提供传染病报卡的手工登记、审核与上报流程。本条所述依据诊断自动判定法定传染病并提示医生上报的功能尚未提供，列入后续开发计划。
1225,,,支持选择诊断直接完成传染病上报登记。 +----------------------------------------------------------------------------------------+ > 费用管控 +----------------------------------------------------------------------------------,部分响应,平台已提供传染病报卡闭环：报卡登记（甲乙丙分类、甲类时限提示）、审核通过/退回、上报及状态流转。尚未提供：从患者诊断列表直接选择诊断带出并完成报卡登记（当前为独立表单手工录入）。上述缺项列入后续开发计划。
1226,,,支持门诊费用转住院，适配日间手术等衔接场景。 +----------------------------------------------------------------------------------------+,部分响应,平台当前提供门诊收费与住院账户的独立管理。本条所述门诊费用转住院及日间手术衔接场景尚未提供，列入后续开发计划。
1227,,,可按计费时间、类型检索病人费用明细。 +----------------------------------------------------------------------------------------+,部分响应,平台已提供住院患者按日期检索费用明细（项目、规格、数量、单价、金额、执行时间及合计），门诊收费记录支持按关键字与日期查询。尚未提供：患者费用明细按医嘱类型/费用类别的检索过滤（当前费用类别口径仅为院级汇总报表）。上述缺项列入后续开发计划。
1228,,,自动核算各项费用，支持医保费用管理。 +----------------------------------------------------------------------------------------+,正偏离/无偏离,由住院管理与医保管理模块提供：医嘱执行时自动累加费用，住院工作区实时汇总费用与账户余额；医保费用管理含按参保类型的起付线、封顶线、报销比例拆分（甲乙丙分类）、结算校验规则告警、医保目录对照导入、基金监测与对账。医保接口对接按各地规范另见相关条款。
1229,,,支持配置检查按部位减免费用等国家医保政策。 +----------------------------------------------------------------------------------------+,外部条件,需医保局/省平台等外部环境开通后联调
1230,,,支持计算费用占比，提示医生相关费用占比信息。 +----------------------------------------------------------------------------------------+ 交接班 +---------------------------------------------------------------------------------,部分响应,平台已提供药占比、均次费用、抗菌药处方比等占比统计（运营看板、数据治理指标），医保结算校验含自费占比超阈告警。尚未提供：医生站开单时向医生提示本次就诊或本人的费用结构占比。上述缺项列入后续开发计划。
1231,,,支持创建医生交接班数据。 +----------------------------------------------------------------------------------------+,部分响应,平台已提供交接班登记（科室、班次、当班情况、交接待办、班次日期，支持夜班跨零点补录）及接班人签收双签。尚未提供：医生站内的医生交接班入口及医护角色区分（当前交接班功能位于护理管理页面）。上述缺项列入后续开发计划。
1232,,,可检索历史交接班记录。 +----------------------------------------------------------------------------------------+,部分响应,平台已提供交接班记录列表浏览（科室、日期、班次、当班情况、待办、交班人、签收人）。尚未提供：按科室、日期、班次等条件检索及分页（当前仅展示最近记录）。上述缺项列入后续开发计划。
1233,,,支持患者类型定义。 +----------------------------------------------------------------------------------------+,部分响应,平台患者档案含患者类型（自费/职工医保/居民医保/其他）并用于医保费用拆分口径，费用类别字典可维护。尚未提供：患者类型字典的自定义维护界面（当前类型为固定枚举，院方无法自行新增）。上述缺项列入后续开发计划。
1234,,,支持从业务数据中导入不同类型患者信息。 +----------------------------------------------------------------------------------------+ 查询功能 +-----------------------------------------------------------------------------------,部分响应,平台临床数据中心支持从业务数据全量/增量汇聚门诊就诊、检验报告、住院小结三类文档至患者视图。尚未提供：①影像、手术、护理等更多类型数据汇聚；②患者档案的批量导入（当前逐个建档）。上述缺项列入后续开发计划。
1235,,,可查询历次门诊、住院信息、检验检查结果。 +----------------------------------------------------------------------------------------+,部分响应,平台已提供患者历次门诊就诊、诊断与病历摘要查询，临床数据中心患者360视图可按文档类型查看门诊就诊、检验报告、住院小结。尚未提供：①影像检查结果纳入患者360视图；②历次住院医嘱与费用的查询视图。上述缺项列入后续开发计划。
1236,,,可查询医嘱执行情况、病床使用情况、患者费用明细。 +----------------------------------------------------------------------------------------+,正偏离/无偏离,由住院医生站、护士站与统计报表提供：医嘱执行情况（按日执行行、全院未执行医嘱、执行人与执行时间）、病床使用情况（病区床位空闲/占用、护理白板在院一览、科室床位使用率与周转次数）、患者费用明细（一日清单、账户明细）。
1237,,,支持临床危急值、住院病历等综合查询。 +----------------------------------------------------------------------------------------+ 打印功能 +------------------------------------------------------------------------------------,部分响应,平台已提供危急值查询（我的待确认、超期看板）及住院病历查询（病程记录、查房记录、修订留痕、病案质控与病案首页）。尚未提供：①已处理危急值的历史查询入口；②跨危急值、病历、医嘱、费用的统一综合查询界面。上述缺项列入后续开发计划。
1238,,,支持医嘱和申请单打印，符合医疗文件格式要求。 +----------------------------------------------------------------------------------------+,部分响应,平台当前提供挂号凭条、收费票据、检验报告单、一日清单、出院小结、体温单、护理记录单、死亡登记卡的打印。本条所述医嘱单及检验、检查、会诊、手术申请单的打印尚未提供，列入后续开发计划。
1239,,,打印单据含医生、操作员签字栏，处方医师签字生效。 +----------------------------------------------------------------------------------------+,部分响应,平台护理记录单打印含护士签名栏并显示签名状态；病历经医师电子签名后生效冻结。尚未提供：①挂号凭条、收费票据、检验报告单、一日清单、出院小结等单据的医生/操作员签字栏；②处方单据打印及处方医师签字生效。上述缺项列入后续开发计划。
1240,,,支持续打、按页打等多种模式。 +----------------------------------------------------------------------------------------+,配套产品响应,【二级证据评审建议，待项目组签字】商用病历编辑器控件参数；平台病历模板/打印数据集已备
1241,,,支持 CA 签名样式打印。 +----------------------------------------------------------------------------------------+ 系统集成 +----------------------------------------------------------------------------------------+,配套产品响应,平台提供电子签名标准接入适配接口，医师签名调用点已预留；CA 数字证书、签章图形与签名样式由 CA 厂商中间件配套提供。打印单据中的签名样式渲染随 CA 接入配套实现，列入后续开发计划。
1242,,,与 HIS、LIS、PACS、药房系统无缝对接，数据互通。 +----------------------------------------------------------------------------------------+,部分响应,平台内 HIS、LIS、药房为同一平台模块，数据同库直通（申请自动流转医技、结果自动回写医嘱、退药自动回补库存）；对外集成提供 HL7 报文接收、适配器管理与报文监控。尚未提供：PACS 的影像标准协议对接（当前为拼接外部影像浏览器链接调阅云胶片，云胶片由影像云服务商提供）。上述缺项列入后续开发计划。
1243,,,自动传送诊疗与费用信息，保证医嘱执行顺畅。 +----------------------------------------------------------------------------------------+,正偏离/无偏离,由门诊/住院医嘱流转链路提供：医嘱开立后自动进入收费、发药、医技待检队列，结果回传自动更新医嘱状态；医嘱、收费、发药、执行共用同一数据源，住院医嘱执行即自动记账。
1244,,,支持临床知识库、医疗质量控制、抗生素分级管理。 +----------------------------------------------------------------------------------------+,正偏离/无偏离,由临床决策支持、医疗质控与抗菌药管理功能提供：院内规则引擎（药物相互作用、用药建议、规则维护）；病案质控分类汇总、科室维度、趋势与TOP10；抗菌药物分级处方权按医师授级、按药品定级。商用临床知识库本体可另行配套。
1245,★,,支持医疗不良事件报告与管理。 +----------------------------------------------------------------------------------------+ +----------------------------------------------------------------------------------------+ +--,正偏离/无偏离,由质控中心不良事件页签提供：不良事件上报（事件类型、1-4级分级、发生日期、科室、描述、支持匿名）、事件列表、处理登记（处理意见、处理人，防重复处理），待处理/已处理状态闭环。
1246,,,使用病区床位使用情况一览表对患者进行管控，拥有床位管控功能，全面展示患者的基本信息，包括个人资料、住院号、床号、诊断、过敏史等。 提供患者信息的检索和筛选功能，方便快速查找特定患者。 +-----------------------------------------------------------------------------------------------------------,部分响应,已提供：护士站床位一览表（护理白板）按病区展示在院患者的床号、科室、姓名、性别、住院号、过敏史、待执行医嘱数与护理文书数，支持刷新。尚未提供：①一览表上展示患者诊断；②患者信息的检索与筛选功能。上述缺项列入后续开发计划。
1247,,,能够护士在床位一览表上增加婴儿数据资料，同时在床位一览表展示婴儿、非婴儿数据资料，拥有母婴同床功能。 +----------------------------------------------------------------------------------------------------------------------------------------------------,部分响应,平台当前提供护士站床位一览表基础能力（一床一患者的在院患者展示）。本条所述婴儿资料录入、婴儿/非婴儿资料分列展示及母婴同床功能尚未提供，列入后续开发计划。
1248,,,能进行住院号和床号的双重定位，拥有高效快速检索病人功能，能按护理级别等进行病人过滤。 +------------------------------------------------------------------------------------------------------------------------------------------------------------,部分响应,平台当前提供护士站床位一览表基础能力，可按病区展示在院患者床号、住院号与护理级别（护理级别可在一览表上直接修改）。本条所述住院号与床号双重定位、快速检索患者、按护理级别过滤功能尚未提供，列入后续开发计划。
1249,,,提供患者入区登记功能。入区登记时，提供患者关键信息录入功能，包括患者住院信息、健康状况、过敏信息、费用信息，住院信息包括床位、责任护士、责任医生等必填的关键信息。 +---------------------------------------------------------------------------------------------------------------------,部分响应,已提供：住院登记功能，登记时录入患者、科室、病区、床位（自动列出空床）、主管医生与入院诊断；押金登记记录费用信息；过敏史随患者主索引记录并在护士站床位一览表展示。尚未提供：①护士站独立的入区接收登记环节（当前入院登记即完成分床）；②责任护士的录入与必填校验；③健康状况录入项。上述缺项列入后续开发计划。
1250,,,拥有转床或床位互换功能。 +------------------------------------------------------------------------------------------------------------------------------------------------------------------------------------------,部分响应,已提供：住院医生站转科转床功能，可选择目标科室与空床并填写原因，新床占用与原床释放同步完成，转科转床历史可回看。尚未提供：①两名在院患者之间的床位互换（当前仅支持转至空床）；②护士站床位一览表上的转床操作入口。上述缺项列入后续开发计划。
1251,,,支持床位病人的搜索功用，可按全部、空床、病人、出院、护理级别、科室、病情、床卡图标过滤功能，提供不同的床位（或病人）展视视图。 +---------------------------------------------------------------------------------------------------------------------------------------,部分响应,平台当前提供护士站床位一览表基础能力，以列表形式展示病区在院患者。本条所述按全部/空床/病人/出院/护理级别/科室/病情/床卡图标的过滤功能及多种床位（患者）展示视图尚未提供，列入后续开发计划。
1252,,,支持通过床位一览表打印床头卡、入院证、腕带等功能。 +-----------------------------------------------------------------------------------------------------------------------------------------------------------------------------,部分响应,平台当前提供护士站床位一览表及住院日清单、出院小结等打印基础能力。本条所述从床位一览表打印床头卡、入院证、腕带的功能尚未提供，列入后续开发计划。
1253,,,提供单病人医嘱复核和多病人集中复核功能；支持单医嘱审核和多患者多医嘱集中审核。 +---------------------------------------------------------------------------------------------------------------------------------------------------------------,部分响应,平台当前提供住院医嘱开立、护士站待执行医嘱队列与逐条执行记费的基础能力。本条所述单病人医嘱复核、多病人集中复核、单医嘱审核与多患者多医嘱集中审核环节尚未提供，列入后续开发计划。
1254,,,检索病区医嘱审批、签名、医嘱停止核对、医嘱作废核对处理操作情况，停止核对及作废核对西药医嘱自动化退药申请。对各种医嘱全面的处理过程，保证业务工作的严密、顺畅。 +-----------------------------------------------------------------------------------------------------------------------,部分响应,已提供：住院医嘱的停止（长期医嘱停嘱并固化已发生费用）与作废（未执行医嘱）操作。尚未提供：①医嘱审批、签名、停止核对、作废核对四类核对操作及其处理情况的检索页面；②停止核对及作废核对后西药医嘱的自动退药申请（住院侧当前无发药退药环节）。上述缺项列入后续开发计划。
1255,,,提供药品发送、医嘱执行记费功能，支持一键执行功能同时进行药品发送、医技发送、医嘱执行记费，提供单病人操作界面、多病人操作界面。 +---------------------------------------------------------------------------------------------------------------------------------------,部分响应,已提供：医嘱执行记费功能，护士站按日生成长期医嘱执行清单，执行时自动扣减库存并记入患者费用；提供多病人执行队列界面（全病区待执行医嘱）、单病人工作台界面及移动端床旁执行界面。尚未提供：①住院药品发送（摆药）与医技发送环节；②一键同时完成药品发送、医技发送与执行记费的组合操作（当前逐条执行）。上述缺项列入后续开发计划。
1256,,,支持病区医嘱执行清单的打印功能，如药品发送清单、医嘱记费清单。 +-----------------------------------------------------------------------------------------------------------------------------------------------------------------------,部分响应,平台当前提供护士站医嘱执行队列展示及体温单、住院日清单打印基础能力。本条所述病区医嘱执行清单打印（药品发送清单、医嘱记费清单）尚未提供，列入后续开发计划。
1257,,,能够医嘱执行操作单能够显示药物皮试结果。 +----------------------------------------------------------------------------------------------------------------------------------------------------------------------------------,部分响应,平台当前提供门诊护士站皮试登记与结果录入基础能力。本条所述住院医嘱执行操作单上显示药物皮试结果尚未提供（住院侧暂无皮试数据来源与展示列），列入后续开发计划。
1258,,,能够医嘱确认执行操作时执行操作时间的更新。 +---------------------------------------------------------------------------------------------------------------------------------------------------------------------------------,正偏离/无偏离,由护士站医嘱执行功能提供：护士确认执行时，系统自动记录执行人与执行时间；长期医嘱每次执行均单独记录执行时间，医嘱主记录保留首次执行时间不被覆盖，各次执行时间可在执行记录中回溯。
1259,,,支持打印医嘱变、医嘱执行单、医嘱执行标签。可精细化分类打印各种执行单、输液卡、口服卡等。 +----------------------------------------------------------------------------------------------------------------------------------------------------------,部分响应,平台当前提供体温单、住院日清单、出院小结等打印基础能力。本条所述医嘱变更单、医嘱执行单、医嘱执行标签及输液卡、口服卡等分类精细化打印尚未提供，列入后续开发计划。
1260,,,支持打印医嘱单、费用汇总、费用清单、每日清单。 +-------------------------------------------------------------------------------------------------------------------------------------------------------------------------------,部分响应,已提供：住院每日清单（费用清单）查询与打印，含患者姓名、住院号、分项费用、当日合计与押金余额；费用汇总在患者工作台与账户页面展示（费用合计、押金、余额、欠费），出院小结打印含费用合计。尚未提供：①医嘱单打印；②独立的费用汇总打印模板。上述缺项列入后续开发计划。
1261,,,支持打印检验条码、申请单，预约单、指引单等。 +--------------------------------------------------------------------------------------------------------------------------------------------------------------------------------,部分响应,平台当前提供检验采样条码号生成（采样登记时自动生成条码号并记录）及门诊预约登记基础能力。本条所述检验条码打印、申请单打印、预约单打印、指引单打印尚未提供，列入后续开发计划。
1262,,,能够录入皮试药品的批次内容，录入皮试结果时，能够对皮试医嘱进行皮试结果录入及检索功能。 +-----------------------------------------------------------------------------------------------------------------------------------------------------------,部分响应,已提供：门诊护士站皮试登记、皮试结果（阴性/阳性）录入与按就诊检索功能，并在输液执行前按皮试类别校验阴性结果作为安全控制。尚未提供：①皮试药品批次（批号）录入；②皮试记录与具体皮试医嘱的关联（当前按就诊登记，未绑定医嘱）。上述缺项列入后续开发计划。
1263,,,能够护士确认后的皮试结果能够自动化反馈到医生工作站。 +----------------------------------------------------------------------------------------------------------------------------------------------------------------------------,部分响应,平台当前提供门诊护士站皮试结果录入与查询基础能力。本条所述护士确认皮试结果后自动反馈至医生工作站尚未提供（当前医生站不展示皮试结果），列入后续开发计划。
1264,,,能够更新皮试医嘱的结果功能。 +----------------------------------------------------------------------------------------------------------------------------------------------------------------------------------------,部分响应,已提供：门诊护士站皮试结果更新功能，可将待定皮试记录更新为阴性/阳性，并防止重复更新。尚未提供：①皮试记录与皮试医嘱的关联及结果更新后回写医嘱状态；②住院侧皮试结果录入与更新。上述缺项列入后续开发计划。
1265,,,支持查询患者住院期间全量医嘱信息，可展示字段包含：住院号、姓名、床号、医嘱状态、执行模式、医嘱类别、医嘱内容、备注信息、、医嘱提交人、提交科室、医嘱签名人、签名科室、医嘱停止人、医嘱停止时间。 +------------------------------------------------------------------------------------------------------,部分响应,已提供：住院医生站按次住院查询全量医嘱，展示住院号、医嘱状态、执行模式（长期/临时）、医嘱类别、医嘱内容（项目、规格、数量、用法、频次、剂量）、开单医生、停止医生与停止时间。尚未提供：①备注、医嘱签名人、签名科室、提交科室字段；②列表内直接展示患者姓名与床号；③跨患者的全院医嘱综合查询。上述缺项列入后续开发计划。
1266,,,能够多种组合条件进行筛选，包括医嘱状态、医嘱类型、医嘱模式、时间等。 +--------------------------------------------------------------------------------------------------------------------------------------------------------------------,部分响应,平台当前提供按次住院查看全量医嘱及护士站待执行医嘱队列的基础能力。本条所述按医嘱状态、医嘱类型、医嘱模式、时间等多条件组合筛选尚未提供，列入后续开发计划。
1267,,,提供各类护理评估工具和模板，如入院评估、疼痛评估、跌倒风险评估等。 +---------------------------------------------------------------------------------------------------------------------------------------------------------------------,部分响应,已提供：护理风险评估中的 Braden 压力性损伤评估与 Morse 跌倒风险评估两张量表，自动按阈值分为高/中/低危并可查看评估趋势。尚未提供：①入院评估、疼痛评估量表；②可配置的护理评估模板机制（当前量表为固定内置）。上述缺项列入后续开发计划。
1268,,,支持护士录入各种护理记录，包括病情观察记录、护理操作记录、患者反应等。 +-------------------------------------------------------------------------------------------------------------------------------------------------------------------,正偏离/无偏离,由护理记录单功能提供：护士可录入病情观察、巡视、护理措施三类记录，记录内容含护理措施与效果评价（患者反应），记录时间可补录以支持夜班补记；支持记录修改、护士签名、完整性检查与护理记录单打印。
1269,,,能够录入患者的生命体征数据，如体温、血压、脉搏、呼吸等。 +--------------------------------------------------------------------------------------------------------------------------------------------------------------------------,正偏离/无偏离,由护士站生命体征录入功能提供：可录入体温、脉搏、呼吸、血压等生命体征（支持登记未测原因），住院医生站与移动端均可录入并查看曲线；数据自动生成体温单（三测单）并支持打印。
1270,,,支持护士通过移动设备（如平板电脑、PDA 等）进行床边操作，如查看医嘱、录入护理记录等。 +----------------------------------------------------------------------------------------------------------------------------------------------------------,正偏离/无偏离,由移动护理工作站提供：适配平板电脑/PDA 的独立移动端界面，支持床旁查看待执行医嘱并确认执行（卡片式展示患者、床号、药品、用法），以及录入生命体征与查房记录；护理记录单的正式书写在护士站电脑端完成。
1271,,,支持对长期医嘱、临时医嘱、手术医嘱对应的费用明细进行查询，提供全方位费用查询与管理功能。 +----------------------------------------------------------------------------------------------------------------------------------------------------------,部分响应,已提供：长期医嘱与临时医嘱的费用明细查询，患者工作台展示每条医嘱金额与费用合计，长期医嘱逐次执行金额单独记录；每日清单按执行日期出明细，账户页展示已发生费用、押金与余额。尚未提供：①手术医嘱费用（手术排期与完成登记当前不产生费用）；②按医嘱类别/执行模式检索费用明细的查询界面。上述缺项列入后续开发计划。
1272,,,支持全部、成人、婴儿多页账卡单独显示；支持病人帐卡中费用明细的打印功能 +-------------------------------------------------------------------------------------------------------------------------------------------------------------------,部分响应,已提供：住院患者账卡（医嘱明细、押金、费用合计、余额与欠费）、历次中间结算单查询，费用明细可通过住院每日清单打印。尚未提供：①全部/成人/婴儿多页账卡分别显示（婴儿资料暂未建立）；②账卡多页签结构。上述缺项列入后续开发计划。
1273,,,支持日常诊疗费用查询，包含床位费、诊查费等常规住院费用明细。 +------------------------------------------------------------------------------------------------------------------------------------------------------------------------,部分响应,已提供：住院每日费用明细查询，按执行日期列出项目、规格、数量、单价、金额与费用类别及当日合计；费用类别字典已含床位费、诊查费，并支持院级费用分类汇总。尚未提供：床位费、诊查费等日常住院费用的自动计费（当前需医生手工开立相应医嘱方可产生）。上述缺项列入后续开发计划。
1274,,,支持针对费用情况进行补费、退费操作，支持批量补费和独立计费，且支持使用模版补费。 +--------------------------------------------------------------------------------------------------------------------------------------------------------------,部分响应,平台当前提供住院侧费用冲正基础能力：作废未执行医嘱、住院结算冲销、中间结算单冲销；门诊退费经他人复核审批。本条所述补费、批量补费、模板补费、针对已执行费用行的独立退费以及独立计费（不经医嘱直接计费）尚未提供，列入后续开发计划。
1275,,,支持对病区住院患者进行手工项目计费，并提供计费模板功能，可快速批量录入。 +------------------------------------------------------------------------------------------------------------------------------------------------------------------,部分响应,已提供：病区住院患者手工项目计费，可一次录入多行收费项目，按收费项目字典计价并记入患者费用。尚未提供：可保存复用的计费模板及基于模板的快速批量录入。上述缺项列入后续开发计划。
1276,,,支持批量计费、滚动费用绑费及医嘱附加费用的手工绑定操作。 +--------------------------------------------------------------------------------------------------------------------------------------------------------------------------,部分响应,已提供：批量计费（一次提交多条计费医嘱）；长期医嘱按频次每日自动生成执行行、执行时累加费用。尚未提供：①医嘱附加费用的手工绑定；②床位费、护理费等按日自动滚动计费。上述缺项列入后续开发计划。
1277,,,支持针对不同病区和不同患者设置不同的欠费额度；支持信用授权欠费额度；支持担保人担保欠费额度。 +--------------------------------------------------------------------------------------------------------------------------------------------------------,部分响应,平台当前提供住院欠费台账与事后追缴管理基础能力（不硬性拦截开单与执行）。本条所述按病区/患者设置欠费额度、信用授权欠费额度、担保人担保欠费额度尚未提供，列入后续开发计划。
1278,,,支持住院患者费用总清单及每日明细清单的查询、预览与打印输出。 +------------------------------------------------------------------------------------------------------------------------------------------------------------------------,部分响应,已提供：住院每日明细清单的查询、预览与打印输出；住院费用总清单的查询与页面预览（全部医嘱明细与费用汇总）。尚未提供：住院费用总清单的打印输出。上述缺项列入后续开发计划。
1279,,,支持对病区住院患者提供摆药相关全流程管理，包含摆药信息查询、退药申请提交、退药记录查询、摆药单删除及摆药信息恢复等操作功能。 +----------------------------------------------------------------------------------------------------------------------------------------,部分响应,平台当前提供门诊药房发药与退药基础能力；住院药品在护士执行医嘱时直接扣减库存出库。本条所述病区摆药全流程管理（摆药信息查询、退药申请提交、退药记录查询、摆药单删除与恢复）尚未提供，列入后续开发计划。
1280,,,支持与不良事件管理系统无缝对接，实现院内各类不良事件的标准化线上填报与上报流程。 +--------------------------------------------------------------------------------------------------------------------------------------------------------------,部分响应,已提供：平台内置不良事件线上填报与上报功能，支持事件类型、等级（1-4级）、发生日期、科室、匿名上报及处理登记。尚未提供：与外部不良事件管理系统的接口对接。上述缺项列入后续开发计划。
1281,,,可依据护理评估结果进行智能判断，对符合预警条件的评估项自动触发不良事件上报提醒，实现主动上报与风险前置管控。 +------------------------------------------------------------------------------------------------------------------------------------------------,部分响应,已提供：护理评估智能判断，Braden/Morse 评估按阈值自动分级并生成高危预警清单。尚未提供：评估达到预警条件时自动触发不良事件上报提醒的联动（当前仍需人工另行填报）。上述缺项列入后续开发计划。
1282,,,内置不良事件原因分析、持续改进与整改跟踪的专业质量管理工具模板，包括鱼骨图、柏拉图、甘特图等，支持可视化分析与整改闭环管理。 +----------------------------------------------------------------------------------------------------------------------------------------,部分响应,平台当前提供不良事件填报、上报与处理意见登记基础能力。本条所述鱼骨图、柏拉图、甘特图等质量管理工具模板、原因分析可视化及整改跟踪闭环管理尚未提供，列入后续开发计划。
1283,,,实现不良事件三级审核上报管理机制，严格按照科室→大科→护理部的层级进行逐级上报、审核、督办与闭环管理。 +---------------------------------------------------------------------------------------------------------------------------------------------------,部分响应,平台当前提供不良事件上报与一次性处理登记基础能力。本条所述科室→大科→护理部三级逐级上报、审核、督办与闭环管理机制尚未提供，列入后续开发计划。
1284,,,支持灵活配置各类交班统计指标，包括但不限于：入院、今日入院、转入、出院、转出、病危、病重、手术核心业务指标。 +------------------------------------------------------------------------------------------------------------------------------------------------,部分响应,平台当前提供护理交班登记基础能力（科室、班次、交班摘要、待办事项、交班人与签收人）。本条所述交班统计指标（入院、今日入院、转入、出院、转出、病危、病重、手术等）的灵活配置与自动统计尚未提供，列入后续开发计划。
1285,,,支持自定义交班班次类型（如白班、小夜班、大夜班等），可配置各班次的时间范围。 +----------------------------------------------------------------------------------------------------------------------------------------------------------------,正偏离/无偏离,由护理交班管理的班次字典功能提供：可自定义班次类型（如白班、小夜班、大夜班），配置各班次的起止时间范围；交班登记时按班次字典选择班次。
1286,,,系统可自动从 HIS、护理记录等业务系统中实时抽取患者诊疗数据，生成交班基础数据，无需人工录入。 +------------------------------------------------------------------------------------------------------------------------------------------------------,部分响应,平台当前提供护理交班登记基础能力，交班内容由护士手工录入。本条所述从住院、护理记录等业务数据中自动抽取患者诊疗数据生成交班基础数据尚未提供，列入后续开发计划。
1287,,,支持对已生成的交班报告进行撤销，并提供交班报告查询、预览与打印功能。 +--------------------------------------------------------------------------------------------------------------------------------------------------------------------,部分响应,已提供：交班报告台账查询（科室、班次、交班人、签收人）与接班签收。尚未提供：①已生成交班报告的撤销；②交班报告的预览与打印输出。上述缺项列入后续开发计划。
1288,,,支持对患者关键业务数据进行实时监测与动态对比。 +-------------------------------------------------------------------------------------------------------------------------------------------------------------------------------,部分响应,已提供：护理白板在院患者实时一览、住院账户实时余额、危急值待处理实时计数等实时监测；单患者风险评估趋势与体温单多时点体征曲线等趋势对比。尚未提供：跨时点、跨患者的关键业务数据动态对比专用视图。上述缺项列入后续开发计划。
1289,,,支持住院患者诊断信息新增、编辑与维护。 +-----------------------------------------------------------------------------------------------------------------------------------------------------------------------------------,正偏离/无偏离,由住院登记、出院管理与诊断维护功能提供：入院登记时录入入院诊断并接入 ICD-10 字典检索；出院时可编辑出院诊断；诊断维护功能支持新增、查询与删除其他诊断，供病案首页与 DRG 分析使用。
1290,,,提供医技科室危急值上报专属提醒机制，对危急值报告进行专项标识与实时提醒，确保临床医护人员快速感知与处置。 +--------------------------------------------------------------------------------------------------------------------------------------------------,正偏离/无偏离,由危急值管理功能提供：检验结果按参考区间自动判定危急值并生成告警，参考区间可维护；影像危急值由医技科室人工上报；告警以【危急值】【影像危急值】专项标识，医生端设有待确认危急值专页与首页红标计数，实现实时提醒。
1291,,,医技科室在完成危急值电话通知的同时，在接收科室终端进行醒目可视化提示，并支持危急值处理结果的反馈与确认；若超过规定时限未完成接收确认，系统自动将报告信息逐级推送至上级管理人员，实现危急值处置闭环管理。 +--------------------------------------------------------------------------------------------------,部分响应,已提供：接收科室终端危急值待确认/超期双栏醒目提示，处置措施必填的确认反馈（记录确认人、时间与处置措施，仅开单医师本人可确认），超期未确认看板。尚未提供：①超过规定时限未确认时自动逐级推送至上级管理人员；②电话通知情况的登记。上述缺项列入后续开发计划。
1292,★,,支持职能部门通过手机移动端实时查询全院危急值的上报、接收、处理及反馈情况，并可根据查询结果自动生成多维度数据统计与分析报告，满足质控监管与持续改进需求。 +--------------------------------------------------------------------------------------------------------------------------,部分响应,平台当前提供危急值管理基础能力：检验危急值自动判定与影像危急值上报、医生端待确认与超期危急值列表、首页待处理计数。本条所述职能部门通过手机移动端实时查询全院危急值上报、接收、处理与反馈情况，以及多维度统计分析报告的自动生成尚未提供，列入后续开发计划。
1293,,,借助树形结构清晰展示了全部数据元信息的分类，数据元之间的关系等。 +----------------------------------------------------------------------------------------------------------------------------------------------------------------------,部分响应,平台当前提供数据元字典的列表式管理基础能力（编码、名称、数据类型、格式、值域、标准依据）。本条所述数据元分类的树形展示及数据元之间关系的展示尚未提供，列入后续开发计划。
1294,,,实现了对基础数据元信息的具体详情内容的预先查阅，和对数据元的基础信息的修改，移除无用的数据元等能力。 +----------------------------------------------------------------------------------------------------------------------------------------------------,部分响应,平台当前提供数据元的新增与列表查看基础能力。本条所述数据元详情预览、基础信息修改与移除无用数据元功能尚未提供，列入后续开发计划。
1295,,,借助列表形式展示了所有的指标库，能够按条件检索符合条件的信息。 +-----------------------------------------------------------------------------------------------------------------------------------------------------------------------,部分响应,已提供：指标库以列表形式展示全部指标定义及最新快照值。尚未提供：按条件检索符合条件的指标信息。上述缺项列入后续开发计划。
1296,,,实现了对指标库的基础管理能力，例如：增加、修改指定的项目、根据设定条件检索指定的指标库信息和修改指定的指标库信息列表等。 +------------------------------------------------------------------------------------------------------------------------------------------,部分响应,平台当前提供指标库列表查看与指标快照生成基础能力，指标定义为内置预置。本条所述指标的增加、修改、按条件检索及指标列表维护功能尚未提供，列入后续开发计划。
1297,,,借助树形结构清晰展示了全部元素库信息的分类，和元素库信息之间的关系等。 +-------------------------------------------------------------------------------------------------------------------------------------------------------------------,部分响应,平台当前提供科室组织树、菜单树等树形管理及数据元字典列表基础能力。本条所述元素库信息的树形分类展示及元素库信息之间关系的展示尚未提供，列入后续开发计划。
1298,,,实现了对元素库信息的具体详情内容的预先查阅，和对元素库信息的基础信息实施编辑、给指定的元素库增加子类元素库等能力。 +---------------------------------------------------------------------------------------------------------------------------------------------,部分响应,【二级证据评审建议，待项目组签字】报表引擎（SELECT 白名单）+ 数据元管理已备；可视化元素库属报表平台产品
1299,,,借助树形结构清晰的呈现了当前的所有的病历分类信息及其互相之间的关联。 +--------------------------------------------------------------------------------------------------------------------------------------------------------------------,部分响应,平台当前提供病历模板按模板类型（病历/知情同意书/检查报告）的分类管理基础能力。本条所述病历分类的树形展示及分类之间关联的展示尚未提供，列入后续开发计划。
1300,,,实现了对分类的基础信息预先查阅，对病历分类的基础信息修改，和增加新的分类。 +-----------------------------------------------------------------------------------------------------------------------------------------------------------------,部分响应,平台当前提供病历模板按固定类型分类的基础能力。本条所述病历分类基础信息的查阅、修改与新增分类功能尚未提供（当前分类为固定内置），列入后续开发计划。
1301,,,借助树形结构清晰展示了全部数据源信息的分类，和数据源的其他属性等。 +---------------------------------------------------------------------------------------------------------------------------------------------------------------------,部分响应,平台当前提供集成适配器配置基础能力（外部系统对接目标配置）。本条所述数据源信息的树形分类展示及数据源属性管理尚未提供，列入后续开发计划。
1302,,,实现了对数据源信息的具体详情内容的预先查阅，和对数据源信息的基础信息实施编辑、给指定的数据源增加子类数据源等能力。 +---------------------------------------------------------------------------------------------------------------------------------------------,部分响应,【二级证据评审建议，待项目组签字】报表引擎（SELECT 白名单）+ 数据元管理已备；可视化元素库属报表平台产品
1303,,,借助分页表格展示了系统应用到的参数，能够依据参数编码和参数名称检索，能够对参数值实施编辑。 +---------------------------------------------------------------------------------------------------------------------------------------------------------,部分响应,对应模块查询统计能力已实现，界面细节逐条比对
1304,,,借助树形结构清晰展示了全部电子病历标准数据资料集。 +-----------------------------------------------------------------------------------------------------------------------------------------------------------------------------,部分响应,平台当前提供数据元字典管理基础能力。本条所述电子病历标准数据资料集的树形展示尚未提供，列入后续开发计划。
1305,,,能够依据权限的不同检索到不同的模板，依据应用范围模板分为全局模板、全院模板、科室模板、个人模板。 +------------------------------------------------------------------------------------------------------------------------------------------------------,部分响应,已提供：病历模板按使用范围分为科室模板与全院通用模板，医生站按所在科室自动获取本科室模板与全院通用模板，模板维护页可按类型、科室筛选。尚未提供：①全局模板与个人模板两个层级；②按登录人权限动态计算可见模板。上述缺项列入后续开发计划。
1306,,,模板增加：能够增加病历模板，指定模板分类和使用范围。 +----------------------------------------------------------------------------------------------------------------------------------------------------------------------------,正偏离/无偏离,由病历模板维护功能提供：新增病历模板时可指定模板分类（病历/检查报告/知情同意书）与使用范围（指定科室或全院通用），录入模板名称与内容后即可供医生站套用。
1307,,,模板兼容具备最小结构化元素，符合文本、数值、复选、单选、多选、日期等结构化录入要求。 +------------------------------------------------------------------------------------------------------------------------------------------------------------,部分响应,平台当前提供病历模板的文本内容维护与套用基础能力。本条所述模板最小结构化元素（文本、数值、复选、单选、多选、日期等结构化录入控件）尚未提供，列入后续开发计划。
1308,,,给予常用的结构化元素库，兼容结构化录入与自由化录入相融合。 +-------------------------------------------------------------------------------------------------------------------------------------------------------------------------,部分响应,对应业务登记能力已实现，字段级差异逐条比对
1309,,,兼容文档修改，字符、段落属性配置，页面版式配置，页眉页脚配置，兼容特殊符号，兼容图文结合性输入，兼容矢量图形绘制和表格。 +------------------------------------------------------------------------------------------------------------------------------------------,部分响应,对应模块维护能力已实现（字典/参数/规则），细节逐条比对
1310,,,"具备病人隐私防护手段，对模板病历中表示患者隐私信息的能够配置成""加密展示""。 +----------------------------------------------------------------------------------------------------------------------------------------------------------------",部分响应,平台当前提供患者证件号、手机号等敏感信息在数据出口统一脱敏展示的基础能力。本条所述在病历模板中将患者隐私信息配置为「加密展示」的功能尚未提供，列入后续开发计划。
1311,,,具备模板审核功能，模板编辑完成后，需要审核后才能使用，支持科主任审核和医务科审核。 +-------------------------------------------------------------------------------------------------------------------------------------------------------------,部分响应,平台当前提供病历模板新增与查询基础能力，模板保存后即可使用。本条所述模板审核流程（科主任审核、医务科审核，审核通过后方可使用）尚未提供，列入后续开发计划。
1312,,,拥有模板授权能力，使用范围为科室或个人的模板，需要授权到科室或个人后才能使用，需要授权的模板在新建的时候自动完成授权给构建科室或构建人，其他科室或个人如想使用该模板，需要将模板授权给对应的科室或个人。 +--------------------------------------------------------------------------------------------------,部分响应,平台当前提供按科室范围控制模板可见性的基础能力（科室模板仅本科室可见，全院通用模板全院可见）。本条所述模板授权能力（新建时自动授权给构建科室/构建人、向其他科室或个人授权后方可使用）尚未提供，列入后续开发计划。
1313,,,支持疾病组模板，可新建疾病组，在疾病组上添加或新建模板，同时支持将病历另存为疾病组模板，如将阑尾炎住院病人的所有病历文书另存为一套疾病组模板。 +-------------------------------------------------------------------------------------------------------------------------------,部分响应,平台当前提供病历模板维护与临床路径模板基础能力。本条所述疾病组模板（新建疾病组、在疾病组上添加或新建模板、将患者病历文书整套另存为疾病组模板）尚未提供，列入后续开发计划。
1314,,,通过挑选病历模板增加病历，也可借助于既往病历增加病历，兼容入院记录、病程记录（分首次病程、日常病程、医师查房记录、交接班记录、转科记录、术前小结等）、手术及治疗、各种授权书和同意书、讨论记录、会诊记录、出院记录等病历文书构建并书写。 +----------------------------------------------------------------------------------,部分响应,已提供：住院医生站通过挑选病历模板新增病历，支持入院记录、首次病程、日常病程、三级医师查房记录、术前小结、出院小结等文书类型，另有知情同意书模块与手术记录。尚未提供：①借助既往病历新增病历（复制既往文书）；②交接班记录、转科记录、讨论记录、会诊记录作为病历文书类型（会诊意见当前记录于会诊单）。上述缺项列入后续开发计划。
1315,,,应用专用的电子病历编辑器，结构化录入与自由化录入相融合，兼容所见即所得。 +------------------------------------------------------------------------------------------------------------------------------------------------------------------,部分响应,平台当前提供病历文本录入与模板套用基础能力。本条所述专用电子病历编辑器、结构化录入与自由录入融合及所见即所得编辑尚未提供，列入后续开发计划。
1316,,,临时存储与提交：兼容临时存储和提交两种存储方法，临时存储表示病历尚未书写完成，提交表示病历已书写完成，提交后再修改病历会保留编辑痕迹。 +-----------------------------------------------------------------------------------------------------------------------------------,部分响应,已提供：病历签名后冻结不可直接修改，修改以补正方式追加并保留原文快照、补正内容、原因、补正人与时间，补正历史可按时间线查看。尚未提供：①临时存储（草稿）与提交两种保存状态的区分（当前保存即正式落库）；②以「提交」而非签名作为留痕触发点。上述缺项列入后续开发计划。
1317,,,复制/粘贴挑选性控制：借助参数控制不同病人的病历内容是否能够互相复制粘贴操作。 +---------------------------------------------------------------------------------------------------------------------------------------------------------------,部分响应,平台当前提供病历文本录入基础能力。本条所述通过参数控制不同患者病历内容之间能否复制粘贴的功能尚未提供，列入后续开发计划。
1318,,,导入检查检验：给予电子病历系统与检验、检查、心电、医嘱等平台接口通道，对接后支持将检验、检查结果、心电结果、会诊结论、医嘱、诊断、体征等信息增加到病历当中的任意位置；检验、检查结果导入之前兼容预先查阅。 +-------------------------------------------------------------------------------------------------,部分响应,平台当前提供检验结果查询、医嘱与诊断管理、生命体征记录等独立功能。本条所述将检验、检查、心电、会诊结论、医嘱、诊断、体征等信息导入病历任意位置及导入前预览尚未提供，列入后续开发计划。
1319,,,兼容中西医诊断录入，西医使用icd规范诊断，诊断能够增加前后缀；兼容存储常用诊断，从常用诊断中挑选诊断等功能。 +-----------------------------------------------------------------------------------------------------------------------------------------------,部分响应,已提供：西医 ICD-10 规范诊断字典与检索，门诊医生站与住院入院登记均接入字典选择诊断。尚未提供：①中医诊断录入；②诊断前后缀；③常用诊断的存储与挑选；④住院出院诊断录入接入 ICD 字典联想（当前为手填）。上述缺项列入后续开发计划。
1320,,,插入音视频、图片：可在病历书写过程中实时录制语音、视频，并能够进行播放和插入到病历中，并且可插入图片，图文结合性输入，兼容矢量图形绘制修改能力。 +------------------------------------------------------------------------------------------------------------------------------,部分响应,平台当前提供病历文本录入基础能力。本条所述病历书写中录制语音/视频并播放插入、插入图片实现图文结合及矢量图形绘制修改功能尚未提供，列入后续开发计划。
1321,,,病历签名：兼容多种医师签名方法，如个性化设置图片签名，文本签名；能够与第三方CA认证签名接口对接，达成CA认证签名。 +--------------------------------------------------------------------------------------------------------------------------------------------,部分响应,已提供：病历签名功能，医生对病历文书签名后记录签名信息与时间并冻结不可重签，门诊与住院病历采用同一签名机制；平台提供标准电子签名接入接口，可对接第三方 CA 认证签名服务，数字证书、签名服务及签名组件由 CA 厂商提供。尚未提供：个性化图片签名与文本签名的设置。上述缺项列入后续开发计划。
1322,,,编辑痕迹：兼容三级医师的编辑痕迹管理能力，病历提交后所有的编辑痕迹都会保留下来，包含修改方法、修改内容、修改人姓名及工号、修改时间等，借助于菜单选择是否展示编辑痕迹。 +-------------------------------------------------------------------------------------------------------------------,部分响应,已提供：病历签名后的修改以补正方式留痕，保留原文快照、修改内容、修改原因、修改人姓名与修改时间，补正历史按时间线展示；三级医师查房记录结构化留痕（查房级别、查房医师、上级修正意见）。尚未提供：①「修改方法」字段与修改人工号；②通过菜单选择是否展示编辑痕迹的开关；③签名前多次保存的痕迹保留。上述缺项列入后续开发计划。
1323,,,病历打印：病历可预览、续打、合并打印、挑选区域打印。 +----------------------------------------------------------------------------------------------------------------------------------------------------------------------------,外部条件,需医保局/省平台等外部环境开通后联调
1324,,,查阅质量控制结果：可查阅病历的质量控制结果，提示和方便医生书写病历。 +--------------------------------------------------------------------------------------------------------------------------------------------------------------------,部分响应,已提供：医生可在出院环节查看病历完整性质控结果（缺项清单与出院控制模式）。尚未提供：①病历书写页面内的质控结果提示入口；②病历终末质控评分与扣分明细对临床医生开放查阅。上述缺项列入后续开发计划。
1325,,,存储多种格式：可将病历存储为pdf、html、xml等格式，借助于编辑器或相应的工具打开病历。 +-------------------------------------------------------------------------------------------------------------------------------------------------------,部分响应,已提供：病历文档 XML 格式输出（按卫生行业电子病历共享文档规范结构生成，供管理员与质控角色调用）。尚未提供：①XML 输出的前端操作入口；②PDF 与 HTML 格式的病历存储与导出。上述缺项列入后续开发计划。
1326,,,在线质控：支持保存病历后实时获取质控结果，方便医生整改病历。 +------------------------------------------------------------------------------------------------------------------------------------------------------------------------,部分响应,已提供：病历完整性质控与病历时限质控结果查询（出院页与质控看板）。尚未提供：保存病历后在书写页面实时返回质控结果供医生即时整改。上述缺项列入后续开发计划。
1327,,,病历自动校核：病历保存时自动校核逻辑是否正确，如:男性不应该有月经史。 +-------------------------------------------------------------------------------------------------------------------------------------------------------------------,部分响应,平台当前提供病历保存时的内容非空校验及按文书类型的完整性缺项判定基础能力。本条所述病历保存时的内容逻辑自动校核（如男性不应有月经史）尚未提供，列入后续开发计划。
1328,,,兼容医疗专业表达式、专用符号：兼容特定医疗专业表达式录入，如：龋齿、月经史、牙科、眼科专用等医学专用公式，并且兼容常用的专用符号，符号兼容个性化设置。 +---------------------------------------------------------------------------------------------------------------------------,部分响应,对应模块维护能力已实现（字典/参数/规则），细节逐条比对
1329,,,病历内容自动完成引用：病历增加时借助引用数据源自动完成带出病人已有的信息，如姓名、门诊号等基础信息，并且也能够带出其他病历中已有的信息，如将门诊病历中的主诉自动完成带入到医疗文书中。 +-----------------------------------------------------------------------------------------------------------,部分响应,平台当前提供病历模板整段套用基础能力。本条所述病历新增时自动引用带出患者基础信息（姓名、门诊号等）及带入其他病历已有内容（如门诊主诉带入住院文书）尚未提供，列入后续开发计划。
1330,,,知识库管理：医生可自行管理知识库词条、导入医学知识库词条，达成病历辅助、高效书写。 +-------------------------------------------------------------------------------------------------------------------------------------------------------------,部分响应,平台当前提供临床决策支持规则库基础能力，并预留商用医学知识库接入。本条所述医生自行管理病历辅助书写知识库词条及导入医学知识库词条功能尚未提供，列入后续开发计划；商用医学知识库内容本身由知识库厂商提供。
1331,,,病程记录合并修改：兼容病程记录合并预先查阅和修改、打印，按照病程记录的记录时间排序，方便医生书写。 +-----------------------------------------------------------------------------------------------------------------------------------------------------,部分响应,已提供：病案室病历复印功能中的病程记录合并预览与打印，一次输出该次住院全部病历文书。尚未提供：①医生站内的病程记录合并预览、修改与打印入口；②按记录时间排序（当前按录入顺序）。上述缺项列入后续开发计划。
1332,,,病历存为模板、疾病组：可将当前病历存为模板，一般能够存为科室模板和个人模板；并且兼容将患者病历存为疾病组。 +-------------------------------------------------------------------------------------------------------------------------------------------------,部分响应,平台当前提供病历模板维护页手工新建模板及「复制为新模板」基础能力。本条所述在医生站将当前病历直接存为科室模板/个人模板及存为疾病组模板尚未提供，列入后续开发计划。
1333,,,全文检索：兼容病历内容全文检索，借助病历全文检索系统能够检索病历。 +---------------------------------------------------------------------------------------------------------------------------------------------------------------------,部分响应,已提供：临床数据中心病历全文检索接口，按关键字匹配病历标题与内容（面向管理员、门诊医生、质控角色）。尚未提供：①全文检索的前端操作页面；②基于索引的全文检索引擎（当前为关键字匹配起步版）。上述缺项列入后续开发计划。
1334,,,检索患者病历接口通道：给予基于浏览器方法检索患者门急诊病历文书列表的接口通道，借助于病历列表查阅患者所有病历。 +-----------------------------------------------------------------------------------------------------------------------------------------------,正偏离/无偏离,由门诊医生站患者历史就诊接口与临床数据中心患者 360 视图提供：可基于浏览器查询患者历次门急诊就诊记录与病历文书列表（主诉、医嘱、签名状态），并从列表点开查阅病历全文。
1335,,,检索结构化元素内容接口通道：给予检索门急诊病历中某个结构化元素内容的接口通道，借助接口通道能够检索到结构化元素的书写内容。 +-----------------------------------------------------------------------------------------------------------------------------------------,部分响应,平台当前提供门急诊病历整份读取接口（主诉、现病史等固定字段随整份病历返回）。本条所述按结构化元素单独检索病历中某一元素内容的接口通道尚未提供，列入后续开发计划。
1336,,,病历锁定与取消锁定接口通道：给予住院病历锁定与取消锁定的接口通道，病历锁定后将不能修改，如需修改，能够向质控平台申请，申请通过后才能编辑病历。 +-------------------------------------------------------------------------------------------------------------------------------,部分响应,平台当前提供病历签名后冻结不可修改、仅可补正的基础控制能力。本条所述住院病历锁定/取消锁定接口通道及锁定后向质控平台申请解锁的审批流程尚未提供，列入后续开发计划。
1337,,,病历归档与取消归档接口通道：提供住院病历归档与反归档的接口通道，病历归档后将不能修改，如需修改，可向病案或质控系统申请，申请通过后编辑病历。 +--------------------------------------------------------------------------------------------------------------------------------,部分响应,已提供：住院病历归档接口与病案队列「归档」操作，归档限出院病历并记录归档人与时间。尚未提供：①病历反归档（取消归档）接口通道；②归档后修改的申请与审批流程。上述缺项列入后续开发计划。
1338,,,住院病历跟住院医生站一体化集成，满足界面集成、数据集成、应用集成的整合效果，方便医生看诊，提高就诊效率。 +--------------------------------------------------------------------------------------------------------------------------------------------------,正偏离/无偏离,由住院医生站提供：在同一界面内完成在院患者选择、医嘱开立、病历书写（模板套用、签名、补正）、生命体征查看与转科转床，病历与医嘱共享同一住院数据，实现界面、数据与应用三重集成。
1339,,,提供疾病组功能。可以根据病种的常用模板集中维护，一键批量创建多份病历文书。 +-----------------------------------------------------------------------------------------------------------------------------------------------------------------,部分响应,平台当前提供病历模板维护与逐条套用建病历基础能力。本条所述疾病组功能（按病种集中维护常用模板、一键批量创建多份病历文书）尚未提供，列入后续开发计划。
1340,,,病历文书保存时，支持实时生成PDF文件。 +----------------------------------------------------------------------------------------------------------------------------------------------------------------------------------,部分响应,平台当前提供病历文书保存及部分单据的打印输出基础能力。本条所述病历文书保存时实时生成 PDF 文件尚未提供，列入后续开发计划。
1341,★,,支持恢复误删的病历。 +--------------------------------------------------------------------------------------------------------------------------------------------------------------------------------------------,部分响应,澄清：依据《病历书写基本规范》，病历文书不允许删除，平台按此设计——住院病历不提供删除功能，签名后冻结，修改以补正方式追加并保留原文快照、补正人与时间，从机制上杜绝误删，因此不存在需要恢复的误删病历。本条所述「恢复误删病历」功能当前版本未提供；如需按回收站方式响应，列入后续开发计划。
1342,,,系统全面支持各类医嘱的发药操作，包括普通医嘱、草药医嘱、出院带药医嘱以及特殊药品医嘱。对于普通医嘱，其发药范围覆盖了病区的常规医嘱、医技科室的用药需求以及手术麻醉科室的药品供应。 +-------------------------------------------------------------------------------------------------------------,部分响应,平台当前提供门诊药房按处方发药基础能力；住院药品在护士执行医嘱时直接扣减库存出库。本条所述住院各类医嘱的药房发药操作（普通医嘱、草药医嘱、出院带药医嘱、特殊药品医嘱，覆盖病区、医技科室与手术麻醉科室）尚未提供，列入后续开发计划。
1343,,,在发药过程中，系统能够自动调取并展示药品的详细信息，如名称、规格、批号、价格、生产厂家、来源（如采购或退药）、剂型、药品属性与类别，以及对应的住院患者信息，确保信息准确无误。 +---------------------------------------------------------------------------------------------------------------,部分响应,平台当前提供门诊药房发药基础能力，发药界面展示患者姓名、就诊号及药品名称、规格、数量、单价。本条所述发药时自动调取药品批号、生产厂家、来源、剂型、药品属性与类别，以及关联住院患者信息尚未提供（住院药品当前由护士站执行医嘱时直接扣减库存，尚未建立住院药房发药环节），列入后续开发计划。
1344,,,缺药处理功能被直接集成在发药操作界面上。当发药明细单中出现库存不足的药品时，系统能自动生成缺药记录，并支持将这些缺药信息打印出来，方便后续处理。 +------------------------------------------------------------------------------------------------------------------------------,部分响应,平台当前在门诊发药时对库存不足的药品进行拦截提示，阻止该次发药。本条所述在发药界面自动生成缺药记录并支持打印缺药信息的功能尚未提供，列入后续开发计划。
1345,,,发药界面也集成了提交退回的功能。药房工作人员可以根据实际情况，例如因医嘱停止而无需发药时，将病区已提交的发药申请退回。 +-------------------------------------------------------------------------------------------------------------------------------------------,部分响应,平台当前提供门诊已发药药品的退药功能（逐条退回并回补库存）。本条所述病区提交发药申请、药房因医嘱停止等原因退回该申请的流程尚未提供（住院药品当前由护士站执行医嘱时直接扣减库存，尚未建立病区发药申请环节），列入后续开发计划。
1346,,,系统提供缺药替换功能。当某种药品缺货或被禁用时，允许使用具有相同规格但生产厂家不同的同种药品进行替换，以保证临床用药不中断。 +----------------------------------------------------------------------------------------------------------------------------------------,部分响应,【二级证据评审建议，待项目组签字】药库进销存统一流水与退药已备；批次/效期/扫码属库房深化项
1347,,,针对出院带药，系统设计了专门的取药功能。病区下达出院带药医嘱并发药后，药品并不立即交给病人，而是暂存在药房。待病人完成住院结算后，凭发票到药房领取药品。 +--------------------------------------------------------------------------------------------------------------------------,部分响应,平台当前在出院小结中列示患者已执行的药品医嘱作为出院用药参考。本条所述出院带药医嘱、药房暂存、患者完成住院结算后凭发票领取的专门取药流程尚未提供，列入后续开发计划。
1348,,,系统支持按医嘱明细进行发药，即操作人员可以勾选发药提交单中的某一条或几条具体的医嘱记录进行精准发药。 +----------------------------------------------------------------------------------------------------------------------------------------------------,部分响应,平台当前提供门诊药房按患者整单发药（一键发出该患者全部已收费药品）。本条所述在发药提交单中勾选某一条或几条医嘱明细进行精准发药尚未提供，住院药房发药环节亦尚未建立，列入后续开发计划。
1349,,,也支持按药品汇总发药，系统会将发药提交单中的同一种药品按数量进行汇总，药房据此一次性发出汇总数量，提高效率。 +------------------------------------------------------------------------------------------------------------------------------------------------,部分响应,平台当前门诊发药按处方明细逐条发出并逐条扣减库存。本条所述将发药提交单中同一种药品按数量汇总后一次性发出的按药品汇总发药功能尚未提供，列入后续开发计划。
1350,,,还支持按病人汇总发药，即针对同一个病人的所有发药医嘱进行数量汇总后，再进行集中发药。 +------------------------------------------------------------------------------------------------------------------------------------------------------------,部分响应,平台当前提供门诊药房按患者一键发出其全部已收费药品，但按明细逐条扣减，未做同品种数量合并。本条所述按病人汇总发药（同一病人多条医嘱按品种合并数量后集中发出）尚未提供，住院药房发药环节亦尚未建立，列入后续开发计划。
1351,,,系统支持按病人集中发药，操作人员可以一次性选择多个病人，一键完成对所有选定病人的快速发药操作。 +-------------------------------------------------------------------------------------------------------------------------------------------------------,部分响应,平台当前提供门诊药房单个患者一键发药。本条所述一次性选择多个病人、一键完成全部选定病人集中发药的功能尚未提供，列入后续开发计划。
1352,,,对于同一天开具的药品，系统允许根据医嘱设定的具体执行时间，选择性地进行部分发药，而不是必须全部发出。 +----------------------------------------------------------------------------------------------------------------------------------------------------,部分响应,平台当前门诊发药为整单一次发出。本条所述对同一天开具的药品按医嘱执行时间选择性部分发药的功能尚未提供，列入后续开发计划。
1353,,,在发药界面，系统支持根据病区和发药方式对提交的发药记录进行筛选过滤。同时，也可以根据医嘱类型是长期医嘱还是临时医嘱来筛选具体的药品记录。 +----------------------------------------------------------------------------------------------------------------------------------,部分响应,平台当前门诊发药界面按当日就诊患者展示待发药清单。本条所述按病区、发药方式筛选发药记录，以及按长期/临时医嘱类型筛选药品记录的功能尚未提供，列入后续开发计划。
1354,,,系统提供了三种医嘱发药数量的取整策略：一是严格按照医嘱剂量不进行取整；二是可以对单条药品的发放数量进行取整；三是在每次发药操作时，对本次发药的总数量进行取整。 +-----------------------------------------------------------------------------------------------------------------------,部分响应,平台当前按医嘱数量原值发药并扣减库存。本条所述三种发药数量取整策略（严格按医嘱剂量不取整、单条药品取整、本次发药总量取整）尚未提供，列入后续开发计划。
1355,,,系统支持退药暂存和发药冲抵功能。当病区退药时，如果实物并未退回药房，系统可以记录这一情况。在后续病区有新的发药申请时，可以使用这些未退回的药品实物来冲抵本次的发药数量。 +------------------------------------------------------------------------------------------------------------------,部分响应,平台当前退药时即时回补库存。本条所述退药暂存（记录实物未退回药房的退药）与后续发药时以未退回药品冲抵发药数量的功能尚未提供，列入后续开发计划。
1356,,,系统具备自动发药功能。用户可以根据医嘱类型（如长期医嘱）预先定义自动发药规则。开启该功能后，系统会自动对符合规则的医嘱类型执行发药操作。 +----------------------------------------------------------------------------------------------------------------------------------,部分响应,平台当前发药由药房人员人工操作完成。本条所述按医嘱类型（如长期医嘱）预先定义自动发药规则并由系统自动执行发药的功能尚未提供，列入后续开发计划。
1357,,,系统支持三种不同的发药操作模式：直接完成发药、发药时弹出窗口提示进行配药、以及发药完成后再单独进行配药。 +--------------------------------------------------------------------------------------------------------------------------------------------------,部分响应,平台当前提供直接完成发药的单一操作模式。本条所述配药环节及三种发药操作模式（直接发药、发药时弹窗提示配药、发药后单独配药）尚未提供，列入后续开发计划。
1358,,,系统支持专门针对出院带药的配药操作流程。 +----------------------------------------------------------------------------------------------------------------------------------------------------------------------------------,部分响应,平台当前在出院小结中列示患者已执行的药品医嘱作为出院用药参考。本条所述专门针对出院带药的配药操作流程尚未提供，列入后续开发计划。
1359,,,对于出院带药，系统还支持二次核发的功能，即在病人取药时再次核对，确保药品准确发放。 +-------------------------------------------------------------------------------------------------------------------------------------------------------------,部分响应,平台当前尚未建立出院带药的专门取药流程，本条所述患者取药时二次核发（再次核对后发放）的功能当前版本未提供，列入后续开发计划。
1360,,,对于按整包装发放，或者实际发放量超过医嘱剂量的情况，系统支持记录多发放的药品数量，以便于后续对这部分多发库存进行追踪和管理。 +----------------------------------------------------------------------------------------------------------------------------------------,部分响应,平台当前按医嘱数量精确扣减库存。本条所述按整包装发放或实际发放量超过医嘱剂量时记录多发放数量并对多发库存进行追踪管理的功能尚未提供，列入后续开发计划。
1361,,,系统提供历史发药查询功能，可以随时检索和查看过去任意时间段的发药记录。 +-------------------------------------------------------------------------------------------------------------------------------------------------------------------,部分响应,平台已提供：药库管理页面的出入库流水查询（展示入库、出库、退药、盘点等最近流水记录），以及门诊药房按患者查询已发药记录。尚未提供：①按任意时间段检索发药记录；②病区/住院药房口径的发药记录（住院药品当前由护士站执行医嘱时直接扣减库存）；③记录分页与导出。上述缺项列入后续开发计划。
1362,,,系统支持按病区或按病人两种方式进行退药操作。可以先选择退药的病区，再在该病区下选择具体的病人进行退药处理。 +-------------------------------------------------------------------------------------------------------------------------------------------------,部分响应,平台已提供：门诊药房按患者退药（选择就诊患者后逐条退回已发药品，库存自动回补并留退药流水）。尚未提供：①先选病区再选该病区下病人的退药入口；②住院/病区退药功能。上述缺项列入后续开发计划。
1363,,,系统支持退药报损功能。如果病区因药品损坏等原因申请退药，退药完成后，系统能够自动生成一张对应的退药报损单，记录损失。 +--------------------------------------------------------------------------------------------------------------------------------------------,部分响应,平台当前提供门诊退药并回补库存。本条所述退药报损（因药品损坏等原因退药后自动生成退药报损单记录损失）的功能尚未提供，列入后续开发计划。
1364,,,系统支持药品冲抵功能。当药房处理病区退药时，如果退药的实物并未实际退回药房，可以在系统中记录这一状态。待该病区下次需要发药时，可以直接用这些未退回的药品数量冲抵新的发药申请。 +---------------------------------------------------------------------------------------------------------------,部分响应,平台当前退药时即时回补库存。本条所述记录退药实物未退回药房的状态，并在该病区下次发药时以未退回药品数量冲抵发药申请的药品冲抵功能尚未提供，列入后续开发计划。
1365,,,系统支持按医嘱明细退药，即根据退药病人具体的某一条或几条退药明细记录进行精准退药操作。 +-----------------------------------------------------------------------------------------------------------------------------------------------------------,部分响应,平台已提供：门诊药房按处方明细逐条退药（每条药品记录可单独退回，精准到明细）。尚未提供：病区医嘱明细口径的退药（住院侧尚未建立退药功能）。上述缺项列入后续开发计划。
1366,,,系统支持自动退药功能。针对预先设定的医嘱类型，当当前操作界面存在符合条件且需要退药的数据时，系统可以自动完成退药，并打印对应的退药单据。 +----------------------------------------------------------------------------------------------------------------------------------,部分响应,平台当前退药由药房人员人工逐条操作。本条所述按预设医嘱类型自动完成退药并打印退药单据的功能尚未提供，列入后续开发计划。
1367,,,系统支持按药品汇总退药，即对所选退药病人需要退回的药品，按品种和数量进行汇总后，再统一执行退药操作。 +----------------------------------------------------------------------------------------------------------------------------------------------------,部分响应,平台当前退药按处方明细逐条执行。本条所述对所选退药病人的药品按品种和数量汇总后统一执行退药的功能尚未提供，列入后续开发计划。
1368,,,在药品申领的主流程中，系统涵盖了库存调拨、科室领用、主动出库三种核心业务。并提供了一个集中处理界面，可以统一处理本库房的主动申领入库、申领退药入库和被动接收的出库入库业务，以及本库房的被动申领出库、申领退药出库和主动发往其他库房的出库业务。 +------------------------------------------------------------------------------,部分响应,平台当前药品库存为全院统一库存，提供入库验收与出入库流水管理。本条所述多库房体系下的库存调拨、科室领用、主动出库三类申领业务，以及统一处理本库房申领入库/出库、退药入库/出库的集中处理界面尚未提供，列入后续开发计划。
1369,,,在药品的出入库申领操作中，系统支持通过直接引入当前库房的药品信息，来自动生成库房的申领信息。 +--------------------------------------------------------------------------------------------------------------------------------------------------------,部分响应,平台当前尚未建立多库房与申领单模型。本条所述在出入库申领操作中引入当前库房药品信息自动生成申领信息的功能当前版本未提供，列入后续开发计划。
1370,,,系统支持将多种因素组合成智能计算公式，并依据公式自动计算生成申领信息。这些因素可以包括：当前库房在某一时段的药品消耗量、设定的最高/最低库存标准、以及实时库存量等。 +--------------------------------------------------------------------------------------------------------------------,部分响应,平台当前提供按库存阈值查询库存不足药品的基础能力。本条所述结合时段消耗量、最高/最低库存标准、实时库存量等因素组合公式并自动计算生成申领信息的功能尚未提供，列入后续开发计划。
1371,,,系统支持通过引用上级库房（如药库）生成的入库单据，来自动生成下级库房（如住院药房）的出库信息。 +-------------------------------------------------------------------------------------------------------------------------------------------------------,部分响应,平台当前提供药品入库单管理（批号、有效期、供应商、采购单号）。本条所述引用上级库房（药库）入库单自动生成下级库房（住院药房）出库信息的功能尚未提供（尚未建立上下级库房体系与出库单），列入后续开发计划。
1372,,,在药品入库管理中，系统除了处理常规的药品领用入库外，还支持其他各类入库业务，如药品加工后入库、医院自制药品入库以及盘点盈溢入库等。 +-------------------------------------------------------------------------------------------------------------------------------------,部分响应,平台当前提供常规药品入库（入库登记、验收入账）；盘点盈亏在盘点确认时直接调整库存并留盘点流水。本条所述药品加工后入库、医院自制药品入库、盘点盈溢入库等分类入库业务及对应单据尚未提供，列入后续开发计划。
1373,,,系统支持对来自同一生产厂家的药品，按照不同的生产批号、采购价格和有效期进行精细化的分批次入库管理。 +-----------------------------------------------------------------------------------------------------------------------------------------------------,部分响应,平台已提供：药品分批次入库管理——每批次单独登记生产批号、有效期、供应商、采购单号，逐单验收入账。尚未提供：①批次采购价格记录；②批次级在库数量账（当前库存按药品汇总记录，近效期在库量按入库分摊估算）。上述缺项列入后续开发计划。
1374,,,"在进行其他类型入库操作时，系统同样支持同时采用多种包装单位（例如""盒""和""瓶""）进行数量的录入与换算。 +---------------------------------------------------------------------------------------------------------------------------------------------------",部分响应,平台当前药品以单一计量单位录入入库数量。本条所述入库时同时采用多种包装单位（如盒、瓶）录入数量并自动换算的功能尚未提供，列入后续开发计划。
1375,,,除了常规的科室申领出库，系统还支持其他类型的出库业务，例如药品报损、科室直接领用、以及盘点后产生的盘亏出库等。 +-----------------------------------------------------------------------------------------------------------------------------------------------,部分响应,平台当前门诊发药与退药自动记录出库/回补流水，盘点盈亏在盘点确认时直接调整库存并留盘点流水。本条所述药品报损出库、科室直接领用出库、盘亏出库等分类出库业务及对应单据尚未提供，列入后续开发计划。
1376,,,系统在自动扣减库存时，内置了多种出库策略，例如优先出库最早入库的药品（先进先出），或优先出库距离失效期最近的药品（近效期先出）。同时，也支持用户在出库时手动选择从哪个具体批次的药品中进行出库。 +------------------------------------------------------------------------------------------------------,部分响应,平台当前发药按药品汇总库存扣减，效期预警中按入库批次估算近效期在库量。本条所述先进先出、近效期先出等批次出库策略，以及出库时手动选择具体批次的功能尚未提供，列入后续开发计划。
1377,,,系统提供了对住院药房库存进行全面盘点的功能，并支持按照药品分类、存放库位、剂型等不同维度来组织和进行盘点。 +-------------------------------------------------------------------------------------------------------------------------------------------------,部分响应,平台已提供：药房库存盘点完整流程（建立盘点单、选定药品并快照账面数、录入实盘数、确认盘点后自动调整库存并留盘点流水、盘点单作废）。尚未提供：①按药品分类、剂型批量圈选盘点范围（当前逐个检索勾选药品）；②按存放库位组织盘点（尚未建立库位管理）；③按住院药房划定盘点范围（当前为全院统一库存）。上述缺项列入后续开发计划。
1378,,,盘点范围不仅限于当前有库存的药品，也支持将当前库存为零的药品以及当前处于禁用状态的药品纳入盘点清单，以保证库存账目的完整性。 +----------------------------------------------------------------------------------------------------------------------------------------,部分响应,平台已提供：盘点单可纳入当前库存为零的药品（选定后按账面数快照，零库存药品可正常盘点）。尚未提供：将处于停用状态的药品纳入盘点清单（当前选药范围限于启用药品）。上述缺项列入后续开发计划。
1379,,,为了提高盘点效率，系统支持通过引入预设的盘点模板（包含特定药品列表）来快速生成盘点任务。 +----------------------------------------------------------------------------------------------------------------------------------------------------------,部分响应,平台当前盘点单通过检索勾选药品建立。本条所述引入预设盘点模板（含特定药品列表）快速生成盘点任务的功能尚未提供，列入后续开发计划。
1380,,,系统支持单人或多人协同进行盘点数据的录入工作，以适应不同规模的盘点任务。 +------------------------------------------------------------------------------------------------------------------------------------------------------------------,部分响应,平台当前盘点单记录建单人，实盘数由操作人员统一录入。本条所述单人/多人协同盘点模式选择，以及多人录入分工与留痕的功能尚未提供，列入后续开发计划。
1381,,,在录入盘点数据时，系统支持使用多种包装单位（如盒、瓶、支）进行数量的录入，并自动换算成标准单位。 +------------------------------------------------------------------------------------------------------------------------------------------------------,部分响应,平台当前盘点实盘数以药品单一计量单位录入。本条所述使用多种包装单位（盒、瓶、支）录入盘点数量并自动换算为标准单位的功能尚未提供，列入后续开发计划。
1382,,,为了方便操作，系统支持在录入实盘数量时，直接复制当前的账面库存作为起点。盘点任务完成后，系统能够根据实盘与账面的差异，自动生成盘盈入库单和盘亏出库单。 +---------------------------------------------------------------------------------------------------------------------------,部分响应,平台当前盘点单确认后自动汇总盘盈、盘亏行数与净差异，并直接调整库存、留盘点流水。本条所述录入实盘数时复制账面库存作为起点，以及盘点完成后自动生成盘盈入库单和盘亏出库单的功能尚未提供，列入后续开发计划。
1383,,,在盘点录入过程中，允许操作人员对具体批次药品的账面数量进行调整。 +----------------------------------------------------------------------------------------------------------------------------------------------------------------------,部分响应,平台当前盘点账面数为建单时的药品库存快照，库存按药品汇总记录。本条所述在盘点录入过程中对具体批次药品账面数量进行调整的功能尚未提供，列入后续开发计划。
1384,,,系统支持在盘点过程中，如果发生了发药或退药业务，这些动态数量能够在最终的盘点汇总单上得到体现，确保盘点数据的实时准确。 +-------------------------------------------------------------------------------------------------------------------------------------------,部分响应,平台当前采取盘点期间账面锁定校验的设计：盘点确认时若发现盘点期间发生发药、退药等出入库导致账面变化，系统提示重新盘点，以防止并发业务污染盘点结果。本条所述将盘点期间动态出入库数量自动体现在盘点汇总单上的功能尚未提供，列入后续开发计划。
1385,,,在库存禁用管理中，系统提供了多种禁用模式，包括按批次禁用和按药品禁用等。支持填写药品禁用的原因，并提供取消禁用的功能，以完善库存管理的流程控制。 +------------------------------------------------------------------------------------------------------------------------------,部分响应,平台当前药品目录带有启用/停用状态标记，但尚未提供操作入口。本条所述按批次禁用、按药品禁用等多种禁用模式，填写禁用原因及取消禁用的功能尚未提供，列入后续开发计划。
1386,,,系统提供药品禁用历史记录的查询功能，便于追溯。 +-------------------------------------------------------------------------------------------------------------------------------------------------------------------------------,部分响应,平台当前尚未提供药品禁用操作功能，本条所述药品禁用历史记录查询当前版本未提供，列入后续开发计划。
1387,,,系统提供库存冻结功能，允许对某批药品的其中一部分数量进行冻结，被冻结的库存将不可用于发药等出库操作。 +----------------------------------------------------------------------------------------------------------------------------------------------------,部分响应,平台当前提供药品库存不足提示。本条所述对某批药品的部分数量进行库存冻结、冻结库存不可用于发药等出库操作的功能当前版本未提供，列入后续开发计划。
1388,,,系统提供针对特殊药品的独立日结与月结统计功能，例如可以为贵重药品、精神麻醉药品等生成每日的日结日报。 +----------------------------------------------------------------------------------------------------------------------------------------------------,部分响应,平台当前提供收费日结报表（收费轧账口径）与药品使用月度经费分析。本条所述针对贵重药品、精神麻醉药品等特殊药品的独立日结/月结统计与日报生成尚未提供（药品目录尚未设置特殊药品分类），列入后续开发计划。
1389,,,系统支持自定义每月的月结日期。首次月结基于初始化建账的日期，之后每个月的月结周期则从上一次月结的终止时间开始计算。 +---------------------------------------------------------------------------------------------------------------------------------------------,部分响应,【二级证据评审建议，待项目组签字】日结报表+交款核对已备（/reports/daily）；自定义月结周期/取消月结为财务深化项
1390,,,系统提供了取消月结的功能，但为确保数据连续性，取消操作必须从最后一个已月结的月份开始，逐月向前进行，不允许跨月取消。 +--------------------------------------------------------------------------------------------------------------------------------------------,部分响应,【二级证据评审建议，待项目组签字】日结报表+交款核对已备（/reports/daily）；自定义月结周期/取消月结为财务深化项
1391,,,系统提供丰富多样的查询与统计分析功能，具体包括：病区发药统计与明细查询、病区退药明细查询、历史发药记录查询、病区药房实时库存查询、药品最新价格查询、调价历史追溯、库存高/低储报警、药品失效报警、药房各类账册查询、药房汇总月报表生成，以及提供针对科室和病房基数药的核算与统计分析等功能。 +--------------------------------------------------------,部分响应,平台已提供：库存不足报警、药品有效期报警（近效期/已过期批次列表与自动巡检）、药房出入库流水查询、药品使用与月度经费汇总分析。尚未提供：①病区发药统计与明细查询；②病区退药明细查询；③历史发药记录按时间段检索；④病区药房实时库存查询（尚未建立多库房）；⑤药品最新价格查询与调价历史追溯（当前调价留痕仅覆盖诊疗项目）；⑥药房各类账册与汇总月报表；⑦科室/病房基数药核算与统计。上述缺项列入后续开发计划。
1392,,,系统全面支持对药品的批次管理，能够追踪每一批次的药品流向。 +-------------------------------------------------------------------------------------------------------------------------------------------------------------------------,部分响应,【二级证据评审建议，待项目组签字】药库进销存统一流水与退药已备；批次/效期/扫码属库房深化项
1393,,,系统提供药品有效期的自动报警功能，能够统计即将过期和已过期药品的品种数量及金额，并对库存量不足的药品进行提示。 +-----------------------------------------------------------------------------------------------------------------------------------------------,部分响应,平台已提供：药品有效期自动报警（按预警天数列出近效期与已过期批次的批号、效期、剩余天数、入库量与估算在库量，支持手动巡检与定时自动预警）；库存不足药品提示。尚未提供：①近效期/已过期药品的品种数量与金额汇总统计；②基于批次级精确在库量的报警口径（当前在库量为估算值）。上述缺项列入后续开发计划。
1394,,,系统支持对医院内设立的多个住院药房进行独立的管理和核算。 +--------------------------------------------------------------------------------------------------------------------------------------------------------------------------,部分响应,平台当前药品库存为全院统一库存核算。本条所述对院内多个住院药房进行独立管理与核算的功能尚未提供（尚未建立药房/库房实体），列入后续开发计划。
1395,,,系统支持对病区内设立的三级库房（如科室小药柜）进行管理，实现药品的延伸监管。 +----------------------------------------------------------------------------------------------------------------------------------------------------------------,部分响应,平台当前药品库存为全院统一库存。本条所述病区三级库房（科室小药柜）管理与药品延伸监管功能尚未提供，列入后续开发计划。
1396,★,,新增医嘱套包功能，可将多个关联医嘱整合至一个套包，实现批量快速计费，减少重复操作，提升计费便捷性。 +-----------------------------------------------------------------------------------------------------------------------------------------------------,部分响应,平台当前住院医生站提供医嘱逐条开立与执行。本条所述医嘱套包（将多个关联医嘱整合为套包，批量开立与快速计费）功能尚未提供，列入后续开发计划。
1397,★,,系统对接手术排程系统，可自动获取已完成排程的患者信息，以手术间为核心维度进行患者信息展示，为手术室护士提供便捷的操作与记录入口，提升工作便捷性。 +------------------------------------------------------------------------------------------------------------------------------,部分响应,平台当前手术管理提供手术申请与排台时间登记。本条所述对接手术排程系统自动获取已排程患者、以手术间为核心维度展示患者信息及手术室护士操作记录入口尚未提供（尚未建立手术间字典），列入后续开发计划。
1398,★,,支持与HIS系统、手麻系统等院内核心业务系统对接，实现患者基础信息、手术相关信息、手术排程信息的自动同步获取，无需人工重复录入，保障数据一致性。 +------------------------------------------------------------------------------------------------------------------------------,部分响应,平台当前提供 HL7 标准接入能力，已支持检验结果回传消息的接收处理。本条所述与手麻系统对接，以及患者基础信息、手术相关信息、手术排程信息的自动同步获取尚未提供，列入后续开发计划；对接实施需手麻系统厂商开放接口并配合联调。
1399,★,,可对接医院中央运输系统，护士通过护理工作站即可完成转运派单、实时查看转运流程进度等操作；支持根据医院实际运营需求，灵活设置强、弱两种管控模式，例如在强管控模式下，患者未转运至手术室时，无法执行入室操作，保障流程规范。 +------------------------------------------------------------------------------------------,部分响应,平台当前护士站提供医嘱执行等常规护理工作台功能。本条所述对接中央运输系统、转运派单与进度实时查看、强/弱管控模式（未转运至手术室不得执行入室）尚未提供（手术状态尚未包含入室节点），列入后续开发计划；对接实施需中央运输系统厂商配合。
1400,★,,支持调用手持移动设备的扫描功能，通过扫描患者腕带的方式，以机读核对模式完成患者身份与手术信息的双重校验，确保患者入室信息核对准确，规避人为核对误差。 +----------------------------------------------------------------------------------------------------------------------------,部分响应,平台当前提供移动工作台用于床旁医嘱执行（列表点选操作），条码扫描已用于检验与病理标本管理。本条所述调用手持设备扫描患者腕带、以机读核对模式完成患者身份与手术信息双重校验的功能尚未提供，列入后续开发计划。
1401,★,,系统可根据手术实时状态对器械清点节点进行严格管控，仅当手术推进至对应阶段，方可开展后续清点操作，保障清点流程的规范性；搭配移动平板使用，可实现无菌台旁现场器械清点，提升操作便捷性。 +------------------------------------------------------------------------------------------------------------,部分响应,本条所述手术器械清点功能（按手术实时状态管控清点节点、搭配移动平板在无菌台旁现场清点）当前版本未提供，列入后续开发计划。
1402,★,,支持依据医院现有器械包规格及包内器械配置，灵活创建电子器械包，简化护士添加器械包及包内器械的操作流程，大幅提升器械录入效率。 +----------------------------------------------------------------------------------------------------------------------------------------,部分响应,对应模块维护能力已实现（字典/参数/规则），细节逐条比对
1403,★,,新增电子器械包时，系统强制要求对包内器械种类及数量进行双重核对，同步详细记录打包过程中出现的错误信息；针对不同器械包中名称相同的器械，将进行差异化显示，避免混淆。 +---------------------------------------------------------------------------------------------------------------------,部分响应,平台当前消毒供应管理提供器械包登记（包号、包名）及打包、灭菌、发放的状态流转。本条所述新增电子器械包时对包内器械种类及数量双重核对、记录打包错误信息、同名器械差异化显示的功能尚未提供（器械包尚未建立包内明细），列入后续开发计划。
1404,★,,采用清单化方式呈现各阶段器械添加数量，清晰展示器械原始数量、新增数量及当前库存数量，便于护士快速核对、精准掌握各阶段器械动态。 +---------------------------------------------------------------------------------------------------------------------------------------,部分响应,平台当前消毒供应管理提供器械包状态流转。本条所述清单化展示各阶段器械原始数量、新增数量及当前库存数量的功能尚未提供（器械包尚未建立包内明细，器械清点单尚未提供），列入后续开发计划。
1405,★,,当患者需进行多个主手术时，系统支持关联各主手术分别建立对应的器械清点单，实现不同手术器械清点的独立管理，确保清点数据精准可追溯。 +--------------------------------------------------------------------------------------------------------------------------------------,部分响应,平台当前支持一次住院登记多台手术。本条所述主手术标识及按各主手术分别建立器械清点单、独立管理清点数据的功能尚未提供（器械清点单功能尚未提供），列入后续开发计划。
1406,★,,可按照行业标准格式自动生成器械清点记录单，同时支持根据医院实际管理需求，定制化调整记录单格式，适配院内器械管理规范。 +--------------------------------------------------------------------------------------------------------------------------------------------,部分响应,【二级证据评审建议，待项目组签字】CSSD 四环节追溯链已备（回收→清洗→灭菌→发放，越级拦截）；器械明细/丢失登记为深化项
1407,★,,支持通过手持移动设备扫描器械包条码，实现器械包信息的快速加载，有效减少人工录入操作，显著提升器械清点的效率与准确性。 +--------------------------------------------------------------------------------------------------------------------------------------------,部分响应,平台当前消毒供应管理的器械包信息通过页面录入。本条所述通过手持移动设备扫描器械包条码快速加载器械包信息的功能尚未提供（器械清点单尚未提供），列入后续开发计划。
1408,★,,系统可依据手术的实时进展状态，对安全核查流程节点进行精准管控，只有当手术推进至对应阶段，才可启动下一步安全核查操作，确保核查流程与手术进程同步，保障核查规范性。 +----------------------------------------------------------------------------------------------------------------------,部分响应,平台当前病案质控将手术安全核查表缺失列为扣分项进行监管。本条所述手术安全核查表及依据手术实时进展管控核查流程节点的功能尚未提供，列入后续开发计划。
1409,★,,支持与手麻系统无缝联动，按照预设角色分工及核查内容，在两个系统内协同开展安全核查工作，核查结果实现自动汇总归档；搭配移动平板使用，可完成床旁现场安全核查，提升核查便捷性与时效性。 +-------------------------------------------------------------------------------------------------------------,部分响应,本条所述与手麻系统联动按角色分工协同开展安全核查、核查结果自动汇总归档及搭配移动平板床旁核查的功能当前版本未提供（手术安全核查功能尚未提供），列入后续开发计划；对接实施需手麻系统厂商配合。
1410,★,,具备安全核查项目自动跳转功能，核查条目可逐页自动滚动展示，同时自动抓取各检查项目的对应结果，无需护士切换系统查询待核查内容，简化操作流程，降低人为遗漏风险。 +------------------------------------------------------------------------------------------------------------------------,部分响应,本条所述安全核查项目自动跳转、核查条目逐页自动滚动展示及自动抓取各检查项目结果的功能当前版本未提供（手术安全核查功能尚未提供），列入后续开发计划。
1411,★,,可按照行业通用标准格式自动生成安全核查记录单，同时支持结合医院实际管理规范，定制化调整记录单的内容与格式，全面适配院内安全核查工作需求。 +----------------------------------------------------------------------------------------------------------------------------------,部分响应,【二级证据评审建议，待项目组签字】手术麻醉记录单已备（术中时间轴/PACU）；三方安全核查表单为手麻深化项
1412,★,,转科交接单采用行业标准格式设计，同时支持结合医院实际转科管理需求，定制化调整交接单内容与格式，适配不同科室转科交接场景。 +------------------------------------------------------------------------------------------------------------------------------------------,部分响应,平台当前提供转科转床操作留痕与转科历史查询，护士站提供护理交接班记录。本条所述行业标准格式的转科交接单，及按医院需求定制交接单内容与格式的功能尚未提供，列入后续开发计划。
1413,★,,支持全面记录手术患者各类管路信息，可自动汇总麻醉医生创建、护士记录的管路数据（含静脉通道、尿管、胃管等），同步详细留存管路创建时间、放置位置、插入深度、创建人员等关键信息，实现管路全流程管理。 +------------------------------------------------------------------------------------------------------,部分响应,平台当前提供院感导管监测（呼吸机、中心静脉导管、导尿管三类的置管起止时间与感染登记）。本条所述手术患者管路全流程管理（静脉通道、尿管、胃管等各类管路，含创建时间、放置位置、插入深度、创建人员，麻醉医生与护士记录自动汇总并与手术关联）尚未提供，列入后续开发计划。
1414,★,,护理文书生成支持预设项目自动匹配或人工勾选两种模式，确保文书内容无偏差、无遗漏；可对接医院无纸化病案系统实现文书电子化归档，同时支持通过打印机输出纸质记录单，兼顾电子化与纸质化管理需求。 +---------------------------------------------------------------------------------------------------------,部分响应,平台已提供：护理记录单（新增、修改、签名冻结、打印输出纸质记录单）及本系统内的病案归档。尚未提供：①预设项目自动匹配与人工勾选两种文书生成模式（当前为自由文本录入）；②手术护理文书类型；③对接外部无纸化病案系统的电子归档接口。上述缺项列入后续开发计划。
1415,★,,支持根据医院手术护理的个性化需求，定制各类专属手术护理文书，灵活适配不同手术类型、护理场景的文书管理要求，满足院内护理文书规范化管理需求。 +---------------------------------------------------------------------------------------------------------------------------------,部分响应,平台当前护理记录单为固定结构，文书模板管理覆盖病历、知情同意书与检查报告三类。本条所述按医院手术护理个性化需求定制各类专属手术护理文书的功能尚未提供，列入后续开发计划。
1416,★,,提供文书对外服务功能，可通过指定地址、专用查阅工具等方式，向院内其他信息系统开放文书调阅权限，实现文书数据共享，提升多系统协同效率。 +------------------------------------------------------------------------------------------------------------------------------------,部分响应,平台当前病历、影像报告等文书可在本系统内调阅。本条所述面向院内其他信息系统的文书对外调阅服务（指定地址、专用查阅工具及调阅权限开放）尚未提供，列入后续开发计划。
1417,★,,手术室内区域电子看板屏支持多院区、多住院楼手术信息同步展示，可实时查看手术排程详情及各手术进程动态，清晰呈现每个手术间的具体进展（含患者入室、麻醉开始、手术开始、手术结束、患者出室等关键节点），助力医护人员精准掌握手术节奏。 +--------------------------------------------------------------------------------------,外部条件,需医保局/省平台等外部环境开通后联调
1418,★,,配备患者家属手术进程看板，专门用于向家属展示患者手术相关状态，兼顾信息公开与隐私保护，提升家属就医体验。 +--------------------------------------------------------------------------------------------------------------------------------------------------,部分响应,平台当前提供门诊叫号大屏。本条所述面向患者家属的手术进程看板（含隐私保护展示）尚未提供，列入后续开发计划。
1419,★,,患者家属等待区域电子看板屏聚焦家属核心需求，与手术室内看板屏进行功能区分，仅展示病房等待、手术中、返回病房等基础手术状态，简洁明了，方便家属快速获取患者手术进展。 +---------------------------------------------------------------------------------------------------------------------,外部条件,需医保局/省平台等外部环境开通后联调
1420,★,,系统支持自定义设置大屏刷新时间，可针对手术入室、手术开始、手术结束等不同手术事件，自动触发公告内容显示，便于医护人员通过大屏实时掌握当日手术整体开展情况，提升工作协同效率。 +----------------------------------------------------------------------------------------------------------------,部分响应,平台当前提供门诊叫号大屏（固定刷新间隔）。本条所述手术大屏、自定义刷新时间，以及按手术入室、开始、结束等事件自动触发公告显示的功能尚未提供（手术状态尚未细化到入室/开始/结束节点），列入后续开发计划。
1421,★,,严格遵循《麻醉专业医疗质量控制指标（2022版）》标准，提供完善的麻醉质控指标功能；质控数据可通过院内业务系统自动抓取，上线前可结合医院实际运营情况，灵活调整数据抓取触发点，确保质控数据精准适配院内管理需求。 +----------------------------------------------------------------------------------------------,部分响应,平台当前提供院级运营质控指标框架（门诊人次、药占比、床位使用率、平均住院日、抗菌药处方比等指标快照）。本条所述《麻醉专业医疗质量控制指标（2022版）》指标体系、质控数据自动抓取及上线前灵活调整抓取触发点的功能尚未提供，列入后续开发计划。
1422,★,,具备质控指标展示及数据占比分析功能，支持查看各质控指标数据占比详情，可对占比准确性进行核对校验，为管理者全面、详细掌握麻醉质控情况提供数据支撑。 +------------------------------------------------------------------------------------------------------------------------------,部分响应,平台当前质控指标框架仅提供指标值与目标值展示。本条所述麻醉质控指标展示、各指标数据占比分析及占比准确性核对校验的功能尚未提供，列入后续开发计划。
1423,★,,单个麻醉质控指标可通过可视化图形直观展示数据占比，支持穿透查看指标详细信息；详细信息按分子、分母清晰区分，且支持导出为EXCEL表格，方便管理者进行数据统计、分析与归档。 +-----------------------------------------------------------------------------------------------------------------,部分响应,本条所述单个麻醉质控指标的可视化占比图、穿透查看明细、按分子/分母区分及导出 Excel 的功能当前版本未提供（麻醉质控指标尚未提供），列入后续开发计划。
1424,★,,重点展示每日首台量、首台手术患者所属科室、准点开台数量、准点开台率、延迟开台数量、延迟开台量；其中首台量、准点开台数量、延迟开台数量可展示取值明细。 +----------------------------------------------------------------------------------------------------------------------------,部分响应,平台当前手术管理记录排台时间。本条所述每日首台量、首台手术患者所属科室、准点开台数量与准点率、延迟开台数量及取值明细的统计尚未提供（尚未记录实际入室与开台时间），列入后续开发计划。
1425,★,,重点展示手术台数、总计手术时长、总计接台时长、入室时间、平均接台时长；其中手术台数可展示取值明细。 +-----------------------------------------------------------------------------------------------------------------------------------------------------,部分响应,平台当前手术管理记录排台时间。本条所述手术台数、总计手术时长、总计接台时长、入室时间、平均接台时长统计及取值明细尚未提供（尚未记录手术起止时间），列入后续开发计划。
1426,★,,取消手术涵盖手术申请、手术排程、入室前、手术过程中四个阶段，重点统计各阶段取消手术数量，并可展示每个条目的取值明细。 +--------------------------------------------------------------------------------------------------------------------------------------------,部分响应,平台当前手术状态包含已申请、已排程、已完成。本条所述取消手术登记，以及按手术申请、排程、入室前、手术过程中四阶段统计取消数量与取值明细的功能尚未提供，列入后续开发计划。
1427,★,,重点展示开始日期与结束日期不在同一自然日的各类手术数量，包含取值明细。 +-------------------------------------------------------------------------------------------------------------------------------------------------------------------,部分响应,本条所述开始与结束日期不在同一自然日的跨日手术数量统计及取值明细当前版本未提供（手术记录尚未包含起止时间），列入后续开发计划。
1428,★,,统计院内各类已开展手术数量（如择期手术、急诊手术、日间手术等），可展示各类手术数量的取值明细。 +-------------------------------------------------------------------------------------------------------------------------------------------------------,部分响应,平台当前提供按术式名称统计手术例数。本条所述按择期手术、急诊手术、日间手术等类别统计已开展手术数量及取值明细尚未提供（手术记录尚未设置手术类别字段），列入后续开发计划。
1429,★,,当出现患者死亡时，获取患者ASA分级并建立对应关系，展示各ASA级别对应的死亡患者数量，可查询取值明细。 +--------------------------------------------------------------------------------------------------------------------------------------------------,部分响应,平台当前提供死亡登记卡（患者、死亡时间、死因链）。本条所述获取死亡患者 ASA 分级并统计各 ASA 级别死亡患者数量及取值明细尚未提供（尚未记录 ASA 分级），列入后续开发计划。
1430,★,,按照麻醉方式字典统计各类麻醉开展数量（如椎管内麻醉、全身麻醉、神经阻滞麻醉），可查询取值明细。 +-------------------------------------------------------------------------------------------------------------------------------------------------------,部分响应,平台当前手术申请记录麻醉方式（固定选项）。本条所述麻醉方式字典及按麻醉方式统计各类麻醉开展数量与取值明细的功能尚未提供，列入后续开发计划。
1431,★,,"获取手术申请信息中麻醉方式为""局麻""的患者及所属科室，建立关联关系，展示院内各临床科室开展的局麻手术数量，包含取值明细。 +------------------------------------------------------------------------------------------------------------------------------------------",部分响应,平台当前手术申请记录麻醉方式（含局部麻醉选项）。本条所述关联患者所属科室、按临床科室统计局麻手术数量及取值明细的功能尚未提供，列入后续开发计划。
1432,★,,统计术中发生输血的血制品类型及对应总量，包含各项血制品使用的取值明细。 +-------------------------------------------------------------------------------------------------------------------------------------------------------------------,部分响应,平台当前提供输血申请、审批、发血、输血记录的台账管理。本条所述术中输血血制品类型与总量统计及取值明细尚未提供（输血记录尚未与手术关联），列入后续开发计划。
1433,★,,"统计术中输注""自体血""的情况，按输注量分别统计输注人数，包含输注人的详细信息。 +---------------------------------------------------------------------------------------------------------------------------------------------------------------",部分响应,平台当前输血管理支持红细胞、血浆、血小板三类血制品。本条所述自体血输注登记及按输注量分档统计输注人数与输注人详细信息的功能尚未提供，列入后续开发计划。
1434,★,,重点统计输血患者数、输注自体血患者数量、非自体血患者数量，可查看各项数据的取值明细。 +------------------------------------------------------------------------------------------------------------------------------------------------------------,部分响应,平台当前提供输血台账管理。本条所述输血患者数、输注自体血患者数、非自体血患者数统计及取值明细尚未提供（自体血品类尚未支持），列入后续开发计划。
1435,★,,"获取""出量""中含有""血量""的患者数量，并按出血量（如400ml以下、400-1000ml）分别统计患者数量，可查看各项数据的取值明细。 +-----------------------------------------------------------------------------------------------------------------------------------",部分响应,平台当前护理出入量记录出量总量。本条所述识别出量中的出血量并按出血量分档（如400ml以下、400-1000ml）统计患者数量及取值明细的功能尚未提供，列入后续开发计划。
1436,★,,统计手术患者年龄分布，计算各年龄段患者数量及性别，可查看各项数据的取值明细。 +----------------------------------------------------------------------------------------------------------------------------------------------------------------,部分响应,平台当前提供疾病谱、手术例数、科室出院构成等病案统计。本条所述手术患者年龄段与性别分布统计及取值明细尚未提供，列入后续开发计划。
1437,★,,统计每日镇痛泵使用情况，包括每日新增数量、拆泵数量、使用量，可查看各项数据的取值明细。 +-----------------------------------------------------------------------------------------------------------------------------------------------------------,部分响应,本条所述镇痛泵每日新增数量、拆泵数量、使用量统计及取值明细当前版本未提供，列入后续开发计划。
1438,★,,统计指定时间段内开展的手术及手术数量，手术名称以ICD-9字典为标准，可查看各项数据的取值明细。 +------------------------------------------------------------------------------------------------------------------------------------------------------,部分响应,平台已提供：手术统计（按术式名称汇总手术例数，含全量与近 30 日两列）。尚未提供：①指定时间段查询；②以 ICD-9-CM-3 手术字典为标准的手术名称（当前手术编码为自由录入，尚未建立 ICD-9 字典）；③取值明细穿透查看。上述缺项列入后续开发计划。
1439,★,,统计指定时间段内开展的手术及对应手术级别，手术名称以ICD-9字典为标准，手术级别以标准版提供的手术名称对应级别为准，可查看各项数据的取值明细。 +------------------------------------------------------------------------------------------------------------------------------,部分响应,平台当前提供按术式名称统计手术例数。本条所述手术级别字典与按手术级别统计、以 ICD-9 字典为标准的手术名称及取值明细的功能尚未提供，列入后续开发计划。
1440,★,,"数据来源为麻醉记录单中""麻醉质量评估单""选取的""麻醉效果""指标，供管理者查询指定时间段内""麻醉效果""数据及取值明细。 +--------------------------------------------------------------------------------------------------------------------------------------------",部分响应,平台当前麻醉记录单记录术中生命体征时间轴与复苏室评分。本条所述麻醉质量评估单「麻醉效果」指标及按指定时间段查询该指标数据与取值明细的功能尚未提供，列入后续开发计划。
1441,★,,"数据来源为麻醉记录单中""非计划再次手术""信息，或对接院内手术申请中标记的非计划再次手术数据，供管理者查询指定时间段内相关数据及取值明细。 +----------------------------------------------------------------------------------------------------------------------------------",部分响应,平台当前手术申请与麻醉记录单尚未包含非计划再次手术标记。本条所述非计划再次手术数据按指定时间段查询及取值明细当前版本未提供，列入后续开发计划。
1442,★,,"数据来源为""重返手术室修改麻醉记录单""的操作数据，供管理者查询指定时间段内相关数据及取值明细。 +-------------------------------------------------------------------------------------------------------------------------------------------------------",部分响应,平台当前提供麻醉记录单录入及按手术查看麻醉记录时间轴的基础能力。本条所述以「重返手术室修改麻醉记录单」操作数据为来源的指定时间段查询与取值明细当前版本未提供，列入后续开发计划。
1443,,,统计指定时间段内恢复室安床患者数量、延迟苏醒、入室低体温、苏醒评分异常等数据，包含取值明细。 +--------------------------------------------------------------------------------------------------------------------------------------------------------,部分响应,平台当前提供麻醉复苏期患者体征与苏醒评分记录及出室条件判定的基础能力。本条所述指定时间段内恢复室安床患者数量、延迟苏醒、入室低体温、苏醒评分异常四项统计及取值明细尚未提供，列入后续开发计划。
1444,★,,统计指定时间段内开具的毒麻药品、药品信息、开具医生等详细信息。 +-----------------------------------------------------------------------------------------------------------------------------------------------------------------------,部分响应,平台当前提供药品字典维护及抗菌药物专项管控与用量统计的基础能力。本条所述按指定时间段统计毒麻药品开具情况（药品信息、开具医生等明细）当前版本未提供，列入后续开发计划。
1445,★,,统计指定时间段内开具的肌松药、药品信息、开具医生等详细信息。 +------------------------------------------------------------------------------------------------------------------------------------------------------------------------,部分响应,平台当前提供药品字典维护及抗菌药物专项管控与用量统计的基础能力。本条所述按指定时间段统计肌松药开具情况（药品信息、开具医生等明细）当前版本未提供，列入后续开发计划。
1446,★,,统计指定时间段内计划、非计划转入ICU，以及计划、非计划转入苏醒室的数据，包含取值明细。 +----------------------------------------------------------------------------------------------------------------------------------------------------------,部分响应,平台当前提供ICU记录单及麻醉复苏期记录的基础能力。本条所述计划/非计划转入ICU、计划/非计划转入苏醒室的登记与指定时间段统计及取值明细当前版本未提供，列入后续开发计划。
1447,★,,统计指定时间段内计划、非计划手术室内插管、苏醒室内插管、再次插管、拔管、带管出室的患者数据，包含取值明细。 +-------------------------------------------------------------------------------------------------------------------------------------------------,部分响应,平台当前提供麻醉记录单及院感三管监测中呼吸机置管、拔管日评估的基础能力。本条所述手术室内插管、苏醒室内插管、再次插管、拔管、带管出室等事件的计划/非计划登记与指定时间段统计及取值明细当前版本未提供，列入后续开发计划。
1448,★,,统计指定时间段内有创操作（如动脉穿刺置管、颈外静脉穿刺置管等）的数据，包含取值明细。 +------------------------------------------------------------------------------------------------------------------------------------------------------------,部分响应,平台当前提供麻醉记录单录入的基础能力。本条所述动脉穿刺置管、颈外静脉穿刺置管等有创操作的登记与指定时间段统计及取值明细当前版本未提供，列入后续开发计划。
1449,★,,"统计指定时间段内""抢救""患者的数据，包含取值明细。 +-----------------------------------------------------------------------------------------------------------------------------------------------------------------------------",部分响应,平台当前提供急诊留观抢救记录的登记与明细查询基础能力。本条所述指定时间段内抢救患者（含手术麻醉环节）的统计与取值明细尚未提供，列入后续开发计划。
1450,★,,统计指定时间段内发生的不良事件名称、发生数量，包含取值明细。 +------------------------------------------------------------------------------------------------------------------------------------------------------------------------,部分响应,已提供：质控中心不良事件模块，支持不良事件上报（事件名称/类型、等级、发生日期、科室）、明细列表查询与处理登记。尚未提供：①按指定时间段筛选不良事件；②按事件名称汇总发生数量的统计视图。上述缺项列入后续开发计划。
1451,★,,系统整体采用用户、角色、功能权限的多层级管理方式，实现对功能、数据、业务的全面管理。 +------------------------------------------------------------------------------------------------------------------------------------------------------------,部分响应,已提供：系统管理模块的用户管理（新增、启停）、角色管理及角色—菜单功能授权，功能页面与接口访问均按角色控制，实现用户、角色、功能权限三级管理。尚未提供：①按科室/病区的数据范围权限控制；②业务规则权限的独立配置。上述缺项列入后续开发计划。
1452,★,,提供操作日志管理功能，日志可记录并呈现用户在系统内的所有操作（包括操作人、操作时间、操作内容等）。 +-----------------------------------------------------------------------------------------------------------------------------------------------------,部分响应,已提供：系统管理操作日志模块，记录操作人、操作时间、操作接口、操作结果与终端IP，覆盖全部新增/修改/删除操作及病历调阅等敏感查询，支持按操作人、时间段、敏感操作筛选查询。尚未提供：①普通查询类操作的全量记录；②操作内容的业务语义描述及变更前后值记录。上述缺项列入后续开发计划。
1453,★,,支持基础数据的管理及更新，包括但不限于用户信息、字典信息、麻醉信息、耗材信息、药品信息、器械信息、管路信息等。 +-----------------------------------------------------------------------------------------------------------------------------------------------,部分响应,已提供：用户信息、药品信息、收费项目、ICD-10诊断、费用类别等基础数据的维护与更新，以及HRP耗材物资台账维护。尚未提供：①麻醉信息字典；②器械信息字典；③管路信息字典；④统一的数据字典管理页面。上述缺项列入后续开发计划。
1454,★,,+-------------------------------+-----------------------------------------------------------------------------------------------------------------------------------------------------------------------,非参数行,文档转换产生的表格分隔残渣，不计入参数总数
1677,,,支持床旁设备在线绑定，通过网络或串口实现监护仪等设备数据与床位的自动化关联采集。 +------------------------------------------------------------------------------------------------------------+,配套产品响应,床旁监护仪等设备的网络/串口直连采集、数据解析与床位自动绑定属设备厂商采集网关/SDK的配套范围，由设备厂商提供。平台侧提供集成平台适配器注册与HL7报文接入能力，以及床位台账与护理体征记录作为设备数据落点；设备数据经采集网关转换后接入平台，相应适配对接随设备厂商配套实施。
1678,,,支持自定义患者标签管理，实现对新入科、使用呼吸机或高危导管等特定患者的快速分类与筛选。 +------------------------------------------------------------------------------------------------------------+,部分响应,平台当前提供护理白板中过敏史等固定标识展示的基础能力。本条所述自定义患者标签管理及按标签（新入科、使用呼吸机、高危导管等）快速分类筛选当前版本未提供，列入后续开发计划。
1679,,,支持床位看板功能，直观展示科室总床位、在科人数、空床及24小时入出科等实时动态指标。 +------------------------------------------------------------------------------------------------------------+,部分响应,已提供：病区床位列表（每张床空闲/占用状态与占床患者）、床位使用率指标、科室床位效率报表及护理白板在院患者一览。尚未提供：①将科室总床位、在科人数、空床数集中展示的实时床位看板页面；②24小时入出科动态统计。上述缺项列入后续开发计划。
1680,,,支持患者全量信息维护，自动提取入科数据并支持身高、体重等必填项的补录与校验。 +------------------------------------------------------------------------------------------------------------+,部分响应,已提供：入院登记时由患者主索引自动带出患者全量基本信息；体征记录支持身高、体重录入，出院小结自动取用最新值。尚未提供：①独立入科环节的数据自动提取（平台以入院登记为准）；②身高、体重等必填项的校验与补录提醒。上述缺项列入后续开发计划。
1681,,,支持医护小组床位归属设置，方便登录人员快速检索并管理本人管辖的患者列表。 +------------------------------------------------------------------------------------------------------------+,部分响应,平台当前提供按病区查看床位与在院患者列表的基础能力。本条所述医护小组床位归属设置及按登录人筛选本人管辖患者列表当前版本未提供，列入后续开发计划。
1682,,,支持床位卡、大图标、列表等多种视图切换，直观呈现患者入科时长、基本体征、管路风险及各类动态评估结果。 +------------------------------------------------------------------------------------------------------------+,部分响应,平台当前提供护理白板与住院医生站的在院患者列表视图基础能力。本条所述床位卡、大图标、列表多视图切换，以及入科时长、管路风险、动态评估结果的集成呈现当前版本未提供，列入后续开发计划。
1683,,,支持个性化预警配置，允许根据不同患者病情设定针对性的观察项阈值及异常提醒范围。 +------------------------------------------------------------------------------------------------------------+,部分响应,平台当前提供全院级预警参数配置（检验结果差值阈值、检验项目参考区间、病历时限等）的基础能力。本条所述按患者个体病情设定观察项阈值与异常提醒范围的个性化预警配置当前版本未提供，列入后续开发计划。
1684,,,支持患者状态差异化显示，通过不同颜色及标识区分护理级别、外出状态及病情危重程度。 +------------------------------------------------------------------------------------------------------------+,部分响应,已提供：护理白板展示并可调整护理级别（特/一/二/三级），过敏史以红色标识突出显示，待执行医嘱按数量以颜色区分。尚未提供：①护理级别的颜色/图标编码显示；②患者外出状态标识；③病情危重程度字段与标识。上述缺项列入后续开发计划。
1685,,,支持护理项目批量处理，提高多名患者共性监测数据或记录的录入效率。 +------------------------------------------------------------------------------------------------------------+ +-------------------------------------------------------,部分响应,平台当前提供护理记录单与ICU记录单逐患者录入的基础能力。本条所述多名患者共性监测数据或记录的护理项目批量录入当前版本未提供，列入后续开发计划。
1686,,,支持出科患者历史档案检索，可基于出科时间、姓名及住院号等维度执行快速定位。 +------------------------------------------------------------------------------------------------------------+,部分响应,已提供：临床数据中心患者360视图，支持跨就诊调阅患者历史文书（临床文档时间轴）及全文关键字检索；病案质控队列可按科室列出出院患者。尚未提供：①出科患者专用历史档案列表；②按出科/出院时间、姓名、住院号的组合检索。上述缺项列入后续开发计划。
1687,,,支持在科患者列表管理，提供主管医生、主诊断、入科时间、标签及重点关注备注的集成视图。 +------------------------------------------------------------------------------------------------------------+,部分响应,已提供：护理白板在院患者列表（病区、床号、姓名、性别、护理级别、过敏史、待执行医嘱数、护理文书数）及住院医生站患者列表（床号、姓名、入院诊断）。尚未提供：①主管医生列；②入科时间列；③患者标签；④重点关注备注。上述缺项列入后续开发计划。
1688,,,支持出科患者详情查阅，方便医护人员进行历史诊疗数据调取、补录及统计分析。 +------------------------------------------------------------------------------------------------------------+ 医生工作站 +---------------------------------------------,部分响应,已提供：出院患者历史诊疗数据可经患者360视图调阅；出院后可补录出院诊断与病案首页；病案统计、DRG分析、病历质控等模块提供出院患者口径的统计分析。尚未提供：集中呈现调取、补录、统计入口的统一出科患者详情页面。上述缺项列入后续开发计划。
1689,,,支持时间轴式医疗足迹展示，通过可视化方式完整还原患者从入科到出科的诊疗全过程。 +------------------------------------------------------------------------------------------------------------+,部分响应,已提供：患者360视图的临床文档时间轴，按时间可视化呈现患者跨就诊的病历、检验报告、出院小结等文书；住院期间另有麻醉记录时间轴与体征趋势图。尚未提供：以入科到出科为主线、混排医嘱执行/评估/操作事件的重症医疗足迹时间轴。上述缺项列入后续开发计划。
1690,,,支持同步HIS医嘱数据，实现医嘱详情的分类检索与闭环执行状态追踪。 +------------------------------------------------------------------------------------------------------------+,部分响应,已提供：住院医嘱为平台一体化管理，无需与外部HIS同步；医嘱开立→执行行生成→逐行执行（自动计费）→停嘱的闭环执行状态追踪，医生站医嘱列表显示医嘱类型与状态。尚未提供：医嘱列表按类型/性质的分类检索过滤。上述缺项列入后续开发计划。
1691,,,支持临床计算辅助工具，提供电解质计算、补钠补铁等重症常用快捷公式及换算规则。 +------------------------------------------------------------------------------------------------------------+,部分响应,本条所述临床计算辅助工具（电解质计算、补钠补铁等重症常用公式及换算规则）当前版本未提供，列入后续开发计划。
1692,,,支持医生站患者概览，实时显示基本资料、主诊断及过敏史，并支持患者间的快速无缝切换。 +------------------------------------------------------------------------------------------------------------+,部分响应,已提供：住院医生站左侧在院患者列表（床号、姓名、入院诊断），点选即切换工作区实现患者间快速切换，工作区表头显示姓名、住院号、病区床号及押金余额。尚未提供：医生站患者概览中的过敏史展示（当前过敏史在护理白板呈现）。上述缺项列入后续开发计划。
1693,,,支持结构化评估体系，围绕诊断、检验检查、导管维护及文书等模块进行风险评价与记录。 +------------------------------------------------------------------------------------------------------------+,部分响应,已提供：护理风险结构化评估（Braden压疮、Morse跌倒量表，自动分级、趋势、高危清单）；导管维护评估（呼吸机、中心静脉导管、导尿管的置管→日评估→拔管/感染判定）。尚未提供：①围绕诊断的结构化风险评价；②围绕检验检查的患者风险评估；③文书模块的结构化评估；④APACHE/SOFA等重症评估体系。上述缺项列入后续开发计划。
1694,,,支持患者病情画像功能，通过各系统监测模型直观评估器官指标走势、评估结果及体征趋势图。 +------------------------------------------------------------------------------------------------------------+,部分响应,已提供：体温、脉搏、呼吸体征趋势图（含发热参考线）；风险评估结果按时间序列查看；ICU出入量24小时平衡。尚未提供：①病情画像聚合视图；②按呼吸、循环、肾、肝等系统的器官指标监测模型。上述缺项列入后续开发计划。
1695,,,支持专科特查项目记录，提供查房评估、重症超声及重要器官监测等深度监测内容的录入与追踪。 +------------------------------------------------------------------------------------------------------------+ +--------------------------------------------,部分响应,平台当前提供查房记录（自由文本病程，可按查房级别筛选）的基础能力。本条所述结构化查房评估表单、重症超声及重要器官监测等专科特查项目的录入与追踪当前版本未提供，列入后续开发计划。
1696,,,支持医生快捷交接班，自动汇总患者诊断、抗菌药使用、异常指标及注意事项，实现重点关注情况的快速交接。 +------------------------------------------------------------------------------------------------------------+,部分响应,已提供：护理交接班登记（科室、班次、当班情况、待办事项）、接班人签收双签与交接班台账。尚未提供：①医生按患者维度的快捷交接班；②自动汇总患者诊断、抗菌药使用、异常指标及注意事项。上述缺项列入后续开发计划。
1697,,,支持医生班次自定义维护，实现对不同岗位、时段排班基础信息的规范化管理。 +------------------------------------------------------------------------------------------------------------+,部分响应,已提供：护理班次字典维护（班次代码、名称、起止时间）、护理排班及门诊医生出诊排班。尚未提供：①医生班次自定义维护入口；②班次按岗位区分；③住院医生排班。上述缺项列入后续开发计划。
1698,,,支持医生分组与可视化排班，提供拖拽式快捷操作、排班打印及历史排班方案查阅功能。 +------------------------------------------------------------------------------------------------------------+,部分响应,已提供：门诊医生排班管理（按日期、科室查询，新增排班，停诊，按周前后翻页）。尚未提供：①医生分组；②拖拽式排班快捷操作；③排班表打印；④历史排班方案查阅。上述缺项列入后续开发计划。
1699,,,支持排班日历化查询，提供医生个人班次及科室整体维度的出勤概览。 +------------------------------------------------------------------------------------------------------------+ 护士工作站 +--------------------------------------------------,部分响应,已提供：门诊医生排班按日期与科室查询，支持按周前后翻页。尚未提供：①周/月日历网格视图；②医生个人班次维度视图；③科室整体出勤概览统计。上述缺项列入后续开发计划。
1700,,,支持设备数据自动采集配置，可灵活设定采样频率与监测项，并根据设定频率自动生成护理监测记录。 +------------------------------------------------------------------------------------------------------------+,部分响应,平台当前提供护理体征与ICU监测记录人工录入的基础能力。本条所述床旁设备数据自动采集配置（采样频率、监测项设定）及按设定频率自动生成护理监测记录当前版本未提供，列入后续开发计划。
1701,,,支持自动化出入量管理，同步医嘱用药入量与引流管出量，实现每小时及累计总量的自动统计与平衡量汇总。 +------------------------------------------------------------------------------------------------------------+,部分响应,已提供：ICU出入量记录（入量/出量）与24小时出入量平衡汇总，并合并呈现于体温单。尚未提供：①医嘱用药入量自动同步计入；②引流管出量自动同步；③每小时分时统计。上述缺项列入后续开发计划。
1702,,,支持可视化管路管理，利用人体图与甘特图实时呈现插管情况，涵盖新置、拔除记录及导管有效期预警提醒。 +------------------------------------------------------------------------------------------------------------+,部分响应,已提供：院感三管（呼吸机、中心静脉导管、导尿管）管路管理，含新置登记、日评估、拔除记录、置管天数与器械相关感染判定。尚未提供：①人体图与甘特图可视化呈现；②导管有效期设置与到期预警提醒。上述缺项列入后续开发计划。
1703,,,支持护士站患者信息快速检索，实时同步并呈现床号、主诊断及过敏史等关键信息以确保护理安全。 +------------------------------------------------------------------------------------------------------------+,部分响应,已提供：护理白板实时呈现在院患者病区、床号、姓名、过敏史及待执行医嘱数。尚未提供：①主诊断在护理白板中的展示；②患者快速检索框。上述缺项列入后续开发计划。
1704,,,支持护理监测集成化记录，涵盖生命体征、意识瞳孔等数据，提供趋势分析、批量签名及按班次查看等功能。 +------------------------------------------------------------------------------------------------------------+,部分响应,已提供：生命体征录入、ICU高频体征与意识（GCS评分）记录，体温单趋势绘制，护理记录单签名。尚未提供：①瞳孔观察记录项；②护理记录批量签名；③按班次查看记录。上述缺项列入后续开发计划。
1705,,,支持多维风险评分评估，能够自动提取临床数据并转换相应分值，通过趋势图直观展示病情演变。 +------------------------------------------------------------------------------------------------------------+,部分响应,已提供：Braden、Morse等多量表风险评分录入，按阈值自动分级，多次评估形成趋势序列及高危预警清单。尚未提供：①自动提取体征/检验等临床数据换算分值；②趋势图形化展示（当前为趋势列表）。上述缺项列入后续开发计划。
1706,,,支持皮肤压力性损伤专项监测，通过人体部位字典记录压疮或皮炎位置、性状，并实现日常护理记录的动态维护。 +------------------------------------------------------------------------------------------------------------+,部分响应,已提供：Braden压力性损伤风险评分，压疮类不良事件上报，护理记录单书写。尚未提供：①人体部位字典；②压疮/皮炎位置与性状（分期、渗液、大小）专项记录；③创面日常护理记录的动态维护。上述缺项列入后续开发计划。
1707,,,支持闭环医嘱管理，同步HIS医嘱执行状态，允许对持续性泵入医嘱进行流速调整及入量自动计入。 +------------------------------------------------------------------------------------------------------------+,部分响应,已提供：住院医嘱为平台一体化管理，无需外部HIS同步；长期医嘱每日自动生成执行行，逐行执行（防重复执行、自动扣库存与计费）、停嘱，执行状态闭环追踪。尚未提供：①持续性泵入医嘱的流速调整；②泵入量自动计入出入量。上述缺项列入后续开发计划。
1708,,,支持结构化护理记录书写，提供内置专业模版并支持一键引入生命体征、检验检查及评分等数据。 +------------------------------------------------------------------------------------------------------------+,部分响应,已提供：结构化护理记录书写（观察/措施/效果三段式）、签名冻结与打印。尚未提供：①内置专业护理记录模板与护理措施字典；②一键引入生命体征、检验检查及评分数据。上述缺项列入后续开发计划。
1709,,,支持护理文书统一管控与归档，实现知情同意书、沟通记录等电子化文书的防篡改管理及授权后的解除归档操作。 +------------------------------------------------------------------------------------------------------------+ +-------------------------------------,部分响应,已提供：知情同意书电子化，患者签名与医师电子签名双签防篡改，已签文书作废须管理员授权；病案归档具完整性校验与归档留痕。尚未提供：①医患沟通记录电子文书；②授权后解除归档操作；③护理文书统一管控台。上述缺项列入后续开发计划。
1710,,,支持护士交接班自动化汇总，涵盖体征、用药、管路等数据，一键生成交班小结及记录单。 +------------------------------------------------------------------------------------------------------------+,部分响应,已提供：护士交接班登记（班次日期、当班情况、待办事项）、接班人签收双签与交接班台账。尚未提供：①体征、用药、管路数据的自动汇总；②一键生成交班小结与交班记录单打印。上述缺项列入后续开发计划。
1711,,,支持护士班次及时间范围维护，确保护理人力资源分配的科学性与规范性。 +------------------------------------------------------------------------------------------------------------+,正偏离/无偏离,由护理管理增强模块的班次字典提供：可新增、修改护士班次（班次代码、名称、起止时间范围），按班次代码去重更新，维护结果直接供护理排班选用，规范护理人力班次基础数据。
1712,,,支持护士快捷排班管理，通过拖拽方式完成人员分组、排班发布及历史方案检索。 +------------------------------------------------------------------------------------------------------------+,部分响应,已提供：护士排班录入（同人同日同班次冲突校验）与按日查询。尚未提供：①拖拽式排班操作；②人员分组；③排班发布状态管理与历史方案检索。上述缺项列入后续开发计划。
1713,,,支持护士排班全景查询，以日历表形式提供科室护理力量的整体排布视图。 +------------------------------------------------------------------------------------------------------------+ +------------------------------------------------------,部分响应,已提供：按日查询全院各科室护士班次排布（含科室名，按科室、班次排序）。尚未提供：以周/月日历表形式呈现跨日期的科室护理力量全景视图。上述缺项列入后续开发计划。
1714,,,支持质控报表上报管理，支持按自定义周期生成、标记或作废各类质控统计文档。 +------------------------------------------------------------------------------------------------------------+,部分响应,已提供：数据治理填报任务（建任务、科室上报、审核通过/退回）、护理质控评分与质控抽检记录，形成质控文档上报与审核闭环。尚未提供：①按自定义周期自动生成质控统计文档；②质控文档标记作废。上述缺项列入后续开发计划。
1715,,,支持国家规范化质控指标监测，自动统计VAP、CRBSI、死亡指数（SMR）等核心指标并生成趋势图表。 +------------------------------------------------------------------------------------------------------------+,部分响应,已提供：院感监测模块自动判定VAP、导管相关血流感染（CLABSI）、导尿管相关尿路感染（CAUTI），按管路类型自动统计千导管日感染率与现患率。尚未提供：①死亡指数（SMR）统计；②指标按月趋势图表。上述缺项列入后续开发计划。
1716,,,支持质控指标明细溯源，可直接穿透查看与特定统计结果关联的患者临床明细记录。 +------------------------------------------------------------------------------------------------------------+ +--------------------------------------------------,部分响应,已提供：院感现患率可下钻至患者明细（住院号、姓名、科室、感染部位），三管监测可查看每根置管的患者与置管天数，病历时限质控提供科室看板与工作队列。尚未提供：数据治理指标通用的指标→患者临床明细穿透查看。上述缺项列入后续开发计划。
1717,,,支持临床消息中心功能，实时推送患者出入科、预警通知、危急值及APACHEⅡ评估提醒。 +------------------------------------------------------------------------------------------------------------+,部分响应,已提供：危急值闭环管理——危急值自动判定推送、我的待处理列表、签收确认、超时未处理提醒。尚未提供：①统一临床消息中心；②患者出入科通知；③APACHEⅡ评估提醒。上述缺项列入后续开发计划。
1718,,,.支持系统公告发布功能，实现科室内部人员信息的定向分发与查阅管理。 +------------------------------------------------------------------------------------------------------------+ +------------------------------------------------------,部分响应,本条所述系统公告发布、科室内部人员定向分发与查阅管理功能当前版本未提供，列入后续开发计划。
1719,,,支持业务统计报表定制，涵盖管路、压疮、体征及工作量等核心业务的数据汇总。 +------------------------------------------------------------------------------------------------------------+,部分响应,已提供：数据治理自定义报表引擎（受控只读查询）；管路千日感染率统计、体征温度日历与术后发热统计、医生工作量与护理级别护理天数统计。尚未提供：压疮专项数据汇总报表。上述缺项列入后续开发计划。
1720,,,支持业务趋势可视化展示，利用分类饼图、统计图表直观反映科室运行效率与质量。 +------------------------------------------------------------------------------------------------------------+ 系统设置 +---------------------------------------------,部分响应,已提供：首页运营看板的挂号量、收入、科室折线/柱状趋势图。尚未提供：①分类饼图；②质控中心、院感、护理等科室运行效率与质量指标页面的图表化展示（当前为表格）。上述缺项列入后续开发计划。
1721,,,支持人员组织架构管理，实现医护分组、权限分配及出入科职能控制。 +------------------------------------------------------------------------------------------------------------+,正偏离/无偏离,由系统管理模块提供：科室/病区组织架构维护，用户所属科室与角色分配，角色—菜单功能授权及模块级功能开关；入院、出院、转科等出入科操作按角色控制，实现医护分组、权限分配与出入科职能管控。
1722,,,支持床位资源动态配置，同步HIS床位状态并支持隔离房、正负压床位等属性定义。 +------------------------------------------------------------------------------------------------------------+,部分响应,已提供：床位台账（病区、床号、状态），床位状态随入院、出院、转科自动流转（平台为一体化HIS，无需外部同步），支持批量建床。尚未提供：①隔离房、正负压等床位属性定义；②床位配置前端页面。上述缺项列入后续开发计划。
1723,,,支持导管分类字典管理，规范化定义科室常见管路类型及属性匹配规则。 +------------------------------------------------------------------------------------------------------------+,部分响应,平台当前提供呼吸机、中心静脉导管、导尿管三类管路的固定分类管理基础能力。本条所述导管分类字典维护及管路类型属性匹配规则配置当前版本未提供，列入后续开发计划。
1724,,,支持导管参数个性化配置，允许新增管路类别并定义其维护要点与有效期指标。 +------------------------------------------------------------------------------------------------------------+,部分响应,平台当前提供呼吸机、中心静脉导管、导尿管三类固定管路的置管与日评估记录基础能力。本条所述新增管路类别及其维护要点、有效期指标的个性化配置当前版本未提供，列入后续开发计划。
1725,,,支持设备资产全局管控，实现对监护仪、呼吸机等硬件的分类登记、状态记录与导出归档。 +------------------------------------------------------------------------------------------------------------+ 审计记录管控 +----------------------------------------,部分响应,已提供：HRP固定资产台账，监护仪、呼吸机等设备按分类、科室登记，状态记录（在用/维修/报废）。尚未提供：资产台账导出归档。上述缺项列入后续开发计划。
1726,,,支持系统日志追踪功能，详尽记录操作事件、响应时间及终端IP等底层运行数据。 +------------------------------------------------------------------------------------------------------------+,部分响应,已提供：系统日志记录操作人、操作时间、操作接口、结果与终端IP，覆盖全部写操作及敏感查询；慢接口观测单独记录超阈请求的响应耗时并统计均值/最大值。尚未提供：每条操作日志逐条记录响应时间（当前仅对超阈慢请求记录）。上述缺项列入后续开发计划。
1727,,,支持用户操作痕迹审计，在权限范围内对各环节人员的操作时间、行为及行为记录进行追溯。 +------------------------------------------------------------------------------------------------------------+ 平台信息系统设置 +-------------------------------------,正偏离/无偏离,由系统管理操作日志模块提供：管理员权限范围内按操作人、时间段、敏感操作筛选追溯操作痕迹，逐条记录操作时间、操作路径、结果与终端IP，覆盖写操作、病历调阅/打印等敏感读取及权限拒绝事件。
1728,,,支持可视化看板配置，允许自定义床位图字段、预警配色及床位卡快捷操作。 +------------------------------------------------------------------------------------------------------------+,部分响应,平台当前提供护理白板固定栏目在院患者列表的基础能力。本条所述可视化看板配置（床位图字段自定义、预警配色、床位卡快捷操作）当前版本未提供，列入后续开发计划。
1729,,,支持质控与业务指标配置，根据医院实际需求灵活调整统计逻辑与评价标准。 +------------------------------------------------------------------------------------------------------------+,部分响应,已提供：自定义报表（受控只读查询）与系统参数配置（检验差值阈值、TAT时限、病历时限等）可调整统计口径。尚未提供：①质控/业务指标定义与目标值的新增、修改界面；②评价标准（分级阈值）的可配置化。上述缺项列入后续开发计划。
1730,,,支持集成平台接口配置，实现与HIS、LIS、PACS等系统的互联互通参数管理。 +------------------------------------------------------------------------------------------------------------+,正偏离/无偏离,由集成平台模块提供：接口适配器注册（文件/数据库类）、参数维护、启停、内容路由规则配置与路由测试，HL7 v2报文接入（MLLP）与检验结果接收，PACS调阅参数配置，以及接口报文流水监控，实现与HIS、LIS、PACS等系统互联互通参数的统一管理。
1731,,,支持设备生命周期管理，记录采购信息、使用时长、借还及维修保养的全过程动态。 +------------------------------------------------------------------------------------------------------------+ 业务设置 +---------------------------------------------,部分响应,已提供：HRP设备全生命周期管理——采购信息（购置日期、价格、使用年限、折旧净值）、维修工单（报修/派工/完成）、保养计划与保养单、计量检定、调拨移交、报废。尚未提供：设备借出/归还管理（借期与逾期提醒）。上述缺项列入后续开发计划。
1732,,,支持业务模块弹性配置，可自由组合护理项目、评分模版、交班及患者画像等功能单元。 +------------------------------------------------------------------------------------------------------------+ 重症不良事件 +-----------------------------------------,部分响应,已提供：模块级弹性配置——DRG、临床决策支持、医保、血库、人力、手术、临床数据中心、数据治理等模块可独立开关，菜单与接口同步生效；角色授权可细至单个页面。尚未提供：护理项目、评分模板、交班、患者画像等功能单元粒度的自由组合配置。上述缺项列入后续开发计划。
1733,,,支持重症不良事件管理，实现非计划拔管等意外事件的分类查询、上报与质量分析。 +------------------------------------------------------------------------------------------------------------+ 字典库 +----------------------------------------------,部分响应,已提供：不良事件上报（类型含管路滑脱/非计划拔管、等级、发生日期、科室、可匿名）、分类查询与处理登记闭环。尚未提供：按类型/科室/时间的聚合统计与质量分析图表。上述缺项列入后续开发计划。
1734,,,支持系统基础字典库维护，统一配置医疗术语、护理字段及人体部位等标准元数据。 +------------------------------------------------------------------------------------------------------------+ 基础配置 +---------------------------------------------,部分响应,已提供：药品、收费项目、ICD-10、费用类别字典维护（含CSV批量导入），检验参考区间、术语标准化与数据元维护，护理班次字典。尚未提供：①人体部位字典；②护理专用字段/护理措施字典；③统一字典库管理入口。上述缺项列入后续开发计划。
1735,★,,支持平台UI与基础参数管理，实现菜单架构、Logo及门户页面的个性化设置。 +------------------------------------------------------------------------------------------------------------+ +-------------------------------+------------------,部分响应,平台当前提供系统参数单项修改的基础能力。本条所述菜单架构维护、Logo个性化及门户页面个性化设置当前版本未提供，列入后续开发计划。
1736,,,具备采集工作站检验条码打印功能。 +--------------------------------------------------------------------------------------------------------------------------------------------------------------------------------------,部分响应,已提供：采集工作站采样打码，自动生成检验条码号并显示。尚未提供：条码标签打印。上述缺项列入后续开发计划。
1737,,,具备采集工作站签到、叫号采血功能。 +-------------------------------------------------------------------------------------------------------------------------------------------------------------------------------------,部分响应,已提供：检验时段预约、采血/检验队列叫号与叫号大屏。尚未提供：采集工作站到检签到。上述缺项列入后续开发计划。
1738,,,具备检验病人基本信息生成，从HIS中直接获取检验病人的相关信息或采用手工方式输入。 +-------------------------------------------------------------------------------------------------------------------------------------------------------------,正偏离/无偏离,由检验采集工作站提供：待采样队列直接由院内医嘱与挂号信息带出患者姓名、性别、申请单号与检验项目（平台为一体化HIS，无需外部取数），采样环节无需重复录入患者信息。
1739,,,具备标本信息录入：包括标本种类、采集部位、采集日期。 +----------------------------------------------------------------------------------------------------------------------------------------------------------------------------,部分响应,已提供：标本采集日期时间自动记录；微生物结果录入支持标本类型（痰/血/尿等）。尚未提供：采样环节的标本种类选择与采集部位录入。上述缺项列入后续开发计划。
1740,,,具备条码生成与打印、发放：手工或自动生成检验条码，支持一式多份，患者留底使用。 +---------------------------------------------------------------------------------------------------------------------------------------------------------------,部分响应,已提供：采样时自动生成检验条码。尚未提供：①手工指定条码；②条码打印；③一式多份与患者留底联。上述缺项列入后续开发计划。
1741,,,采集工作站支持检验报告打印和发放。 +-------------------------------------------------------------------------------------------------------------------------------------------------------------------------------------,部分响应,已提供：检验报告单打印数据集与打印模板。尚未提供：①采集工作站页面的报告打印入口；②报告发放（领取）登记。上述缺项列入后续开发计划。
1742,,,支持快速生成条码；具有导入文件自动生成打印条码。 +------------------------------------------------------------------------------------------------------------------------------------------------------------------------------,部分响应,已提供：采集工作站一键快速生成条码。尚未提供：导入文件批量生成并打印条码。上述缺项列入后续开发计划。
1743,,,支持系统记录标本从开单到检验科签收整个过程和时间节点操作人。 +------------------------------------------------------------------------------------------------------------------------------------------------------------------------,部分响应,已提供：开单、采样、检验科签收、报告发布各环节时间节点记录，报告发布审核人留痕。尚未提供：采样人、签收人等各节点操作人记录。上述缺项列入后续开发计划。
1744,,,可通过显示屏监控提醒标本流转过程中超时标本，配置标本流程时间。 +-----------------------------------------------------------------------------------------------------------------------------------------------------------------------,正偏离/无偏离,由检验质控模块「TAT周转」页签提供：标本流程时限阈值可在系统参数中配置，自动统计采样→签收、签收→发布及全程周转时间与超时标本数，并列出超时标本明细供提醒处置；监控以工作站页签形式呈现，可投放至显示屏查看。
1745,,,支持标本流转支持多机构、多院区。满足跨院区检验科业务。 +---------------------------------------------------------------------------------------------------------------------------------------------------------------------------,部分响应,平台当前为单机构、单院区业务模型。本条所述多机构、多院区标本流转与跨院区检验业务当前版本未提供，列入后续开发计划。
1746,,,具备标本签收计费功能，计费失败有提示。 +-----------------------------------------------------------------------------------------------------------------------------------------------------------------------------------,部分响应,平台检验流程采用先收费后采样模式，待采样队列仅纳入已收费医嘱，标本签收环节不再触发计费，从流程上避免签收计费失败的情形。本条所述签收时计费及计费失败提示功能当前版本未提供，列入后续开发计划。
1747,,,签收的标本根据自动编号规则，自动把标本信息分配到对应检验工作站；实现自动编号登记业务。 +-----------------------------------------------------------------------------------------------------------------------------------------------------------,部分响应,平台当前提供标本条码自动顺序编号的基础能力。本条所述自动编号规则配置及签收后按规则自动分配至对应检验工作站的登记业务当前版本未提供，列入后续开发计划。
1748,,,具备不合格标本拒收功能；记录拒收信息。 +-----------------------------------------------------------------------------------------------------------------------------------------------------------------------------------,部分响应,平台当前提供标本核收签收的基础能力。本条所述不合格标本拒收及拒收信息（原因、拒收人、时间）记录当前版本未提供，列入后续开发计划。
1749,,,具有自动编号规则功能。规则维护修改。 +------------------------------------------------------------------------------------------------------------------------------------------------------------------------------------,部分响应,平台当前提供标本条码自动顺序编号的基础能力。本条所述自动编号规则功能及规则的维护修改当前版本未提供，列入后续开发计划。
1750,,,支持标本在检验过程中，可以随时查询标本状态。 +--------------------------------------------------------------------------------------------------------------------------------------------------------------------------------,正偏离/无偏离,由检验工作站「标本流转」页签提供：检验过程中（已采样至报告发布前）的标本可随时按条码、状态、采样时间、患者与项目查询流转状态；已发布标本转入报告查询查看。
1751,,,支持设备联机功能，实现各类设备仪器与信息系统的信息通讯，自动将数据送入网络，并进行模式识别，判断为何种资料，实现自动化。 +------------------------------------------------------------------------------------------------------------------------------------------,配套产品响应,属设备配套软件/商用知识库/CA 等产品参数，平台已留标准接入点
1752,,,单向设备：完成仪器原始数据采集及解析，包括各种传输模式（串口、网口、USB、读文件）。\ 双向设备：对于支持条码读取的仪器，本模块可以使仪器实现双向通信的功能，仪器可以通过读取试管上的条码，自动获取条码信息对应的检验医嘱信息，自动测试检验项目，仪器不会漏检检验项目，并且与标本放的位置也无关，只与条码信息相关，可以杜绝标本的张冠李戴的差错，对于做的项目，系统可以预先设定稀释倍数，从而大大提高检验的工,配套产品响应,属设备配套软件/商用知识库/CA 等产品参数，平台已留标准接入点
1753,,,具备通过条码扫描自动显示病人信息、医嘱信息，能自动关联显示检验项目。 +--------------------------------------------------------------------------------------------------------------------------------------------------------------------,部分响应,已提供：标本队列自动关联显示患者信息、申请单（医嘱）及检验项目。尚未提供：条码扫描直达（扫码输入框及按条码定位标本）。上述缺项列入后续开发计划。
1754,,,具备手工录入病人基本信息。 +-----------------------------------------------------------------------------------------------------------------------------------------------------------------------------------------,部分响应,对应业务登记能力已实现，字段级差异逐条比对
1755,,,具备批量处理：提供标本或结果信息的批量复制、替换、删除、合并、结果录入操作。 +----------------------------------------------------------------------------------------------------------------------------------------------------------------,部分响应,已提供：检验结果多项目批量录入与药敏多行录入。尚未提供：标本或结果信息的批量复制、批量替换、批量删除、批量合并。上述缺项列入后续开发计划。
1756,,,具备标本编排或条码分检。 +------------------------------------------------------------------------------------------------------------------------------------------------------------------------------------------,部分响应,平台当前提供标本工作队列按顺序查看的基础能力。本条所述标本编排（排单/排序方案）与按条码或项目组分检当前版本未提供，列入后续开发计划。
1757,,,支持手工项目的数据录入，手工输入登记信息。 +---------------------------------------------------------------------------------------------------------------------------------------------------------------------------------,部分响应,对应业务登记能力已实现，字段级差异逐条比对
1758,,,具备检验报告的最终审核功能。 +----------------------------------------------------------------------------------------------------------------------------------------------------------------------------------------,正偏离/无偏离,由检验工作站「审核发布」提供：检验报告最终审核由审核人签名留痕并进入发布终态（防重复发布），发布后自动回写结果、完成医嘱执行并触发危急值判定。
1759,,,具备对比审核、阈值自动审核功能。 +--------------------------------------------------------------------------------------------------------------------------------------------------------------------------------------,部分响应,【二级证据评审建议，待项目组签字】LIS 流转与危急值（HH/LL）自动判读已备；室内质控阈值引擎为 LIS 深化项
1760,,,支持阈值自动审核机制。 +-------------------------------------------------------------------------------------------------------------------------------------------------------------------------------------------,部分响应,【二级证据评审建议，待项目组签字】LIS 流转与危急值（HH/LL）自动判读已备；室内质控阈值引擎为 LIS 深化项
1761,,,具备实现检验电子报告的网络发布。 +--------------------------------------------------------------------------------------------------------------------------------------------------------------------------------------,正偏离/无偏离,由患者服务门户提供：患者以本人账号登录门户（支持手机浏览器访问）后，可在线查阅本人已审核发布的检验报告与检查报告；未发布的结果不可见，危急值结果不直接展示而以尽快回院就诊的提示替代，避免患者误读。
1762,,,支持智能分组与智能审核项目设定。 +--------------------------------------------------------------------------------------------------------------------------------------------------------------------------------------,部分响应,已提供：检验结果与同一患者上次同项目结果的自动比对（Delta 校验），比对阈值可在系统参数中维护。尚未提供：①按检验项目分别设定比对阈值；②智能审核规则库（危急值、逻辑关系、仪器报警等多类规则的可配置审核）；③检验项目智能分组（项目组套）设定；④Delta 比对与历史趋势在检验工作台的页面入口。上述缺项列入后续开发计划。
1763,,,支持项目质控的确定。 +--------------------------------------------------------------------------------------------------------------------------------------------------------------------------------------------,部分响应,【二级证据评审建议，待项目组签字】LIS 流转与危急值（HH/LL）自动判读已备；室内质控阈值引擎为 LIS 深化项
1764,,,支持审核范围类型和范围判断（危急值类型判断、仪器报警信息、极限值高低）。 +------------------------------------------------------------------------------------------------------------------------------------------------------------------,配套产品响应,属设备配套软件/商用知识库/CA 等产品参数，平台已留标准接入点
1765,,,支持ICD诊断的关键字跟检验项目做判断。 +----------------------------------------------------------------------------------------------------------------------------------------------------------------------------------,部分响应,平台当前提供 ICD-10 诊断字典及门诊、住院医生站的诊断录入基础能力。本条所述以 ICD 诊断关键字与检验项目进行匹配判断（开单时诊断与检验项目合理性校验）尚未提供，列入后续开发计划。
1766,,,支持智能审核历史结果分析。 +-----------------------------------------------------------------------------------------------------------------------------------------------------------------------------------------,部分响应,【二级证据评审建议，待项目组签字】LIS 流转与危急值（HH/LL）自动判读已备；室内质控阈值引擎为 LIS 深化项
1767,,,支持与三方系统对接完成数字签名认证。 +------------------------------------------------------------------------------------------------------------------------------------------------------------------------------------,配套产品响应,平台提供统一的电子签名适配接口（签名/验签），门诊病历、住院病历、护理记录、知情同意书等签名场景均通过该接口调用。数字签名认证本身由医院选定的 CA 厂商（如 CFCA、BJCA 等）提供签名服务与 SDK，平台按 CA 厂商接口规范完成适配接入与联调。
1768,,,报告系统支持查看医嘱信息、电子病历信息、350视图等。 +---------------------------------------------------------------------------------------------------------------------------------------------------------------------------,部分响应,已提供：患者 360 视图（跨就诊的文书列表、文书全文、病历全文检索）与门诊病历连续调阅，可查看患者医嘱与电子病历信息。尚未提供：检验报告工作站内直接查看该患者医嘱与病历信息，以及从报告页面跳转至 360 视图的联动入口。上述缺项列入后续开发计划。
1769,,,支持采用数据存储和PDF存储检验报告，PDF保证检验报告的一致性。 +---------------------------------------------------------------------------------------------------------------------------------------------------------------------,部分响应,已提供：检验结果（含微生物培养与药敏）的结构化数据存储，检验报告按统一模板打印输出。尚未提供：检验报告 PDF 文件的生成与归档存储，以及以 PDF 快照保证报告历次输出一致性的机制（当前报告按现行数据即时渲染）。上述缺项列入后续开发计划。
1770,,,支持门诊自助打印检验报告功能。 +---------------------------------------------------------------------------------------------------------------------------------------------------------------------------------------,部分响应,已提供：患者通过患者服务门户在线自助查阅本人已发布的检验报告；检验报告打印模板。尚未提供：门诊自助终端（自助机）取报告应用，包括取报告凭证核验与自助打印记录。上述缺项列入后续开发计划。
1771,,,支持医生站打印查看报告对比功能。 +--------------------------------------------------------------------------------------------------------------------------------------------------------------------------------------,部分响应,已提供：同一患者同一检验项目历次结果序列及与上次结果变化率比对的数据服务，检验报告打印模板。尚未提供：门诊、住院医生站内查看检验报告、打印报告及历次结果对比的操作入口。上述缺项列入后续开发计划。
1772,,,支持移动端查看检验报告。 +------------------------------------------------------------------------------------------------------------------------------------------------------------------------------------------,正偏离/无偏离,由患者服务门户提供：门户页面采用手机适配版式，患者以本人账号登录后可在手机端查看已审核发布的检验报告，危急值结果以回院就诊提示替代直接展示；院内另提供移动工作站页面供医护人员移动端使用。
1773,,,支持通过安装虚拟设备接口，运行一个仿真客户端，测试和培训检验人员。 +---------------------------------------------------------------------------------------------------------------------------------------------------------------------,部分响应,平台当前提供检验仪器结果的 HL7 接收通道基础能力。本条所述通过安装虚拟设备接口运行仿真客户端、用于检验人员测试与培训的功能，当前版本未提供，列入后续开发计划。
1774,,,具备危急值判定功能，通过颜色或声音提示检验医师。出现危急值能弹框提醒 +--------------------------------------------------------------------------------------------------------------------------------------------------------------------,部分响应,已提供：按检验项目维护的危急值上下限自动判定（危急高值/危急低值），危急值自动生成告警并通知开单医师，临床危急值页面以红色标签标识、超期未处理以红字提示。尚未提供：①检验工作台（检验医师侧）的危急值颜色标识；②声音提示；③弹框提醒（当前为列表红字标签）。上述缺项列入后续开发计划。
1775,,,具备危急值自定义规则设置功能。支持标本、科室等条件判定。 +--------------------------------------------------------------------------------------------------------------------------------------------------------------------------,部分响应,已提供：危急值规则自定义维护页面，可按检验项目、性别、年龄段分别设置危急低值与危急高值。尚未提供：按标本类型、申请科室等条件区分的危急值判定规则。上述缺项列入后续开发计划。
1776,,,支持与临床信息系统对接，将危急值报告发布至临床，危急值处理过程闭环管理。 +------------------------------------------------------------------------------------------------------------------------------------------------------------------,正偏离/无偏离,由危急值闭环管理提供：检验与影像危急值自动生成告警并推送至开单医师，医师在「我的待确认」中接收确认并填写处置情况，系统记录通知时间、接收人、接收时间与处置时限，超期未确认自动进入超期看板追踪，形成发布—接收—处置的闭环。
1777,,,具备查看危急值的处理措施记录和过程信息（包含接收科室、接收人、接收时间、处理情况）。 +------------------------------------------------------------------------------------------------------------------------------------------------------------,部分响应,已提供：危急值接收确认时记录接收人、接收时间与处置情况，并留存于危急值台账。尚未提供：①已处理危急值的历史查看页面（接收人、接收时间、处置情况的查询与展示）；②接收科室信息的记录。上述缺项列入后续开发计划。
1778,,,实现质控数据的自动分析与失控提醒。 +-------------------------------------------------------------------------------------------------------------------------------------------------------------------------------------,正偏离/无偏离,由检验质控（室内质控）页面提供：录入质控值后自动计算 z 值，按 Westgard 1-3s、2-2s 规则自动判定在控/失控并记录所违反的规则，页面即时展示各项目最新在控状态，失控以状态标识提示。
1779,,,实现基于病人检验数据的质控分析。 +--------------------------------------------------------------------------------------------------------------------------------------------------------------------------------------,部分响应,已提供：基于患者历史结果的 Delta 校验（同患者同项目与上次结果变化率超阈提示）及结果趋势序列的数据服务。尚未提供：上述分析在检验质控页面或检验工作台的操作入口与展示。上述缺项列入后续开发计划。
1780,,,建立相关校验标准，实现异常检验结果的分离，确保检验结果的可靠性。 +----------------------------------------------------------------------------------------------------------------------------------------------------------------------,正偏离/无偏离,由检验参考区间维护与结果判读提供：按性别、年龄段维护参考区间与危急值阈值，数值型结果自动判读为正常/偏高/偏低/危急，异常结果以异常标志分离，危急值单独进入危急值台账管理；另有 Delta 校验拦截异常波动，保证结果可靠性。
1781,,,实现检验标本的跟踪。 +--------------------------------------------------------------------------------------------------------------------------------------------------------------------------------------------,正偏离/无偏离,由检验标本流转页面提供：标本采样时生成条码，经核收、结果发布三个节点逐节点记录状态与时间，可按条码查看标本当前状态并执行流转操作，实现标本跟踪。
1782,,,支持实验室室内质控管理，包括质控规划、失控分析、质控月报表、质控日报表、质控比对及评价。质控月报表，支持各种质控图（包括Westgard图、Youden图、多规则Sheward图、L-J定性质控图），并根据各个质控图的失控规则，来判断该项目是否失控。 +-------------------------------------------------------------------------,部分响应,已提供：室内质控数据录入，Westgard 1-3s、2-2s 规则自动失控判定，Levey-Jennings 质控数据（测定值、靶值、SD、z 值、在控状态）。尚未提供：①质控规划；②质控日报表、月报表；③质控比对及评价；④质控图形化展示（Westgard 图、Youden 图、多规则 Sheward 图、L-J 定性质控图）；⑤1-3s、2-2s 以外的其他多规则判定。上述缺项列入后续开发计划。
1783,,,具备质控月总结报表、质控失控分析报表、质控项目开展报表、质控项目开展情况表报、均值标准差变异系数统计、质控项目变异系数不合格率分析、失控及纠正次数统计分析质控分析。 +--------------------------------------------------------------------------------------------------------------------,部分响应,平台当前提供室内质控数据录入与各项目最新在控状态展示基础能力。本条所述质控月总结报表、质控失控分析报表、质控项目开展报表、均值/标准差/变异系数统计、变异系数不合格率分析、失控及纠正次数统计等质控分析报表尚未提供，列入后续开发计划。
1784,,,支持微生物标本管理、细菌管理、抗生素管理、折点管理、涂片结果维护、药敏板管理基础信息维护。 +---------------------------------------------------------------------------------------------------------------------------------------------------------,配套产品响应,属设备配套软件/商用知识库/CA 等产品参数，平台已留标准接入点
1785,,,支持微生物三级报告、支持微生物条码补打、涂片登记簿打印。 +--------------------------------------------------------------------------------------------------------------------------------------------------------------------------,配套产品响应,属设备配套软件/商用知识库/CA 等产品参数，平台已留标准接入点
1786,,,支持微生物培养鉴定、图像采集、图像存储功能。 +--------------------------------------------------------------------------------------------------------------------------------------------------------------------------------,配套产品响应,属设备配套软件/商用知识库/CA 等产品参数，平台已留标准接入点
1787,,,支持多重耐药危急值消息发送、支持标记MASA、VER。 +---------------------------------------------------------------------------------------------------------------------------------------------------------------------------,部分响应,平台当前提供微生物培养结果与药敏（S/I/R）结构化记录基础能力。本条所述多重耐药菌判定与危急值消息发送、MRSA/VRE 等耐药表型标记尚未提供，列入后续开发计划。
1788,,,支持WHONET对接、支持导出DBF文件。 +---------------------------------------------------------------------------------------------------------------------------------------------------------------------------------,部分响应,平台当前提供微生物培养与药敏结果的结构化记录及按申请单查阅基础能力。本条所述 WHONET 对接及 DBF 文件导出尚未提供，列入后续开发计划。
1789,,,提供院内感染统计分析，包括标本阳性率、抗生素总耐药性、细菌抗生素耐药性分析，可根据不同条件统计（申请科室、样本类型、细菌等）。 +---------------------------------------------------------------------------------------------------------------------------------------,部分响应,平台当前提供院感登记病例清单与抗菌药医嘱数量统计，以及微生物药敏结果结构化记录基础能力。本条所述标本阳性率、抗生素总耐药性、细菌抗生素耐药性分析及按申请科室、样本类型、细菌等多条件统计尚未提供，列入后续开发计划。
1790,,,具有卫生部临床检验质量指标全过程统计分析。 +---------------------------------------------------------------------------------------------------------------------------------------------------------------------------------,部分响应,平台当前提供检验标本周转时间均值与超时清单统计基础能力。本条所述临床检验专业质量指标（标本类型/容器错误率、室间质评、报告不正确率、危急值通报率等）的全过程统计分析尚未提供，列入后续开发计划。
1791,,,支持对检验科工作标本登记工作量统计、检验标本采集工作量统计、检验医师工作量统计、支持对检验信息的收费统计和工作量统计。 +-------------------------------------------------------------------------------------------------------------------------------------------,部分响应,平台当前提供门诊医生工作量统计（接诊量、处方金额）基础能力。本条所述检验标本登记工作量、标本采集工作量、检验医师工作量及检验收费统计尚未提供，列入后续开发计划。
1792,,,实现基于病历号的检验数据动态分析。 +-------------------------------------------------------------------------------------------------------------------------------------------------------------------------------------,部分响应,已提供：按患者与检验项目输出历次结果序列及与上次结果变化率的数据服务。尚未提供：①按病历号/住院号检索；②检验数据动态分析的页面入口与趋势图展示。上述缺项列入后续开发计划。
1793,,,统计信息可以和HIS相关模块双向信息交互报告工作站。 +----------------------------------------------------------------------------------------------------------------------------------------------------------------------------,部分响应,已提供：检验报告工作站与 HIS 医嘱同库联动，待采样任务自动来自已收费的检验医嘱，结果发布后自动回写医嘱执行状态，结果与医嘱信息双向互通。尚未提供：检验统计信息（工作量、时效、收入等报表）及其与 HIS 相关模块的交互。上述缺项列入后续开发计划。
1794,,,检验时效性统计、检验标本合格率统计、检验科业绩收入方面的统计。 +-----------------------------------------------------------------------------------------------------------------------------------------------------------------------,部分响应,已提供：检验时效性统计（采样→核收、核收→发布及总周转时间均值、超时件数与超时明细，支持日期范围筛选）。尚未提供：①检验标本合格率统计（含标本拒收、不合格登记）；②检验科业绩收入统计（现有科室月报口径不覆盖医技科室）。上述缺项列入后续开发计划。
1795,,,支持传染病相关统计。 +--------------------------------------------------------------------------------------------------------------------------------------------------------------------------------------------,部分响应,平台当前提供传染病报卡登记、审核、上报的状态流转与报卡明细清单基础能力。本条所述传染病相关统计（按病种、类别、时段的汇总分析）尚未提供，列入后续开发计划。
1796,,,具有耐药菌统计分析模块。 +------------------------------------------------------------------------------------------------------------------------------------------------------------------------------------------,部分响应,平台当前提供微生物培养菌种与药敏（S/I/R）结果结构化记录及按申请单查阅基础能力。本条所述耐药菌统计分析模块（耐药率等跨标本汇总分析）尚未提供，列入后续开发计划。
1797,,,支持岗位工作量、费用人数：如生化组 免疫、临检、微生物在统计时间段内处理的标本数、申请项目数和检验费用。 +--------------------------------------------------------------------------------------------------------------------------------------------------,配套产品响应,属设备配套软件/商用知识库/CA 等产品参数，平台已留标准接入点
1798,,,支持审核者工作量、月工作量金额统计：如xxx检验师统计期内检验的标本数，xxx检验师计期内审核的标本数及统计期内审核或检验的标本金额。 +-----------------------------------------------------------------------------------------------------------------------------------,部分响应,平台当前记录检验标本审核人，并提供门诊医生工作量统计基础能力。本条所述按检验师统计期内检验标本数、审核标本数及审核/检验标本金额的工作量与金额统计尚未提供，列入后续开发计划。
1799,,,支持周转时间中位数和90%位数(按小项目统计)：根据检验小项目血钾、肌钙蛋白、白细胞计数、国际标准化比值INR、尿常规、甲胎蛋白分别统计病人类型为急诊、住院、门诊的标本总数、中位数和90%位数。 +-----------------------------------------------------------------------------------------------------,部分响应,平台当前提供全院检验标本周转时间均值统计基础能力。本条所述按检验小项目（血钾、肌钙蛋白、白细胞计数、INR、尿常规、甲胎蛋白）及急诊、住院、门诊病人类型分别统计标本总数、周转时间中位数与 90% 位数尚未提供，列入后续开发计划。
1800,,,支持周转时间中位数和90%位数：根据生化、免疫、三大常规、凝血四大类分别统计住院标本总数、急诊标本总数，门诊标本总数及住院标本检验前中位数、住院标本实验室内周转时间中位数、急诊标本检验前中位数、急诊标本实验室内周转时间中位数、门诊标本检验前中位数、门诊标本实验室内周转时间中位数、住院标本检验前90%位数、住院标本实验室内周转时间90%位数、急诊标本检验前90%位数、急诊标本实验室内周转时间90%位,部分响应,平台当前提供全院检验标本周转时间均值统计基础能力。本条所述按生化、免疫、三大常规、凝血四大类及住院、急诊、门诊标本类型分别统计标本总数、检验前与实验室内周转时间的中位数及 90% 位数尚未提供，列入后续开发计划。
1801,,,标本TAT流程管理，包括TAT节点的设定、TAT过程记录，TAT过程提醒、检前检中TAT统计分析，支持在各个功能模块查看标本TAT全流程信息，支持通过图形化的模式查看节点信息。 +--------------------------------------------------------------------------------------------------------------,部分响应,已提供：标本采样、核收、发布三节点时间记录，检前（采样→核收）与检中（核收→发布）分段周转统计，超时标本明细，检验质控页面 TAT 周转标签页支持日期筛选。尚未提供：①TAT 节点自定义设定；②TAT 过程超时提醒推送；③节点信息图形化展示；④在标本流转等其他功能模块内查看标本 TAT 全流程信息。上述缺项列入后续开发计划。
1802,★,,+-------------------------------+-----------------------------------------------------------------------------------------------------------------------------------------------------------------------,非参数行,文档转换产生的表格分隔残渣，不计入参数总数
1803,,,系统支持参数化配置，具备多机构部署与独立运营能力。支持大量用血三级审批制度，根据24h申请的血量，区分不同审批等级，包括上级医生审核、主任审核、医务部审核。 +------------------------------------------------------------------------------------------------------------------------,部分响应,平台当前提供系统参数化配置能力（系统参数统一维护）及用血申请单步审批基础能力。本条所述多机构部署与独立运营、按 24 小时申请血量区分审批等级的大量用血三级审批（上级医生审核、主任审核、医务部审核）尚未提供，列入后续开发计划。
1804,,,支持输血申请类型维护，如治疗用血、手术备血、急诊用血、紧急用血等。 +---------------------------------------------------------------------------------------------------------------------------------------------------------------------,部分响应,平台当前提供住院医生站临床用血申请（血制品、用量、申请理由，含输血知情同意校验）及申请→审批→发血→输血记录的流转基础能力。本条所述输血申请类型（治疗用血、手术备血、急诊用血、紧急用血等）维护尚未提供，列入后续开发计划。
1805,,,支持输血目的维护和管控。 +------------------------------------------------------------------------------------------------------------------------------------------------------------------------------------------,部分响应,平台当前提供住院医生站临床用血申请（血制品、用量、申请理由，含输血知情同意校验）及申请→审批→发血→输血记录的流转基础能力。本条所述输血目的维护及基于输血目的的管控校验尚未提供，列入后续开发计划。
1806,,,支持检验方法维护，在配血过程中使用检验方法，具有灵活的是否可用设置功能。应用在配血检验方法中。 +-------------------------------------------------------------------------------------------------------------------------------------------------------,部分响应,平台当前提供住院医生站临床用血申请及申请→审批→发血→输血记录的流转基础能力。本条所述交叉配血环节及配血检验方法维护、是否可用的灵活设置尚未提供，列入后续开发计划。
1807,,,支持血型条码预先设置，用于血液入库时要扫码血型条码的编码，实现扫码入库。 +------------------------------------------------------------------------------------------------------------------------------------------------------------------,部分响应,平台当前提供住院医生站临床用血申请及申请→审批→发血→输血记录的流转基础能力。本条所述血型条码预先设置及血液扫码入库尚未提供，列入后续开发计划。
1808,,,支持住院病人支持自动收取血费、交叉配血费、血型检测费、抗体筛查费，系统提供计费参数配置，包括血液费、检验费、交叉配血费相关费用，可按袋或规格计费，根据配血信息自动生成计费单。 +---------------------------------------------------------------------------------------------------------------,部分响应,平台当前提供住院医生站临床用血申请及申请→审批→发血→输血记录的流转基础能力。本条所述血费、交叉配血费、血型检测费、抗体筛查费的自动收取、按袋/按规格计费参数配置及根据配血信息自动生成计费单尚未提供，列入后续开发计划。
1809,,,支持配血方法维护，用于交叉配血时选择配血方法。 +-------------------------------------------------------------------------------------------------------------------------------------------------------------------------------,部分响应,对应模块维护能力已实现（字典/参数/规则），细节逐条比对
1810,,,支持症状特征维护，用于在填写输血不良反应时不良反应的特征。方便后期分析不良反应症状。 +------------------------------------------------------------------------------------------------------------------------------------------------------------,部分响应,平台当前提供输血不良反应处置方案字典及输血记录中选择处置方案的基础能力。本条所述不良反应症状特征维护（用于填写不良反应特征并供后期分析）尚未提供，列入后续开发计划。
1811,,,支持储血位置维护，用于血液入库时选择血液的储血位置。 +----------------------------------------------------------------------------------------------------------------------------------------------------------------------------,部分响应,平台当前提供住院医生站临床用血申请及申请→审批→发血→输血记录的流转基础能力。本条所述储血位置维护及血液入库时选择储血位置尚未提供，列入后续开发计划。
1812,,,支持症状特征维护，用于在填写输血不良反应时不良反应的特征。 +-------------------------------------------------------------------------------------------------------------------------------------------------------------------------,部分响应,平台当前提供输血不良反应处置方案字典及输血记录中选择处置方案的基础能力。本条所述不良反应症状特征维护尚未提供，列入后续开发计划。
1813,,,支持替代品种维护，用于交叉配血时库存中没有申请单中的血制品时使用的替代血制品。 +---------------------------------------------------------------------------------------------------------------------------------------------------------------,部分响应,平台当前提供住院医生站临床用血申请（血制品为红细胞、血浆、血小板三类）及申请→审批→发血→输血记录的流转基础能力。本条所述血制品替代品种维护（交叉配血时库存无申请血制品的替代关系）尚未提供，列入后续开发计划。
1814,,,支持处置方案维护，用于在填写不良反应申请单选择处置方案的维护。 +-----------------------------------------------------------------------------------------------------------------------------------------------------------------------,部分响应,已提供：输血不良反应处置方案字典（预置常用处置方案），护士填写输血记录时可从下拉中选择处置方案并留痕。尚未提供：①处置方案字典的增删改维护页面；②独立的不良反应申请单（当前处置方案记录于输血记录）。上述缺项列入后续开发计划。
1815,,,支持库存警报维护，用于设置库存中各个血制品在低于设置存储量时提醒用户库存不足。 +---------------------------------------------------------------------------------------------------------------------------------------------------------------,部分响应,平台当前提供住院医生站临床用血申请及申请→审批→发血→输血记录的流转基础能力。本条所述血制品库存警报维护（低于设定存储量提醒）尚未提供，列入后续开发计划。
1816,,,支持血液有效期监控和提醒，失效提醒可以在血液失效前几天进行预报提醒，提醒时间可设置。提醒用户血液将要过期，尽快使用。 +--------------------------------------------------------------------------------------------------------------------------------------------,部分响应,平台当前提供住院医生站临床用血申请及申请→审批→发血→输血记录的流转基础能力。本条所述血液有效期监控与可设置提前天数的失效预报提醒尚未提供，列入后续开发计划。
1817,,,支持治疗用血、手术备血、急诊用血、紧急用血等用血申请功能，能自动获取输血指标信息，传染病信息等。 +------------------------------------------------------------------------------------------------------------------------------------------------------,部分响应,已提供：住院医生站用血申请（血制品、用量、申请理由），自动校验患者在院状态与输血知情同意书签署情况（可配置为提示或阻断）。尚未提供：①治疗用血、手术备血、急诊用血、紧急用血等申请类型区分；②自动带入输血指标（血红蛋白、血小板、INR 等检验结果）；③自动带入传染病信息。上述缺项列入后续开发计划。
1818,,,支持科主任审批输血申请，用于科主任对申请量大于800ml的申请单进行申请单审核，科主任登录系统才能查看到对应的信息，审核通过后才能提交到输血科。 +------------------------------------------------------------------------------------------------------------------------------,部分响应,平台当前提供用血申请单步审批（批准/驳回）基础能力。本条所述按申请量大于 800ml 触发科主任审批、科主任角色专属查看与审批权限、审批通过后方可提交输血科的分级管控尚未提供，列入后续开发计划。
1819,,,支持大量用血三级审批制度，根据24h申请的血量，区分不同审批等级，包括上级医生审核、主任审核、医务部审核。 +-------------------------------------------------------------------------------------------------------------------------------------------------,部分响应,平台当前提供用血申请单步审批（批准/驳回）基础能力。本条所述按 24 小时申请血量区分审批等级的大量用血三级审批（上级医生审核、主任审核、医务部审核）尚未提供，列入后续开发计划。
1820,,,支持自体输血、生成条码贴血袋以入库的方式储存到输血科，进入库存中，数据需进行病人绑定。病人需要用血时，临床生成取血单，具体流程与输血流程一致。 +-------------------------------------------------------------------------------------------------------------------------------,部分响应,平台当前提供住院医生站临床用血申请及申请→审批→发血→输血记录的流转基础能力。本条所述自体输血流程（生成条码贴袋入库、患者绑定、临床生成取血单）尚未提供，列入后续开发计划。
1821,,,支持申请单的接收，申请单的查询，申请状态追踪，实现输血申请闭环。 +----------------------------------------------------------------------------------------------------------------------------------------------------------------------,部分响应,已提供：用血申请单状态追踪（申请→审批→发血→输血记录，逐步流转且不可越级），申请单清单展示患者、住院号及当前状态。尚未提供：①输血科接收申请单环节；②申请单按患者、科室、状态、日期等条件查询。上述缺项列入后续开发计划。
1822,,,支持对接收的申请单进行备血操作，和对已经备血的申请单进行状态跟踪和查询管理。 +----------------------------------------------------------------------------------------------------------------------------------------------------------------,部分响应,对应模块查询统计能力已实现，界面细节逐条比对
1823,,,支持复核患者的血型，通过对患者进行抽血检验，将血型检验的结果进行复核（急诊用血可跳过此步），自动记录血液复检费用。 +---------------------------------------------------------------------------------------------------------------------------------------------,部分响应,平台当前在患者主索引中登记患者血型基础信息。本条所述患者血型抽血复核流程（急诊用血可跳过）及血液复检费用自动记账尚未提供，列入后续开发计划。
1824,,,支持交叉配血单、发血单打印功能。 +--------------------------------------------------------------------------------------------------------------------------------------------------------------------------------------,部分响应,平台当前提供住院医生站临床用血申请及申请→审批→发血→输血记录的流转基础能力。本条所述交叉配血单、发血单打印尚未提供，列入后续开发计划。
1825,,,支持临床发血，对完成交叉配血的申请单进行发血操作。打印发血报告，打印患者标签。 +---------------------------------------------------------------------------------------------------------------------------------------------------------------,部分响应,已提供：临床发血操作，申请单审批通过后方可执行发血并记录发血时间。尚未提供：①发血报告打印；②患者标签打印；③以完成交叉配血作为发血前置条件（交叉配血环节尚未提供，当前发血以审批通过为前置）。上述缺项列入后续开发计划。
1826,,,支持输血评价，对输血完成的病人进行输血评价，根据实际详情填写输血评价单，打印输血评价单，根据添加查询输血评价信息等。 +--------------------------------------------------------------------------------------------------------------------------------------------,部分响应,平台当前提供住院医生站临床用血申请及申请→审批→发血→输血记录的流转基础能力。本条所述输血评价单的填写、打印与查询尚未提供，列入后续开发计划。
1827,,,支持不良处置，用于在患者输血过程中产生不良反应时采取的处置措施，并打印不良反应处置单。 +-----------------------------------------------------------------------------------------------------------------------------------------------------------,部分响应,已提供：输血记录中选择不良反应处置方案（处置方案字典预置）并留痕。尚未提供：①独立的不良反应处置单据（症状、发生时间、处理经过、转归等记录）；②不良反应处置单打印。上述缺项列入后续开发计划。
1828,,,"功能概述：描述标本管理主要服务对象为护士,医生在开完输血申请单后,护士打印血液条码，并进行双人采集血液标本。并记录采集的血液信息，送检血液信息，实现流程规范化。 +----------------------------------------------------------------------------------------------------------------------",部分响应,平台当前提供检验标本采样打码与核收流转基础能力（检验通道）。本条所述输血标本管理（血液标本条码打印、双人采集核对、采集与送检信息记录）尚未提供，列入后续开发计划。
1829,,,支持标本采集全流程管理，具备条码打印、标本双人核对、采集确认等功能。 +--------------------------------------------------------------------------------------------------------------------------------------------------------------------,部分响应,平台当前提供检验标本采样打码与核收流转基础能力（检验通道）。本条所述输血标本采集全流程管理（条码打印、标本双人核对、采集确认）尚未提供，列入后续开发计划。
1830,,,支持标本运输，标本交接管理功能。 +--------------------------------------------------------------------------------------------------------------------------------------------------------------------------------------,部分响应,平台当前提供检验标本采样、核收、发布三节点流转基础能力。本条所述标本运输与交接管理（运输状态、交接人与交接时间记录）尚未提供，列入后续开发计划。
1831,,,支持标本接收，标本送达输血科后进行接收。 +----------------------------------------------------------------------------------------------------------------------------------------------------------------------------------,部分响应,平台当前提供检验科标本核收基础能力（检验通道）。本条所述输血科标本接收尚未提供，列入后续开发计划。
1832,,,"功能概述：描述输血管理模块的主要服务对象为护士,在输血科完成发血后通知护士取血,护士打印取血单并完成血液复核后进行血液输注,在输注过程中记录输注信息完成输血,主要包括打印取血单,血液核收,血液输注、不良反应等业务。 +-------------------------------------------------------------------------------------------",部分响应,平台当前提供住院医生站用血申请、审批、发血及输血完成记录（含处置方案选择）基础能力。本条所述护士侧输血管理模块（取血单打印、血液核收、血液输注过程记录、不良反应单据）尚未提供，列入后续开发计划。
1833,,,支持发送取血通知给临床医生，护士打印取血单，凭取血单至输血科取血。 +---------------------------------------------------------------------------------------------------------------------------------------------------------------------,部分响应,平台当前提供发血操作与发血状态记录基础能力。本条所述发血后向临床发送取血通知及护士打印取血单尚未提供，列入后续开发计划。
1834,,,支持血液核收，护士取回血制品到科室后，需要对血袋进行三查六对，确定血袋无误后才能进行输血准备。 +-------------------------------------------------------------------------------------------------------------------------------------------------------,部分响应,平台当前提供发血后由护士填写输血完成记录的基础能力。本条所述血液核收（血袋三查六对、核对人与核对时间记录）尚未提供，列入后续开发计划。
1835,,,支持血液输注，输血前护士双人再对血袋进行检查，确定没有问题可以开始输血。输血前需要做冲管测试，记录输血患者的生命体征，确保患者输血安全。 +----------------------------------------------------------------------------------------------------------------------------------,部分响应,平台当前提供发血后由护士填写输血完成记录的基础能力。本条所述输血前双人核对血袋、冲管测试记录及输血前患者生命体征记录尚未提供，列入后续开发计划。
1836,,,支持输血全过程管理，包括输血开始、输血过程巡视、输血结束，记录患者体征和输血反应信息。 +-----------------------------------------------------------------------------------------------------------------------------------------------------------,部分响应,平台当前提供输血完成记录（完成时间、过程说明、不良反应处置方案）基础能力。本条所述输血开始、过程巡视、输血结束的分节点记录及患者体征与输血反应信息记录尚未提供，列入后续开发计划。
1837,,,支持输血完成记录，记录输血完成时间，患者生命体征信息，满足输血规范。 +--------------------------------------------------------------------------------------------------------------------------------------------------------------------,部分响应,已提供：输血完成记录，自动记录输血完成时间并可填写输血过程说明。尚未提供：输血完成时患者生命体征（体温、脉搏、呼吸、血压）的记录。上述缺项列入后续开发计划。
1838,,,输注过程中如果发生不良反应，可在不良反应菜单中填写，并打印不良反应单。 +-------------------------------------------------------------------------------------------------------------------------------------------------------------------,部分响应,已提供：输血记录填写时选择不良反应处置方案并留痕。尚未提供：①独立的不良反应填写菜单/页面；②不良反应单打印。上述缺项列入后续开发计划。
1839,,,"功能概述：描述库存管理主要服务对象为输血科医生,主要是用于智能补库在库存不足时进行提示、血液订购、血液入库、库存查询、效期提醒、外院出库、血液输注完成后输血科进行血袋的回收和销毁等业务闭环管理。 +-----------------------------------------------------------------------------------------------------",部分响应,平台当前提供住院医生站临床用血申请及申请→审批→发血→输血记录的流转基础能力。本条所述输血科库存管理模块（智能补库提示、血液订购、血液入库、库存查询、效期提醒、外院出库、血袋回收与销毁）尚未提供，列入后续开发计划。
1840,,,支持智能补库、根据当期出院人数，出院输血人数计算输血系数；根据当前在院人数，患者血型分布和血制品库存量，计算需要库存量。 +------------------------------------------------------------------------------------------------------------------------------------------,部分响应,平台当前提供住院医生站临床用血申请及申请→审批→发血→输血记录的流转基础能力。本条所述智能补库测算（按出院人数与出院输血人数计算输血系数，按在院人数、血型分布与库存量测算需求库存）尚未提供，列入后续开发计划。
1841,,,支持与血站进行对接、支持采购订单、对接血站实现采购订单，订购血制品。 +--------------------------------------------------------------------------------------------------------------------------------------------------------------------,部分响应,平台当前提供药品耗材侧的采购与进销存基础能力，不覆盖血液制品。本条所述血制品采购订单及与中心血站对接订购血制品尚未提供，列入后续开发计划；血站对接接口需按当地血站接口规范实施。
1842,,,支持血液库存查询，可根据血液成分、血液来源、血型、制备日期、有效期等进行查询。 +---------------------------------------------------------------------------------------------------------------------------------------------------------------,部分响应,平台当前提供住院医生站临床用血申请及申请→审批→发血→输血记录的流转基础能力。本条所述血液库存查询（按血液成分、血液来源、血型、制备日期、有效期）尚未提供，列入后续开发计划。
1843,,,支持血液入库、血液入库登记，预入库血液复检登记。 +------------------------------------------------------------------------------------------------------------------------------------------------------------------------------,部分响应,平台当前提供住院医生站临床用血申请及申请→审批→发血→输血记录的流转基础能力。本条所述血液入库登记与预入库血液复检登记尚未提供，列入后续开发计划。
1844,,,支持订单入库、根据血站出库订单，审核入库。 +---------------------------------------------------------------------------------------------------------------------------------------------------------------------------------,部分响应,平台当前提供住院医生站临床用血申请及申请→审批→发血→输血记录的流转基础能力。本条所述根据血站出库订单审核入库尚未提供，列入后续开发计划。
1845,,,支持手动入库、扫描血液条码手工入库。 +------------------------------------------------------------------------------------------------------------------------------------------------------------------------------------,部分响应,平台当前提供住院医生站临床用血申请及申请→审批→发血→输血记录的流转基础能力。本条所述扫描血液条码手工入库尚未提供，列入后续开发计划。
1846,,,支持入库血型复查、血制品入库前可配置血型复查，和血制品信息核对，核对完成后入库。 +--------------------------------------------------------------------------------------------------------------------------------------------------------------,部分响应,平台当前在患者主索引中登记患者血型基础信息，并提供住院医生站临床用血申请流转基础能力。本条所述血液入库及入库前可配置的血型复查与血制品信息核对尚未提供，列入后续开发计划。
1847,,,血袋若调出给其他单位、支持出库外院、血液出库外院登记。 +---------------------------------------------------------------------------------------------------------------------------------------------------------------------------,部分响应,平台当前提供住院医生站临床用血申请及申请→审批→发血→输血记录的流转基础能力。本条所述血液出库外院登记尚未提供，列入后续开发计划。
1848,,,支持血液报废、血液报废详细信息登记。 +------------------------------------------------------------------------------------------------------------------------------------------------------------------------------------,部分响应,平台当前提供住院医生站临床用血申请及申请→审批→发血→输血记录的流转基础能力。本条所述血液报废及报废详细信息登记尚未提供，列入后续开发计划。
1849,,,支持退回血站、记录血液退库信息，扣减库存。 +---------------------------------------------------------------------------------------------------------------------------------------------------------------------------------,部分响应,平台当前提供住院医生站临床用血申请及申请→审批→发血→输血记录的流转基础能力。本条所述退回血站登记与血液退库扣减库存尚未提供，列入后续开发计划。
1850,,,血液库存查询统计：血液出库查询、当前库存报表、出入库统计汇总报表，支持按血液类型、血型分类统计。 +------------------------------------------------------------------------------------------------------------------------------------------------------,部分响应,平台当前提供用血申请单清单查看基础能力。本条所述血液出库查询、当前库存报表、出入库统计汇总报表及按血液类型、血型的分类统计尚未提供，列入后续开发计划。
1851,,,支持库存预警设置、血液库存预警值配置，建立库存预警机制，及时通知库存管理者血液制品的库存量低于安全库存量，以便及时采取措施，保证库存充足。 +---------------------------------------------------------------------------------------------------------------------------------,部分响应,平台当前提供药品耗材侧的库存与效期预警基础能力，不覆盖血液制品。本条所述血液库存预警值配置及低于安全库存量时通知库存管理者的预警机制尚未提供，列入后续开发计划。
1852,,,库存量预警，设置血液预警阀值，查询得到库存量预警列表。 +---------------------------------------------------------------------------------------------------------------------------------------------------------------------------,部分响应,平台当前提供药品耗材侧的库存与效期预警基础能力，不覆盖血液制品。本条所述血液预警阈值设置与库存量预警列表查询尚未提供，列入后续开发计划。
1853,,,支持血袋回收、记录血袋整个流转信息。血制品使用闭环管理。 +--------------------------------------------------------------------------------------------------------------------------------------------------------------------------,部分响应,平台当前提供申请单级的申请→审批→发血→输血记录流转基础能力。本条所述血袋级流转信息记录、血袋回收及血制品使用闭环管理尚未提供，列入后续开发计划。
1854,,,"功能概述：描述主要用于输血科进行统计,有关于个人工作量统计,医生用血统计,科室用血统计以及血型分布,血袋销毁统计,已发血申请单统计,配血统计,申请单统计,输血人次统计,输血不良反应统计、国家临床用血质量指标等各种统计报表。 +---------------------------------------------------------------------------------------",部分响应,平台当前提供用血申请单清单查看基础能力。本条所述输血科统计报表（个人工作量、医生用血、科室用血、血型分布、血袋销毁、已发血申请单、配血、申请单、输血人次、输血不良反应统计及国家临床用血质量指标等）尚未提供，列入后续开发计划。
1855,,,支持国家临床用血质量指标：每千单位用血输血专业技术人员数、《临床输血申请单》合格率、受血者标本血型复查率、输血相容性检测项目室内质控率、输血相容性检测室间质评项目参加率、输血相容性检测室间质评项目合格率、输血人次不良反应上报例数。 +-----------------------------------------------------------------------------------,部分响应,平台当前提供检验室内质控与用血申请记录基础能力。本条所述国家临床用血质量指标（每千单位用血输血专业技术人员数、《临床输血申请单》合格率、受血者标本血型复查率、输血相容性检测室内质控率、室间质评参加率与合格率、输血不良反应上报例数）统计尚未提供，列入后续开发计划。
1856,,,临床用血统计分析：月度、季度、年度不同成分占比图；月度、季度、年度不同科室用血量比较图、不同成分用量比较图；不同年度月度、季度、年度全院用血总量趋势图、对比图；不同成分用量趋势图、不同科室用量趋势图；不同病种占总用血量比例图；出院患者人均用血量。 +---------------------------------------------------------------------------,部分响应,平台当前提供用血申请单清单查看基础能力。本条所述临床用血统计分析图表（月/季/年成分占比、科室用血量比较、用血总量趋势与对比、成分及科室用量趋势、病种占比、出院患者人均用血量）尚未提供，列入后续开发计划。
1857,★,,系统支持与中心血站、HIS、LIS、集成平台等开放接口对接。 +-------------------------------+----------------------------------------------------------------------------------------------------------------------------------------,部分响应,已提供：HIS（本平台各业务模块同库集成）；LIS 对接（HL7 v2 检验结果消息接收、MLLP 监听通道）；集成平台对接（文件/数据库适配器注册与关键字路由的轻量适配能力，重型集成引擎由配套产品提供）。尚未提供：与中心血站的接口对接，需按当地血站接口规范实施。上述缺项列入后续开发计划。
1858,,,支持向多科室同时开具会诊申请信息。 +----------------------------------------------------------------------------+,部分响应,平台当前提供住院会诊申请（向单一科室发起，填写会诊问题）与会诊应答基础能力。本条所述同时向多科室开具会诊申请尚未提供，列入后续开发计划。
1859,,,支持患者病历信息共享，支持导入检查、检验、病历等信息到会诊申请内容。 +----------------------------------------------------------------------------+,部分响应,平台当前提供住院会诊申请（文本描述会诊问题）及患者 360 视图跨就诊的病历、检验检查文书调阅基础能力。本条所述将检查、检验、病历信息导入会诊申请内容的共享通道尚未提供，列入后续开发计划。
1860,,,支持会申请单时效控制。 +----------------------------------------------------------------------------+,部分响应,平台当前提供住院会诊申请与会诊完成时间记录基础能力。本条所述会诊申请单时效控制（应答时限设定、超时提醒与时限质控）尚未提供，列入后续开发计划。
1861,,,支持会诊消息推送，基于消息组件生成任务消息，发送给参与各方。 +----------------------------------------------------------------------------+,部分响应,平台当前提供院内会诊单查看与会诊意见录入的基础能力。本条所述基于消息组件生成会诊任务消息并推送给参与各方的功能尚未提供，列入后续开发计划。
1862,,,支持根据疾病严重程度配置各级别会诊医生，设置会诊申请优先级。 +----------------------------------------------------------------------------+,部分响应,平台当前提供院内会诊单查看与会诊意见录入的基础能力。本条所述按疾病严重程度配置各级别会诊医生、设置会诊申请优先级的功能尚未提供，列入后续开发计划。
1863,,,支持抗菌药物院内会诊审批流程。 +----------------------------------------------------------------------------+ 接收会诊 +----------------------------------------------------------------------------+,部分响应,平台当前提供抗菌药物分级管理基础能力：门诊医生站按医师抗菌药物处方权限等级对开立进行拦截，权限不足时禁止开立。本条所述抗菌药物院内会诊审批流程（特殊使用级抗菌药物经会诊会签后方可开立）尚未提供，列入后续开发计划。
1864,,,支持会诊接收，会诊接受医生才能对患者进行会诊相关医疗行为。 +----------------------------------------------------------------------------+,部分响应,平台当前提供院内会诊单查看与会诊意见录入的基础能力。本条所述会诊接收环节，以及仅会诊接受医生方可对患者开展会诊相关医疗行为的管控尚未提供，列入后续开发计划。
1865,,,支持会诊申请医生确认会诊到达。 +----------------------------------------------------------------------------+,部分响应,平台当前提供院内会诊单查看与会诊意见录入的基础能力。本条所述申请医生确认会诊到达的功能尚未提供，列入后续开发计划。
1866,,,支持按时间、类型、病人状态、申请会诊科室等进行会诊信息的检索。 +----------------------------------------------------------------------------+,部分响应,平台当前提供会诊单列表查看基础能力，按状态与登记先后展示近期会诊单。本条所述按时间、会诊类型、病人状态、申请科室等条件检索会诊信息的功能尚未提供，列入后续开发计划。
1867,,,支持会诊医生对会诊病人进行医嘱管理。 +----------------------------------------------------------------------------+,部分响应,已提供：住院医生站医嘱开立、执行与计费能力，具备住院医师权限的会诊医生可在住院医生站对在院患者开立医嘱。尚未提供：会诊单与医嘱的关联、从会诊单直接开立医嘱的通道，以及基于会诊授权的医嘱权限控制。上述缺项列入后续开发计划。
1868,,,支持会诊申请单控制会诊医师是否可下达医嘱。 +----------------------------------------------------------------------------+,部分响应,平台当前提供住院医生站医嘱开立与会诊意见录入的基础能力。本条所述在会诊申请单上控制会诊医师是否可下达医嘱的功能尚未提供，列入后续开发计划。
1869,,,支持会诊医生查看患者的病历信息。 +----------------------------------------------------------------------------+,部分响应,已提供：住院医生站病历查看能力，具备住院医师权限的会诊医生可查看在院患者病历。尚未提供：从会诊单直接打开该患者病历的入口，以及基于会诊单授权的病历访问控制（当前按角色权限查看）。上述缺项列入后续开发计划。
1870,,,支持会诊医生进行会诊结论的录入。 +----------------------------------------------------------------------------+,正偏离/无偏离,由住院诊疗协同模块的会诊管理页面提供：会诊医生在会诊单上点击「书写会诊意见」录入会诊结论，系统记录会诊医生与完成时间，并将会诊单状态置为已完成。
1871,,,支持会诊医生到达时间记录。 +----------------------------------------------------------------------------+,部分响应,平台当前记录会诊申请时间与会诊完成时间。本条所述会诊医生到达时间的独立记录尚未提供，列入后续开发计划。
1872,,,具备会诊模板导入功能。 +----------------------------------------------------------------------------+,部分响应,平台当前提供电子病历模板维护基础能力。本条所述会诊模板导入功能尚未提供，列入后续开发计划。
1873,,,支持会诊评价。 +----------------------------------------------------------------------------+,部分响应,平台当前提供患者就诊满意度评价基础能力。本条所述针对会诊的评价功能尚未提供，列入后续开发计划。
1874,,,支持会诊全流程闭环管理。 +----------------------------------------------------------------------------+ 会诊计费 +----------------------------------------------------------------------------+,部分响应,平台当前提供院内会诊单查看与会诊意见录入的基础能力。本条所述涵盖会诊申请、接收、到达、会诊医嘱、评价与计费各环节的会诊全流程闭环管理尚未提供，列入后续开发计划。
1875,,,支持会诊是否计费控制。 +----------------------------------------------------------------------------+,部分响应,平台当前提供住院医嘱计费基础能力。本条所述会诊是否计费的控制功能尚未提供，列入后续开发计划。
1876,,,支持根据会诊医嘱、科室和会诊医生的级别、执行会诊医生级别自动计费。 +----------------------------------------------------------------------------+ 会诊统计 +----------------------------------------------------------------------------+,部分响应,平台当前提供住院医嘱计费与收费价表维护基础能力。本条所述按会诊医嘱、科室、会诊医生级别及执行医生级别自动计费的功能尚未提供，列入后续开发计划。
1877,,,科室会诊情况汇总统计。 +----------------------------------------------------------------------------+,部分响应,平台当前提供科室门诊、住院收入与人次统计基础能力。本条所述科室会诊情况汇总统计尚未提供，列入后续开发计划。
1878,★,,科室会诊情况明细统计。 +----------------------------------------------------------------------------+ +-------------------------------+----------------------------------------------------------------------------,部分响应,已提供：会诊单明细列表，含申请科室、受邀科室、状态、会诊意见与时间信息。尚未提供：按时间段筛选、按科室汇总的会诊例数与完成率统计、统计结果导出；当前列表仅展示近期会诊单。上述缺项列入后续开发计划。
1879,,,业务相关开单项目、开单类型、客户类型、收费组合、执行科室等均支持自行维护配置；亦可对接其余相关业务支持平台（如HIS、lis、pacs、hrp等）获取需用到的基础数据信息。 +----------------------------------------------------------------------------------------------------------------,部分响应,已提供：收费项目主数据自行维护（收费项目管理页面），执行科室在收费项目数据中记录；集成适配器管理可对接 HIS、LIS、PACS、HRP 等系统获取基础数据；体检套餐基础数据（名称、价格、项目）。尚未提供：开单类型、客户类型、收费组合三个维度的自行维护配置；执行科室字段在收费项目维护页面尚未开放编辑。上述缺项列入后续开发计划。
1880,,,套餐维护可将同类项目均维护至一个套餐，项目及套餐均支持单选折扣维护；项目开单时系统根据客户所提供相关信息自动过滤掉不符情况的项目，避免开单错误；开单时支持单项或多项赠送（不计费）。 +------------------------------------------------------------------------------------------------------------,部分响应,【二级证据评审建议，待项目组签字】体检个检/团检/异常率已备；套餐折扣/多屏/弃检为体检深化项
1881,,,根据客户实际体检意图及体检情况，系统支持体检类型与报告模板、单据凭证等一对多关联维护，支持批量打印。 +----------------------------------------------------------------------------------------------------------------------------------------------------,部分响应,平台当前提供体检套餐基础数据及挂号凭证、收费票据、检验报告等单据打印基础能力。本条所述体检类型与报告模板、单据凭证的一对多关联维护及批量打印尚未提供，列入后续开发计划。
1882,,,检查子项支持失真校验（提供强制和非强制两张模式可配置）维护。 +------------------------------------------------------------------------------------------------------------------------------------------------------------------------,部分响应,平台当前提供体检套餐项目文本维护基础能力。本条所述检查子项失真校验（强制与非强制两种模式可配置）尚未提供，列入后续开发计划。
1883,,,科室小结、项目小结、均支持默认值、默认项设置；支持自动审核；支持自动异常。 +-----------------------------------------------------------------------------------------------------------------------------------------------------------------,部分响应,平台当前提供体检总检结论录入与异常标记基础能力。本条所述科室小结、项目小结的默认值与默认项设置、自动审核、自动异常判定尚未提供，列入后续开发计划。
1884,,,项目结果支持模板维护及多种录入维护（直接勾选、勾选后修改确认等）；项目结果可配置是否使用模版，对应模版可关联总检结论词。 +------------------------------------------------------------------------------------------------------------------------------------------,部分响应,平台当前提供体检整单总检结论录入基础能力。本条所述项目结果模板维护、直接勾选或勾选后修改确认等多种录入方式、项目结果是否使用模板的配置及模板关联总检结论词尚未提供，列入后续开发计划。
1885,,,支持灵活配置操作员权限，可根据不同级别或角色配置一类或多累操作组权限。同时提供系统各项业务操作的细化权限配置（分总检权限、保存审核权限、折扣权限等）。 +---------------------------------------------------------------------------------------------------------------------------,部分响应,已提供：系统管理的角色权限管理，可按角色配置菜单功能权限，各业务功能按角色控制访问。尚未提供：体检业务的细化操作权限点（分总检权限、保存审核权限、折扣权限等），当前权限粒度到菜单功能级。上述缺项列入后续开发计划。
1886,,,开单可带出项目相关耗材并计费，可配置是否单独计费；可对接院内HRP系统。 +------------------------------------------------------------------------------------------------------------------------------------------------------------------,部分响应,平台当前提供 HRP 物资耗材管理（耗材主数据、出入库流水）与收费项目维护基础能力。本条所述开单自动带出项目关联耗材并计费、可配置是否单独计费尚未提供（耗材库存与开单计费目前未打通），列入后续开发计划。
1887,,,可对在检客户进行医师分流总检，缓解总检医师工作压力；支持配置医师时间段最大检量。提供工作量统计。 +------------------------------------------------------------------------------------------------------------------------------------------------------,部分响应,平台当前提供门诊医生接诊工作量统计基础能力。本条所述在检客户医师分流总检、医师时间段最大检量配置及总检医师工作量统计尚未提供，列入后续开发计划。
1888,,,可根据实际情况对自定义报表进行配置使用。 +----------------------------------------------------------------------------------------------------------------------------------------------------------------------------------,正偏离/无偏离,由数据治理模块「报表引擎」提供：用户可根据实际需要自行定义报表（以查询语句方式定义）、保存报表定义并在线运行展示结果，覆盖体检等各业务数据；报表查询以只读账号执行，并设有数据范围与执行时长限制，保障生产数据安全。
1889,,,系统具有电子体检卡的管理功能，可以创建体检卡、分发体检卡、回收体检卡等功能。个人可以购买体检卡；团体体检，每个人按固定的金额来预约体检时，系统能给每个人按预定的金额发放电子体检卡，根据单位是否已经付费，确定体检卡是否有期限，是否需要回收。 +-------------------------------------------------------------------------------,部分响应,平台当前提供体检登记与单位团检建档基础能力。本条所述电子体检卡管理（创建、分发、回收、个人购买、团体按定额发放、根据单位付费情况控制有效期与回收）尚未提供，列入后续开发计划。
1890,,,系统支持对相关结论词进行匹配规则维护（根据项目检查检验结果或异常标识（如偏高、偏低、阳性、弱阳等）进行关联），系统在总检时会根据相关维护规则带出对应结论词，同时根据结论词类型及重要程度进行合并及去重。 +--------------------------------------------------------------------------------------------------,部分响应,平台当前提供体检总检结论人工录入基础能力。本条所述结论词匹配规则维护（按检查检验结果或偏高、偏低、阳性等异常标识关联）、总检时自动带出结论词及按类型与重要程度合并去重尚未提供，列入后续开发计划。
1891,,,检查项目支持多部位合并或拆分维护；检验项目支持使用合并规则及容器类型、检验类型等合并或拆分维护。 +------------------------------------------------------------------------------------------------------------------------------------------------------,部分响应,平台当前提供检验标本采样、核收与结果发布流程基础能力。本条所述检查项目多部位合并或拆分维护，检验项目按合并规则、容器类型、检验类型的合并或拆分维护尚未提供，列入后续开发计划。
1892,,,提供VIP管理功能，可自行配置对应VIP级别（设置历史体检金额，当超过某档次时也可设置对应折扣），在登记时系统自动计算并识别，同时可在系统内及引导单上进行相应的标识体现。支持手动调整级别。 +--------------------------------------------------------------------------------------------------------,部分响应,平台当前提供患者主索引建档基础能力。本条所述 VIP 管理（VIP 级别配置、按历史体检金额档次设置折扣、登记时自动识别、系统内与引导单标识、手动调整级别）尚未提供，列入后续开发计划。
1893,,,支持维护体检定向推送院内其他科室就诊功能。 +---------------------------------------------------------------------------------------------------------------------------------------------------------------------------------,部分响应,本条所述体检定向推送院内其他科室就诊的维护功能当前版本未提供，列入后续开发计划。
1894,,,支持维护在修改客户相关记录时原因类型功能。 +---------------------------------------------------------------------------------------------------------------------------------------------------------------------------------,部分响应,平台当前提供操作审计留痕与电子病历修正留痕基础能力。本条所述修改体检客户记录时的原因类型维护与记录尚未提供，列入后续开发计划。
1895,,,支持单位结算方式维护功能。 +-----------------------------------------------------------------------------------------------------------------------------------------------------------------------------------------,部分响应,平台当前提供单位团检建档基础能力（单位名称、联系人、套餐）。本条所述单位结算方式维护功能尚未提供，列入后续开发计划。
1896,,,支持在线选项（可配置仅使用组合套餐或体检单项或自选搭配），支持对接院内公众平台。 +--------------------------------------------------------------------------------------------------------------------------------------------------------------,部分响应,平台当前提供患者端（移动版式）门诊预约挂号、报告查询、在线缴费等基础能力。本条所述体检在线选项（仅组合套餐、体检单项或自选搭配可配置）及与院内公众平台对接尚未提供，列入后续开发计划。
1897,,,在客户选项时可根据客户实际情况进行相关判断及提示。 +-----------------------------------------------------------------------------------------------------------------------------------------------------------------------------,部分响应,各类业务提醒已广泛实现，具体场景逐条比对
1898,,,可配置客户完成预约后是否直接缴费或需审批确认；支持线上项目及套餐折扣或定价。 +----------------------------------------------------------------------------------------------------------------------------------------------------------------,部分响应,平台当前提供患者端预约挂号基础能力。本条所述客户完成预约后直接缴费或需审批确认的可配置分支，以及线上项目与套餐折扣或定价尚未提供，列入后续开发计划。
1899,,,支持在移动端浏览院内历史检查、检验、体检报告，支持PDF下载功能。 +---------------------------------------------------------------------------------------------------------------------------------------------------------------------,部分响应,已提供：患者端（移动版式）在线浏览院内历史检验报告（含结果值与参考区间）与检查报告。尚未提供：体检报告在患者端浏览；报告 PDF 下载。上述缺项列入后续开发计划。
1900,,,支持通过读取客户各类证件（身份证、其他合法证件、电子健康卡、医保卡等）录入客户基本信息；当客户存在历史记录时，可快速调用基本信息。 +-------------------------------------------------------------------------------------------------------------------------------------,外部条件,需医保局/省平台等外部环境开通后联调
1901,,,支持通过各类证件读卡器提取信息后，关联院内已有患者主档，并可配置是否可修改，避免录入错误。 +---------------------------------------------------------------------------------------------------------------------------------------------------------,部分响应,平台当前提供患者主索引建档与身份证号有效性校验基础能力（信息由操作员手工录入）。本条所述通过各类证件读卡器提取信息并关联院内患者主档、以及关联后是否可修改的配置尚未提供（读卡器驱动由设备厂商提供，平台侧接入需另行开发），列入后续开发计划。
1902,,,支持现场拍照及相关录入设备调用。 +--------------------------------------------------------------------------------------------------------------------------------------------------------------------------------------,配套产品响应,外设采集属设备配套（图像以档案名登记制留痕）
1903,,,可根据参数配置是否允许替检、可增加替检标识、支持录入替检人相关信息。 +--------------------------------------------------------------------------------------------------------------------------------------------------------------------,部分响应,已提供：检验标本采样环节的替检管理——系统参数控制是否允许替检、标本替检标识、替检人信息录入，参数关闭时拒绝替检操作。尚未提供：体检登记环节的替检参数配置、替检标识与替检人信息录入。上述缺项列入后续开发计划。
1904,,,支持引导单、条码一键打印（引导单、底单、各类凭证、检查表等）；支持单项补丁、重打，并记录有相关打印记录。 +--------------------------------------------------------------------------------------------------------------------------------------------------,部分响应,平台当前提供挂号凭证、收费票据等单据打印，以及收费票据补打与打印记录留痕基础能力。本条所述体检引导单、条码及各类凭证、检查表一键打印，体检单据的单项补打、重打与打印记录尚未提供，列入后续开发计划。
1905,,,系统根据体检类型、项目、套餐等维护情况，支持各类单据一键打印（检查底单、各类凭证、检查表等）；支持单项补丁、重打，并记录有相关打印记录。 +----------------------------------------------------------------------------------------------------------------------------------,部分响应,平台当前提供挂号凭证、收费票据等单据打印，以及收费票据补打与打印记录留痕基础能力。本条所述按体检类型、项目、套餐驱动的检查底单、各类凭证、检查表一键打印，体检单据的单项补打、重打与打印记录尚未提供，列入后续开发计划。
1906,,,支持多屏显示，便于客户确认自己的相关基本信息；同时方便客户问卷调查。 +--------------------------------------------------------------------------------------------------------------------------------------------------------------------,部分响应,【二级证据评审建议，待项目组签字】体检个检/团检/异常率已备；套餐折扣/多屏/弃检为体检深化项
1907,,,登记开单处支持单项或多项赠送（取消计费）功能，同时保留相关记录，可供查询。 +-----------------------------------------------------------------------------------------------------------------------------------------------------------------,部分响应,对应模块查询统计能力已实现，界面细节逐条比对
1908,,,系统提供折扣比、折扣金额（抹零）、上浮金额、实收定价等多种折扣模式。 +--------------------------------------------------------------------------------------------------------------------------------------------------------------------,部分响应,【二级证据评审建议，待项目组签字】体检个检/团检/异常率已备；套餐折扣/多屏/弃检为体检深化项
1909,,,操作员可在登记工作站中查看客户历次总检记录及各项体检结果（根据身份证唯一关联），便于向客户推荐项目或套餐，满足客户体检意图。 +----------------------------------------------------------------------------------------------------------------------------------------,部分响应,平台当前提供体检记录总览列表基础能力。本条所述登记工作站按证件号查看客户历次总检记录与各项体检结果、辅助推荐项目或套餐的功能尚未提供，列入后续开发计划。
1910,,,根据患者证件号为唯一主索引，在登记工作站中醒目显示该客户来源体检次数及最近一次检查日期；如该次记录为复检，会展示上次体检号及复检项目、原因。 +--------------------------------------------------------------------------------------------------------------------------------,部分响应,平台当前提供体检登记基础能力。本条所述登记工作站按证件号醒目显示客户来源体检次数与最近一次检查日期，以及复检记录展示上次体检号、复检项目与原因的功能尚未提供，列入后续开发计划。
1911,,,可通过复制功能将其他同类型或同意图客户的项目及套餐内容复制至当前客户进行快速开单。 +-------------------------------------------------------------------------------------------------------------------------------------------------------------,部分响应,临床路径批量开嘱/体检套餐即模板化开单，跨客户复制为易用性深度
1912,,,提供排期管理功能，支持批量生成检量及时间班次，便于人流管控。 +------------------------------------------------------------------------------------------------------------------------------------------------------------------------,部分响应,平台当前提供门诊医生排班与号源管理基础能力。本条所述体检排期管理、批量生成检量与时间班次以管控人流的功能尚未提供，列入后续开发计划。
1913,,,在名单导入时，可根据在团体分组上的相关设置（适用婚姻、适用性别、年龄段）进行快速自动分组。 +---------------------------------------------------------------------------------------------------------------------------------------------------------,部分响应,平台当前提供团检名单导入建档基础能力（按姓名逐人建档）。本条所述按团体分组设置的适用婚姻、适用性别、年龄段在名单导入时快速自动分组的功能尚未提供，列入后续开发计划。
1914,,,可实时查看各团体单位当前人员到检情况及所属团体各人员当前体检进度（是否签到、各项是否已检查、是否已报告、是否已领取等）。 +------------------------------------------------------------------------------------------------------------------------------------------,部分响应,已提供：单位团检页面实时展示各团体单位人数、已完成人数、异常人数与异常率，可展开查看各成员体检状态（已登记/已完成）、总检结论与异常标记。尚未提供：是否签到、各分项是否已检查、是否已出报告、报告是否已领取等细分环节状态。上述缺项列入后续开发计划。
1915,,,提供团体及分组复制功能，可复制历史记录进行快速创建团体分组。 +------------------------------------------------------------------------------------------------------------------------------------------------------------------------,部分响应,平台当前提供单位团检新建建档基础能力。本条所述复制历史团体及分组记录以快速创建的功能尚未提供，列入后续开发计划。
1916,,,分组设置时可设置当前分组是否记账、记账是否限额；可设置固定上浮金额等；在前台开单时根据实际项目及套餐提示前台该客户当前费用状况、是否需要再自行缴费。 +----------------------------------------------------------------------------------------------------------------------------,部分响应,平台当前提供单位团检建档基础能力。本条所述分组是否记账、记账限额、固定上浮金额设置，以及前台开单时提示客户当前费用状况与是否需自行缴费的功能尚未提供，列入后续开发计划。
1917,,,提供团体结算锁定功能，在团体结算完毕或到期后，可配置是否可再进行人员新增及体检流程。 +------------------------------------------------------------------------------------------------------------------------------------------------------------,部分响应,平台当前提供单位团检建档基础能力。本条所述团体结算锁定，以及结算完毕或到期后是否允许继续新增人员与开展体检流程的配置尚未提供，列入后续开发计划。
1918,,,提供多种团体报告模板，可根据实际情况选择使用。 +-------------------------------------------------------------------------------------------------------------------------------------------------------------------------------,部分响应,平台当前提供单位团检汇总数据页面展示基础能力。本条所述多种团体报告模板及按需选用的功能尚未提供，列入后续开发计划。
1919,,,提供团体锁定功能，在团体结算完毕或到期后，无法再进行人员新增及体检流程，仅可查看。便于数据统计分析。 +----------------------------------------------------------------------------------------------------------------------------------------------------,部分响应,平台当前提供单位团检建档基础能力。本条所述团体锁定（结算完毕或到期后禁止新增人员与体检流程、仅可查看）功能尚未提供，列入后续开发计划。
1920,,,提供多层多流程折扣审批功能。 +----------------------------------------------------------------------------------------------------------------------------------------------------------------------------------------,部分响应,平台当前提供门诊退费按金额阈值触发的单级授权审批基础能力。本条所述多层级、多流程的折扣审批功能尚未提供，列入后续开发计划。
1921,,,可根据参数设置开单人员在开单时是否强制限制。 +--------------------------------------------------------------------------------------------------------------------------------------------------------------------------------,部分响应,对应模块维护能力已实现（字典/参数/规则），细节逐条比对
1922,,,可配置审批时效，到时效未审批系统自动清理（后台数据保留）。 +-------------------------------------------------------------------------------------------------------------------------------------------------------------------------,部分响应,平台当前提供门诊退费单级授权审批基础能力。本条所述审批时效配置及到时效未审批时系统自动清理（后台数据保留）的功能尚未提供，列入后续开发计划。
1923,,,体检收费。 +-------------------------------------------------------------------------------------------------------------------------------------------------------------------------------------------------,部分响应,平台当前提供体检套餐价格维护与体检登记基础能力。本条所述体检收费（生成体检费用明细、结算收费）尚未提供，列入后续开发计划。
1924,,,体检计费支持多种可选模式（折扣、赠送、上浮、记账等）。 +---------------------------------------------------------------------------------------------------------------------------------------------------------------------------,部分响应,平台当前提供体检套餐价格维护基础能力。本条所述体检计费的折扣、赠送、上浮、记账等多种可选模式尚未提供，列入后续开发计划。
1925,,,与HIS收费子系统无缝对接，可对接电子发票。 +--------------------------------------------------------------------------------------------------------------------------------------------------------------------------------,部分响应,平台门诊收费与住院计费为一体化设计。本条所述体检业务与收费的对接（体检费用明细生成与结算）尚未提供，列入后续开发计划。财政电子票据由地方财政电子票据平台提供，平台侧接入需依据当地财政部门接口规范另行实施，属外部条件。
1926,,,发票细项提供多种模式可选（体检费模式、明细模式、金额\*数量模式等）。 +-------------------------------------------------------------------------------------------------------------------------------------------------------------------,部分响应,平台当前提供挂号凭证与门诊收费票据打印基础能力。本条所述体检发票细项的体检费模式、明细模式、金额×数量模式等多种可选模式尚未提供，列入后续开发计划。
1927,,,支持自定义类型维护，根据扫码记录生成各类图标，提供后期工作统计数据支持。 +------------------------------------------------------------------------------------------------------------------------------------------------------------------,部分响应,平台当前提供门诊支付扫码基础能力。本条所述扫码类型自定义维护、根据扫码记录生成各类图标及后期工作统计的功能尚未提供，列入后续开发计划。
1928,,,可对接院内短信平台，扫码时可根据类型发送对应维护的短信模版（报告领取、报告已出可在线查询等通知）。 +-----------------------------------------------------------------------------------------------------------------------------------------------------,部分响应,本条所述院内短信平台对接、按扫码类型发送维护的短信模板（报告领取、报告已出可在线查询等通知）功能当前版本未提供，列入后续开发计划。
1929,,,标本离科。 +-------------------------------------------------------------------------------------------------------------------------------------------------------------------------------------------------,部分响应,已提供：检验标本流转基础能力——标本采样打码、标本核收、标本工作队列查询。尚未提供：标本离科独立环节（离科时点、交接人、转运记录）；体检模块内的标本流程。上述缺项列入后续开发计划。
1930,,,通过扫描条码记录该标本已收集并离科，提供查询功能。 +-----------------------------------------------------------------------------------------------------------------------------------------------------------------------------,部分响应,已提供：扫描条码完成标本核收，标本工作队列可查询条码、状态、采集时间与患者信息。尚未提供：「已收集并离科」的独立记录点及离科时间、操作人记录；体检标本的对应流程。上述缺项列入后续开发计划。
1931,,,提供外送标本记录功能，通过扫描条码记录相关信息，同时支持手动录入相关条码信息，方便后期统计查询。 +------------------------------------------------------------------------------------------------------------------------------------------------------,部分响应,平台当前提供检验标本采样打码与核收基础能力。本条所述外送标本记录（扫描条码或手动录入条码登记外送信息，并支持后期统计查询）尚未提供，列入后续开发计划。
1932,,,具备病理相关内容录入操作界面，可供对接病理系统使用。 +----------------------------------------------------------------------------------------------------------------------------------------------------------------------------,部分响应,已提供：专科检查模块「病理」页签，含待取材列表、取材登记与病理条码打码、标本核收、病理诊断报告录入、标本列表查询。尚未提供：病理记录与体检记录的关联；对接外部病理系统的标准接口（接口表、消息或 HL7）。上述缺项列入后续开发计划。
1933,,,各科室结论通过科室所属项目的检查、检验结果自动提取异常信息（也可通过参数设置带出科内全部检查结果）；同时支持手动修改。 +-------------------------------------------------------------------------------------------------------------------------------------------,部分响应,平台当前提供体检整单总检结论人工录入基础能力。本条所述各科室结论按科室所属项目自动提取检查检验异常信息、按参数带出科内全部结果并支持手动修改的功能尚未提供，列入后续开发计划。
1934,,,可根据权限配置医生是否可查看或修改其他科室检查结果；同时提供同科历史检查记录查看功能。 +-----------------------------------------------------------------------------------------------------------------------------------------------------------,部分响应,平台当前提供按角色的功能权限管理基础能力。本条所述按权限配置医生是否可查看或修改其他科室体检检查结果，以及同科历史检查记录查看功能尚未提供，列入后续开发计划。
1935,,,提供体检路径功能，该功能可进行个人信息修改、项目变更、弃检登记等，方便体检中心在使用系统时进行集中操作；同时可查看客户所处环节及各环节情况。 +--------------------------------------------------------------------------------------------------------------------------------,部分响应,平台当前提供体检登记与总检完成两个环节的记录管理。本条所述体检路径功能（个人信息修改、项目变更、弃检登记集中操作，查看客户所处环节及各环节情况）尚未提供，列入后续开发计划。
1936,,,医生在分检时发现重大问题时可进行手动异常标记，系统会通知具有相关角色权限的操作员；同时提供报表查看该类信息。 +------------------------------------------------------------------------------------------------------------------------------------------------,部分响应,已提供：体检异常手动标记（完成总检时标记正常/异常）；单位团检页面统计异常人数与异常率，对高异常率单位醒目提示。尚未提供：异常标记后向具有相关角色权限的操作员自动通知。上述缺项列入后续开发计划。
1937,,,可通过参数设置带出科内全部检查结果或金显示异常信息。 +----------------------------------------------------------------------------------------------------------------------------------------------------------------------------,部分响应,本条所述通过参数设置带出科内全部检查结果或仅显示异常信息的功能当前版本未提供，列入后续开发计划。
1938,,,可配置项目是否进入到最终结果显示中。 +------------------------------------------------------------------------------------------------------------------------------------------------------------------------------------,部分响应,平台当前提供体检套餐「不显示项目」配置的录入与保存。本条所述该配置在最终体检结果显示中生效（按配置过滤总检报告展示项目）尚未提供，因体检最终结果报告尚未提供，列入后续开发计划。
1939,,,支持弃检、批量弃检、到期提醒等。 +--------------------------------------------------------------------------------------------------------------------------------------------------------------------------------------,部分响应,本条所述弃检、批量弃检及到期提醒功能当前版本未提供，列入后续开发计划。
1940,,,如前台录入了替检相关信息，分检处也会醒目显示。 +-------------------------------------------------------------------------------------------------------------------------------------------------------------------------------,部分响应,已提供：检验环节替检信息醒目显示——采样时录入的替检人信息在检验工作队列中以红色标签醒目提示。尚未提供：体检前台替检信息录入及体检分检界面的醒目显示。上述缺项列入后续开发计划。
1941,,,根据参数配置，项目不在指定范围内自动标识为异常。 +------------------------------------------------------------------------------------------------------------------------------------------------------------------------------,部分响应,已提供：检验结果按参考区间字典（按性别、年龄段维护）自动判定异常标识，危急值进一步触发危急值处置闭环。尚未提供：体检项目级结果的自动异常判定；控制是否自动标识异常的参数开关。上述缺项列入后续开发计划。
1942,,,根据参数配置，修改项目结果时是否自动记录为异常。 +------------------------------------------------------------------------------------------------------------------------------------------------------------------------------,部分响应,本条所述按参数配置在修改项目结果时自动记录为异常的功能当前版本未提供，列入后续开发计划。
1943,,,可根据参数配置项目进行分项单独小结或多项汇总合并小结。 +---------------------------------------------------------------------------------------------------------------------------------------------------------------------------,部分响应,平台当前提供体检整单总检结论录入基础能力。本条所述按参数配置对项目进行分项单独小结或多项汇总合并小结的功能尚未提供，列入后续开发计划。
1944,,,根据结论词维护的相关匹配规则对应本次体检结果，自动带出相关结论词及建议。 +------------------------------------------------------------------------------------------------------------------------------------------------------------------,部分响应,平台当前提供体检总检结论人工录入基础能力。本条所述根据结论词匹配规则对应本次体检结果自动带出结论词及建议的功能尚未提供，列入后续开发计划。
1945,,,系统根据维护情况及重要程度生成排序，总检医师也可手动调整。 +-------------------------------------------------------------------------------------------------------------------------------------------------------------------------,部分响应,对应模块维护能力已实现（字典/参数/规则），细节逐条比对
1946,,,总检医师可查看体检者在院历次检查检验体检情况，便于本次结论下达。 +----------------------------------------------------------------------------------------------------------------------------------------------------------------------,部分响应,平台当前提供门诊医生站患者历次就诊记录调阅（历次挂号、诊断、病历摘要）基础能力。本条所述总检医师查看体检者在院历次检查、检验、体检情况以辅助结论下达的功能尚未提供，列入后续开发计划。
1947,,,总检医师可查看本次及历史各检查检验原始报告。 +--------------------------------------------------------------------------------------------------------------------------------------------------------------------------------,部分响应,平台当前提供检验报告按单打印基础能力。本条所述总检医师查看本次及历史各检查、检验原始报告的功能尚未提供，列入后续开发计划。
1948,,,在最终体检报告中，可根据近三次体检结果，展示对比汇总。 +---------------------------------------------------------------------------------------------------------------------------------------------------------------------------,部分响应,本条所述在最终体检报告中展示近三次体检结果对比汇总的功能当前版本未提供，列入后续开发计划。
1949,,,在进入总检锁定后，其余业务系统无法再进行报告结果修改，需修改时会提示先通知总检医师取消锁定回到分检状态后才可修改，形成闭环管理。 +--------------------------------------------------------------------------------------------------------------------------------------,部分响应,平台当前提供总检完成后体检记录状态锁定（已完成记录不可重复提交总检）。本条所述总检锁定后检验、检查、病理等其余业务系统禁止修改报告结果，以及总检医师取消锁定回退至分检状态的闭环管理尚未提供，列入后续开发计划。
1950,,,提供总检报告三级质控功能，即总检保存、初审、总审；总检最高权限具驳回至上一级的功能，可填写驳回原因。驳回原因可追溯检索。 +------------------------------------------------------------------------------------------------------------------------------------------,部分响应,平台当前提供病案首页三级质控（甲乙丙评级）基础能力。本条所述总检报告三级质控（总检保存、初审、总审）、逐级驳回并填写驳回原因、驳回原因追溯检索的功能尚未提供，列入后续开发计划。
1951,,,系统提供初始结论知识库，后期也可自行添加丰富。 +-------------------------------------------------------------------------------------------------------------------------------------------------------------------------------,部分响应,本条所述初始体检结论知识库及后期自行添加维护的功能当前版本未提供，列入后续开发计划。
1952,,,系统根据科室顺序生成结论排序，总检医师也可手动调整。 +----------------------------------------------------------------------------------------------------------------------------------------------------------------------------,部分响应,平台当前提供体检整单总检结论录入基础能力。本条所述按科室顺序自动生成结论排序并支持总检医师手动调整的功能尚未提供，列入后续开发计划。
1953,,,根据操作员使用情况提供记忆功能，操作员常用结论词排于前方。 +-------------------------------------------------------------------------------------------------------------------------------------------------------------------------,部分响应,【二级证据评审建议，待项目组签字】体检个检/团检/异常率已备；套餐折扣/多屏/弃检为体检深化项
1954,,,可配置总检超期时间，系统自动通知提醒相关责任人。 +------------------------------------------------------------------------------------------------------------------------------------------------------------------------------,部分响应,本条所述总检超期时间配置及系统自动通知提醒相关责任人的功能当前版本未提供，列入后续开发计划。
1955,,,可配置分检超期（指引单未回收）时间，系统自动通知提醒相关责任人。 +----------------------------------------------------------------------------------------------------------------------------------------------------------------------,部分响应,本条所述分检超期（指引单未回收）时间配置及系统自动通知提醒相关责任人的功能当前版本未提供，列入后续开发计划。
1956,,,体检系统可定向推送体检者前往其他业务科室进行复诊，同一个体检者可推送多个科室，提供后续查询功能。 +------------------------------------------------------------------------------------------------------------------------------------------------------,部分响应,本条所述体检系统定向推送体检者前往其他业务科室复诊（同一体检者可推送多个科室）及后续查询功能当前版本未提供，列入后续开发计划。
1957,,,该功能界面亦可查询体检组历次检查检验体检结果，可对接院内360视图，便于诊断下达。 +-------------------------------------------------------------------------------------------------------------------------------------------------------------,部分响应,本条所述体检组历次检查、检验、体检结果查询界面及其与院内患者360视图的对接，当前版本未提供，列入后续开发计划。
1958,,,根据体检者体检类型、体检意图分为总检报告及未总检报告（体检表），分开管控及打印。 +--------------------------------------------------------------------------------------------------------------------------------------------------------------,部分响应,本条所述按体检类型、体检意图区分总检报告与未总检报告（体检表）并分开管控及打印的功能当前版本未提供，列入后续开发计划。
1959,,,系统提供线上PDF报告、体检表。 +--------------------------------------------------------------------------------------------------------------------------------------------------------------------------------------,部分响应,平台当前提供浏览器方式打印挂号凭证、收费票据、检验报告、住院日清单、出院小结、三测单、护理记录单的基础能力。本条所述线上 PDF 体检报告与体检表尚未提供，列入后续开发计划。
1960,,,系统提供电子邮件发送相关报告、体检表。 +-----------------------------------------------------------------------------------------------------------------------------------------------------------------------------------,部分响应,本条所述通过电子邮件发送体检报告、体检表的功能当前版本未提供，列入后续开发计划。
1961,,,相关打印操作记录均记录在数据后台，提供查询功能。 +------------------------------------------------------------------------------------------------------------------------------------------------------------------------------,部分响应,平台当前提供收费票据、挂号凭证的打印操作记录留痕与打印次数查询基础能力。本条所述体检报告等体检单据的打印操作记录与查询尚未提供，列入后续开发计划。
1962,,,支持对接设备、检查、检验原始报告单打印。 +----------------------------------------------------------------------------------------------------------------------------------------------------------------------------------,部分响应,已提供：检验原始报告单打印，门诊/住院医生站可按医嘱调取检验报告数据并按标准版式打印。尚未提供：检查（影像）报告单打印版式；仪器设备原始报告单直连打印（设备直连驱动由设备厂商配套提供）。上述缺项列入后续开发计划。
1963,,,不同体检类型可一对多配置多种报告模板（体检表）进行打印。 +--------------------------------------------------------------------------------------------------------------------------------------------------------------------------,部分响应,平台当前提供固定版式的检验报告单打印基础能力。本条所述按体检类型一对多配置多种体检表/报告模板并打印的功能尚未提供，列入后续开发计划。
1964,,,报告复审。 +-------------------------------------------------------------------------------------------------------------------------------------------------------------------------------------------------,部分响应,平台当前提供体检登记与总检结论录入基础能力。本条所述体检报告复审环节尚未提供，列入后续开发计划。
1965,,,可参数控制是否必须经过复查才能进行报告打印（也可非强制控制，仅提示）。 +-------------------------------------------------------------------------------------------------------------------------------------------------------------------,部分响应,平台当前提供体检登记与总检结论录入基础能力。本条所述「须经复查方可打印报告」的参数化控制（强制拦截或仅提示）尚未提供，列入后续开发计划。
1966,,,支持配置多流程复审机制。 +------------------------------------------------------------------------------------------------------------------------------------------------------------------------------------------,部分响应,对应模块维护能力已实现（字典/参数/规则），细节逐条比对
1967,,,报告归档。 +-------------------------------------------------------------------------------------------------------------------------------------------------------------------------------------------------,部分响应,平台当前提供病案归档与护理文书归档能力。本条所述体检报告归档功能尚未提供，列入后续开发计划。
1968,,,提供报告库位管理功能。 +-------------------------------------------------------------------------------------------------------------------------------------------------------------------------------------------,部分响应,本条所述体检报告库位管理功能当前版本未提供，列入后续开发计划。
1969,,,提供报告出入库及编号功能，提供多种编号规则。 +--------------------------------------------------------------------------------------------------------------------------------------------------------------------------------,部分响应,平台当前提供收费、入院、结算、处方、申请单等单据编号前缀规则配置基础能力。本条所述体检报告出入库及多种报告编号规则尚未提供，列入后续开发计划。
1970,,,体检随访。 +-------------------------------------------------------------------------------------------------------------------------------------------------------------------------------------------------,部分响应,已提供：患者服务模块的患者随访管理，可为患者建立随访任务，记录随访主题、方式、到期日与完成结果。尚未提供：随访任务与体检记录的关联；体检完成后自动生成体检随访任务；体检随访独立业务视图。上述缺项列入后续开发计划。
1971,,,可对体检完的客户进行随访计划制定；系统可通知提示随访待办事项。 +-----------------------------------------------------------------------------------------------------------------------------------------------------------------------,部分响应,已提供：随访计划制定（随访主题、渠道、到期日），待办随访清单按到期日排序查看。尚未提供：系统主动通知提示（站内消息/短信推送）；从体检记录一键生成随访计划。上述缺项列入后续开发计划。
1972,,,可记录及跟踪随访内容计划。 +-----------------------------------------------------------------------------------------------------------------------------------------------------------------------------------------,部分响应,已提供：随访任务记录（主题、方式、到期日、状态、完成结果、完成时间、创建人）及完成登记。尚未提供：同一随访对象的多次跟踪记录；随访计划分步管理（子任务、下次随访日期）。上述缺项列入后续开发计划。
1973,,,可根据实际所需提供对应随访报表统计。 +------------------------------------------------------------------------------------------------------------------------------------------------------------------------------------,部分响应,平台当前提供患者满意度统计基础能力。本条所述随访报表统计功能尚未提供，列入后续开发计划。
1974,,,体检复查。 +-------------------------------------------------------------------------------------------------------------------------------------------------------------------------------------------------,部分响应,平台当前提供危急值复查提醒（门诊/住院危急值闭环）基础能力。本条所述体检复查业务尚未提供，列入后续开发计划。
1975,,,可根据项目及结论配置匹配本次体检结果，系统自动生成复查接话；也可自行对总检完的客户进行复查计划制定。 +----------------------------------------------------------------------------------------------------------------------------------------------------,部分响应,本条所述按项目及结论配置规则自动生成复查建议、以及对总检完成客户手工制定复查计划的功能当前版本未提供，列入后续开发计划。
1976,,,生成复查计划可选是否生成新体检记录。 +------------------------------------------------------------------------------------------------------------------------------------------------------------------------------------,部分响应,本条所述生成复查计划时可选是否生成新体检记录的功能当前版本未提供，列入后续开发计划。
1977,,,客户复查结果可选是否生成新一份报告或和原报告进行合并。 +---------------------------------------------------------------------------------------------------------------------------------------------------------------------------,部分响应,本条所述复查结果生成新报告或与原报告合并的功能当前版本未提供，列入后续开发计划。
1978,,,用于外联人员便捷使用，向客户定向推荐套餐及介绍情况，可直接进行线上预约备单。 +----------------------------------------------------------------------------------------------------------------------------------------------------------------,部分响应,平台当前提供患者端预约挂号、住院费用查询与报告查询基础能力。本条所述面向外联人员的体检套餐定向推荐与线上预约备单功能尚未提供，列入后续开发计划。
1979,,,用于外联人员出外勤时相关工作记录，提供查询及检索功能，便于工作量体现。 +-------------------------------------------------------------------------------------------------------------------------------------------------------------------,部分响应,平台当前提供科室工作量统计（日结、病案统计、科室 CMI）基础能力。本条所述外联人员外勤工作记录登记、查询检索及工作量体现功能尚未提供，列入后续开发计划。
1980,,,审批或驳回已触发折扣审批机制的相关记录，提供查询及检索功能。 +------------------------------------------------------------------------------------------------------------------------------------------------------------------------,部分响应,平台当前提供退费审批待办处理基础能力。本条所述折扣审批机制及其审批/驳回记录的查询检索功能尚未提供，列入后续开发计划。
1981,,,对分检科室小结内容进行质量管控，可通过参数设置是否强制控制不合格则无法进入后续体检流程。 +----------------------------------------------------------------------------------------------------------------------------------------------------------,部分响应,本条所述分检科室小结质量管控及不合格强制拦截的参数控制当前版本未提供，列入后续开发计划。
1982,,,对总检结论进行质量管控，可通过参数设置是否强制控制不合格则无法进入后续体检流程。 +--------------------------------------------------------------------------------------------------------------------------------------------------------------,部分响应,平台当前提供体检总检结论录入基础能力。本条所述总检结论质量管控及不合格强制拦截的参数控制尚未提供，列入后续开发计划。
1983,,,可根据客户类别、客户量等情况进行总检分配，分配至指定医师进行总检结论，方便体检中心更好的分流开展工作。 +---------------------------------------------------------------------------------------------------------------------------------------------------,部分响应,本条所述按客户类别、客户量进行总检分配至指定医师的功能当前版本未提供，列入后续开发计划。
1984,,,可自定义配置相关问卷（题目、内容、分值等），支持打印，支持在线填写。 +--------------------------------------------------------------------------------------------------------------------------------------------------------------------,部分响应,平台当前提供患者满意度评分（固定五分制单题）基础能力。本条所述自定义问卷配置（题目、内容、分值）、问卷打印与在线填写功能尚未提供，列入后续开发计划。
1985,,,支持维护相关健康管理膳食方案，可体检在报告中 +--------------------------------------------------------------------------------------------------------------------------------------------------------------------------------,部分响应,本条所述健康管理膳食方案维护及在体检报告中体现的功能当前版本未提供，列入后续开发计划。
1986,,,可查看客户全流程相关记录及结果，提供全量数据查询及导出。 +--------------------------------------------------------------------------------------------------------------------------------------------------------------------------,部分响应,平台当前提供体检记录列表查询基础能力。本条所述客户全流程记录与结果查看、全量数据按条件查询及导出功能尚未提供，列入后续开发计划。
1987,,,可查看客户当前所处环节及各环节情况。 +------------------------------------------------------------------------------------------------------------------------------------------------------------------------------------,部分响应,【二级证据评审建议，待项目组签字】体检个检/团检/异常率已备；套餐折扣/多屏/弃检为体检深化项
1988,,,可对客户项目进行弃检、反弃检等。 +--------------------------------------------------------------------------------------------------------------------------------------------------------------------------------------,部分响应,【二级证据评审建议，待项目组签字】体检个检/团检/异常率已备；套餐折扣/多屏/弃检为体检深化项
1989,,,可修改客户业务信息及基本资料（均会保存修改原因及时间、操作员等）。 +---------------------------------------------------------------------------------------------------------------------------------------------------------------------,部分响应,已提供：患者基本资料修改（患者主索引管理，证件三要素修改限管理员权限），所有修改操作自动记录操作员、操作时间与操作路径的操作留痕日志。尚未提供：修改原因录入与保存；体检业务信息（体检记录本身）的修改功能。上述缺项列入后续开发计划。
1990,,,根据客户证件号为唯一主索引，建立完成体检健康档案，包含历次项目情况、历次结果、历次报告等。 +---------------------------------------------------------------------------------------------------------------------------------------------------------,部分响应,已提供：以证件类型+证件号为患者主索引，重复建档自动归并至既有档案，身份证号自动推算出生日期与性别；历次体检记录可累积挂接同一患者。尚未提供：按患者聚合的体检健康档案视图；历次项目情况、历次结果、历次报告的分层记录与展示。上述缺项列入后续开发计划。
1991,,,历次项目情况、历次结果、历次报告等均单独导出及查询。 +----------------------------------------------------------------------------------------------------------------------------------------------------------------------------,部分响应,平台当前提供体检记录列表查询基础能力。本条所述历次项目情况、历次结果、历次报告的单独查询与导出功能尚未提供，列入后续开发计划。
1992,,,历次项目情况、历次结果、历次报告等均支持PDF生成及电子邮件发送。 +---------------------------------------------------------------------------------------------------------------------------------------------------------------------,部分响应,平台当前提供基于浏览器的报告单打印基础能力。本条所述历次项目情况、结果、报告的 PDF 生成及电子邮件发送功能尚未提供，列入后续开发计划。
1993,,,可根据实际情况手动更新体检者状态、项目状态、体检者基本数据资料（具备权限控制、均会保存修改原因及时间、操作员等）。 +---------------------------------------------------------------------------------------------------------------------------------------------,部分响应,平台当前提供体检登记至完成的状态流转、体检者基本资料修改及功能权限控制基础能力。本条所述手动更新体检者状态与项目状态、以及修改原因保存尚未提供，列入后续开发计划。
1994,,,可查看检查检验项目在对应业务系统中实际检查情况及重传。 +---------------------------------------------------------------------------------------------------------------------------------------------------------------------------,部分响应,平台当前提供集成监控接口报文日志查询基础能力。本条所述查看体检项目在检查检验系统中的实际执行情况及重传功能尚未提供，列入后续开发计划。
1995,,,所有修改记录均提供查询及统计功能。 +-------------------------------------------------------------------------------------------------------------------------------------------------------------------------------------,部分响应,平台当前提供系统操作日志查询基础能力（操作员、操作类型、访问路径、时间、结果）。本条所述业务字段级修改记录查询及统计功能尚未提供，列入后续开发计划。
1996,,,系统提供通用统计报表（如收入统计、工作量统计、检量统计等）。 +------------------------------------------------------------------------------------------------------------------------------------------------------------------------,部分响应,已提供：运营总览、日结报表（挂号量与收入）、医生工作量、科室月报（门诊住院人次与收入）、按医保类别及费用分类的收入统计，均支持 CSV 导出；体检团检汇总（人数、完成数、异常率）。尚未提供：按项目、按时段的体检检量统计报表。上述缺项列入后续开发计划。
1997,,,支持根据业务需要，定制相关报表。 +--------------------------------------------------------------------------------------------------------------------------------------------------------------------------------------,正偏离/无偏离,由数据治理模块「报表引擎」提供：管理员可按业务需要定义报表查询并保存为报表定义，随时运行出表；报表查询限只读、限业务数据范围并带查询超时保护。
1998,,,支持提供数据上报相关的报表（根据实际情况制作）。 +------------------------------------------------------------------------------------------------------------------------------------------------------------------------------,部分响应,已提供：数据治理模块运营数据总览，以及可按上报口径自定义报表查询的报表引擎。尚未提供：预置的数据上报成品报表（病案首页国标上报、医保结算清单等属外部条件，另行响应）。上述缺项列入后续开发计划。
1999,,,各报表可独立分配权限。 +-------------------------------------------------------------------------------------------------------------------------------------------------------------------------------------------,正偏离/无偏离,各报表页面（日结报表、费用分类报表、管理与院感、数据治理等）均为独立菜单项，由系统管理中的角色授权矩阵按角色单独分配访问权限，前端按登录用户的菜单权限拦截。
2000,,,支持自动同步HIS价格及项目。 +---------------------------------------------------------------------------------------------------------------------------------------------------------------------------------------,部分响应,平台当前提供诊疗项目主数据与价格维护基础能力。本条所述体检项目及价格与 HIS 价目表自动同步功能尚未提供，列入后续开发计划。
2001,,,系统记录每次调价过程，可供查询及导出。 +-----------------------------------------------------------------------------------------------------------------------------------------------------------------------------------,部分响应,已提供：诊疗项目调价留痕（调价原因必填，记录原价、新价、原因、操作人）及调价日志查询。尚未提供：调价日志导出；按时间、项目筛选查询；体检套餐调价纳入留痕。上述缺项列入后续开发计划。
2002,,,调价后，系统生成相关提示信息。 +---------------------------------------------------------------------------------------------------------------------------------------------------------------------------------------,部分响应,平台当前提供调价留痕与调价日志查询基础能力。本条所述调价后系统自动生成面向相关人员的提示信息尚未提供，列入后续开发计划。
2003,,,在三方提供接口文档情况下，根据实际情况，支持对接业务系统。 +-------------------------------------------------------------------------------------------------------------------------------------------------------------------------,正偏离/无偏离,由集成平台提供：适配器注册与启停管理、路由规则配置与测试、HL7 v2 报文入站接口及 MLLP 通道、统一报文留痕与集成监控，并提供医保、支付、电子签名等标准接入规范。在第三方提供接口文档的前提下，可按实际情况完成业务系统对接。
2004,,,在三方接口支持的情况下，支持对接三方硬件设备，获取检查结果及原始报告。 +-------------------------------------------------------------------------------------------------------------------------------------------------------------------,部分响应,已提供：集成平台仪器结果入站通道（HL7 标准报文接收），检验结果可落入检验系统。尚未提供：设备结果与体检记录的关联落地；原始报告文件（PDF/图像）的存储与查看。设备直连驱动由设备厂商配套提供。上述缺项列入后续开发计划。
2005,,,在提供接口文档的情况下，支持对接院内短信平台（体检系统本身不包含短信平台）。 +----------------------------------------------------------------------------------------------------------------------------------------------------------------,部分响应,平台当前提供集成平台适配器框架与报文留痕基础能力。本条所述院内短信平台对接通道（短信发送接入点）尚未提供，列入后续开发计划。
2006,,,通知、提醒、待办事项。 +-------------------------------------------------------------------------------------------------------------------------------------------------------------------------------------------,部分响应,已提供：工作台待办工作量、病案室待办工作队列、危急值确认闭环提醒、药品效期预警等各业务域内的待办与提醒。尚未提供：统一的通知/提醒/待办消息中心；体检业务相关的通知与待办。上述缺项列入后续开发计划。
2007,,,支持自定义配置消息类型。 +------------------------------------------------------------------------------------------------------------------------------------------------------------------------------------------,部分响应,平台当前提供各业务域内的待办与预警提示基础能力。本条所述自定义配置消息类型功能尚未提供，列入后续开发计划。
2008,,,根据业务角色及消息类型，部分可查看详情。 +----------------------------------------------------------------------------------------------------------------------------------------------------------------------------------,部分响应,平台当前提供菜单级与功能级的角色权限控制基础能力。本条所述按业务角色及消息类型控制消息详情可见性的功能尚未提供，列入后续开发计划。
2009,,,提供消息管理功能，可查看及回复、确认相关消息。 +-------------------------------------------------------------------------------------------------------------------------------------------------------------------------------,部分响应,平台当前提供危急值查看与确认闭环基础能力。本条所述通用消息管理（查看、回复、确认）功能尚未提供，列入后续开发计划。
2010,★,,为方便医生随时随地能为患者服务，满足医生在不同场景便捷的为患者服务。手机移动端基于APP构建医生互联网诊疗服务移动端入口，主要功能住院病人一览表、医嘱查看、报告查询、医嘱开具、费用查询、病历管理、在线问诊、我的预约、我的门诊、床位查询、远程会诊（需采购三体服务）、远程查房（需采购三体服务）、院内会诊等信息。 +--------------------------------------------,部分响应,已提供：医护移动工作台（手机浏览器访问的移动端页面），覆盖在院患者列表、移动护理体征录入、医嘱执行、移动查房三项作业。尚未提供：独立 APP 形态；医嘱开具、报告查询、费用查询、病历管理、在线问诊、我的预约、我的门诊、床位查询、院内会诊的移动端入口；远程会诊、远程查房（需另行采购第三方服务）。上述缺项列入后续开发计划。
2011,★,,医生能够进入住院病人一览表进行病人管控，显示姓名、床位、性别、年龄、住院号、护理级别、住院天数、病人类型（如：医保病人、新农合病人等）、主治医生、总费用、预交金额、欠费情况、入院时间、住院诊断、是否危重病人等数据资料。 +-----------------------------------------------------------------------------------------,部分响应,已提供：住院病人一览表显示姓名、床位、性别、住院号、入院时间、住院诊断，护士白板另显示护理级别。尚未提供：年龄、住院天数、病人类型（医保/新农合等）、主治医生、总费用、预交金额、欠费情况、是否危重等字段，以及移动端护理级别显示。上述缺项列入后续开发计划。
2012,★,,按科室检索、按护理级别检索、是否转科等多种条件检索。 +----------------------------------------------------------------------------------------------------------------------------------------------------------------------------,部分响应,平台当前提供全院在院患者一览表基础能力。本条所述按科室、护理级别、是否转科等多条件检索尚未提供，列入后续开发计划。
2013,★,,能够浏览科室全部病人和当前医生主管的病人。 +---------------------------------------------------------------------------------------------------------------------------------------------------------------------------------,部分响应,平台当前提供全院在院患者一览表基础能力。本条所述按科室范围浏览及「当前医生主管病人」视图尚未提供，列入后续开发计划。
2014,★,,病历管控及病历质控。 +--------------------------------------------------------------------------------------------------------------------------------------------------------------------------------------------,部分响应,已提供：住院医生站病历书写、模板、签名与补正；病案终末质控评分单（扣分项字典、自动预填、人工加扣分、提交）。尚未提供：医生移动端的病历管控与病历质控入口。上述缺项列入后续开发计划。
2015,★,,医生通过病历管控浏览当前病人的所有病历。能够按患者姓名、床位号、住院号等进行病历查找，能够浏览病历详情。支持部分病理在手机端进行编辑、修改。 +--------------------------------------------------------------------------------------------------------------------------------,部分响应,平台当前提供住院医生站按选中患者浏览与书写病历的基础能力。本条所述移动端浏览病历、按患者姓名/床位号/住院号查找病历、手机端编辑修改病历尚未提供，列入后续开发计划。
2016,★,,支持病历质控，针对病历列表可选解锁，即可以选择某一些批量，或者单个解锁。 +------------------------------------------------------------------------------------------------------------------------------------------------------------------,部分响应,平台当前提供病案终末质控评分基础能力。本条所述病历锁定/解锁状态管理及批量、单个解锁功能尚未提供，列入后续开发计划。
2017,★,,支持权限控制，只有在病历质控后台授权了的用户才能操作解锁。 +-------------------------------------------------------------------------------------------------------------------------------------------------------------------------,部分响应,平台当前提供菜单级与功能级角色权限控制基础能力。本条所述病历解锁操作权限控制（依赖病历解锁功能）尚未提供，列入后续开发计划。
2018,★,,所有数据与病历质控系统实时同步。 +--------------------------------------------------------------------------------------------------------------------------------------------------------------------------------------,部分响应,已提供：病历与病案质控同库同源，质控评分单自动预填实时读取住院病历与病历完整性核查结果，无需中间同步环节。尚未提供：医生移动端的病历质控模块及其数据同步。上述缺项列入后续开发计划。
2019,★,,展示当前住院患者的手术状态，包含姓名、手术状态、住院号、入室时间、出手术室时间、手术开始时间、手术结束时间、入恢复室时间、出恢复室时间、外科期望时间。 +---------------------------------------------------------------------------------------------------------------------------,部分响应,已提供：住院手术管理显示患者姓名、住院号、术式、麻醉方式、手术状态及排程时间。尚未提供：入室时间、出手术室时间、手术开始/结束时间、入/出恢复室时间、外科期望时间等时间节点；移动端入口。上述缺项列入后续开发计划。
2020,,▲,在移动端查看，包括①住院病案首页、②患者基本信息、③出入院信息、④诊断信息、⑤质控信息、⑥手术信息、⑦检查检验信息、⑧费用信息，⑨保持跟HIS实时同步。 > **（投标人提供相关软件界面截图，并加盖投标人公章）** +-------------------------------------------------------------------------------------------,部分响应,已提供：病案首页数据集（患者基本信息、出入院信息、诊断信息、手术信息、费用汇总）与病案质控摘要，桌面端病案首页查看与打印，数据与 HIS 同库直读实时一致。尚未提供：以上各项的移动端查看入口；检查检验报告明细（当前仅费用汇总）。上述缺项列入后续开发计划。界面截图以桌面端提供。
2021,★,,支持编辑住院患者完整的病案首页信息。 +------------------------------------------------------------------------------------------------------------------------------------------------------------------------------------,部分响应,平台当前提供病案首页院内查看与打印（按住院记录自动组装）基础能力。本条所述编辑住院患者完整病案首页信息尚未提供，列入后续开发计划。
2022,★,,能够浏览检查报告列表及报告详情。 +--------------------------------------------------------------------------------------------------------------------------------------------------------------------------------------,部分响应,已提供：检查报告列表与报告详情浏览（检查科室工作站、患者 360 视图）。尚未提供：医生移动端的检查报告浏览入口。上述缺项列入后续开发计划。
2023,★,,能够浏览检验报告列表及报告详情。支持查看PDF格式的检验报告，可以对检验报告PDF进行扩大、缩放查看。 +---------------------------------------------------------------------------------------------------------------------------------------------------,部分响应,已提供：检验报告列表与结果明细浏览（检验工作站、患者 360 视图）。尚未提供：PDF 格式检验报告查看及放大缩小；移动端入口。上述缺项列入后续开发计划。
2024,★,,支持对接云胶片系统，医生在手机端接口查看影像报告。 +-----------------------------------------------------------------------------------------------------------------------------------------------------------------------------,配套产品响应,云胶片系统为第三方影像云服务，由影像云服务商提供云胶片存储、影像查看器及移动端访问接口。平台侧提供 PACS 地址配置项与检查报告分享短链基础能力；与云胶片系统的对接及手机端影像报告查看入口需在影像云服务商提供接口规范后配套实施。
2025,★,,体温单。 +--------------------------------------------------------------------------------------------------------------------------------------------------------------------------------------------------,正偏离/无偏离,由住院护士站与医生站的体温单（三测单）功能提供：按 2/6/10/14/18/22 六个时点采集体温、脉搏、呼吸等体征，自动绘制标准三测栅格曲线图，并含出入量、大便次数、体重等底栏格位；**支持按住院周分页查看（上一周/下一周）与页面放大、缩小、100% 复位**，可直接打印为病历组成部分。
2026,★,,查看住院患者体温单，关注住院患者体征动态变化。页面支持缩放，可以按照住院周数查看每周体温单情况。 +------------------------------------------------------------------------------------------------------------------------------------------------------,正偏离/无偏离,由体温单查看页面提供：按住院周翻页（上一周/下一周，显示第 N 周/总周数），支持缩小、放大、滑块与 100% 复位缩放；体温、脉搏等体征按时点连线展示动态变化。
2027,★,,医生通过医嘱管控浏览当前病人的所有医嘱数据资料。 +------------------------------------------------------------------------------------------------------------------------------------------------------------------------------,部分响应,已提供：住院医生站可浏览当前病人的全部医嘱（含长期/临时、已停医嘱）。尚未提供：移动端浏览该病人全部医嘱（当前移动端仅显示今日待执行医嘱）。上述缺项列入后续开发计划。
2028,★,,能够按床号、病人姓名、医嘱内容进行医嘱查找。 +--------------------------------------------------------------------------------------------------------------------------------------------------------------------------------,部分响应,平台当前提供按选中患者浏览其全部医嘱的基础能力。本条所述按床号、病人姓名、医嘱内容查找医嘱尚未提供，列入后续开发计划。
2029,★,,能够按是否药品、医嘱状态、时间等进行医嘱检索。 +-------------------------------------------------------------------------------------------------------------------------------------------------------------------------------,部分响应,平台当前提供按选中患者浏览其全部医嘱的基础能力。本条所述按是否药品、医嘱状态、时间检索医嘱尚未提供，列入后续开发计划。
2030,★,,能够新开医嘱，能够作废、停止、删除医嘱功能。并更多采用点击方式予以完成，减少医生手动输入。 +---------------------------------------------------------------------------------------------------------------------------------------------------------,部分响应,已提供：住院医生站新开医嘱（药品/项目下拉选择，用法、频次、途径点击式录入）、作废医嘱、停止长期医嘱；医嘱按病历管理规范不做物理删除，以作废留痕替代。尚未提供：移动端开具、作废、停止医嘱。上述缺项列入后续开发计划。
2031,★,,实时院内住院科室的所有可用床位，可看到每张床的使用情况。支持查看床位总数，已用床位数和可用床位数；支持根据医院的要求，控制显示编制床位或其他床位；单击科室床位可以查看该科室下的床位使用明细情况。 +-----------------------------------------------------------------------------------------------------,部分响应,已提供：按病区查看每张床位使用状态与占床患者；床位使用率指标；科室床位效率月报（周转次数、使用率）。尚未提供：全院床位总数/已用/可用一屏汇总；编制床位与其他床位的区分显示控制；单击科室下钻床位明细；移动端床位查询入口。上述缺项列入后续开发计划。
2032,★,,查询我的住院病人费用明细，根据病人病情关注费用是否合理。查看病人费用明细，单价、数量、金额等明细。能根据时间区域进行查询。 +-----------------------------------------------------------------------------------------------------------------------------------------,外部条件,需医保局/省平台等外部环境开通后联调
2033,★,,实时查询我的门诊预约病人及门诊病人治疗情况，方便医生提高工作质量及工作水平。支持查看门诊患者病历、检查检验报告。 +----------------------------------------------------------------------------------------------------------------------------------------------,部分响应,已提供：门诊医生站当日接诊队列、门诊病历/诊断/医嘱查看、患者历史就诊记录、检查检验报告调阅（患者 360 视图）。尚未提供：按登录医生过滤的「我的」预约与门诊队列；预约病人与接诊队列打通；移动端入口。上述缺项列入后续开发计划。
2034,★,,支持按照时间段查看工作量统计报表（含门诊、住院）。 +-----------------------------------------------------------------------------------------------------------------------------------------------------------------------------,部分响应,已提供：科室月报（门诊人次/收入、住院出院人次/收入）、医生工作量报表，按月查询并可导出 CSV；近 N 日门诊量趋势。尚未提供：任意起止时间段查询；移动端报表入口。上述缺项列入后续开发计划。
2035,★,,医生浏览门诊预约人数，取号数和未取号数并能进行时间段检索。 +-------------------------------------------------------------------------------------------------------------------------------------------------------------------------,部分响应,平台当前提供按排班查看预约明细的基础能力。本条所述预约人数、取号数、未取号数汇总统计及时间段检索尚未提供，列入后续开发计划。
2036,★,,对接体检系统，实时查询病人体检报告详情结果， +--------------------------------------------------------------------------------------------------------------------------------------------------------------------------------,部分响应,已提供：院内健康体检模块（套餐维护、体检登记、完成总检、总检结论与异常标识查看）。尚未提供：与外部体检系统的对接通道；项目级体检报告详情结果；按患者查询体检报告；移动端入口。上述缺项列入后续开发计划。
2037,★,,支持统计一段时间内医生的工作量情况，包括就诊人次、开药品合计、开处置合计、收入院人次、就诊率、药品开单率等。支持文字和图表两种方式的展示。 +---------------------------------------------------------------------------------------------------------------------------------,部分响应,已提供：按月统计的医生工作量报表（就诊人次、处方金额），表格方式展示。尚未提供：开药品合计与开处置合计分列、收入院人次、就诊率、药品开单率；任意时间段查询；图表方式展示。上述缺项列入后续开发计划。
2038,★,,查看当前医生所属业务科室的会诊申请记录，包含：住院患者基本信息（姓名、性别、年龄、床位号、主治医生、入院天数、住院科室、出生日期、入院时间、住院号、诊断结果、病情摘要）等。支持按照申请日期、申请科室、当前所属科室、会诊状态进行查询。 +----------------------------------------------------------------------------------,部分响应,已提供：会诊申请记录列表（住院号、患者姓名、会诊科室、会诊问题、状态、会诊意见）及会诊意见书写。尚未提供：性别、年龄、床位号、主治医生、入院天数、住院科室、出生日期、入院时间、诊断结果、病情摘要等患者信息字段；按申请日期、申请科室、当前所属科室、会诊状态查询。上述缺项列入后续开发计划。
2039,★,,可在线绑定医院信息，选择医生所在的医院，验证HIS工号和密码即可。 +---------------------------------------------------------------------------------------------------------------------------------------------------------------------,部分响应,平台当前提供统一账号登录（用户名+密码）基础能力，移动工作台复用主站登录态。本条所述在线绑定医院、选择医生所在医院、验证 HIS 工号密码的绑定流程尚未提供，列入后续开发计划。
2040,★,,医生工号发生变化时，可在手机上修改绑定的工号。 +-------------------------------------------------------------------------------------------------------------------------------------------------------------------------------,配套产品响应,【二级证据评审建议，待项目组签字】互联网医院医生 APP 产品参数；平台移动工作台 /m 已提供院内 H5
2041,★,,+-------------------------------+-----------------------------------------------------------------------------------------------------------------------------------------------------------------------,非参数行,文档转换产生的表格分隔残渣，不计入参数总数
2042,,,单击任意病人列自动高亮并切换当前患者信息。 +---------------------------------------------------------------------------------------------------------------------------------------------------------------------------------,部分响应,已提供：移动工作台患者列表单击即切换当前患者并加载其体征与查房记录。尚未提供：列表选中项自动高亮；常驻的当前患者信息条（当前以抽屉方式展示）；患者列表按科室/病区过滤。上述缺项列入后续开发计划。
2043,,,双击任意病人信息，自动切换当前患者信息，并自动跳转至功能页面进行操作。 +-------------------------------------------------------------------------------------------------------------------------------------------------------------------,部分响应,平台当前提供单击患者切换当前患者的基础能力。本条所述双击病人信息自动切换并跳转至功能页面尚未提供，列入后续开发计划。
2044,,,"适配多种型号PDA,支持扫腕带定位患者，所有的功能页面支持扫描腕带切换患者。 +----------------------------------------------------------------------------------------------------------------------------------------------------------------",部分响应,平台当前提供移动工作台单列自适应布局基础能力。本条所述多型号 PDA 适配、扫描腕带定位患者及各功能页扫腕带切换患者尚未提供，列入后续开发计划。
2045,,,支持针对当前病人记录备忘信息，可以语音输入。 +--------------------------------------------------------------------------------------------------------------------------------------------------------------------------------,部分响应,本条所述针对当前病人的备忘信息记录及语音输入功能当前版本未提供，列入后续开发计划。
2046,,,能够高效快速浏览全科的相关医嘱数据资料，浏览当前患者的待执行操作任务数据资料（标本、输液、理疗）等医嘱的审批、打印、配药、执行操作情况，能够在定位界面高效快速切换患者。 +------------------------------------------------------------------------------------------------------------------,部分响应,平台当前提供移动工作台今日待执行长期医嘱执行队列基础能力。本条所述全科医嘱浏览、按标本/输液/理疗分类的待执行任务、审批/打印/配药操作情况查看及定位界面快速切换患者尚未提供，列入后续开发计划。
2047,,,能够对当前科室或者病区下的患者进行分组管控。 +--------------------------------------------------------------------------------------------------------------------------------------------------------------------------------,部分响应,平台当前提供在院患者列表基础能力。本条所述科室/病区患者分组管控尚未提供，列入后续开发计划。
2048,,,输入床号查询病人信息，进行换床操作。 +------------------------------------------------------------------------------------------------------------------------------------------------------------------------------------,部分响应,已提供：住院转科/换床（选择目标科室与床位、填写原因，自动释放原床并占用新床），换床历史留痕（原床、新床、原因），桌面入院管理页操作。尚未提供：输入床号查询病人；移动端换床入口。上述缺项列入后续开发计划。
2049,,,展示当前科室要求入科的病人，选择某个病人进行入科安床。 +---------------------------------------------------------------------------------------------------------------------------------------------------------------------------,部分响应,已提供：入院安床（选择科室与床位办理入院，自动占床）、床位维护，桌面入院管理页操作。尚未提供：当前科室待入科病人队列展示；移动端入科安床入口。上述缺项列入后续开发计划。
2050,,,在定位界面快速切换患者，查看当前患者的待执行任务信息（标本、输液、理疗）等医嘱的审核、打印、配药、执行情况，也可以快速查看全科的相关医嘱信息。每一个功能页面都可以通过定位功能，快速切换患者，支持上一床、下一床切换，也可以扫描腕带或者输入床位号、住院号进行查询切换。完成切换后界面顶部会显示当前定位的患者。 +----------------------------------------------,部分响应,平台当前提供移动工作台患者列表点选切换及今日待执行医嘱队列基础能力。本条所述定位界面（上一床/下一床切换、扫腕带、床位号/住院号查询、顶部当前患者显示）、按标本/输液/理疗分类的任务及审核/打印/配药情况、全科医嘱浏览尚未提供，列入后续开发计划。
2051,,,根据筛选条件查询当前病人的医嘱，根据医嘱类型进行查询（长期、临时、变化、未执行） ，点击医嘱内容可以查看到医嘱执行明细。最新的程序支持按照医嘱类型、医嘱类别、执行状态查询，且保持和HIS现实逻辑一致（单条医嘱合并显示）。 +----------------------------------------------------------------------------------------,部分响应,已提供：长期/临时医嘱模型（开立时区分，列表标注长期/已停），长期医嘱每日执行行与执行明细查看。尚未提供：按医嘱类型、类别、执行状态筛选查询；变化医嘱；单条医嘱合并显示；移动端医嘱查询页面。上述缺项列入后续开发计划。
2052,,,支持查看当前患者的变化医嘱、处置医嘱、理疗医嘱，点击详情查看医嘱的执行情况。可以使用PDA扫条码执行医嘱。 +-------------------------------------------------------------------------------------------------------------------------------------------------,部分响应,平台当前提供移动端按钮点选执行医嘱的基础能力。本条所述变化医嘱、处置医嘱、理疗医嘱分类查看及 PDA 扫条码执行医嘱尚未提供，列入后续开发计划。
2053,,,可管理当前病人的皮试数据，在符合相关条件时可以修改皮试数据，进行皮试结果的录入。 +--------------------------------------------------------------------------------------------------------------------------------------------------------------,部分响应,已提供：门诊护士站皮试登记、皮试结果录入与查询，输液开始时按皮试结果自动拦截。尚未提供：住院患者皮试管理；移动端皮试页面。上述缺项列入后续开发计划。
2054,,,可管理当前病人的口服药医嘱，点击详情查看医嘱的执行情况，可以使用PDA扫条码执行医嘱。 +-----------------------------------------------------------------------------------------------------------------------------------------------------------,部分响应,平台当前提供移动端按钮点选执行医嘱的基础能力。本条所述口服药医嘱分类管理、执行明细查看及 PDA 扫条码执行尚未提供，列入后续开发计划。
2055,,,具备配液管理功能，包括配药、审核及撤销模块。 +--------------------------------------------------------------------------------------------------------------------------------------------------------------------------------,部分响应,本条所述配液管理（配药、审核、撤销）功能当前版本未提供，列入后续开发计划。
2056,,,支持通过扫描药瓶条码的方式进行配药管理。 +----------------------------------------------------------------------------------------------------------------------------------------------------------------------------------,部分响应,【二级证据评审建议，待项目组签字】药库进销存统一流水与退药已备；批次/效期/扫码属库房深化项
2057,,,具备输液管理功能，经过配液管理后的信息会在输液管理中显示，针对每一个配液，对输液进行巡视、暂停、结束及查看详细等操作。可以在界面展示当前患者的一个输液的总体进度。 +---------------------------------------------------------------------------------------------------------------------,部分响应,已提供：门诊输液管理（生成输液单、开始输液含皮试拦截、巡视登记、结束输液、列表显示巡视次数）。尚未提供：输液暂停；输液总体进度展示；配液管理前置及其信息联动；住院及移动端输液页面。上述缺项列入后续开发计划。
2058,,,可通过颜色快速区分液体的状态，同时能看到输液信息的备注，显示药品的摆药、配药、执行、结束的执行人及执行时间。 +------------------------------------------------------------------------------------------------------------------------------------------------,部分响应,平台当前提供门诊输液状态（待开始/进行中/已结束）及开始护士、开始/结束时间记录基础能力。本条所述按颜色区分液体状态、输液备注、摆药/配药/执行/结束各环节执行人与时间显示尚未提供，列入后续开发计划。
2059,,,支持多通道输液。 +----------------------------------------------------------------------------------------------------------------------------------------------------------------------------------------------,部分响应,平台门诊护士站输液管理当前按单条输液医嘱生成输液单，提供输液登记、开始、巡视与完成的基础流程。本条所述多通道输液（同一患者多路输液的通道管理与序号标识）尚未提供，列入后续开发计划。
2060,,,如患者拒绝输液，可以录入拒绝原因。 +-------------------------------------------------------------------------------------------------------------------------------------------------------------------------------------,部分响应,平台门诊护士站输液管理当前提供待输液、输液中、已完成三种状态的流转与操作。本条所述患者拒绝输液并录入拒绝原因的功能当前版本未提供，列入后续开发计划。
2061,,,支持PDA扫描患者腕带快速切换，PDA扫描瓶签条码执行输液。 +------------------------------------------------------------------------------------------------------------------------------------------------------------------------,部分响应,平台门诊护士站当前提供输液单的登记、开始与完成操作（桌面端按单操作）。本条所述 PDA 扫描患者腕带快速切换、扫描瓶签条码执行输液的功能当前版本未提供，列入后续开发计划。
2062,,,支持支持对患者进行输液巡视，记录输液反应，包括反应时间、症状及采取措施。 +------------------------------------------------------------------------------------------------------------------------------------------------------------------,部分响应,已提供：门诊护士站输液巡视记录，可逐次记录巡视时间、巡视护士与巡视备注。尚未提供：输液反应的结构化记录，即反应时间、症状、采取措施三项独立字段（当前以巡视备注文本记录）。上述缺项列入后续开发计划。
2063,,,支持查看住院期间，患者的电子病历情况（需与电子病历系统进行对接）。 +---------------------------------------------------------------------------------------------------------------------------------------------------------------------,部分响应,已提供：住院医生站电子病历（入院记录、病程记录、三级查房记录、知情同意书等的书写与签名），患者 360 视图跨科调阅住院病历；病历与住院业务同库同源，无需另行与电子病历系统对接。尚未提供：移动护理端病历全文浏览（移动端当前仅可查看三级查房记录）。上述缺项列入后续开发计划。
2064,,,能够浏览当前患者的检查报告列表及详情。 +-----------------------------------------------------------------------------------------------------------------------------------------------------------------------------------,部分响应,已提供：检查报告的书写、审核发布，患者 360 视图按患者汇总检查报告列表与详情，患者端可查看本人检查报告。尚未提供：移动护理端（PDA）当前患者检查报告的列表与详情浏览入口。上述缺项列入后续开发计划。
2065,,,能够浏览当前患者的检验报告列表及详情。 +-----------------------------------------------------------------------------------------------------------------------------------------------------------------------------------,部分响应,已提供：检验标本工作队列、结果录入与参考区间自动判读，患者 360 视图按患者汇总检验报告列表与详情，患者端可查看本人检验报告。尚未提供：移动护理端（PDA）当前患者检验报告的列表与详情浏览入口。上述缺项列入后续开发计划。
2066,,,支持对接云胶片系统，浏览当前患者的胶片影像。 +--------------------------------------------------------------------------------------------------------------------------------------------------------------------------------,配套产品响应,云胶片系统与影像存储、阅片器属配套影像产品，由影像云服务商或 PACS 厂商提供。平台侧提供检查报告的影像调阅链接入口（按检查拼装阅片器地址）以及报告对外分享短链，实施期按影像云服务商提供的阅片器地址规范完成链接对接，实现从当前患者检查跳转浏览胶片影像。
2067,,,支持每日清单查看，检索当前病人某一日的医疗费用情况，也能够选择日期检索。 +------------------------------------------------------------------------------------------------------------------------------------------------------------------,部分响应,已提供：住院每日费用清单，可按指定日期检索当前患者当日已执行的医疗费用明细，并提供每日清单打印；患者端可查看本人每日清单。尚未提供：移动护理端每日清单查看入口；院内桌面独立的每日清单查询页面（当前经打印页查看）。上述缺项列入后续开发计划。
2068,,,能够展示当前科室病人的医疗费用欠费情况。 +----------------------------------------------------------------------------------------------------------------------------------------------------------------------------------,部分响应,已提供：住院医生站单个患者账户查询（押金、已发生费用、余额及欠费标识）；出院患者欠费台账管理。尚未提供：按当前科室汇总在院患者欠费情况的列表视图；移动护理端欠费查看入口。上述缺项列入后续开发计划。
2069,,,对当前病人待采集和已采集的标本进行管理，可以通过PDA扫描瓶签条码的方式操作。对已采集的标本进行撤销操作。 +-------------------------------------------------------------------------------------------------------------------------------------------------,部分响应,已提供：检验标本采集打码（自动生成标本条码）、标本核收与标本工作队列（面向门诊标本）。尚未提供：已采集标本的撤销操作；PDA 扫描瓶签条码方式的采集操作；病区维度的当前患者待采集/已采集标本管理视图（住院标本）。上述缺项列入后续开发计划。
2070,,,支持对当前科室待离科、已离科的标本进行管理，记录标本的离科人和离科时间。 +------------------------------------------------------------------------------------------------------------------------------------------------------------------,部分响应,平台当前提供标本采集、核收、报告发布的基础状态流转。本条所述科室待离科/已离科标本管理以及离科人、离科时间的记录当前版本未提供，列入后续开发计划。
2071,,,展示当前病人今日或明日需要检查的项目，也可展示当前科室需要检查的项目。 +-------------------------------------------------------------------------------------------------------------------------------------------------------------------,部分响应,平台当前提供门诊检查预约登记与按日期查看的预约队列。本条所述病区当前患者今日/明日待检查项目展示及当前科室待检查项目汇总尚未提供（住院检查医嘱尚未纳入预约排程），列入后续开发计划。
2072,,,支持对病人进行三测数据、血糖血压、出入量的记录与管理。直接与HIS对接，无需再像传统一样先记录在纸上再誊抄至HIS系统。智能识别当前系统时间，进行三测数据录入时无需手动选择。数切换查看数据。 +-------------------------------------------------------------------------------------------------------,部分响应,对应业务登记能力已实现，字段级差异逐条比对
2073,,,能够图形化展示三测体温单数据，显示逻辑跟HIS保持一致，三测页面可以放大缩小，支持根据住院周。 +-------------------------------------------------------------------------------------------------------------------------------------------------------,正偏离/无偏离,由住院病历打印中的体温单（三测单）提供：以图形化方式绘制体温、脉搏、呼吸等三测数据及出入量、大便、体重等格位，按住院周分页并支持上一周/下一周翻页，页面支持放大、缩小与还原；数据与住院生命体征录入同库同源，显示逻辑与 HIS 保持一致。
2074,,,对当前患者进行日常巡视，录入巡视数据（如晨间护理、患者进食）。 +-----------------------------------------------------------------------------------------------------------------------------------------------------------------------,部分响应,已提供：护理记录中的日常巡视记录，支持新增、修改、本人签名（签名后冻结）与打印（桌面端）。尚未提供：移动护理端巡视录入入口；晨间护理、患者进食等勾选式巡视项目字典（当前以观察/措施/效果文本方式录入）。上述缺项列入后续开发计划。
2075,,,查看当前患者的护理表单，根据医院配置的护理表单显示，护士可直接在移动设备上进行护理表单的填写。 +-------------------------------------------------------------------------------------------------------------------------------------------------------,部分响应,已提供：护理记录单的录入与打印（桌面端）。尚未提供：按医院配置的护理表单模板显示（当前为固定结构的护理记录，无表单模板配置）；护士在移动设备上直接填写护理表单。上述缺项列入后续开发计划。
2076,,,通过扫描配送单二维码获取药品配送信息，进行接收操作。支持扫描配送单号或者药品条码号。 +------------------------------------------------------------------------------------------------------------------------------------------------------------,部分响应,【二级证据评审建议，待项目组签字】药库进销存统一流水与退药已备；批次/效期/扫码属库房深化项
2077,,,直接与HIS对接，获取医院后台计费信息. 通过输入关键字查询计费项目，选择计费项目及数量并保存。保持与pc端数据实时同步。 +-----------------------------------------------------------------------------------------------------------------------------------------,部分响应,已提供：计费项目主数据维护；住院医生站按关键字检索计费项目、选择数量后保存开立；PC 端与移动端数据同库同源，天然实时一致，无需另行与 HIS 对接。尚未提供：移动护理端床旁计费页面（关键字查询计费项目、选择数量并保存）。上述缺项列入后续开发计划。
2078,,,能够通过扫描腕带完成床旁身份查对、医嘱执行操作，支持对耗材进行扫描并记费的功能。 +--------------------------------------------------------------------------------------------------------------------------------------------------------------,部分响应,平台移动护理端当前提供长期医嘱执行确认（按钮操作）。本条所述扫描腕带床旁身份查对、扫码执行医嘱、耗材扫描记费三项当前版本未提供，列入后续开发计划。
2079,★,,+-------------------------------+-----------------------------------------------------------------------------------------------------------------------------------------------------------------------,非参数行,文档转换产生的表格分隔残渣，不计入参数总数
2080,,,支持使用年、月、天等多种患者年龄计量单位，满足新生儿、婴幼儿等特殊患者的年龄精确记录需求；支持根据申请单来源查询项目收费情况，协助医护人员了解患者优惠项目及未交费情况。 +------------------------------------------------------------------------------------------------------------------,部分响应,平台患者登记当前按整岁显示患者年龄。本条所述年、月、天多单位年龄计量（满足新生儿、婴幼儿精确记录）以及按申请单来源查询项目收费、优惠与未交费情况当前版本未提供，列入后续开发计划。
2081,,,支持纸质检查申请单数字化扫描存档，扫描件与电子登记记录关联存储，便于后续查阅核对，满足病历归档要求。 +----------------------------------------------------------------------------------------------------------------------------------------------------,部分响应,平台当前提供检查申请的电子登记记录。本条所述纸质检查申请单数字化扫描存档及扫描件与电子登记记录的关联存储当前版本未提供，列入后续开发计划。
2082,,,支持单个检查部位或多个检查部位任意组合预约登记，一次登记可完成多部位检查安排，提高登记效率，满足不同检查需求。 +-----------------------------------------------------------------------------------------------------------------------------------------------,部分响应,平台当前提供按检查申请单逐单进行预约登记。本条所述单个或多个检查部位任意组合、一次登记完成多部位检查安排的功能尚未提供（检查预约暂无部位维度），列入后续开发计划。
2083,,,支持单个申请单项目拆分为多次检查登记，也支持多个申请单合并为一次预约登记，灵活处理复杂检查申请场景。 +----------------------------------------------------------------------------------------------------------------------------------------------------,部分响应,平台当前提供一张检查申请单对应一次预约的登记方式。本条所述单个申请单拆分为多次检查登记、多个申请单合并为一次预约登记尚未提供，列入后续开发计划。
2084,,,支持患者信息批量登记预约处理，可通过导入方式批量处理多个患者的预约登记，适用于体检团队等批量预约场景。 +---------------------------------------------------------------------------------------------------------------------------------------------------,部分响应,平台当前提供检查预约的逐条登记与批量取消；文件导入能力现有于药品目录与医保对照维护。本条所述通过导入方式批量处理多个患者预约登记（体检团队等场景）尚未提供，列入后续开发计划。
2085,,,支持患者通过自助终端完成电子检查申请信息的自助预约登记，减少人工窗口压力，提升患者就医体验。 +--------------------------------------------------------------------------------------------------------------------------------------------------------,部分响应,平台患者端当前提供门诊在线挂号、分时段预约与取消。本条所述患者通过自助终端对电子检查申请进行自助预约登记的功能尚未提供，列入后续开发计划。
2086,,,支持设置单日预约总人数上限控制，达到上限后系统自动提示并阻止超量预约，保障检查质量和患者等待时间。 +-----------------------------------------------------------------------------------------------------------------------------------------------------,部分响应,平台检查预约当前按日期与时段自动生成顺序号。本条所述单日预约总人数上限设置、达到上限后自动提示并阻止超量预约的功能尚未提供，列入后续开发计划。
2087,,,支持登记预约资源分布情况的可视化显示查询，以图表形式展示各时段、各设备的预约占用情况，辅助合理安排检查资源。 +------------------------------------------------------------------------------------------------------------------------------------------------,部分响应,平台当前提供按日期查看的检查预约明细列表与叫号队列。本条所述以图表形式展示各时段、各设备预约占用情况的可视化查询尚未提供（检查预约暂无设备维度），列入后续开发计划。
2088,,,支持查询并打印每日不同检查设备的登记列表和预约列表，支持按设备、时段、检查类型等条件筛选打印。 +-------------------------------------------------------------------------------------------------------------------------------------------------------,部分响应,平台当前提供按日期查询检查预约列表。本条所述按设备、时段、检查类型条件筛选，以及每日登记列表、预约列表的打印输出尚未提供（检查预约暂无设备维度），列入后续开发计划。
2089,,,支持检查号、分诊号的自动生成或人工手动分配两种模式，编号规则可自定义配置，支持按日期、设备等维度自动编号。 +-------------------------------------------------------------------------------------------------------------------------------------------------,部分响应,已提供：检查预约号自动生成（同日同时段顺序递增，并发取号安全）。尚未提供：人工手动分配号；编号规则自定义配置及按日期、设备维度自动编号；检查号与分诊号分别管理（当前仅一个顺序号）。上述缺项列入后续开发计划。
2090,,,支持对已登记预约信息进行修改和撤销处理，修改操作留存操作日志，撤销后号源自动释放，支持批量撤销操作。 +----------------------------------------------------------------------------------------------------------------------------------------------------,部分响应,已提供：已登记预约的改期修改（重排顺序号，仅未完成预约可改）与批量撤销。尚未提供：记录改约前后内容与撤销原因的业务操作日志（当前仅有系统级访问审计）；撤销后号源自动释放（检查预约暂无号源容量池）。上述缺项列入后续开发计划。
2091,,,支持患者信息匿名登记模式，满足急诊、危重等无法提供完整信息患者的快速预约登记需求，后续可补充完善患者信息。 +-------------------------------------------------------------------------------------------------------------------------------------------------,部分响应,已提供：患者登记仅姓名必填，证件号、性别等可后续补录完善；急诊分诊支持以无名氏编号登记。尚未提供：专门的匿名登记模式标识及后续信息补录合并流程；检查预约的先登记后补费、补信息快速通道（当前须先收费后预约）。上述缺项列入后续开发计划。
2092,,,支持检查导引单和报告领取通知单的打印功能，导引单包含检查时间、地点、注意事项等信息，支持自定义打印模板；可查看患者历史信息、职业病史等相关资料。 +------------------------------------------------------------------------------------------------------------------------------,部分响应,平台当前提供挂号凭条、收费票据、检验报告单等单据打印。本条所述检查导引单、报告领取通知单打印与自定义打印模板，以及患者职业、职业病史等资料的记录查看尚未提供，列入后续开发计划。
2093,,,支持预约患者签到管理，按照分诊列表签到顺序依次呼叫患者；实时展示各检查室候检人数、患者到达及呼叫状态；以视图形式呈现检查室当前总预约人次、已签到人次、等候人次、未签到人次及患者检查项目信息。 +-------------------------------------------------------------------------------------------------------,部分响应,已提供：检查到检登记（患者签到）；按预约顺序号依次叫号。尚未提供：各检查室候检人数、患者到达及呼叫状态的实时展示；检查室总预约人次、已签到、等候、未签到人次及检查项目信息的统计视图（检查预约暂无检查室维度）。上述缺项列入后续开发计划。
2094,,,支持实时显示各检查室当前候检人数、患者到达状态、呼叫状态等信息，帮助技师合理安排检查顺序；检查开始时自动记录扫描技师、摆位技师信息，便于后期统计工作量；检查完成确认后自动计费。 +--------------------------------------------------------------------------------------------------------------,部分响应,平台当前提供检查到检登记与顺序叫号，检查费用在开单收费环节收取。本条所述各检查室候检人数、到达与呼叫状态实时显示，检查开始时自动记录扫描技师、摆位技师信息，以及检查完成确认后自动计费尚未提供，列入后续开发计划。
2095,,,支持候诊区大屏幕集中显示候诊信息，包括叫号信息、候诊人数、检查室状态等，引导患者有序候诊；针对增强CT等需要注射造影剂的检查，支持造影剂使用记录，记录造影剂名称、剂量、给药时间、不良反应等信息。 +-----------------------------------------------------------------------------------------------------,部分响应,平台当前提供门诊诊室候诊叫号大屏。本条所述检查候诊区大屏集中显示（叫号信息、候诊人数、检查室状态）以及造影剂使用记录（名称、剂量、给药时间、不良反应）尚未提供，列入后续开发计划。
2096,,,支持诊室诊间屏实时显示患者候诊排队信息，包括当前检查患者、下一位候诊患者等信息，提升候诊透明度；支持按起止日期、预约班次时段、签到状态、设备等条件查询患者，提供今日快捷查询功能。 +-------------------------------------------------------------------------------------------------------------,部分响应,平台当前提供按单一日期查询检查预约队列。本条所述检查诊间屏实时显示当前检查患者与下一位候诊患者，以及按起止日期、预约班次时段、签到状态、设备等条件组合查询和今日快捷查询尚未提供，列入后续开发计划。
2097,,,支持候诊患者顺序呼叫和指定呼叫两种模式，支持语音播报叫号；可调整患者检查顺序（上移、下移、移到最前、移到最后），对多次呼叫未进检查室的患者进行过号处理；支持右键查看患者电子病历、影像报告、呼叫记录、费用信息。 +----------------------------------------------------------------------------------------------,部分响应,平台检查队列当前提供顺序呼叫下一位；语音播报与过号重呼现有于门诊挂号候诊队列。本条所述检查队列的指定呼叫、语音播报、检查顺序调整（上移、下移、移到最前、移到最后）、过号处理及右键查看电子病历、影像报告、呼叫记录、费用信息尚未提供，列入后续开发计划。
2098,,,支持跨诊室呼叫管理，当某检查室空闲时可呼叫其他检查室的候诊患者，提高设备利用率，减少患者等待时间；支持关联影像，将申请单与未关联的影像检查进行绑定。 +----------------------------------------------------------------------------------------------------------------------------,部分响应,平台当前按业务类型（药房、检查、检验）分队列叫号。本条所述跨检查室呼叫调度以及申请单与未关联影像检查的绑定尚未提供，列入后续开发计划。
2099,,,支持患者检查费用核对管理，登记时自动核验患者缴费状态，未缴费患者给予提示，防止漏费情况发生；支持历史登记记录列表查询，可查看患者历史检查记录。 +-------------------------------------------------------------------------------------------------------------------------------,部分响应,已提供：检查登记时的缴费核验以准入方式实现，仅已缴费的检查申请自动进入检查登记队列，从流程上防止漏费。尚未提供：对未缴费患者的提示交互（当前为不显示）；医技端历史登记记录列表查询与患者历史检查记录回查。上述缺项列入后续开发计划。
2100,,,支持电子检查申请重复登记提醒功能，系统自动识别同一患者的重复申请并给予警示，防止重复检查造成资源浪费；检查期间技师可发送预警值给报告医师，预警信息发送后技师工作站将有预警标识。 +--------------------------------------------------------------------------------------------------------------,部分响应,已提供：同一患者近期同名检查的重复申请识别服务（识别天数可配置）。尚未提供：开单与登记页面中的重复申请警示提示（识别结果暂未在界面呈现）；技师向报告医师发送预警值及技师工作站预警标识（当前危急值流程为报告医师通知开单医师）。上述缺项列入后续开发计划。
2101,,,支持所见即所得的检查报告书写界面，可调用检查报告模板；可查看患者临床诊断信息及备注、原始电子申请单或拍摄的申请单；书写报告时支持缩放、调整字体大小、设置行距、添加顺序码、插入特殊字符，查看修改痕迹，支持报告收藏；支持外院报告导入。 +-----------------------------------------------------------------------------------,部分响应,已提供：检查报告书写（影像所见、诊断意见）并可调用检查报告模板。尚未提供：所见即所得编辑（缩放、字号、行距、顺序码、特殊字符插入）；临床诊断与备注展示；原始电子申请单或申请单影像调阅；修改痕迹查看；报告收藏；外院报告导入。上述缺项列入后续开发计划。
2102,,,支持检查报告模板自定义，可按检查类型、部位、设备等维度创建专科报告模板，提高报告书写效率和规范性；支持报告分配设置，按尾号分配与平均分配两种方式均衡分配给报告医生。 +--------------------------------------------------------------------------------------------------------------------,部分响应,已提供：检查报告模板按报告类别与科室维护（新建、复制）。尚未提供：按检查类型、部位、设备维度创建专科报告模板；报告分配设置（按尾号分配、平均分配）。上述缺项列入后续开发计划。
2103,,,支持特殊医学符号和常用词条的快速引用，内置放射科常用术语词库，支持拼音首字母快速检索；集成诊断字典，提供普通诊断字典与结构化诊断字典，支持快速录入，减少错误。 +-----------------------------------------------------------------------------------------------------------------------,部分响应,平台当前提供 ICD-10 诊断字典的拼音首字母快速检索（门诊医生站诊断录入）。本条所述放射科常用术语词库、特殊医学符号与常用词条快速引用、结构化诊断字典及其在检查报告书写中的集成尚未提供，列入后续开发计划。
2104,,,支持检查报告的撤销和修改功能，修改操作留存完整修改痕迹，支持查看历次修改记录，满足报告质控管理要求；支持检查报告自动保存功能，书写过程中定时自动保存草稿，防止内容丢失。 +------------------------------------------------------------------------------------------------------------------,部分响应,平台当前提供检查报告书写与审核发布（审核后锁定不可改）。本条所述检查报告撤销、修改痕迹完整留存与历次修改记录查看、书写过程中定时自动保存草稿尚未提供，列入后续开发计划。
2105,,,支持描述模板的引用、新建、删除、修改操作，模板按科室和个人分类管理，支持模板共享和权限控制；支持自定义常用词条，可按类型、项目定义，设置为共有词条或私有词条。 +-----------------------------------------------------------------------------------------------------------------------,部分响应,已提供：描述模板的引用与新建，按类型和科室筛选，复制为新模板。尚未提供：模板的修改与删除；个人（私有）模板分类、模板共享与权限控制；自定义常用词条（按类型、项目定义，共有/私有词条）。上述缺项列入后续开发计划。
2106,,,支持检查阴性/阳性标记和危急值影像质控控制，危急值报告自动触发提醒流程，确保危急值及时通知临床医生；支持传染病上报功能；支持过程质控，质控内容支持自定义。 +-------------------------------------------------------------------------------------------------------------------------,部分响应,已提供：检查危急值标记并自动触发提醒流程，限时通知开单医师并要求确认接收；传染病报卡、审核、上报闭环。尚未提供：检查阴性/阳性标记；影像质控与过程质控，质控内容自定义。上述缺项列入后续开发计划。
2107,,,支持同时打开多个患者报告进行对比阅读；支持同一患者不同检查图像与不同患者图像的对比显示，辅助鉴别诊断；支持报告内容词汇合理性校验功能，书写报告时若出现不合理词汇系统自动提示。 +---------------------------------------------------------------------------------------------------------------,部分响应,平台当前检查报告界面一次打开一份报告。本条所述多份患者报告同时打开对比阅读、同一患者或不同患者影像对比显示（依赖配套 PACS 阅片器）、报告词汇合理性自动校验提示尚未提供，列入后续开发计划。
2108,,,支持同一患者历史报告自动关联显示，医生书写报告时可直接查看该患者既往检查报告，便于对比分析病情变化；支持同屏查看患者历史检查，并引用历史检查内容。 +-----------------------------------------------------------------------------------------------------------------------------,部分响应,已提供：同一患者既往已审核检查报告的查询服务（检查项目、检查类别、诊断意见、审核时间）。尚未提供：报告书写界面自动关联显示历史报告、同屏查看历史检查及引用历史检查内容。上述缺项列入后续开发计划。
2109,,,支持查看患者历史检查报告，可一键复制历史报告内容至当前报告，减少重复书写工作量，提高报告书写效率；支持自定义报告合理词汇校验，保障报告内容准确性。 +-----------------------------------------------------------------------------------------------------------------------------,部分响应,已提供：同一患者历史检查报告查询服务；患者端可查看本人检查报告。尚未提供：医技端历史报告查看页面入口；一键复制历史报告内容至当前报告；自定义合理词汇校验。上述缺项列入后续开发计划。
2110,,,支持加载患者历史检查影像，可在当前报告书写界面直接调阅历史影像进行对比，无需切换系统界面；可确定患者是否需要随访及随访时间、内容。 +-------------------------------------------------------------------------------------------------------------------------------------,部分响应,已提供：患者随访的确定与管理（随访时间、随访内容），位于患者管理模块。尚未提供：在报告书写界面内直接调阅患者历史影像进行对比（影像调阅依赖配套 PACS 阅片器）；随访设置在报告书写界面内的联动操作（当前需切换至患者管理页面）。上述缺项列入后续开发计划。
2111,,,支持报告修改历史的同框、同屏对比显示，可直观查看修改前后的差异，支持修改内容标注，便于质控审核；支持自定义特殊字符，涵盖医学单位、特殊符号、数学符号、希腊文字等。 +---------------------------------------------------------------------------------------------------------------------,部分响应,平台当前提供检查报告书写与审核发布。本条所述报告修改历史的同框、同屏对比显示与修改内容标注，以及自定义特殊字符（医学单位、特殊符号、数学符号、希腊文字等）尚未提供，列入后续开发计划。
2112,,,支持检查报告驳回功能，上级医生可驳回下级报告并填写驳回原因；支持报告质量评价、图片质量评价和分级审核流程；支持检查报告保存为草稿、保存、审核、驳回、打印、预览导出全流程管理。 +---------------------------------------------------------------------------------------------------------------,部分响应,已提供：检查报告保存；分级审核发布，审核人须与报告医师不同（双签）。尚未提供：上级医生驳回下级报告并填写驳回原因；报告质量评价与图片质量评价；报告草稿状态；报告打印、预览与导出。上述缺项列入后续开发计划。
2113,,,支持检查报告自动保存功能，书写过程中定时自动保存草稿，防止因意外情况导致报告内容丢失；具备登录账户超时注销、超时退出功能，保障系统访问安全。 +--------------------------------------------------------------------------------------------------------------------------------,部分响应,已提供：登录账户超时自动退出，会话有效时长可配置，超时后自动跳转登录页。尚未提供：检查报告书写过程中定时自动保存草稿；基于空闲时间的超时注销（当前按登录后固定有效期计）。上述缺项列入后续开发计划。
2114,,,支持报告打印预览功能，打印前可预览报告排版效果，支持自定义报告打印模板，满足不同医院的报告格式要求；支持图像自定义范围打印。 +----------------------------------------------------------------------------------------------------------------------------------------,部分响应,平台当前提供检验报告单打印。本条所述检查报告打印预览、自定义报告打印模板，以及图像自定义范围打印（依赖配套 PACS 阅片器）尚未提供，列入后续开发计划。
2115,,,支持检查报告批量打印功能，可按日期、设备、医生等条件筛选批量打印；支持报告数据批量导出为PDF或Excel格式；支持病例列表导出、打印。 +----------------------------------------------------------------------------------------------------------------------------------,部分响应,平台当前提供科室月报、费用分类等财务报表的 CSV 导出。本条所述检查报告按日期、设备、医生筛选批量打印，报告批量导出 PDF/Excel，以及病例列表导出与打印尚未提供，列入后续开发计划。
2116,,,支持登录账户超时自动注销和超时退出功能，超时时长可配置，保障系统安全，防止账户被未授权人员使用；支持按角色、科室精准控制权限。 +---------------------------------------------------------------------------------------------------------------------------------------,部分响应,已提供：登录超时自动注销，超时时长可配置；按角色的功能权限控制（接口级权限校验与角色—菜单授权，前端按授权菜单进行路由守卫）。尚未提供：按科室的数据权限控制；基于空闲时间的超时注销（当前按固定有效期）。上述缺项列入后续开发计划。
2117,,,支持患者随访记录管理功能，可记录患者随访时间、随访结果、随访医生等信息，支持随访计划设置和到期提醒；支持自定义随访内容，可根据随访计划查看随访任务。 +----------------------------------------------------------------------------------------------------------------------------,部分响应,已提供：患者随访记录管理（随访内容、随访时间、随访结果、随访医生），随访计划建立与按到期日排序的待办随访任务列表，完成随访后填写结果。尚未提供：随访到期主动提醒（逾期标记或推送）；随访任务列表中显示随访医生姓名。上述缺项列入后续开发计划。
2118,,,支持影像浏览、缩放、调窗、旋转、镜像、反射、同步/关联滚动、序列播放、伪彩显示、遮板、复位、反色等全面的影像处理功能；支持自动和手动两种窗宽窗位调整方式，支持黑白反向、彩虹色、金属色、火红、混合、热金属蓝等多种伪彩显示模式。 +--------------------------------------------------------------------------------------,配套产品响应,本条所述影像浏览、缩放、调窗、旋转、镜像、同步滚动、序列播放、伪彩显示等阅片处理功能属 PACS 阅片工作站产品能力，由 PACS/影像厂商作为配套产品提供。平台侧提供检查申请、登记、报告书写与审核，以及面向 PACS 的影像调阅链接入口，实施期按配套 PACS 阅片器地址完成跳转对接。
2119,,,支持影像直尺、角度、圆心、矩形、多边形等多种测量工具，提供距离、面积、角度、CT值、密度等测量值的精确显示；支持图像删除及删除留痕功能；支持MPR重建、图像推送。 +---------------------------------------------------------------------------------------------------------------------,配套产品响应,属设备配套软件/商用知识库/CA 等产品参数，平台已留标准接入点
2120,,,支持影像心胸比测量、鼠标探针实时CT值显示；支持文本标注、信息备注工具；支持直线交叉角度自动计算显示；支持影像定标功能，可设置影像实际比例尺。 +-------------------------------------------------------------------------------------------------------------------------------,配套产品响应,本条所述心胸比测量、探针 CT 值显示、文本标注、角度计算、影像定标等测量标注功能属 PACS 阅片工作站产品能力，由 PACS/影像厂商作为配套产品提供。平台侧提供检查申请、登记、报告书写与审核，以及面向 PACS 的影像调阅链接入口，实施期按配套 PACS 阅片器地址完成跳转对接。
2121,,,支持影像定标功能；测量、标注、备注信息支持保存与重现，可随时删除或修改标注内容；支持自定义DICOM TAG信息的显示配置，可选择在影像上叠加显示患者信息、检查参数等DICOM标签内容。 +---------------------------------------------------------------------------------------------------------,配套产品响应,本条所述影像定标、测量标注的保存与重现、DICOM TAG 叠加显示配置属 PACS 阅片工作站产品能力，由 PACS/影像厂商作为配套产品提供。平台侧提供检查申请、登记、报告书写与审核，以及面向 PACS 的影像调阅链接入口，实施期按配套 PACS 阅片器地址完成跳转对接。
2122,,,支持影像切片定位显示，在多平面重建时显示切片位置；支持序列定位显示；支持影像坐标点的三维空间定位；支持患者检查序列缩略图显示，点击缩略图快速切换序列。 +---------------------------------------------------------------------------------------------------------------------------,配套产品响应,本条所述切片定位、多平面重建、三维空间定位、序列缩略图切换属 PACS 阅片工作站产品能力，由 PACS/影像厂商作为配套产品提供。平台侧提供检查申请、登记、报告书写与审核，以及面向 PACS 的影像调阅链接入口，实施期按配套 PACS 阅片器地址完成跳转对接。
2123,,,支持显示布局灵活调整，提供序列并列显示和影像平铺显示两种布局模式，支持1x1、1x2、2x2等多种分屏布局切换；支持多屏复制和扩展分屏显示功能，满足放射科多屏阅片工作站的使用需求。 +------------------------------------------------------------------------------------------------------------,配套产品响应,本条所述序列并列、影像平铺、1x1/1x2/2x2 分屏切换及多屏复制与扩展显示属 PACS 阅片工作站客户端能力，由 PACS/影像厂商作为配套产品提供。平台侧提供检查申请、登记、报告书写与审核，以及面向 PACS 的影像调阅链接入口，实施期按配套 PACS 阅片器地址完成跳转对接。
2124,,,支持为不同Modality类型检查（CT、MR、DR等）定义和修改默认挂片协议，挂片协议可按科室和个人分别配置；支持序列拆分显示功能，可将一个序列拆分至多个显示区域分别展示。 +---------------------------------------------------------------------------------------------------------------,外部条件,需医保局/省平台等外部环境开通后联调
2125,,,支持自定义DICOM TAG信息的显示配置，可选择在影像上叠加显示患者信息、检查参数等DICOM标签内容；支持根据多种检索条件查询影像列表。 +--------------------------------------------------------------------------------------------------------------------------------,配套产品响应,本条所述 DICOM TAG 叠加显示配置与多条件影像列表检索属 PACS 阅片器与影像归档查询能力，由 PACS/影像厂商作为配套产品提供。平台侧提供检查申请、登记、报告书写与审核（工作列表可按检查类别筛选），以及面向 PACS 的影像调阅链接入口，实施期与配套 PACS 联调。
2126,,,支持患者检查序列缩略图显示，在侧边栏展示所有序列缩略图，点击缩略图快速切换序列，提高影像浏览效率；支持图像自定义范围打印。 +-----------------------------------------------------------------------------------------------------------------------------------------,配套产品响应,本条所述序列缩略图侧边栏与图像自定义范围打印属 PACS 阅片工作站产品能力，由 PACS/影像厂商作为配套产品提供。平台侧提供检查申请、登记、报告书写与审核，以及面向 PACS 的影像调阅链接入口，实施期按配套 PACS 阅片器地址完成跳转对接。
2127,,,支持多屏复制和扩展分屏显示功能，可将影像扩展至多台显示器显示，满足放射科多屏阅片工作站的使用需求；支持DICOM传输、接收、查询检索，遵循DICOM Q/R SCU标准。 +-----------------------------------------------------------------------------------------------------------------,配套产品响应,本条所述多屏复制与扩展分屏显示属 PACS 阅片工作站能力，DICOM 传输、接收、查询检索（Q/R SCU）属 PACS 协议栈能力，均由 PACS/影像厂商作为配套产品提供。平台侧提供检查申请、登记、报告书写与审核，以及面向 PACS 的影像调阅链接入口，实施期与配套 PACS 联调。
2128,,,支持序列拆分显示功能，可将一个序列拆分至多个显示区域分别展示；支持灵活的分屏显示配置；支持数据库查询，通过多种条件检索病例并获取显示影像。 +---------------------------------------------------------------------------------------------------------------------------------,外部条件,需医保局/省平台等外部环境开通后联调
2129,,,支持影像打印排版处理，支持DICOM激光胶片相机打印输出和非DICOM普通打印机打印输出，满足不同打印设备需求；支持图像自定义范围打印。 +----------------------------------------------------------------------------------------------------------------------------------,配套产品响应,本条所述影像打印排版、DICOM 激光胶片相机打印与普通打印机输出、图像范围打印属 PACS 及胶片相机厂商产品能力，由 PACS/影像厂商作为配套产品提供。平台侧提供检查申请、登记、报告书写与审核，以及面向 PACS 的影像调阅链接入口，实施期与配套 PACS 联调。
2130,,,支持同一患者多次检查图像对比，也支持多个不同患者检查图像的对比显示，辅助医生进行鉴别诊断分析；支持一个患者多次检查或多个患者检查图像同屏对比。 +-------------------------------------------------------------------------------------------------------------------------------,配套产品响应,本条所述同一患者多次检查图像及多个患者检查图像的同屏对比显示属 PACS 阅片工作站产品能力，由 PACS/影像厂商作为配套产品提供。平台侧提供检查申请、登记、报告书写与审核，以及面向 PACS 的影像调阅链接入口，实施期按配套 PACS 阅片器地址完成跳转对接。
2131,,,支持将影像导出为BMP、JPG、DICOM等多种格式，可选择导出单帧或多帧影像，支持批量导出操作；支持图像删除及删除留痕功能，具备完整的操作审计记录。 +---------------------------------------------------------------------------------------------------------------------------,配套产品响应,本条所述影像导出为 BMP、JPG、DICOM 格式（单帧/多帧、批量）及图像删除与删除留痕属 PACS 影像管理能力，由 PACS/影像厂商作为配套产品提供。平台侧提供系统级操作审计（操作人、操作接口、时间、结果可查询）及面向 PACS 的影像调阅链接入口；影像对象级的删除留痕由配套 PACS 承担。
2132,,,支持外部影像数据导入功能，可导入符合DICOM标准的影像文件，导入后自动与患者信息关联存储；支持MPR重建、图像推送功能。 +-----------------------------------------------------------------------------------------------------------------------------------------,配套产品响应,属设备配套软件/商用知识库/CA 等产品参数，平台已留标准接入点
2133,,,支持DICOM标准的影像传输、接收和查询检索功能，完全符合DICOM 3.0标准规范，确保与各类影像设备的互联互通；支持数据库查询，可通过多种条件检索病例并获取显示影像。 +-----------------------------------------------------------------------------------------------------------------,配套产品响应,本条所述 DICOM 3.0 标准的影像传输、接收、查询检索及多条件病例检索调阅属 PACS 影像归档服务端能力，由 PACS/影像厂商作为配套产品提供；平台部署方案中可按需选装开源 PACS 影像归档服务作为基础配套。平台侧提供检查申请、登记、报告书写与审核，以及面向 PACS 的影像调阅链接入口，并具备 HL7 标准消息接入能力，实施期与配套 PACS 联调。
2134,,,支持DICOM Q/R SCU功能，支持PatientRoot、StudyRoot、Patient/StudyOnly等查询检索信息模型；支持Patient、Study、Series、Instance四级层次访问获取影像；支持多种信息模型及四级访问获取显示影像。 +-------------------------------------------------------------------,配套产品响应,本条所述 DICOM Q/R SCU 及 PatientRoot、StudyRoot 等查询检索信息模型与四级层次访问属 PACS 协议栈能力，由 PACS/影像厂商作为配套产品提供。平台侧提供检查申请、登记、报告书写与审核，以及面向 PACS 的影像调阅链接入口，实施期与配套 PACS 联调。
2135,,,支持数据库多条件组合查询，可通过患者姓名、检查号、检查日期范围等多种条件查询病例并获取显示对应影像；支持根据多种检索条件查询影像列表。 +-----------------------------------------------------------------------------------------------------------------------------------,配套产品响应,本条所述按患者姓名、检查号、检查日期范围等多条件组合检索病例并调阅影像属 PACS 影像归档查询能力，由 PACS/影像厂商作为配套产品提供。平台侧提供检查登记工作列表（可按检查类别筛选）、报告书写与审核，以及面向 PACS 的影像调阅链接入口，实施期与配套 PACS 联调。
2136,,,支持检查费用统计，可按科室、医生、检查类型、时间段等维度统计检查费用，支持费用明细查询和汇总报表导出；内置标准统计报表，也可根据医院实际需要定制。 +-----------------------------------------------------------------------------------------------------------------------------,部分响应,已提供：费用分类汇总统计（含检查费类别）与科室月度费用报表，均可导出 CSV，财务费用报表页面查询。尚未提供：按医生、检查类型拆分的检查费用专项统计；检查费用明细查询；自定义时间段统计（当前按自然月）。上述缺项列入后续开发计划。
2137,,,支持工作量统计，可统计技师、医生的检查人次、报告数量等工作量数据，支持个人和科室工作量对比分析；支持报告医师、记录员、检查医师、审核医师、送检医师等各岗位工作量汇总和明细统计。 +--------------------------------------------------------------------------------------------------------------,部分响应,已提供：医生接诊量与处方金额排行、科室月度人次与收入统计。尚未提供：技师、报告医师的检查人次与报告数量统计；个人与科室工作量对比分析；报告医师、记录员、检查医师、审核医师、送检医师各岗位工作量汇总与明细统计。上述缺项列入后续开发计划。
2138,,,支持疾病统计，可按ICD编码、检查部位、检查类型等维度统计疾病分布情况，为医院管理决策提供数据支撑；支持检查阳性率汇总和明细统计。 +-------------------------------------------------------------------------------------------------------------------------------------,部分响应,已提供：病案统计中的疾病统计（出院主诊断 ICD 归并 TOP20、ICD 章节构成、科室出院分布）以及运营分析中的病组分析。尚未提供：以检查为口径、按检查部位与检查类型的疾病分布统计；检查阳性率汇总与明细统计。上述缺项列入后续开发计划。
2139,,,支持送检来源统计，可按送检科室、门诊/住院/急诊等来源维度统计检查人次，分析各科室检查需求分布；支持部位检查人次统计、送检科室汇总统计。 +----------------------------------------------------------------------------------------------------------------------------------,部分响应,平台当前提供门诊检查登记与报告台账。本条所述按送检科室、门诊/住院/急诊来源维度的检查人次统计、部位检查人次统计及送检科室汇总统计尚未提供，列入后续开发计划。
2140,,,支持阳性率统计，可按检查类型、部位、时间段等维度统计检查阳性率，为科室质量管理和学术研究提供数据；支持会诊病例统计、随访病例统计。 +-------------------------------------------------------------------------------------------------------------------------------------,部分响应,平台当前提供患者随访明细记录管理。本条所述按检查类型、部位、时间段的检查阳性率统计以及会诊病例统计、随访病例统计尚未提供，列入后续开发计划。
2141,,,支持检查项目统计，可统计各检查项目的执行人次、费用等数据，支持检查项目使用趋势分析；支持医技开单统计、设备部位人次统计及明细统计。 +-------------------------------------------------------------------------------------------------------------------------------------,部分响应,平台当前提供运营总览、科室月报、费用分类等统计报表。本条所述检查项目执行人次与费用统计、检查项目使用趋势分析、医技开单统计、设备部位人次统计及明细尚未提供，列入后续开发计划。
2142,,,支持设备效益量统计，可统计各检查设备的使用率、检查人次、收入等效益指标，为设备管理和采购决策提供依据；支持设备部位人次统计和明细统计。 +-----------------------------------------------------------------------------------------------------------------------------------,部分响应,平台当前提供 HRP 设备台账、维修工单、保养计划与计量台账管理。本条所述设备效益量统计（使用率、检查人次、收入）及设备部位人次统计与明细尚未提供，列入后续开发计划。
2143,,,支持患者预约率统计，可统计各渠道、各时段的预约率数据，分析预约使用情况，优化预约资源配置；支持病人预约统计。 +------------------------------------------------------------------------------------------------------------------------------------------------,部分响应,平台当前提供检查预约登记明细查询。本条所述按渠道、时段的患者预约率统计与病人预约统计尚未提供，列入后续开发计划。
2144,★,,支持统计报表打印功能，所有统计报表均支持预览和打印输出，支持导出为Excel格式，便于数据进一步分析处理；内置标准统计报表，也可根据医院实际需要定制统计报表。 +-----------------------------------------------------------------------------------------------------------------------,部分响应,已提供：内置标准统计报表（运营总览、科室月报、费用按医保类型、费用按分类等）；定制报表引擎，可按医院实际需要配置报表定义并运行查询；科室月报、费用分类、费用医保及病案质控报表可导出 CSV。尚未提供：Excel（xlsx）格式导出（当前为 CSV）；所有统计报表的预览与打印输出（定制报表运行结果、运营总览等报表暂无导出与打印）；统计报表打印版式。上述缺项列入后续开发计划。
2145,,,服务系统软件支持集群设计，可部署多节点集群架构，实现负载均衡和高可用，单节点故障不影响系统整体运行；支持在Windows和Linux系统上稳定运行，满足不同用户的多样化操作系统使用需求。 +---------------------------------------------------------------------------------------------------------,部分响应,平台采用无状态会话与多实例定时任务互斥设计，具备多节点部署的技术基础；基于 Java 与容器化部署，可运行于 Windows 与 Linux。本条为部署环境类要求，将以集群部署方案、负载均衡与高可用测试报告、Windows/Linux 兼容性测试报告作为响应证据，上述报告将于实施前出具。
2146,,,服务系统软件支持在Windows和Linux操作系统上稳定运行，兼容主流服务器操作系统环境，满足医院不同IT基础设施的部署需求；支持远程技术维护，方便技术人员及时解决系统运行问题。 +------------------------------------------------------------------------------------------------------------,部分响应,对应模块维护能力已实现（字典/参数/规则），细节逐条比对
2147,,,服务系统支持Oracle、达梦等数据库，为系统数据存储、管理和高效查询提供坚实保障；支持数据库的维护、备份和恢复操作，确保数据安全可靠，降低数据丢失风险。 +-------------------------------------------------------------------------------------------------------------------------,部分响应,平台当前基于 PostgreSQL 数据库运行，提供数据库备份、恢复与定时备份维护工具。本条所述 Oracle、达梦等数据库的支持当前版本未提供，列入后续开发计划。
2148,,,服务系统支持多种数据存储设备，包括硬盘冗余阵列（RAID）、存储局域网络（SAN）、网络存储（NAS）、磁带库、光盘库等，用户可根据实际需求灵活配置影像归档存储路径与设备。 +----------------------------------------------------------------------------------------------------------------,配套产品响应,本条所述 RAID、SAN、NAS、磁带库、光盘库等存储设备属硬件基础设施，影像归档存储路径与设备配置属 PACS 归档服务能力，分别由存储设备厂商与 PACS/影像厂商作为配套产品提供。平台本身不承载影像归档；影像归档存储路径在配套 PACS 影像服务的存储卷上配置，实施期按医院存储方案落地。
2149,,,服务系统提供DICOM Storage SCU/SCP服务，可接收所有符合DICOM 3.0标准的影像数据，实现与各类DICOM设备的无缝对接；支持三维影像数据的存储与管理，满足CT、MR等多模态影像的存储需求。 +--------------------------------------------------------------------------------------------,配套产品响应,本条所述 DICOM Storage SCU/SCP 服务、DICOM 3.0 影像接收与三维多模态影像存储管理属 PACS 影像归档服务端能力，由 PACS/影像厂商作为配套产品提供；平台部署方案中可按需选装开源 PACS 影像归档服务作为基础配套。平台侧提供检查申请、登记、报告书写与审核，以及面向 PACS 的影像调阅链接入口，实施期与配套 PACS 联调。
2150,,,服务系统提供DICOM Q/R SCP服务，支持PatientRoot、StudyRoot、Patient/StudyOnly等查询检索信息模型，在PatientRoot信息模型下实现Patient、Study、Series、Instance四级层次访问。 +----------------------------------------------------------------------,配套产品响应,本条所述 DICOM Q/R SCP 服务及 PatientRoot、StudyRoot、Patient/StudyOnly 信息模型与四级层次访问属 PACS 影像归档服务端协议能力，由 PACS/影像厂商作为配套产品提供；平台部署方案中可按需选装开源 PACS 影像归档服务作为基础配套。平台侧提供面向 PACS 的影像调阅链接入口，实施期与配套 PACS 联调。
2151,,,服务系统支持多终端并发访问，可根据患者姓名、检查设备、检查部位、影像号、检查时间日期等多种条件组合查询与调阅影像，并提供预览功能；支持其他公司的DICOM工作站查询及调阅影像。 +--------------------------------------------------------------------------------------------------------------,配套产品响应,本条所述多终端并发按患者姓名、设备、部位、影像号、检查时间组合查询与调阅影像及预览，以及第三方 DICOM 工作站调阅，属 PACS 影像归档服务端能力，由 PACS/影像厂商作为配套产品提供。平台侧提供检查申请、登记、报告书写与审核，以及面向 PACS 的影像调阅链接入口，实施期与配套 PACS 联调。
2152,,,服务系统支持其他公司的DICOM工作站查询及调阅影像，完全遵循DICOM标准，确保与第三方影像系统的互联互通；支持通讯（SCU）设备的授权管理，屏蔽未经授权的DICOM应用实体访问。 +-----------------------------------------------------------------------------------------------------------,配套产品响应,本条所述第三方 DICOM 工作站互联互通及 DICOM 应用实体（SCU）授权管理属 PACS 影像归档服务端配置能力，由 PACS/影像厂商作为配套产品提供；平台部署方案中可按需选装开源 PACS 影像归档服务作为基础配套。平台侧提供 HL7 消息接入的来源白名单控制及面向 PACS 的影像调阅链接入口，实施期与配套 PACS 联调。
2153,,,服务系统支持同时接收多个不同影像设备并发发送的数据，并完成影像资料存储；支持多种影像设备的在线添加、删除操作，方便系统设备管理。 +--------------------------------------------------------------------------------------------------------------------------------------,配套产品响应,本条所述多台影像设备并发发送影像的接收与归档存储、影像设备在线添加与删除属 PACS 影像归档服务端能力，由 PACS/影像厂商作为配套产品提供；平台部署方案中可按需选装开源 PACS 影像归档服务作为基础配套。平台侧提供检查申请、登记、报告书写与审核，以及面向 PACS 的影像调阅链接入口，实施期与配套 PACS 联调。
2154,,,服务系统支持多种影像设备的在线添加、删除操作，无需重启服务即可完成设备配置变更，方便系统设备管理；支持数据库中影像数据的在线添加与删除。 +----------------------------------------------------------------------------------------------------------------------------------,配套产品响应,本条所述影像设备在线添加与删除（无需重启）及影像数据的在线添加与删除属 PACS 影像归档服务管理端能力，由 PACS/影像厂商作为配套产品提供。平台侧提供 HRP 设备资产台账与主数据维护，以及面向 PACS 的影像调阅链接入口；DICOM 设备参数配置由配套 PACS 承担，实施期与配套 PACS 联调。
2155,,,服务系统支持影像非压缩、有损（LOSSY）或无损（LOSSLESS）压缩存储，可对8至16位影像数据进行无损及有损压缩，有效节省存储空间，同时保证影像质量。 +------------------------------------------------------------------------------------------------------------------------,配套产品响应,本条所述影像非压缩、有损与无损压缩存储及 8 至 16 位影像数据压缩属 PACS 影像归档引擎能力，由 PACS/影像厂商作为配套产品提供。平台侧提供检查申请、登记、报告书写与审核，以及面向 PACS 的影像调阅链接入口，实施期与配套 PACS 联调。
2156,,,服务系统支持影像自动转发功能（Auto-Routing），可配置转发规则将影像自动推送至指定DICOM节点，并通过管理配置参数进行灵活控制；支持可自动转送影像至其他DICOM存储节点或通用文件存储系统。 +-------------------------------------------------------------------------------------------------,配套产品响应,本条所述影像自动转发（Auto-Routing）规则配置及向其他 DICOM 存储节点或文件存储系统的自动转送属 PACS 影像归档服务端能力，由 PACS/影像厂商作为配套产品提供。平台侧的集成路由能力覆盖 HL7 消息与文件适配器的关键字路由，不处理影像转发，实施期与配套 PACS 联调。
2157,,,服务系统支持DICOM Modality Worklist SCP，为每一部检查设备生成相应的检查信息清单，避免在影像设备上重复输入信息，提升工作效率；支持患者信息自动转换，将姓名、性别、年龄等主要信息转换为设备所需格式。 +---------------------------------------------------------------------------------------,配套产品响应,DICOM Modality Worklist 服务及患者信息向设备格式的转换属 PACS/RIS 网关能力，由配套 PACS 产品面向检查设备提供，平台不内置 DICOM 网络服务。平台侧提供医技工作台检查工作列表：已收费的检查申请自动进入工作列表并按检查类别归类，供技师端调阅与到检登记；并提供 PACS 影像浏览入口的接入配置。设备端免重复录入需通过配套 PACS 网关对接实现。
2158,,,服务系统支持DICOM Modality Performed Procedure Step（MPPS），实时掌握支持MPPS服务的设备运行状态，了解检查进度；提供影像数据各种状态记录日志，涵盖影像存档、调阅、传输等操作。 +----------------------------------------------------------------------------------------,配套产品响应,DICOM MPPS 服务以及影像存档、调阅、传输等状态日志属 PACS 影像服务器能力，由配套 PACS 产品提供。平台侧提供检查执行状态的人工维护（到检登记、报告书写、审核发布）、系统操作留痕与集成接口运行监控；平台不存储影像数据，不记录影像操作日志。
2159,,,服务系统支持患者信息自动转换，将姓名、性别、年龄等主要信息转换为设备所需格式，如拼音、英文简写等，实现信息在不同设备间的准确传输与适配。 +----------------------------------------------------------------------------------------------------------------------------------,配套产品响应,患者姓名、性别、年龄向设备所需格式（拼音、英文简写等）的自动转换属 PACS/RIS 网关能力，由配套 PACS 产品在向设备下发工作列表时完成。平台侧提供患者主索引中的姓名、性别、出生日期等基本信息供网关读取，平台本身不做面向设备的格式转换。
2160,,,服务系统支持数据库中影像数据的在线添加与删除，无需停机即可完成数据管理操作；支持数据库的维护、备份和恢复，确保数据安全可靠。 +----------------------------------------------------------------------------------------------------------------------------------------,部分响应,已提供：业务数据库的维护、备份与恢复，包括手动备份、每日定时自动备份、恢复到独立校验库（不直接覆盖生产库）、运维中心备份记录台账及 24 小时内无成功备份的健康告警。尚未提供：影像数据的在线添加与删除——平台本身不存储影像数据，该能力由配套 PACS 影像服务器承担。上述缺项列入后续开发计划。
2161,,,服务系统具备存储量自动管理功能，可按需调整影像存储容量限制，当达到设定容量限制时，系统自动将数据存入预设的其他存储设备，保障数据存储的持续性和有效性。 +---------------------------------------------------------------------------------------------------------------------------,配套产品响应,影像存储容量限制设置与达到上限后自动迁移至其他存储设备，属 PACS 归档分级存储策略，由配套 PACS 影像服务器提供并配置。平台本身不存储影像数据，不提供影像存储容量管理；平台侧仅提供 PACS 影像浏览入口的接入配置。
2162,,,服务系统支持数据库的维护、备份和恢复操作，提供定时自动备份和手动备份两种方式，确保数据安全可靠，降低数据丢失风险；支持远程技术维护。 +------------------------------------------------------------------------------------------------------------------------------------,正偏离/无偏离,由运维中心提供：手动备份（一键生成业务数据库全量备份并留痕）、定时自动备份（每日自动执行的备份任务）、恢复（恢复到独立校验库验证后再行处置，避免误覆盖生产库），运维中心「备份记录」页签提供备份台账，并对 24 小时内无成功备份自动告警。备份范围为平台业务数据库，配套 PACS 影像库由配套产品自行备份。远程技术维护属运维服务内容，以服务承诺书响应。
2163,,,服务系统提供影像数据各种状态记录日志，涵盖影像存档、调阅、传输等操作，并配备相应管理查询工具，便于系统运行监控与问题追溯；支持通讯设备的授权管理，保障服务器安全。 +---------------------------------------------------------------------------------------------------------------------,配套产品响应,影像存档、调阅、传输状态日志及其查询工具，以及通讯设备授权管理，属 PACS 影像服务器能力，由配套 PACS 产品提供。平台侧提供系统操作留痕（操作人、时间、操作路径）与集成接口运行监控，并提供 PACS 影像浏览入口的接入配置；平台不存储影像数据，不记录影像操作日志。
2164,,,服务系统支持远程技术维护，方便技术人员通过网络远程连接系统进行故障排查和维护操作，减少现场维护成本和时间；提供完整的系统运行日志记录。 +-----------------------------------------------------------------------------------------------------------------------------------,部分响应,对应模块维护能力已实现（字典/参数/规则），细节逐条比对
2165,,,服务系统支持通讯（SCU）设备的授权管理，通过白名单机制有效屏蔽未经授权的DICOM应用实体访问，保障服务器安全；支持访问控制日志记录，便于安全审计。 +---------------------------------------------------------------------------------------------------------------------------,配套产品响应,DICOM 应用实体（SCU）白名单授权与 DICOM 访问控制日志，属 PACS 影像服务器自身的安全配置，由配套 PACS 产品提供。平台侧对各功能入口实行统一登录认证与角色权限控制，并保留系统操作留痕；平台不提供 DICOM 层面的设备授权管理。
2166,,,服务系统支持可选的覆盖写入功能，当相同SOP Instance UID的影像重复传送时，可依据配置进行覆盖或新增保存，增强数据处理的灵活性；支持影像先进先出机制。 +---------------------------------------------------------------------------------------------------------------------,配套产品响应,相同 SOP Instance UID 影像重复传送时的覆盖或新增策略，以及影像先进先出机制，属 PACS 存储引擎配置项，由配套 PACS 影像服务器提供。平台本身不存储影像数据，不提供影像写入策略配置。
2167,,,服务系统支持影像先进先出机制，当存储空间不足时，系统自动将最早检查的影像进行近线或离线处理，确保存储资源合理利用；支持存储量自动管理功能。 +---------------------------------------------------------------------------------------------------------------------------------,配套产品响应,影像先进先出、存储空间不足时最早影像自动近线/离线处理，以及存储量自动管理，属 PACS 归档与存储回收策略，由配套 PACS 影像服务器提供并配置。平台本身不存储影像数据，不提供影像存储容量管理。
2168,,,服务系统支持可自动转送影像至其他DICOM存储节点或通用文件存储系统，如远端FTP服务器和HTTP服务器，实现影像数据的多点备份和分发；支持影像自动转发功能（Auto-Routing）。 +---------------------------------------------------------------------------------------------------------,配套产品响应,影像自动转发（Auto-Routing）、向其他 DICOM 存储节点或 FTP/HTTP 文件存储的多点备份与分发，属 PACS 影像服务器能力，由配套 PACS 产品提供。平台本身不存储、不转发影像数据。
2169,,,服务系统支持同步创建JPEG文件，接收影像后自动创建并保存相同分辨率的JPEG影像文件，方便影像的快速预览和Web展示；支持创建AVI格式的动态影像。 +---------------------------------------------------------------------------------------------------------------------------,配套产品响应,接收影像后同步生成同分辨率 JPEG 预览文件及 AVI 动态影像文件，属 PACS 服务端影像处理能力，由配套 PACS 产品提供。平台本身不接收、不处理影像文件，仅提供 PACS 影像浏览入口的接入配置。
2170,,,服务系统支持创建AVI格式的动态影像，接收动态影像后自动生成并保存AVI影像文件，方便影像的多格式应用与分享；支持同步创建JPEG文件。 +----------------------------------------------------------------------------------------------------------------------------------,配套产品响应,接收动态影像后自动生成 AVI 文件及同步创建 JPEG 文件，属 PACS 服务端或影像工作站的影像转码能力，由配套 PACS 产品提供。平台本身不接收、不处理影像文件。
2171,,,服务系统支持DICOM Verification SOP Class的SCP/SCU服务，用于验证DICOM连接的可用性，确保影像设备与服务器之间的通信正常。 +-----------------------------------------------------------------------------------------------------------------------,配套产品响应,DICOM Verification SOP Class 的 SCP/SCU 服务（连接可用性验证）属 DICOM 网络服务，由配套 PACS 影像服务器提供。平台不内置 DICOM 网络服务，平台侧提供 PACS 影像浏览入口的接入配置。
2172,,,服务系统支持DICOM Store SOP Class的SCP/SCU服务，可接收和发送符合DICOM标准的影像数据，实现影像的存储和传输功能。 +------------------------------------------------------------------------------------------------------------------------------,配套产品响应,DICOM Store SOP Class 的 SCP/SCU 服务（影像接收、发送与存储）属 DICOM 网络服务，由配套 PACS 影像服务器提供。平台不内置 DICOM 网络服务、不存储影像数据，平台侧提供 PACS 影像浏览入口的接入配置。
2173,,,服务系统支持DICOM Find SOP Class的SCP/SCU服务，提供影像查询功能，支持多条件组合查询，快速定位所需影像数据。 +-----------------------------------------------------------------------------------------------------------------------------------,配套产品响应,DICOM Find SOP Class 的 SCP/SCU 服务（DICOM 影像多条件查询）属 DICOM 网络服务，由配套 PACS 影像服务器提供。平台侧提供医技工作台的检查工作列表查询（按患者、申请单、检查项目），面向技师端使用，不是面向设备的 DICOM 查询服务。
2174,,,服务系统支持DICOM Move SOP Class的SCP/SCU服务，支持影像数据的移动传输，可将影像从一个DICOM节点移动至另一个节点。 +------------------------------------------------------------------------------------------------------------------------------,配套产品响应,DICOM Move SOP Class 的 SCP/SCU 服务（影像在 DICOM 节点间移动传输）属 DICOM 网络服务，由配套 PACS 影像服务器提供。平台不内置 DICOM 网络服务、不参与影像节点间传输。
2175,,,服务系统支持DICOM Get SOP Class的SCP/SCU服务，支持影像数据的直接获取，提供更高效的影像调阅方式。 +-----------------------------------------------------------------------------------------------------------------------------------------,配套产品响应,DICOM Get SOP Class 的 SCP/SCU 服务（影像直接获取调阅）属 DICOM 网络服务，由配套 PACS 影像服务器提供。平台不内置 DICOM 网络服务，平台侧提供 PACS 影像浏览入口的接入配置供临床调阅。
2176,,,服务系统支持DICOM Storage Commitment SOP Class的SCP服务，确认影像数据已被安全存储，为影像存储提供可靠性保障。 +-----------------------------------------------------------------------------------------------------------------------------,配套产品响应,DICOM Storage Commitment SOP Class 的 SCP 服务（影像存储确认）属 DICOM 网络服务，由配套 PACS 影像服务器提供。平台不内置 DICOM 网络服务、不存储影像数据。
2177,,,服务系统支持DICOM Modality Worklist SOP Class的SCP服务，为检查设备提供工作列表，避免重复录入患者信息，提升工作效率。 +--------------------------------------------------------------------------------------------------------------------------,配套产品响应,DICOM Modality Worklist SOP Class 的 SCP 服务属 DICOM 网络服务，由配套 PACS/RIS 网关面向检查设备提供。平台侧提供医技工作台检查工作列表：已收费的检查申请自动进入工作列表并按检查类别归类，供技师端调阅；该工作列表面向技师端，检查设备免录入需通过配套 PACS 网关对接实现。
2178,,,服务系统支持DICOM MPPS SOP Class的SCP服务，实时接收设备上报的检查执行状态，掌握检查进度，支持检查流程的精细化管理。 +---------------------------------------------------------------------------------------------------------------------------------,配套产品响应,DICOM MPPS SOP Class 的 SCP 服务（接收设备上报的检查执行状态）属 DICOM 网络服务，由配套 PACS/RIS 网关提供。平台侧提供检查状态的人工维护：技师端到检登记、报告书写、审核发布，形成检查进度流转；设备自动上报需通过配套 PACS 网关对接实现。
2179,,,服务系统支持DICOM Grayscale Softcopy Presentation State（GSPS），保存和传输影像的显示状态信息，包括窗宽窗位、标注等，确保影像在不同工作站上的一致显示效果。 +-------------------------------------------------------------------------------------------------,配套产品响应,DICOM GSPS（灰度软拷贝显示状态，含窗宽窗位、标注等）的保存与传输属 PACS 与阅片工作站能力，由配套 PACS 产品提供。平台不内置影像显示与标注功能，平台侧提供 PACS 影像浏览入口的接入配置。
2180,★,,+-------------------------------+-----------------------------------------------------------------------------------------------------------------------------------------------------------------------,非参数行,文档转换产生的表格分隔残渣，不计入参数总数
2181,,,支持查看电子申请单详细信息，可对检查方法、检查部位进行核对，并能查看患者检查项目费用明细及适应症、临床意义、注意事项。 +-------------------------------------------------------------------------------------------------------------------------------------------,部分响应,已提供：医技工作台可查看电子申请单的申请单号、患者姓名、检查项目。尚未提供：检查方法、检查部位的核对信息；患者检查项目费用明细的查看；检查项目的适应症、临床意义、注意事项内容。上述缺项列入后续开发计划。
2182,,,支持纸质检查申请单数字化扫描存档，支持查看患者历史信息、职业病史等相关资料。 +----------------------------------------------------------------------------------------------------------------------------------------------------------------,部分响应,平台当前提供患者主索引基本信息与门诊病历既往史等患者历史信息的查看基础能力。本条所述纸质检查申请单数字化扫描存档、职业病史等专项资料的查看尚未提供，列入后续开发计划。
2183,,,支持单个检查部位或多个检查部位任意组合预约登记，一次登记可完成多部位检查安排，提高登记效率，满足不同超声检查需求。 +---------------------------------------------------------------------------------------------------------------------------------------------,部分响应,平台当前提供医技预约登记基础能力：按已收费的检查申请单逐单预约，选择日期与上午/下午时段后自动生成顺序号。本条所述单个或多个检查部位任意组合、一次登记完成多部位检查安排尚未提供，列入后续开发计划。
2184,,,支持单个申请单项目拆分为多次检查登记，也支持多个申请单合并为一次预约登记，灵活处理复杂超声检查申请场景。 +--------------------------------------------------------------------------------------------------------------------------------------------------,部分响应,平台当前提供医技预约登记基础能力：一张已收费检查申请单对应一次预约登记，支持改约与撤销。本条所述单个申请单拆分为多次检查登记、多个申请单合并为一次预约登记尚未提供，列入后续开发计划。
2185,,,支持患者信息批量登记预约处理，可通过导入方式批量处理多个患者的预约登记，适用于体检团队等批量预约场景。 +---------------------------------------------------------------------------------------------------------------------------------------------------,部分响应,平台当前提供医技预约登记基础能力：在预约队列中按患者逐条完成预约登记。本条所述通过导入方式批量处理多个患者预约登记（体检团队等批量场景）尚未提供，列入后续开发计划。
2186,,,支持患者通过自助终端完成电子检查申请信息的自助预约登记，减少人工窗口压力，提升患者就医体验。 +--------------------------------------------------------------------------------------------------------------------------------------------------------,部分响应,平台当前提供患者服务门户的门诊分时段预约挂号、我的预约查看与取消等自助服务基础能力。本条所述患者通过自助终端对电子检查申请进行自助预约登记尚未提供（检查预约目前由技师、护士等院内人员在医技预约登记中办理），列入后续开发计划。
2187,,,支持设置单日预约总人数上限控制，达到上限后系统自动提示并阻止超量预约，保障超声检查质量和患者等待时间。 +---------------------------------------------------------------------------------------------------------------------------------------------------,部分响应,平台当前提供门诊挂号号源的余量控制基础能力（号源满即不可再约）。本条所述医技/超声检查预约的单日预约总人数上限设置、达到上限自动提示并阻止超量预约尚未提供，列入后续开发计划。
2188,,,支持登记预约资源分布情况的可视化显示查询，以图表形式展示各时段、各设备的预约占用情况，辅助合理安排超声检查资源。 +----------------------------------------------------------------------------------------------------------------------------------------------,部分响应,平台当前提供医技预约队列的按日期列表查询基础能力（时段、顺序号、患者、项目、状态）。本条所述按时段、按设备的预约占用情况图表化可视化展示尚未提供（当前亦无检查设备/检查室资源设置），列入后续开发计划。
2189,,,支持检查号、分诊号的自动生成或人工手动分配两种模式，编号规则可自定义配置。 +-----------------------------------------------------------------------------------------------------------------------------------------------------------------,部分响应,已提供：分诊顺序号自动生成（按预约日期与时段自动顺序编号，并发下不重号）；检查申请单号前缀可配置。尚未提供：检查号、分诊号的人工手动分配模式；编号规则的自定义配置界面（当前仅申请单号前缀一项可调）。上述缺项列入后续开发计划。
2190,,,支持对已登记预约信息进行修改和撤销处理，修改操作留存操作日志，撤销后号源自动释放，支持批量撤销操作。 +----------------------------------------------------------------------------------------------------------------------------------------------------,部分响应,已提供：预约信息改约（重排时段与顺序号）、撤销与批量撤销；系统级操作留痕（记录操作人、时间与操作内容路径）。尚未提供：记录修改前后内容的业务级操作日志；撤销后号源自动释放（当前医技预约不设号源池与容量上限，撤销不涉及号源回收）。上述缺项列入后续开发计划。
2191,,,支持患者信息匿名登记模式，满足急诊、危重等无法提供完整信息患者的快速预约登记需求，后续可补充完善患者信息。 +-------------------------------------------------------------------------------------------------------------------------------------------------,部分响应,平台当前提供急诊预检分诊的无名氏登记基础能力。医技检查预约登记需患者已建档且检查申请单已收费，本条所述检查预约的患者信息匿名登记及后续补充完善患者信息的补录流程尚未提供，列入后续开发计划。
2192,,,支持检查导引单和报告领取通知单的打印功能，导引单包含检查时间、地点、注意事项等信息，支持自定义打印模板。 +--------------------------------------------------------------------------------------------------------------------------------------------------,部分响应,平台当前提供打印中心基础能力：挂号单、收费单、检验报告、住院费用日清单、出院小结、体温单、护理记录单等单据打印。本条所述检查导引单（检查时间、地点、注意事项）与报告领取通知单打印，以及自定义打印模板尚未提供，列入后续开发计划。
2193,,,支持预约患者签到管理，按照分诊列表签到顺序依次呼叫患者；实时展示各检查室候检人数、患者到达及呼叫状态。 +---------------------------------------------------------------------------------------------------------------------------------------------------,部分响应,已提供：预约患者到检登记（签到）；医技叫号队列按分诊列表顺序（时段、顺序号）依次呼叫下一位；等待中人数与今日已叫患者展示。尚未提供：按检查室维度实时展示各检查室候检人数、患者到达与呼叫状态（当前无检查室资源设置）；到检登记与叫号队列尚未整合为一个分诊签到台。上述缺项列入后续开发计划。
2194,,,支持实时显示各检查室当前候检人数、患者到达状态、呼叫状态等信息，帮助超声医师合理安排检查顺序。 +-------------------------------------------------------------------------------------------------------------------------------------------------------,部分响应,平台当前提供医技叫号队列的全院检查候检人数、等待与已叫状态展示基础能力。本条所述按各检查室分别实时显示候检人数、患者到达状态与呼叫状态尚未提供（当前无检查室资源设置及其与预约、叫号的关联），列入后续开发计划。
2195,,,支持候诊区大屏幕集中显示候诊信息，包括叫号信息、候诊人数、检查室状态等，引导患者有序候诊；支持手动语音叫号，可人工选择患者进行叫号。 +------------------------------------------------------------------------------------------------------------------------------------,部分响应,已提供：门诊候诊大屏，分栏显示请就诊、过号、候诊、就诊中患者及候诊人数，支持语音播报叫号并可开关。尚未提供：超声/医技候诊区大屏（含检查室状态显示）；人工选择指定患者进行手动叫号。上述缺项列入后续开发计划。
2196,,,支持诊室诊间屏实时显示患者候诊排队信息，包括当前检查患者、下一位候诊患者等信息，提升候诊透明度；具备过号功能，支持查看患者叫号次数、呼叫记录。 +-------------------------------------------------------------------------------------------------------------------------------,部分响应,已提供：门诊叫号的过号与重呼，每次呼叫均留存呼叫记录。尚未提供：诊室诊间屏页面（当前检查患者、下一位候诊患者显示）；患者叫号次数与呼叫记录的查询入口；医技/超声侧的过号处理。上述缺项列入后续开发计划。
2197,,,支持候诊患者顺序呼叫和指定呼叫两种模式，支持语音播报叫号；可调整患者检查顺序，对多次呼叫未进检查室的患者进行过号处理。 +-------------------------------------------------------------------------------------------------------------------------------------------,部分响应,已提供：门诊候诊患者顺序呼叫、语音播报叫号、人工过号处理。尚未提供：指定患者呼叫模式；患者检查顺序的手工调整；按呼叫次数自动判定过号（当前过号为人工操作）。上述缺项列入后续开发计划。
2198,,,支持跨诊室呼叫管理，当某检查室空闲时可呼叫其他检查室的候诊患者，提高设备利用率，减少患者等待时间。 +-----------------------------------------------------------------------------------------------------------------------------------------------------,部分响应,平台当前提供医技叫号队列按检查、检验、取药分别顺序呼叫的基础能力。本条所述跨检查室呼叫管理（某检查室空闲时呼叫其他检查室候诊患者）尚未提供（当前无检查室资源设置），列入后续开发计划。
2199,,,支持患者检查费用核对管理，登记时自动核验患者缴费状态，未缴费患者给予提示，防止漏费情况发生；支持根据申请单来源查询项目收费情况。 +--------------------------------------------------------------------------------------------------------------------------------------,部分响应,已提供：预约登记与检查工作列表仅纳入已缴费的检查申请单，未缴费申请单不能登记、不进入检查队列，从流程上防止漏费。尚未提供：登记时对未缴费患者的提示界面（当前为过滤而非提示，登记员看不到未缴费名单）；按申请单来源查询项目收费情况。上述缺项列入后续开发计划。
2200,,,支持电子检查申请重复登记提醒功能，系统自动识别同一患者的重复申请并给予警示，防止重复检查造成资源浪费。 +---------------------------------------------------------------------------------------------------------------------------------------------------,部分响应,已提供：重复检查识别后台服务，可按可配置天数内同一患者的同名已审核检查给出提示信息（用于检查结果互认）。尚未提供：该提醒在预约登记与开单界面的展示入口；对同一患者尚未完成的重复申请单的识别与警示。上述缺项列入后续开发计划。
2201,,,支持三种及以上型号、品牌的视频采集卡，兼容市场主流超声设备，采集卡驱动稳定可靠，支持热插拔；支持标清、高清视频信号采集，实现视频信号同步显示与采集。 +----------------------------------------------------------------------------------------------------------------------------,配套产品响应,视频采集卡的型号品牌兼容、驱动稳定性、热插拔及标清/高清视频信号采集与同步显示，属设备直连驱动与配套超声图文工作站能力，由配套超声图文工作站及采集卡厂商提供，兼容型号清单随配套产品资料提供。平台本身不含视频采集功能。
2202,,,支持标清和高清视频信号采集，兼容不同分辨率的超声设备输出信号；支持视频信号同步显示与采集，采集过程中可实时预览视频画面。 +------------------------------------------------------------------------------------------------------------------------------------------,部分响应,本条所述标清/高清视频信号采集、不同分辨率超声设备信号兼容及采集过程实时预览功能当前版本未提供，列入后续开发计划。
2203,,,支持视频信号同步显示与采集，采集过程中可实时预览视频画面，确保采集质量；支持视频图像自动采集，采集频率实现可调控制。 +--------------------------------------------------------------------------------------------------------------------------------------------,部分响应,本条所述视频信号同步显示与采集、采集过程实时预览及采集频率可调的自动采集功能当前版本未提供，列入后续开发计划。
2204,,,支持视频图像采集与录像，静态图像采集格式支持JPEG、BMP、PNG文件格式；动态视频录制支持压缩与非压缩模式保存；支持患者DICOM影像导入，并支持JPEG、BMP、PNG格式转换处理。 +--------------------------------------------------------------------------------------------------------,部分响应,本条所述视频图像采集与录像、JPEG/BMP/PNG 静态图像采集、压缩与非压缩动态视频录制、DICOM 影像导入及格式转换功能当前版本未提供，列入后续开发计划。
2205,,,支持视频图像自动采集，采集频率可灵活调节，满足不同超声检查的采集需求；支持脚踏开关、手柄、键盘、鼠标等多种采集触发方式。 +------------------------------------------------------------------------------------------------------------------------------------------,部分响应,本条所述视频图像自动采集、采集频率灵活调节及脚踏开关、手柄、键盘、鼠标等多种采集触发方式当前版本未提供，列入后续开发计划。
2206,,,支持脚踏开关、手柄、键盘、鼠标等多种采集触发方式，适应不同超声医师的操作习惯；在静态图像采集与动态视频录制时，提供语音、标识提醒。 +-------------------------------------------------------------------------------------------------------------------------------------,配套产品响应,脚踏开关、手柄、键盘、鼠标等外设采集触发方式及采集、录制时的语音与标识提醒，属设备直连驱动与配套超声图文工作站能力，由配套超声图文工作站提供。平台本身不含视频采集功能与外设输入处理。
2207,,,支持静态图像采集与动态视频录制状态的语音和标识提醒处理，帮助医师确认采集状态；支持图像、视频标位处理与音频信号录制。 +--------------------------------------------------------------------------------------------------------------------------------------------,部分响应,本条所述静态图像采集与动态视频录制状态的语音和标识提醒、图像与视频标位处理及音频信号录制功能当前版本未提供，列入后续开发计划。
2208,,,支持图像和视频标位处理，可在影像上标记检查部位信息；支持音频信号录制，可同步录制检查过程中的语音描述。 +---------------------------------------------------------------------------------------------------------------------------------------------------,部分响应,本条所述在影像上标记检查部位的图像与视频标位处理、检查过程语音描述的音频同步录制功能当前版本未提供，列入后续开发计划。
2209,,,支持音频信号录制，可同步录制超声检查过程中的语音描述，便于后续报告书写参考；支持静态图像与动态视频删除处理。 +------------------------------------------------------------------------------------------------------------------------------------------------,部分响应,本条所述检查过程音频信号录制及静态图像、动态视频删除处理功能当前版本未提供，列入后续开发计划。
2210,,,支持静态图像上下翻转、左右翻转、放大、缩小、裁剪编辑功能；支持静态图像角度、直线、箭头、圆、矩形、多边形和文字等批注工具。 +-----------------------------------------------------------------------------------------------------------------------------------------,配套产品响应,【二级证据评审建议，待项目组签字】图像批注控件产品参数；平台报告文本与附件台账已备
2211,,,支持静态图像角度、直线、箭头、圆、矩形、多边形和文字等批注工具，满足超声影像标注需求；支持测量数据快捷录入，并以表格形式插入报告。 +-------------------------------------------------------------------------------------------------------------------------------------,部分响应,平台当前提供检查报告书写基础能力：影像所见、诊断意见文本录入与报告模板套用。本条所述静态图像的角度、直线、箭头、圆、矩形、多边形、文字等批注工具，以及测量数据快捷录入并以表格插入报告尚未提供，列入后续开发计划。
2212,,,支持动态视频回放、下载与静态图像导入导出处理；支持患者影像数据集中存储，便于不同工作站间数据共享。 +-----------------------------------------------------------------------------------------------------------------------------------------------------,部分响应,患者影像数据的集中存储由配套 PACS 影像服务器承担，平台提供 PACS 影像浏览入口的接入配置。本条所述动态视频回放与下载、静态图像导入导出功能当前版本未提供，列入后续开发计划。
2213,,,支持静态图像与动态视频删除处理，删除操作留存操作记录；支持患者影像数据集中存储，便于不同工作站间数据共享。 +-------------------------------------------------------------------------------------------------------------------------------------------------,部分响应,患者影像数据的集中存储由配套 PACS 影像服务器承担，平台提供 PACS 影像浏览入口的接入配置。本条所述静态图像与动态视频删除处理及删除操作记录留存功能当前版本未提供，列入后续开发计划。
2214,,,支持患者视频切换处理，可在同一界面快速切换查看不同患者的视频影像；支持患者影像数据集中存储，便于不同工作站间数据共享。 +-------------------------------------------------------------------------------------------------------------------------------------------,部分响应,患者影像数据的集中存储由配套 PACS 影像服务器承担，平台提供 PACS 影像浏览入口的接入配置。本条所述在同一界面快速切换查看不同患者视频影像的功能当前版本未提供，列入后续开发计划。
2215,,,支持患者影像数据集中存储，便于不同超声工作站间数据共享和调阅；支持可选择采集的图片并录入备注插入报告，支持在图片插入时选择部位瞄点。 +------------------------------------------------------------------------------------------------------------------------------------,部分响应,患者影像数据的集中存储与工作站间共享调阅由配套 PACS 影像服务器承担，平台提供 PACS 影像浏览入口的接入配置。本条所述选择采集图片并录入备注插入报告、插入时选择部位瞄点的功能当前版本未提供，列入后续开发计划。
2216,,,支持患者DICOM影像导入，并支持JPEG、BMP、PNG格式转换处理；支持DICOM动态影像转非DICOM格式；支持部位图像设置，可根据机构、类型自定义人体部位图及对应位置。 +--------------------------------------------------------------------------------------------------------------,部分响应,本条所述患者 DICOM 影像导入与 JPEG/BMP/PNG 格式转换、DICOM 动态影像转非 DICOM 格式，以及按机构、类型自定义人体部位图及对应位置的部位图像设置功能当前版本未提供，列入后续开发计划。
2217,,,支持采集卡无视频输入信号提醒处理，当采集卡未检测到视频信号时自动提示，避免空采集操作；支持多种采集触发方式。 +------------------------------------------------------------------------------------------------------------------------------------------------,配套产品响应,采集卡无视频输入信号的检测与自动提醒，以及多种采集触发方式，依赖采集卡驱动状态回读，属设备直连驱动与配套超声图文工作站能力，由配套超声图文工作站及采集卡厂商提供。平台本身不含视频采集功能。
2218,,,支持所见即所得的检查报告书写模式，可调用检查报告模板；可查看患者临床诊断信息、备注及原始电子申请单或拍摄件；书写报告时支持缩放、调整字体大小、图像大小、行距，添加顺序码、插入特殊字符，查看修改痕迹，支持报告收藏。 +--------------------------------------------------------------------------------------------,部分响应,已提供：检查报告书写（影像所见、诊断意见）、检查报告模板调用、审核前反复修改。尚未提供：所见即所得富文本编辑器及其缩放、字体大小、图像大小、行距调整、顺序码添加、特殊字符插入；修改痕迹查看；报告收藏；报告书写界面查看患者临床诊断信息、备注及原始电子申请单或拍摄件。上述缺项列入后续开发计划。
2219,,,支持检查报告模板自定义，可按检查类型、部位等维度创建专科报告模板；支持自定义诊断模板，可根据项目定义，设置为公共或私有，提高报告书写效率和规范性。 +-----------------------------------------------------------------------------------------------------------------------------,部分响应,已提供：检查报告模板按检查类型与科室维度维护（新增、复制为新模板），报告书写时可选用套用。尚未提供：按检查部位维度创建模板；模板的公共/私有区分；按项目定义的独立诊断模板；模板的原地修改与停用。上述缺项列入后续开发计划。
2220,,,支持特殊医学符号和常用词条的快速引用，内置超声科常用术语词库；支持自定义常用词条，按类型、项目分类设置，可定义为共有词条或私有词条。 +------------------------------------------------------------------------------------------------------------------------------------,部分响应,平台当前提供检查报告模板套用的基础能力。本条所述特殊医学符号与常用词条快速引用、内置超声科术语词库、按类型和项目分类的自定义词条及共有/私有词条设置尚未提供，列入后续开发计划。
2221,,,支持检查报告的撤销和修改功能，修改操作留存完整修改痕迹；支持检查报告自动保存功能，书写过程中定时自动保存草稿，防止内容丢失。 +----------------------------------------------------------------------------------------------------------------------------------------,部分响应,已提供：检查报告在审核发布前可反复修改。尚未提供：报告撤销（审核发布后退回修改）；修改操作的完整修改痕迹留存；书写过程中定时自动保存草稿。上述缺项列入后续开发计划。
2222,,,支持描述模板的引用、新建、删除、修改操作，模板按科室和个人分类管理；支持自定义常用词条，可按类型、项目定义，设置为共有词条或私有词条。 +-----------------------------------------------------------------------------------------------------------------------------------,部分响应,已提供：描述模板的引用与新建（含复制为新模板），模板按科室分类管理（指定科室或全院通用）。尚未提供：模板的删除与修改；模板按个人分类管理；自定义常用词条体系（按类型、项目定义及共有/私有词条）。上述缺项列入后续开发计划。
2223,,,支持检查阴性/阳性标记和危急值影像质控控制，危急值报告自动触发提醒流程；支持传染病上报功能；支持过程质控，质控内容支持自定义。 +---------------------------------------------------------------------------------------------------------------------------------------,部分响应,已提供：检查危急值标记与自动提醒闭环（标记后自动通知开单医师、限时确认、危急值告警处理页）；传染病报卡的填报、审核、上报与查询。尚未提供：检查阴性/阳性标记；可自定义质控内容的检查过程质控。上述缺项列入后续开发计划。
2224,,,支持同时打开多个患者报告进行对比阅读；支持同一患者不同图像与不同患者图像比对；支持报告内容词汇合理性校验功能，书写报告时若出现不合理词汇系统自动提示。 +---------------------------------------------------------------------------------------------------------------------------,部分响应,平台当前提供单份检查报告的查看与书写基础能力。本条所述同时打开多个患者报告对比阅读、同一患者不同图像及不同患者图像比对、报告内容词汇合理性自动校验提示尚未提供，列入后续开发计划。
2225,,,支持同一患者历史报告自动关联显示，医生书写报告时可直接查看该患者既往超声检查报告，便于对比分析病情变化。 +--------------------------------------------------------------------------------------------------------------------------------------------------,部分响应,已提供：同一患者历史检查报告关联的后台服务（按患者返回一定天数内已审核检查的项目、类别与诊断意见）。尚未提供：报告书写界面中既往超声检查报告的自动关联展示入口。上述缺项列入后续开发计划。
2226,,,支持查看患者历史检查报告，可一键复制历史报告内容至当前报告，减少重复书写工作量；支持自定义报告合理词汇校验，保障报告内容准确性。 +--------------------------------------------------------------------------------------------------------------------------------------,部分响应,平台当前提供同一患者历史检查报告查询的后台服务基础能力。本条所述在报告界面查看历史检查报告、一键复制历史报告内容至当前报告、自定义报告合理词汇校验尚未提供，列入后续开发计划。
2227,,,支持加载患者历史检查影像，可在当前报告书写界面直接调阅历史超声影像进行对比；可确定患者是否需要随访及随访时间、内容。 +--------------------------------------------------------------------------------------------------------------------------------------------,部分响应,已提供：患者随访管理（建立随访计划，含随访主题、随访日期，查看随访任务并完成随访记录结果）。尚未提供：报告书写界面内加载患者历史超声影像并与当前影像对比调阅；从检查报告界面直接发起随访设置（当前随访在患者服务模块办理，与超声报告流程未打通）。上述缺项列入后续开发计划。
2228,,,支持报告修改历史的同框、同屏对比显示，可直观查看修改前后的差异，支持修改内容标注，便于质控审核；支持自定义特殊字符。 +--------------------------------------------------------------------------------------------------------------------------------------------,部分响应,平台当前提供检查报告审核前修改的基础能力。本条所述报告修改历史的同框、同屏对比显示、修改内容标注及自定义特殊字符尚未提供（当前报告修改不保留历史版本），列入后续开发计划。
2229,,,支持检查报告驳回功能，上级医生可驳回下级报告并填写驳回原因；支持报告质量评价、图片质量评价和分级审核流程；支持检查报告保存为草稿、保存、审核、驳回、打印、预览导出全流程管理。 +---------------------------------------------------------------------------------------------------------------,部分响应,已提供：检查报告保存、分级审核发布（审核人不得为报告医师本人）、审核发布后生成限时分享链接。尚未提供：上级医生驳回报告并填写驳回原因；报告质量评价与图片质量评价；报告草稿态保存；报告打印与预览导出。上述缺项列入后续开发计划。
2230,,,支持检查报告自动保存功能，书写过程中定时自动保存草稿，防止因意外情况导致报告内容丢失；具备登录账户超时注销、超时退出功能，保障系统访问安全。 +--------------------------------------------------------------------------------------------------------------------------------,部分响应,已提供：检查报告手工保存；登录凭证有效期可配置，到期后自动退出登录并提示重新登录。尚未提供：报告书写过程中定时自动保存草稿；基于无操作空闲时长的超时自动注销。上述缺项列入后续开发计划。
2231,,,支持报告打印预览功能，打印前可预览报告排版效果，支持自定义报告打印模板，满足不同医院的报告格式要求。 +----------------------------------------------------------------------------------------------------------------------------------------------------,部分响应,平台当前提供打印中心基础能力（挂号单、收费单、检验报告、住院费用日清单、出院小结、体温单、护理记录单等打印）以及检查报告正文文字模板。本条所述检查报告打印预览与自定义报告打印版式模板尚未提供，列入后续开发计划。
2232,,,支持检查报告批量打印功能，可按日期、设备、医生等条件筛选批量打印；支持报告数据批量导出；支持病例列表导出、打印。 +----------------------------------------------------------------------------------------------------------------------------------------------,部分响应,平台当前提供部分经营与质控统计报表的 CSV 导出基础能力。本条所述按日期、设备、医生筛选的检查报告批量打印、报告数据批量导出、病例列表导出与打印尚未提供，列入后续开发计划。
2233,,,支持登录账户超时自动注销和超时退出功能，超时时长可配置，保障系统安全；支持按角色、科室精准控制权限。 +----------------------------------------------------------------------------------------------------------------------------------------------------,部分响应,已提供：登录凭证有效期可配置，到期自动退出登录；按角色的功能权限控制与菜单授权。尚未提供：基于无操作空闲时长的超时自动注销或锁屏；按科室的数据范围权限控制。上述缺项列入后续开发计划。
2234,,,支持患者随访记录管理功能，可记录患者随访时间、随访结果、随访医生等信息；支持自定义随访内容，可根据随访计划查看随访任务。 +------------------------------------------------------------------------------------------------------------------------------------------,正偏离/无偏离,由患者服务模块「患者随访」提供：建立随访计划（患者、随访主题、随访渠道、随访日期，随访内容以自定义文本录入），按状态查看待办与已完成的随访任务，完成随访时记录随访结果与完成时间，并记录随访计划的建立人。
2235,,,支持报告医师、记录员、检查医师、审核医师、送检医师工作量汇总和明细统计，支持个人和科室工作量对比分析。 +---------------------------------------------------------------------------------------------------------------------------------------------------,部分响应,平台当前提供门诊医生接诊量统计的基础能力。本条所述报告医师、记录员、检查医师、审核医师、送检医师的工作量汇总与明细统计，以及个人与科室工作量对比分析尚未提供，列入后续开发计划。
2236,,,支持检查阳性率汇总和明细统计，可按检查类型、部位、时间段等维度统计超声检查阳性率，为科室质量管理提供数据支撑。 +-----------------------------------------------------------------------------------------------------------------------------------------------,部分响应,本条所述按检查类型、部位、时间段等维度的超声检查阳性率汇总与明细统计功能当前版本未提供（当前检查记录无阴性/阳性标记与检查部位信息），列入后续开发计划。
2237,,,支持患者检查记录簿、病人记录簿打印，满足超声科日常管理和档案归档需求；支持统计报表打印功能。 +--------------------------------------------------------------------------------------------------------------------------------------------------------,部分响应,平台当前提供经营统计报表的屏幕查看与 CSV 下载基础能力。本条所述患者检查记录簿、病人记录簿打印及统计报表打印功能尚未提供，列入后续开发计划。
2238,,,支持部位检查人次统计、送检科室汇总统计、设备部位人次统计、设备部位人次明细统计、医技开单统计、会诊病例统计、随访病例统计等多维度统计分析。 +---------------------------------------------------------------------------------------------------------------------------------,部分响应,平台当前提供会诊记录与随访记录管理以及门诊、住院经营统计报表的基础能力。本条所述部位检查人次、送检科室汇总、设备部位人次汇总与明细、医技开单、会诊病例、随访病例等多维度统计分析尚未提供，列入后续开发计划。
2239,,,支持统计报表打印功能，所有统计报表均支持预览和打印输出，支持导出为Excel格式；内置标准统计报表，也可根据医院实际需要定制统计报表。 +-----------------------------------------------------------------------------------------------------------------------------------,部分响应,已提供：内置经营与质控统计报表；科室月报、医保费用、费用分类、病案质控统计支持 CSV 导出（Excel 可直接打开）；自定义报表查询引擎（只读查询、屏幕展示）。尚未提供：全部统计报表统一支持导出；统计报表打印预览与打印版式；自定义报表结果导出（当前限于屏幕展示）；超声/内镜专科统计报表。上述缺项列入后续开发计划。
2240,★,,+-------------------------------+-----------------------------------------------------------------------------------------------------------------------------------------------------------------------,非参数行,文档转换产生的表格分隔残渣，不计入参数总数
2241,,,支持查看电子申请单详细信息，可对检查方法、检查部位进行核对，并能查看患者检查项目费用明细。 +---------------------------------------------------------------------------------------------------------------------------------------------------------,部分响应,已提供：医技工作台可查看电子申请单的申请单号、患者姓名、检查项目。尚未提供：检查方法、检查部位的核对信息；患者检查项目费用明细的查看。上述缺项列入后续开发计划。
2242,,,支持纸质检查申请单数字化扫描存档；支持查看患者历史信息、职业病史等相关资料。 +----------------------------------------------------------------------------------------------------------------------------------------------------------------,部分响应,平台当前提供患者主索引基本信息与门诊病历既往史等患者历史信息的查看基础能力。本条所述纸质检查申请单数字化扫描存档及职业病史等专项资料的查看尚未提供，列入后续开发计划。
2243,,,支持单个检查部位或多个检查部位任意组合预约登记，一次登记可完成多部位检查安排，提高登记效率，满足不同内镜检查需求。 +---------------------------------------------------------------------------------------------------------------------------------------------,部分响应,平台当前提供医技预约登记基础能力：按已收费的检查申请单逐单预约，选择日期与上午/下午时段后自动生成顺序号。本条所述单个或多个检查部位任意组合、一次登记完成多部位内镜检查安排尚未提供，列入后续开发计划。
2244,,,支持单个申请单项目拆分为多次检查登记，也支持多个申请单合并为一次预约登记，灵活处理复杂内镜检查申请场景。 +--------------------------------------------------------------------------------------------------------------------------------------------------,部分响应,平台当前提供医技预约登记基础能力：一张已收费检查申请单对应一次预约登记，支持改约与撤销。本条所述单个申请单拆分为多次检查登记、多个申请单合并为一次预约登记尚未提供，列入后续开发计划。
2245,,,支持患者信息批量登记预约处理，可通过导入方式批量处理多个患者的预约登记，适用于体检团队等批量预约场景。 +---------------------------------------------------------------------------------------------------------------------------------------------------,部分响应,平台当前提供医技预约登记基础能力：在预约队列中按患者逐条完成预约登记。本条所述通过导入方式批量处理多个患者预约登记（体检团队等批量场景）尚未提供，列入后续开发计划。
2246,,,支持患者通过自助终端完成电子检查申请信息的自助预约登记，减少人工窗口压力，提升患者就医体验。 +--------------------------------------------------------------------------------------------------------------------------------------------------------,部分响应,平台当前提供患者服务门户的门诊在线预约挂号、分时段预约、我的预约查看与取消等自助服务基础能力。本条所述患者通过自助终端对电子检查申请进行自助预约登记尚未提供（检查预约目前由院内人员在医技预约登记中办理），列入后续开发计划。
2247,,,支持设置单日预约总人数上限控制，达到上限后系统自动提示并阻止超量预约，保障内镜检查质量和患者等待时间。 +---------------------------------------------------------------------------------------------------------------------------------------------------,部分响应,平台当前提供门诊挂号号源的容量与余量控制基础能力。本条所述内镜检查预约的单日预约总人数上限设置、达到上限自动提示并阻止超量预约尚未提供，列入后续开发计划。
2248,,,支持登记预约资源分布情况的可视化显示查询，以图表形式展示各时段、各设备的预约占用情况，辅助合理安排内镜检查资源。 +----------------------------------------------------------------------------------------------------------------------------------------------,部分响应,平台当前提供医技预约队列的按日期列表查询基础能力（时段、顺序号、患者、项目、状态）。本条所述按时段、按设备的预约占用情况图表化可视化展示尚未提供（当前预约无设备维度），列入后续开发计划。
2249,,,支持检查号、分诊号的自动生成或人工手动分配两种模式，编号规则可自定义配置。 +-----------------------------------------------------------------------------------------------------------------------------------------------------------------,部分响应,已提供：检查顺序号自动生成（按预约日期与时段自动顺序编号，并发下不重号）；门诊挂号序号自动生成。尚未提供：检查号、分诊号的人工手动分配模式；编号规则的自定义配置。上述缺项列入后续开发计划。
2250,,,支持对已登记预约信息进行修改和撤销处理，修改操作留存操作日志，撤销后号源自动释放，支持批量撤销操作。 +----------------------------------------------------------------------------------------------------------------------------------------------------,部分响应,已提供：预约信息改约（重排顺序号，未叫号前可改）、撤销与批量撤销；系统级操作留痕（记录操作人、时间与操作内容路径）。尚未提供：记录修改前后内容的业务级操作日志；撤销后号源自动释放（当前医技预约不设号源池与容量上限，撤销不涉及号源回收）。上述缺项列入后续开发计划。
2251,,,支持患者信息匿名登记模式，满足急诊、危重等无法提供完整信息患者的快速预约登记需求，后续可补充完善患者信息。 +-------------------------------------------------------------------------------------------------------------------------------------------------,部分响应,平台急诊预检分诊支持患者未建档时以无名氏编号先行建立分诊记录，无需完整患者信息。但检查预约登记以已建档患者的检查申请单为前提，本条所述检查登记环节的匿名登记及后续补录完善患者信息的通路尚未提供，列入后续开发计划。
2252,,,支持检查导引单和报告领取通知单的打印功能，导引单包含检查时间、地点、注意事项等信息，支持自定义打印模板。 +--------------------------------------------------------------------------------------------------------------------------------------------------,部分响应,平台打印中心当前提供挂号凭条、收费票据、检验报告单、住院费用一日清单、出院小结、体温单、护理记录单等单据打印。本条所述检查导引单（含检查时间、地点、注意事项）与报告领取通知单打印，以及自定义打印模板机制当前版本未提供，列入后续开发计划。
2253,,,支持预约患者签到管理，按照分诊列表签到顺序依次呼叫患者；实时展示各检查室候检人数、患者到达及呼叫状态；以视图形式呈现检查室当前总预约人次、已签到人次、等候人次、未签到人次及患者检查项目信息。 +-------------------------------------------------------------------------------------------------------,部分响应,已提供：检查到检登记（医技检查站「到检」操作）；检查叫号队列（预约叫号中心「检查叫号」页签，按预约时段与序号顺序呼叫，展示等候患者与今日已叫患者）。尚未提供：按检查室维度的候检人数、到达与呼叫状态展示；检查室总预约人次、已签到人次、等候人次、未签到人次的汇总视图；候检列表中患者检查项目信息的呈现。上述缺项列入后续开发计划。
2254,,,支持实时显示各检查室当前候检人数、患者到达状态、呼叫状态等信息，帮助内镜医师合理安排检查顺序。 +-------------------------------------------------------------------------------------------------------------------------------------------------------,部分响应,已提供：检查叫号队列（等候列表与今日已叫列表）、患者到检状态登记。尚未提供：按检查室分组的候检人数与到达、呼叫状态展示；候检信息的自动刷新实时显示（当前需切换页签手动刷新）。上述缺项列入后续开发计划。
2255,,,支持候诊区大屏幕集中显示候诊信息，包括叫号信息、候诊人数、检查室状态等，引导患者有序候诊；支持手动语音叫号，可人工选择患者进行叫号。 +------------------------------------------------------------------------------------------------------------------------------------,部分响应,已提供：门诊候诊大屏（候诊、请就诊、就诊中、过号四栏集中显示，定时自动刷新）及顺序叫号的中文语音播报。尚未提供：检查（内镜）候诊区专用大屏与语音播报；人工选择指定患者叫号（当前仅支持顺序叫号，过号患者可重呼）；检查室状态展示。上述缺项列入后续开发计划。
2256,,,支持诊室诊间屏实时显示患者候诊排队信息，包括当前检查患者、下一位候诊患者等信息，提升候诊透明度；具备过号功能，支持查看患者叫号次数、呼叫记录。 +-------------------------------------------------------------------------------------------------------------------------------,部分响应,已提供：门诊科室候诊大屏，含过号处理与过号患者重呼，每次呼叫均记录呼叫日志。尚未提供：诊室诊间屏（当前仅有科室级大屏，无诊间级「当前患者/下一位候诊」视图）；患者叫号次数与呼叫记录的查询展示；检查队列侧的过号功能。上述缺项列入后续开发计划。
2257,,,支持候诊患者顺序呼叫和指定呼叫两种模式，支持语音播报叫号。 +-------------------------------------------------------------------------------------------------------------------------------------------------------------------------,部分响应,已提供：门诊候诊顺序呼叫（自动取候诊最小号，多诊室并发叫号防重复）及语音播报；检查队列顺序呼叫。尚未提供：指定患者呼叫模式（当前仅过号患者可指定重呼）；检查、检验队列的语音播报。上述缺项列入后续开发计划。
2258,,,可调整患者检查顺序，对多次呼叫未进检查室的患者进行过号处理。 +------------------------------------------------------------------------------------------------------------------------------------------------------------------------,部分响应,已提供：门诊候诊中已叫号未到患者的过号处理与过号重呼；检查顺序可通过改约调整预约时段与序号。尚未提供：检查队列的过号处理；按呼叫次数自动触发过号的规则（当前由人工点击过号）；检查顺序的直接上下调序操作。上述缺项列入后续开发计划。
2259,,,支持患者检查费用核对管理，登记时自动核验患者缴费状态，未缴费患者给予提示，防止漏费情况发生。 +--------------------------------------------------------------------------------------------------------------------------------------------------------,正偏离/无偏离,由医技检查站与检查预约模块提供：以缴费状态为硬性前置，仅已收费的检查申请单自动进入检查登记工作队列与待预约列表，预约时再次核验申请单收费状态，未缴费申请单不予登记与预约并给出提示，从源头防止漏费。
2260,,,支持根据申请单来源查询项目收费情况。 +------------------------------------------------------------------------------------------------------------------------------------------------------------------------------------,部分响应,平台当前提供全院月度费用类别构成统计（分门诊、住院）基础能力。本条所述按申请单来源查询项目收费情况的功能当前版本未提供，列入后续开发计划。
2261,,,支持标清、高清视频信号采集，实现视频信号同步显示与采集。 +--------------------------------------------------------------------------------------------------------------------------------------------------------------------------,配套产品响应,内镜标清/高清视频信号的采集与同步显示依赖采集卡及内镜图文工作站的配套硬件与驱动，由内镜设备/图文工作站厂商配套提供。平台当前提供内镜检查登记、报告书写与审核发布功能；采集端与平台之间的影像关联接口尚未提供，列入后续开发计划。
2262,,,支持标清和高清视频信号采集，兼容不同分辨率的内镜设备输出信号。 +-----------------------------------------------------------------------------------------------------------------------------------------------------------------------,配套产品响应,不同分辨率内镜设备输出信号的标清/高清采集兼容依赖采集卡驱动能力，由内镜设备/图文工作站厂商配套提供。平台当前提供内镜检查登记、报告书写与审核发布功能；采集端与平台之间的影像关联接口尚未提供，列入后续开发计划。
2263,,,支持视频信号同步显示与采集，采集过程中可实时预览视频画面，确保采集质量；支持视频图像自动采集，采集频率实现可调控制。 +--------------------------------------------------------------------------------------------------------------------------------------------,配套产品响应,视频信号同步显示、采集实时预览与自动采集频率控制属内镜图文工作站的配套软硬件能力，由内镜设备/图文工作站厂商配套提供。平台当前提供内镜检查登记、报告书写与审核发布功能；采集端与平台之间的影像关联接口及采集参数配置尚未提供，列入后续开发计划。
2264,,,支持视频图像采集与录像，静态图像采集格式支持JPEG、BMP、PNG文件格式；动态视频录制支持压缩与非压缩模式保存；支持患者DICOM影像导入，并支持JPEG、BMP、PNG格式转换处理。 +--------------------------------------------------------------------------------------------------------,部分响应,平台当前提供内镜检查报告的文本书写与审核发布基础能力。本条所述静态图像采集（JPEG/BMP/PNG）、压缩与非压缩模式视频录制、DICOM 影像导入及格式转换功能当前版本未提供，列入后续开发计划。
2265,,,支持视频图像自动采集，采集频率可灵活调节，满足不同内镜检查的采集需求；支持脚踏开关、手柄、键盘、鼠标等多种采集触发方式。 +------------------------------------------------------------------------------------------------------------------------------------------,配套产品响应,视频图像自动采集、采集频率调节以及脚踏开关、手柄、键盘、鼠标等外设触发采集，属内镜图文工作站的配套硬件与驱动能力，由内镜设备/图文工作站厂商配套提供。平台当前提供内镜检查登记、报告书写与审核发布功能；采集端与平台之间的影像关联接口尚未提供，列入后续开发计划。
2266,,,支持脚踏开关、手柄、键盘、鼠标等多种采集触发方式，适应不同内镜医师的操作习惯；在静态图像采集与动态视频录制时，提供语音、标识提醒。 +-------------------------------------------------------------------------------------------------------------------------------------,配套产品响应,脚踏开关、手柄、键盘、鼠标等多种采集触发方式属内镜图文工作站的配套硬件与驱动能力，由内镜设备/图文工作站厂商配套提供。平台当前提供内镜检查登记、报告书写与审核发布功能；采集状态的语音与标识提醒及采集端与平台之间的影像关联接口尚未提供，列入后续开发计划。
2267,,,支持静态图像采集与动态视频录制状态的语音和标识提醒处理，帮助医师确认采集状态；支持图像、视频标位处理与音频信号录制。 +--------------------------------------------------------------------------------------------------------------------------------------------,部分响应,平台当前提供内镜检查报告的文本书写与审核发布基础能力。本条所述静态图像采集与视频录制状态的语音、标识提醒，图像与视频标位处理，以及音频信号录制功能当前版本未提供，列入后续开发计划。
2268,,,支持图像和视频标位处理，可在影像上标记检查部位信息；支持音频信号录制，可同步录制内镜检查过程中的语音描述。 +-------------------------------------------------------------------------------------------------------------------------------------------------,部分响应,平台当前提供内镜检查报告的文本书写与审核发布基础能力。本条所述在影像上标记检查部位的图像与视频标位处理，以及同步录制检查过程语音描述的音频录制功能当前版本未提供，列入后续开发计划。
2269,,,支持音频信号录制，可同步录制内镜检查过程中的语音描述，便于后续报告书写参考；支持静态图像与动态视频删除处理。 +------------------------------------------------------------------------------------------------------------------------------------------------,部分响应,平台当前提供内镜检查报告的文本书写与审核发布基础能力。本条所述检查过程语音描述的音频录制，以及静态图像与动态视频的删除处理功能当前版本未提供，列入后续开发计划。
2270,,,支持静态图像上下翻转、左右翻转、放大、缩小、裁剪编辑功能；支持静态图像角度、直线、箭头、圆、矩形、多边形和文字等批注工具。 +-----------------------------------------------------------------------------------------------------------------------------------------,配套产品响应,【二级证据评审建议，待项目组签字】图像批注控件产品参数；平台报告文本与附件台账已备
2271,,,支持静态图像角度、直线、箭头、圆、矩形、多边形和文字等批注工具，满足内镜影像标注需求；支持测量数据快捷录入，并以表格形式插入报告。 +-------------------------------------------------------------------------------------------------------------------------------------,部分响应,平台当前提供内镜检查报告的文本书写（影像所见、诊断意见）与模板套用基础能力。本条所述静态图像的角度、直线、箭头、圆、矩形、多边形、文字等批注工具，以及测量数据快捷录入并以表格形式插入报告的功能当前版本未提供，列入后续开发计划。
2272,,,支持动态视频回放、下载与静态图像导入导出处理；支持患者影像数据集中存储，便于不同工作站间数据共享。 +-----------------------------------------------------------------------------------------------------------------------------------------------------,部分响应,平台当前提供内镜检查报告的文本书写与审核发布基础能力，并预留影像浏览器地址配置。本条所述动态视频回放与下载、静态图像导入导出、患者影像数据集中存储及跨工作站共享功能当前版本未提供，列入后续开发计划。
2273,,,支持静态图像与动态视频删除处理，删除操作留存操作记录；支持患者影像数据集中存储，便于不同工作站间数据共享。 +-------------------------------------------------------------------------------------------------------------------------------------------------,部分响应,平台当前提供内镜检查报告的文本书写与审核发布基础能力。本条所述静态图像与动态视频的删除处理及删除操作留痕，以及患者影像数据集中存储与跨工作站共享功能当前版本未提供，列入后续开发计划。
2274,,,支持患者视频切换处理，可在同一界面快速切换查看不同患者的视频影像；支持患者影像数据集中存储，便于不同工作站间数据共享。 +-------------------------------------------------------------------------------------------------------------------------------------------,部分响应,平台当前提供内镜检查报告的文本书写与审核发布基础能力。本条所述同一界面切换查看不同患者视频影像，以及患者影像数据集中存储与跨工作站共享功能当前版本未提供，列入后续开发计划。
2275,,,支持患者影像数据集中存储，便于不同内镜工作站间数据共享和调阅；支持可选择采集的图片并录入备注插入报告，支持在图片插入时选择部位瞄点。 +------------------------------------------------------------------------------------------------------------------------------------,部分响应,平台当前提供内镜检查报告的文本书写（影像所见、诊断意见）与审核发布基础能力。本条所述患者影像集中存储与跨工作站共享调阅、选择采集图片录入备注插入报告、图片插入时选择部位瞄点的功能当前版本未提供，列入后续开发计划。
2276,,,支持患者DICOM影像导入，并支持JPEG、BMP、PNG格式转换处理；支持DICOM动态影像转非DICOM格式；支持部位图像设置，可根据机构、类型自定义人体部位图及对应位置。 +--------------------------------------------------------------------------------------------------------------,部分响应,平台当前提供内镜检查报告的文本书写与审核发布基础能力。本条所述 DICOM 影像导入及 JPEG/BMP/PNG 格式转换、DICOM 动态影像转非 DICOM 格式、按机构与类型自定义人体部位图及对应位置的功能当前版本未提供，列入后续开发计划。
2277,,,支持采集卡无视频输入信号提醒处理，当采集卡未检测到视频信号时自动提示，避免空采集操作；支持多种采集触发方式。 +------------------------------------------------------------------------------------------------------------------------------------------------,配套产品响应,采集卡无视频输入信号的检测与提醒，以及多种采集触发方式，属采集卡驱动层与内镜图文工作站的配套能力，由内镜设备/图文工作站厂商配套提供。平台当前提供内镜检查登记、报告书写与审核发布功能；采集端与平台之间的影像关联接口尚未提供，列入后续开发计划。
2278,,,支持所见即所得的检查报告书写模式，可调用检查报告模板；可查看患者临床诊断信息、备注及原始电子申请单或拍摄件；书写报告时支持缩放、调整字体大小、图像大小、行距，添加顺序码、插入特殊字符，查看修改痕迹，支持报告收藏。 +--------------------------------------------------------------------------------------------,部分响应,已提供：检查报告模板套用（报告界面选择模板一键写入影像所见）与报告保存。尚未提供：所见即所得富文本编辑（当前为纯文本录入）；临床诊断、备注、原始电子申请单或拍摄件的调阅；缩放、字体大小、图像大小、行距调整；顺序码添加与特殊字符插入；修改痕迹查看；报告收藏。上述缺项列入后续开发计划。
2279,,,支持检查报告模板自定义，可按检查类型、部位等维度创建专科报告模板；支持自定义诊断模板，可根据项目定义，设置为公共或私有，提高报告书写效率和规范性。 +-----------------------------------------------------------------------------------------------------------------------------,部分响应,已提供：检查报告模板维护（按科室或全院通用建立模板，支持新增、复制为新模板、查看），报告书写时可选择套用。尚未提供：按检查类型、部位维度建立模板；个人私有模板；独立的诊断模板及按项目定义；模板的修改与删除。上述缺项列入后续开发计划。
2280,,,支持特殊医学符号和常用词条的快速引用，内置内镜科常用术语词库；支持自定义常用词条，按类型、项目分类设置，可定义为共有词条或私有词条。 +------------------------------------------------------------------------------------------------------------------------------------,部分响应,平台当前提供检查报告模板套用基础能力。本条所述特殊医学符号快速引用、内置内镜科常用术语词库、按类型与项目分类的共有/私有自定义常用词条功能当前版本未提供，列入后续开发计划。
2281,,,支持检查报告的撤销和修改功能，修改操作留存完整修改痕迹；支持检查报告自动保存功能，书写过程中定时自动保存草稿，防止内容丢失。 +----------------------------------------------------------------------------------------------------------------------------------------,部分响应,已提供：检查报告在审核发布前可反复修改（医技检查站「修改报告」）。尚未提供：已审核报告的撤销撤回；修改痕迹留存（当前为覆盖保存，无版本记录）；书写过程中定时自动保存草稿。上述缺项列入后续开发计划。
2282,,,支持描述模板的引用、新建、删除、修改操作，模板按科室和个人分类管理；支持自定义常用词条，可按类型、项目定义，设置为共有词条或私有词条。 +-----------------------------------------------------------------------------------------------------------------------------------,部分响应,已提供：描述模板引用（报告界面下拉套用）、新建与复制为新模板，模板按科室或全院通用分类管理。尚未提供：模板的删除与修改；按个人分类管理；按类型、项目定义的共有/私有自定义常用词条。上述缺项列入后续开发计划。
2283,,,支持检查阴性/阳性标记和危急值影像质控控制，危急值报告自动触发提醒流程；支持传染病上报功能；支持过程质控，质控内容支持自定义。 +---------------------------------------------------------------------------------------------------------------------------------------,部分响应,已提供：检查危急值标记与闭环管理（标记后自动通知开单医师并限时确认）；传染病报卡管理（报卡、审核、上报）。尚未提供：检查阴性/阳性标记；影像质控与过程质控，以及质控内容自定义。上述缺项列入后续开发计划。
2284,,,支持同时打开多个患者报告进行对比阅读；支持同一患者不同图像与不同患者图像比对；支持报告内容词汇合理性校验功能，书写报告时若出现不合理词汇系统自动提示。 +---------------------------------------------------------------------------------------------------------------------------,部分响应,平台当前提供单份检查报告的书写与审核基础能力。本条所述多患者报告同屏对比阅读、同一患者或不同患者图像比对、报告词汇合理性自动校验提示功能当前版本未提供，列入后续开发计划。
2285,,,支持同一患者历史报告自动关联显示，医生书写报告时可直接查看该患者既往内镜检查报告，便于对比分析病情变化。 +--------------------------------------------------------------------------------------------------------------------------------------------------,部分响应,已提供：同一患者近期已审核检查报告的后台查询能力（按患者与检查项目取近期报告的项目名称、诊断意见与审核时间，时间窗可配置）。尚未提供：报告书写界面中历史报告的自动关联显示入口，医生当前无法在书写报告时直接查看既往内镜报告。上述缺项列入后续开发计划。
2286,,,支持查看患者历史检查报告，可一键复制历史报告内容至当前报告，减少重复书写工作量；支持自定义报告合理词汇校验，保障报告内容准确性。 +--------------------------------------------------------------------------------------------------------------------------------------,部分响应,已提供：同一患者历史检查报告的后台查询能力（项目名称与诊断意见）。尚未提供：报告书写界面查看历史报告的入口；一键复制历史报告内容至当前报告；自定义合理词汇校验。上述缺项列入后续开发计划。
2287,,,支持加载患者历史检查影像，可在当前报告书写界面直接调阅历史内镜影像进行对比；可确定患者是否需要随访及随访时间、内容。 +--------------------------------------------------------------------------------------------------------------------------------------------,部分响应,平台当前提供独立的患者随访管理模块（建立随访计划、查看随访任务、登记随访结果）。本条所述在报告书写界面直接调阅历史内镜影像进行对比，以及在报告中确定随访需求、随访时间与内容并联动随访模块的功能当前版本未提供，列入后续开发计划。
2288,,,支持报告修改历史的同框、同屏对比显示，可直观查看修改前后的差异，支持修改内容标注，便于质控审核；支持自定义特殊字符。 +--------------------------------------------------------------------------------------------------------------------------------------------,部分响应,平台当前提供检查报告的修改保存基础能力（覆盖保存）。本条所述报告修改历史的同框、同屏对比显示与修改内容标注，以及自定义特殊字符功能当前版本未提供，列入后续开发计划。
2289,,,支持检查报告驳回功能，上级医生可驳回下级报告并填写驳回原因；支持报告质量评价、图片质量评价和分级审核流程；支持检查报告保存为草稿、保存、审核、驳回、打印、预览导出全流程管理。 +---------------------------------------------------------------------------------------------------------------,部分响应,已提供：检查报告保存与审核发布两级状态管理，审核人与报告医师分权（不得自审）。尚未提供：报告驳回及驳回原因填写；分级审核流程；报告质量评价与图片质量评价；草稿保存、打印、预览与导出。上述缺项列入后续开发计划。
2290,,,支持检查报告自动保存功能，书写过程中定时自动保存草稿，防止因意外情况导致报告内容丢失；具备登录账户超时注销、超时退出功能，保障系统访问安全。 +--------------------------------------------------------------------------------------------------------------------------------,部分响应,已提供：登录令牌有效期可配置，令牌过期后自动退出并跳转登录页。尚未提供：报告书写过程中定时自动保存草稿；无操作空闲超时自动注销。上述缺项列入后续开发计划。
2291,,,支持报告打印预览功能，打印前可预览报告排版效果，支持自定义报告打印模板，满足不同医院的报告格式要求。 +----------------------------------------------------------------------------------------------------------------------------------------------------,部分响应,平台打印中心当前提供挂号凭条、收费票据、检验报告单等固定版式单据的打印。本条所述检查报告打印预览与自定义报告打印模板功能当前版本未提供，列入后续开发计划。
2292,,,支持检查报告批量打印功能，可按日期、设备、医生等条件筛选批量打印；支持报告数据批量导出；支持病例列表导出、打印。 +----------------------------------------------------------------------------------------------------------------------------------------------,部分响应,平台当前提供科室月报、费别构成、费用类别构成等固定统计报表的导出。本条所述按日期、设备、医生筛选的检查报告批量打印、报告数据批量导出、病例列表导出与打印功能当前版本未提供，列入后续开发计划。
2293,,,支持登录账户超时自动注销和超时退出功能，超时时长可配置，保障系统安全；支持按角色、科室精准控制权限。 +----------------------------------------------------------------------------------------------------------------------------------------------------,部分响应,已提供：登录令牌超时时长可配置，超时后自动退出登录；按角色的功能权限控制（角色与菜单、接口授权绑定）。尚未提供：无操作空闲自动注销；按科室的数据权限隔离。上述缺项列入后续开发计划。
2294,,,支持患者随访记录管理功能，可记录患者随访时间、随访结果、随访医生等信息；支持自定义随访内容，可根据随访计划查看随访任务。 +------------------------------------------------------------------------------------------------------------------------------------------,正偏离/无偏离,由患者随访模块提供：建立随访计划（随访时间、随访主题与内容）、按计划查看待办随访任务、登记随访结果完成随访，记录随访经办人；随访内容为自由文本录入，可按科室需要自定义。
2295,,,支持病理取材手术记录单填报功能，可在内镜检查报告中记录病理取材部位、数量、标本处理方式等信息，与病理系统无缝对接，支持病理申请单打印。 +-----------------------------------------------------------------------------------------------------------------------------------,部分响应,已提供：病理科独立流程（取材登记生成标本条码、标本核收、病理诊断报告并联动医嘱执行状态），取材登记可填写标本描述。尚未提供：在内镜检查报告内直接填报病理取材记录；取材部位、数量、标本处理方式的结构化字段（当前为单一自由文本描述）；病理申请单打印。上述缺项列入后续开发计划。
2296,,,支持报告医师、记录员、检查医师、审核医师、送检医师工作量汇总和明细统计，支持个人和科室工作量对比分析；内置标准统计报表，也可根据医院实际需要定制。 +-----------------------------------------------------------------------------------------------------------------------------,部分响应,平台当前提供门诊医生工作量统计（接诊量与处方金额）及通用自定义报表查询基础能力。本条所述报告医师、记录员、检查医师、审核医师、送检医师的医技工作量汇总与明细统计、个人与科室对比分析，以及内置医技标准统计报表与定制功能当前版本未提供，列入后续开发计划。
2297,,,支持检查阳性率汇总和明细统计，可按检查类型、部位、时间段等维度统计内镜检查阳性率，为科室质量管理提供数据支撑。 +-----------------------------------------------------------------------------------------------------------------------------------------------,部分响应,平台当前提供内镜检查登记、报告书写与审核基础能力。本条所述检查阳性率汇总与明细统计（按检查类型、部位、时间段等维度）当前版本未提供，列入后续开发计划。
2298,,,支持患者检查记录簿、病人记录簿打印，满足内镜科日常管理和档案归档需求；支持统计报表打印功能。 +--------------------------------------------------------------------------------------------------------------------------------------------------------,部分响应,平台打印中心当前提供挂号凭条、收费票据、检验报告单、住院费用一日清单等单据打印。本条所述患者检查记录簿、病人记录簿及内镜统计报表打印功能当前版本未提供，列入后续开发计划。
2299,,,支持部位检查人次统计、送检科室汇总统计、设备部位人次统计、设备部位人次明细统计、医技开单统计、会诊病例统计、随访病例统计等多维度统计分析。 +---------------------------------------------------------------------------------------------------------------------------------,部分响应,本条所述部位检查人次统计、送检科室汇总统计、设备部位人次汇总与明细统计、医技开单统计、会诊病例统计、随访病例统计等多维度统计分析功能当前版本未提供，列入后续开发计划。
2300,,,支持统计报表打印功能，所有统计报表均支持预览和打印输出，支持导出为Excel格式；内置标准统计报表，也可根据医院实际需要定制统计报表。 +-----------------------------------------------------------------------------------------------------------------------------------,部分响应,已提供：内置经营统计报表（全院概览、运营指标、日报、科室月报、费别与费用类别构成），其中科室月报、费别、费用类别、日结四张可导出 CSV；数据治理模块提供自定义报表引擎（自定义查询并在线运行）。尚未提供：统一的报表预览与打印框架；Excel 格式导出（当前为 CSV 且仅限固定几张）；自定义报表结果的导出与打印；内镜专项统计报表。上述缺项列入后续开发计划。
2301,★,,+-------------------------------+-----------------------------------------------------------------------------------------------------------------------------------------------------------------------,非参数行,文档转换产生的表格分隔残渣，不计入参数总数
2302,,,支持出诊任务登记，包含出诊车辆、医护人员、司机、护工、急救包等信息。 +------------------------------------------------------------------------------+ （2）出诊任务 +---------------------------------------------------------------------------,部分响应,对应业务登记能力已实现，字段级差异逐条比对
2303,,,支持出诊记录查看调阅，查看待出诊列表信息。 +------------------------------------------------------------------------------+,配套产品响应,【二级证据评审建议，待项目组签字】院前急救系统参数；平台急诊预检分诊（I-IV 级）与留观已备
2304,,,支持录入经过，出诊病历等，并录入出诊结果，送达医院等信息。 +------------------------------------------------------------------------------+,部分响应,平台当前未包含院前急救出诊模块，本条所述出诊经过、出诊病历录入及出诊结果、送达医院等信息登记功能当前版本未提供，列入后续开发计划。
2305,,,支持查看出诊地图轨迹，查看出诊路线。 +------------------------------------------------------------------------------+,配套产品响应,【二级证据评审建议，待项目组签字】院前急救系统参数；平台急诊预检分诊（I-IV 级）与留观已备
2306,,,支持出诊关键节点记录，如：出车时间，到达现场、患者上车、返回医院等。 +------------------------------------------------------------------------------+ 院前病历 +------------------------------------------------------------------------------,部分响应,平台当前未包含院前急救出诊模块，本条所述出车时间、到达现场、患者上车、返回医院等出诊关键节点记录功能当前版本未提供，列入后续开发计划。
2307,,,支持录入患者基本信息登记院前病历。 +------------------------------------------------------------------------------+ （2）病情摘要 +------------------------------------------------------------------------------+,部分响应,平台当前提供门诊病历与住院病历书写（分别以挂号、住院登记为前提）。本条所述院前病历的患者基本信息登记功能当前版本未提供，列入后续开发计划。
2308,,,支持录入院前患者主诉、既往史、现病史、过敏史等信息。 +------------------------------------------------------------------------------+ （3）生命体征 +------------------------------------------------------------------------------+,部分响应,平台当前提供门诊病历与住院病历中主诉、既往史、现病史、过敏史的录入，急诊预检分诊提供主诉录入。本条所述院前病历病情摘要（主诉、既往史、现病史、过敏史）录入功能当前版本未提供，列入后续开发计划。
2309,,,支持录入患者体征信息，包含血压、血氧、呼吸等。 +------------------------------------------------------------------------------+ （4）查体 +------------------------------------------------------------------------------+,部分响应,平台当前提供急诊预检分诊、急诊抢救记录、住院及 ICU 记录中的生命体征录入（含血压、血氧、呼吸等）。本条所述院前场景的患者体征信息录入功能当前版本未提供，列入后续开发计划。
2310,,,支持录入患者查体信息，如意识、瞳孔、受伤部位等。 +------------------------------------------------------------------------------+ （5）急救处理 +------------------------------------------------------------------------------+,部分响应,平台当前提供急诊抢救记录中的体征、GCS 评分与抢救措施文本录入。本条所述院前查体信息（意识、瞳孔、受伤部位等）的结构化录入功能当前版本未提供，列入后续开发计划。
2311,,,支持点选、文字等记录出诊过程中的急救措施和急救操作等。 +------------------------------------------------------------------------------+,配套产品响应,【二级证据评审建议，待项目组签字】院前急救系统参数；平台急诊预检分诊（I-IV 级）与留观已备
2312,,,支持录入出诊过程中的其他操作等。 +------------------------------------------------------------------------------+,部分响应,对应业务登记能力已实现，字段级差异逐条比对
2313,,,支持录入院前用药信息。 +------------------------------------------------------------------------------+ （6）急救结果 +------------------------------------------------------------------------------+,部分响应,平台当前提供门诊医生站与住院医生站的用药医嘱记录（分别以挂号、住院登记为前提）。本条所述院前用药信息录入功能当前版本未提供，列入后续开发计划。
2314,,,支持登记出诊患者去向（送回本院、现场死亡）等，是否开具死亡证明。 +------------------------------------------------------------------------------+,部分响应,平台当前提供住院侧死亡登记卡打印。本条所述出诊患者去向登记（送回本院、现场死亡等）及是否开具死亡证明的院前流程当前版本未提供，列入后续开发计划。
2315,,,支持记录出诊结果。 +------------------------------------------------------------------------------+ 医嘱管理 +------------------------------------------------------------------------------+,部分响应,平台当前提供急诊抢救记录的抢救转归登记。本条所述院前出诊结果记录功能当前版本未提供，列入后续开发计划。
2316,,,支持院前医嘱开具，包含药品、检查检验等。 +------------------------------------------------------------------------------+,部分响应,平台当前提供门诊医生站与住院医生站的医嘱开具（药品、检查检验等，分别以挂号、住院登记为前提）。本条所述院前医嘱开具功能当前版本未提供，列入后续开发计划。
2317,,,支持院前医嘱提交收费。 +------------------------------------------------------------------------------+,部分响应,平台当前提供门诊医嘱提交收费与缴费（以挂号为费用归集主体）。本条所述院前医嘱提交收费功能当前版本未提供，列入后续开发计划。
2318,,,支持移动端医嘱开具，符合移动端系统操作逻辑。 +------------------------------------------------------------------------------+ 信息共享 +------------------------------------------------------------------------------+,部分响应,平台当前提供住院移动查房应用（移动端体征录入与病程记录）。本条所述移动端医嘱开具功能当前版本未提供，列入后续开发计划。
2319,,,支持与院内急救系统对接，共享院前出诊经过及院前急救病历数据。 +------------------------------------------------------------------------------+,部分响应,平台集成层当前提供适配器注册与消息路由框架及 HL7 检验结果入站通道。本条所述与院内急救系统共享院前出诊经过及院前急救病历数据的功能当前版本未提供（院前急救模块尚未建设），列入后续开发计划。
2320,,,支持院内系统直接利用院前登记信息和院前出诊数据分诊、书写病历。 +------------------------------------------------------------------------------+,部分响应,平台当前提供急诊预检分诊与门诊病历书写（信息均为手工录入）。本条所述院内系统直接利用院前登记信息与院前出诊数据进行分诊、书写病历的功能当前版本未提供，列入后续开发计划。
2321,★,,+-------------------------------+-----------------------------------------------------------------------------------------------------------------------------------------------------------------------,非参数行,文档转换产生的表格分隔残渣，不计入参数总数
2322,,,支持与院内HIS对接，快速获取已有档案患者信息进行快速分诊。 +------------------------------------------------------------------------------------------------------------------------------------------------------------------+,部分响应,平台急诊预检分诊当前提供姓名、分级、主诉、体征、去向科室的手工录入。本条所述通过卡号、身份证等检索已建档患者信息带入分诊的快速分诊功能当前版本未提供，列入后续开发计划。
2323,,,支持各类特殊患者标记，如三无、失独等，并可根据需要设置其他标记。 +------------------------------------------------------------------------------------------------------------------------------------------------------------------+,部分响应,本条所述三无、失独等特殊患者标记及自定义标记功能当前版本未提供，列入后续开发计划。
2324,,,支持与院前急救120系统的对接，实现患者院前急救数据的关联和导入，支持对外院转运送入的患者可登记患者来源。 +-------------------------------------------------------------------------------------------------------------------------------------------------,外部条件,120 院前急救系统由急救中心侧建设，数据对接需依据其厂商发布的接口规范。平台集成层当前提供适配器注册与消息路由框架；120 系统专用对接通道及外院转运患者的患者来源登记字段当前版本未提供，将依据对方接口规范列入后续开发计划。
2325,,,支持在患者体征采集时，可利用体征测量仪器设备采集，如心率、收缩压、舒张压、血氧饱和度等，分诊系统自动从设备中获取生命体征数据，摒除分诊护士手动采集、录入。 +-------------------------------------------------------------------------------------------------------------------------,配套产品响应,属设备配套软件/商用知识库/CA 等产品参数，平台已留标准接入点
2326,,,支持120入院的病人从院前急救系统中自动获取最近生命体征和评分数据，避免重复录入。 +-------------------------------------------------------------------------------------------------------------------------------------------------------------,外部条件,120 院前急救系统的生命体征与评分数据由急救中心侧系统供给，需依据其厂商接口规范对接。平台急诊预检分诊当前提供体征手工录入；院前数据自动带入分诊的接收逻辑及评分数据承接当前版本未提供，将依据对方接口规范列入后续开发计划。
2327,,,分诊系统自动从设备中获取生命体征数据，体征数据可用于分诊分级、病情评估。 +------------------------------------------------------------------------------------------------------------------------------------------------------------------,配套产品响应,监护仪等床旁设备的生命体征自动采集由设备厂商或床旁数据采集网关配套提供。平台急诊预检分诊当前提供体征手工录入与人工分级；设备体征自动接入分诊，以及基于体征数据的自动分级与病情评估功能当前版本未提供，列入后续开发计划。
2328,,,系统提供一套已有的广泛使用的急诊分级知识库，护士根据患者的主诉，及主诉判断标准进行统一的分诊分级。 +-----------------------------------------------------------------------------------------------------------------------------------------------------,部分响应,平台急诊预检分诊当前提供主诉自由文本录入与护士手工选择 1—4 级分级。本条所述内置急诊分级知识库（主诉及判断标准对应分级）辅助统一分诊分级的功能当前版本未提供，列入后续开发计划。
2329,,,系统内置病情主诉分级知识库，提供常见的主诉和症状补充信息。 +------------------------------------------------------------------------------------------------------------------------------------------------------------------+,部分响应,平台急诊预检分诊当前提供主诉自由文本录入。本条所述内置病情主诉分级知识库及常见主诉、症状补充信息功能当前版本未提供，列入后续开发计划。
2330,,,支持根据角色，人员独立分配知识库配置权限，自定义知识库内容。 +------------------------------------------------------------------------------------------------------------------------------------------------------------------+,部分响应,平台当前提供按角色的分诊功能权限控制。本条所述分诊知识库按角色、人员分配配置权限及自定义知识库内容的功能当前版本未提供，列入后续开发计划。
2331,,,系统内置各种常用医疗评分，如MEWS、GCS、疼痛评分、ISS评分等。 +------------------------------------------------------------------------------------------------------------------------------------------------------------------+,部分响应,已提供：急诊抢救记录与 ICU 记录中的 GCS 评分值录入（带取值范围校验）；麻醉复苏 Steward 评分录入。尚未提供：MEWS、疼痛评分、ISS 评分；评分量表条目化打分（当前为总分数值录入）；急诊分诊环节的评分应用。上述缺项列入后续开发计划。
2332,,,支持通过评分关联级别，对病人病情做级别区分。 +------------------------------------------------------------------------------------------------------------------------------------------------------------------+,部分响应,平台急诊预检分诊当前提供人工选择分诊级别，急诊抢救记录提供 GCS 评分值录入。本条所述通过评分自动关联分诊级别、按评分区分病情级别的功能当前版本未提供，列入后续开发计划。
2333,,,可支持根据获取的生命体征数据自动计算MEWS评分。 +------------------------------------------------------------------------------------------------------------------------------------------------------------------+ +--------,部分响应,平台急诊预检分诊当前提供体温、脉搏、呼吸、血压、血氧等体征录入。本条所述根据生命体征自动计算 MEWS 评分的功能当前版本未提供，列入后续开发计划。
2334,,,支持三区四级或四区五级模式分诊，可根据患者病情或主诉等信息分诊至对应区域。 +-----------------------------------------------------------------------------------------------------------------------------------------------------------------,外部条件,需医保局/省平台等外部环境开通后联调
2335,,,支持录入来院患者的发病时间，来院方式等信息。 +------------------------------------------------------------------------------------------------------------------------------------------------------------------+,部分响应,平台急诊预检分诊与门诊挂号当前提供患者基本信息、分级、主诉、体征、去向科室等录入。本条所述发病时间、来院方式的登记字段当前版本未提供，列入后续开发计划。
2336,,,支持特殊病种（绿色通道）的标识，并可根据需求自定义。 +------------------------------------------------------------------------------------------------------------------------------------------------------------------+,部分响应,平台急诊预检分诊当前提供 1—4 级分诊分级。本条所述特殊病种（绿色通道）标识及按需自定义配置功能当前版本未提供，列入后续开发计划。
2337,,,支持特殊患者人群、绿色通道人群快速登记分诊。 +------------------------------------------------------------------------------------------------------------------------------------------------------------------+,部分响应,平台急诊预检分诊当前提供统一的分诊登记流程（姓名、分级、主诉必填）。本条所述特殊患者人群、绿色通道人群的快速登记分诊通道当前版本未提供，列入后续开发计划。
2338,,,支持先诊疗后登记患者信息。 +------------------------------------------------------------------------------------------------------------------------------------------------------------------+,部分响应,已提供：急诊预检分诊可在患者未建档时以无名氏编号先行建立分诊记录；急诊抢救记录可直接挂接分诊记录先行开展。尚未提供：医嘱开立与收费仍以挂号登记为前提，尚不能在未登记状态下开展；分诊、抢救记录后补登记并入正式就诊的回填路径。上述缺项列入后续开发计划。
2339,,,支持人工更改分诊信息，可以支持二次分诊。 +------------------------------------------------------------------------------------------------------------------------------------------------------------------+,部分响应,平台急诊预检分诊当前提供分诊记录的状态流转（开始救治、收住院、离院）。本条所述人工修改分诊信息（分级、主诉、体征、去向）及二次分诊改级功能当前版本未提供，列入后续开发计划。
2340,,,支持自动打印分诊单据，支持特殊患者标记。 +------------------------------------------------------------------------------------------------------------------------------------------------------------------+,部分响应,平台打印中心当前提供挂号凭条、收费票据、检验报告单等单据打印。本条所述分诊单据自动打印与特殊患者标记功能当前版本未提供，列入后续开发计划。
2341,,,支持挂号后获取患者信息快速分诊；支持分诊后挂号窗口获取分诊信息快速挂号。 +------------------------------------------------------------------------------------------------------------------------------------------------------------------,部分响应,平台当前提供门诊挂号与急诊预检分诊两个独立功能。本条所述挂号后带出患者信息快速分诊、分诊后挂号窗口获取分诊信息快速挂号的双向联动功能当前版本未提供，列入后续开发计划。
2342,,,支持分诊记录查询、修改、导出等操作。 +------------------------------------------------------------------------------------------------------------------------------------------------------------------+,部分响应,已提供：分诊记录列表查询（按分级排序展示最近记录）。尚未提供：按日期、姓名、分级、状态等条件查询及历史记录翻页；分诊信息修改（当前仅可变更状态）；分诊记录导出。上述缺项列入后续开发计划。
2343,,,支持分诊快速打印腕带、绑定RFID腕带。 +------------------------------------------------------------------------------------------------------------------------------------------------------------------+ +-------------,部分响应,本条所述分诊快速打印腕带及绑定 RFID 腕带功能当前版本未提供，列入后续开发计划。
2344,,,支持群伤患者批量登记。 +------------------------------------------------------------------------------------------------------------------------------------------------------------------+,部分响应,平台急诊预检分诊当前提供逐人分诊登记。本条所述群伤患者批量登记功能当前版本未提供，列入后续开发计划。
2345,,,支持快速添加或移除群体时间标记。 +------------------------------------------------------------------------------------------------------------------------------------------------------------------+,部分响应,【二级证据评审建议，待项目组签字】团检分组已备；群体标记快捷操作为深化
2346,,,支持群体事件概览、明细查询、打印、导出。 +------------------------------------------------------------------------------------------------------------------------------------------------------------------+ 统计查询 +--------,部分响应,本条所述群体事件概览、明细查询、打印、导出功能当前版本未提供，列入后续开发计划。
2347,,,支持对分诊数据进行各种数据统计，并可按要求生成各类统计报表或图形报表。 +------------------------------------------------------------------------------------------------------------------------------------------------------------------+,部分响应,平台当前提供经营统计报表与自定义报表引擎基础能力。本条所述分诊数据的各类统计及统计报表、图形报表生成功能当前版本未提供，列入后续开发计划。
2348,,,支持推送分诊信息至其他系统。 +------------------------------------------------------------------------------------------------------------------------------------------------------------------+,部分响应,平台集成层当前提供适配器注册与消息路由框架。本条所述分诊信息推送至其他系统的功能当前版本未提供，列入后续开发计划。
2349,,,支持接收院前出诊信息，快速查看院前信息。 +------------------------------------------------------------------------------------------------------------------------------------------------------------------+,配套产品响应,【二级证据评审建议，待项目组签字】院前急救系统参数；平台急诊预检分诊（I-IV 级）与留观已备
2350,,,支持快速查看院前急救出诊信息，出诊病历等，可根据院前急救信息快速分诊挂号。 +-----------------------------------------------------------------------------------------------------------------------------------------------------------------,部分响应,平台当前未包含院前急救出诊模块。本条所述快速查看院前出诊信息、出诊病历并据此快速分诊挂号的功能当前版本未提供，列入后续开发计划。
2351,,,支持对接三大中心系统，推送中心各种所需数据。 +------------------------------------------------------------------------------------------------------------------------------------------------------------------+,外部条件,胸痛、卒中、创伤三大中心数据上报平台由各中心认证机构建设，数据集与报送接口规范由中心方发布。平台当前未包含三大中心数据元采集与报送功能，将依据中心方发布的接口规范列入后续开发计划。
2352,★,,+-------------------------------+-----------------------------------------------------------------------------------------------------------------------------------------------------------------------,非参数行,文档转换产生的表格分隔残渣，不计入参数总数
2353,,,区分展示待诊、已诊患者列表，支持姓名、卡号等条件快速检索患者。 +------------------------------------------------------------------------------------------------------------+ 接诊管理 +---------------------------------------------------,部分响应,已提供：门诊医生站接诊列表（按日期展示当日患者，含姓名、性别、年龄、过敏史，以状态标签区分待诊/已诊）。尚未提供：待诊与已诊分列表或分页签展示；按姓名、卡号等条件的快速检索。上述缺项列入后续开发计划。
2354,,,支持与排队叫号系统对接，根据医生站患者序号实现顺呼、选呼等操作，叫号大屏通过文字、语音呼叫患者就诊。 +------------------------------------------------------------------------------------------------------------+,部分响应,平台提供门诊叫号大屏，支持文字与语音播报呼叫患者，具备顺呼（按候诊序号依次呼叫）、过号及重呼操作。尚未提供：①选呼（按指定患者呼叫）；②在门诊医生站内查看患者序号并直接发起叫号，当前叫号操作在独立的叫号大屏页面完成。上述缺项列入后续开发计划。
2355,,,医生站自动获取分诊记录登记的患者基本信息、体征、主诉等信息。 +------------------------------------------------------------------------------------------------------------+,部分响应,平台门诊医生站当前提供患者基本信息自动带出的基础能力，信息来源于挂号记录。本条所述自动承接分诊登记的体征、主诉等分诊信息尚未提供，列入后续开发计划。
2356,,,支持转诊至其他诊室或留观诊疗区。 +------------------------------------------------------------------------------------------------------------+ 诊断管理 +------------------------------------------------------------------,部分响应,平台提供急诊留观诊疗区管理：在专科流程页办理入留观、书写病情观察记录、登记离观去向。尚未提供：①转诊至其他诊室；②在医生站内直接发起转诊/转留观的操作入口。上述缺项列入后续开发计划。
2357,,,支持ICD编码、名称快速搜索诊断，支持录入前缀、后缀等描述诊断。 +------------------------------------------------------------------------------------------------------------+,部分响应,平台门诊医生站提供 ICD 诊断快速检索，支持按编码前缀、名称模糊及拼音首字母搜索并下拉选择。尚未提供：诊断前缀、后缀等补充描述的录入。上述缺项列入后续开发计划。
2358,,,系统内置标准ICD诊断编码库。 +------------------------------------------------------------------------------------------------------------+,部分响应,平台内置 ICD-10 诊断字典表，支持编码、名称、拼音首字母检索。尚未提供：①全量国家临床版标准诊断编码库，当前仅预置少量常见诊断；②诊断字典的批量导入工具。上述缺项列入后续开发计划。
2359,,,系统支持对诊断进行排序，标记主要诊断、疑似诊断。 +------------------------------------------------------------------------------------------------------------+ 病历书写 +----------------------------------------------------------,部分响应,平台门诊医生站支持标记主要诊断，诊断列表按主要诊断优先排序并突出显示。尚未提供：①疑似诊断标记；②人工调整诊断顺序。上述缺项列入后续开发计划。
2360,,,支持自定义电子病历模板，电子病历支持自动、收到导入医嘱、检查检验结果等。 +------------------------------------------------------------------------------------------------------------+,部分响应,平台提供病历模板维护功能，可按科室、模板类型自定义模板，住院医生站及检查报告书写页可套用模板。尚未提供：①门/急诊医生站的模板套用入口；②病历自动导入医嘱、检查检验结果。上述缺项列入后续开发计划。
2361,,,支持自动获取患者基本信息。 +------------------------------------------------------------------------------------------------------------+,正偏离/无偏离,门诊医生站选中就诊患者后自动带出姓名、患者号、性别、年龄及过敏史，过敏史以醒目标识提示，无需手工录入。
2362,,,支持病历模板，支持按科室、病区自定义模板。 +------------------------------------------------------------------------------------------------------------+,部分响应,平台病历模板支持按科室自定义，科室模板仅对本科室可见，未指定科室的模板为全院通用。尚未提供：①按病区维度自定义模板；②门/急诊医生站的模板套用入口。上述缺项列入后续开发计划。
2363,,,支持病历共享查看。 +------------------------------------------------------------------------------------------------------------+ 医嘱管理 +-------------------------------------------------------------------------,正偏离/无偏离,门诊医生站提供「历史就诊」调阅，可查看患者近期各次就诊的主诉、诊断、医嘱建议及签名状态；另提供患者 360 全景视图跨科室、跨就诊共享查看病历信息。
2364,,,支持各类医嘱名称、编码搜索开具药品医嘱、检查检验医嘱、耗材等。 +------------------------------------------------------------------------------------------------------------+,部分响应,平台门诊医生站支持按名称搜索并开具药品医嘱、检查检验医嘱、治疗及材料类医嘱。尚未提供：按编码、简码检索医嘱项目，当前仅支持名称模糊匹配。上述缺项列入后续开发计划。
2365,,,支持根据职称、职级设置药品处方权、检查检验权限、手术权限等。 +------------------------------------------------------------------------------------------------------------+,部分响应,平台提供抗菌药物分级处方权管理，可按用户授予处方级别并在开单时自动拦截越级处方；另提供医务资质台账及到期预警。尚未提供：①按职称、职级自动配置处方权；②检查检验权限、手术权限的开单及排台强制校验。上述缺项列入后续开发计划。
2366,,,支持对接合理用药及医保信息审查系统等。 +------------------------------------------------------------------------------------------------------------+,配套产品响应,平台内置基础用药审查规则，包括过敏禁忌、重复用药、抗菌药物分级、药物相互作用、年龄及疗程提示，规则库可由医院维护。商用合理用药系统需由合理用药知识库厂商提供，医保事前审查需依据当地医保部门发布的接口规范与审核服务；平台与上述外部系统的对接适配列入后续开发计划。
2367,,,系统内置医嘱模板功能，可支持自定义医嘱模板或将 已有医嘱转存为科室或个人模板。 +------------------------------------------------------------------------------------------------------------+,部分响应,平台当前提供临床路径按路径模板批量开立住院医嘱的基础能力。本条所述医嘱模板功能，包括自定义医嘱模板及将已有医嘱转存为科室或个人模板，尚未提供，列入后续开发计划。
2368,,,支持设立协议处方，检验、检验药物绑定，提升开单速度和医嘱准确性。 +------------------------------------------------------------------------------------------------------------+,部分响应,本条所述协议处方及检验项目与药物绑定功能当前版本未提供，列入后续开发计划。
2369,,,支持展示医嘱规格、医保类别、单价、库存等信息。 +------------------------------------------------------------------------------------------------------------+,部分响应,平台门诊医生站开具药品时下拉展示规格、单价、单位及当前库存，开具检查检验项目时展示类别与单价。尚未提供：医保类别（甲/乙/丙类）的展示，医保类别码值需实施期录入。上述缺项列入后续开发计划。
2370,,,支持药品名称、规格、单价、库存、医保类型等信息展示。 +------------------------------------------------------------------------------------------------------------+,部分响应,平台门诊医生站开具药品时展示药品名称、规格、单价及库存信息。尚未提供：医保类型的展示。上述缺项列入后续开发计划。
2371,,,支持库存告警，支持配置是否允许负库存模式。 +------------------------------------------------------------------------------------------------------------+,部分响应,平台提供库存告警：医生开具药品数量超过当前库存时医生站即时红字提示，不阻断开单。尚未提供：负库存模式的配置开关，当前药房发药与住院执行环节在库存不足时统一拦截。上述缺项列入后续开发计划。
2372,,,支持多种方式搜索医嘱、通过医嘱名称、简码、编码等。 +------------------------------------------------------------------------------------------------------------+,部分响应,平台门诊医生站提供药品及检查检验项目的名称模糊搜索。尚未提供：按编码、简码（拼音首字母）检索医嘱项目。上述缺项列入后续开发计划。
2373,,,支持自定义医嘱默认途径、数量等信息。 +------------------------------------------------------------------------------------------------------------+,部分响应,平台当前提供医嘱用药途径与频次的选择录入基础能力。本条所述按药品自定义默认途径、默认数量等信息尚未提供，列入后续开发计划。
2374,,,支持医嘱备信息录入。 +------------------------------------------------------------------------------------------------------------+,部分响应,本条所述医嘱备注信息录入功能当前版本未提供，列入后续开发计划。
2375,,,支持医嘱作废撤销，医嘱复用、特殊医嘱双签等功能。 +------------------------------------------------------------------------------------------------------------+ 申请单管理 +---------------------------------------------------------,部分响应,平台门诊医生站提供医嘱作废功能，住院医生站提供长期医嘱停嘱。尚未提供：①住院医嘱作废的操作入口；②医嘱复用（历史医嘱再次开立）；③特殊医嘱双签。上述缺项列入后续开发计划。
2376,,,支持检验申请开具，支持检验申请合并，支持录入频次、数量、加急标记。 +------------------------------------------------------------------------------------------------------------+,部分响应,平台住院医生站与门诊医生站均支持开具检验申请，门诊可多行加入后一次提交，申请支持录入频次与数量。尚未提供：①加急标记；②检验申请合并。上述缺项列入后续开发计划。
2377,,,支持检查申请开具，支持检验申请合并，支持录入频次、数量、加急标记。 +------------------------------------------------------------------------------------------------------------+,部分响应,平台住院医生站与门诊医生站均支持开具检查申请，申请支持录入频次与数量，检查科室可登记接收。尚未提供：①加急标记；②申请合并。上述缺项列入后续开发计划。
2378,,,支持登记手术申请，支持标记日间手术、急诊手术等。 +------------------------------------------------------------------------------------------------------------+,部分响应,平台提供手术申请登记功能，可在手术管理页面登记手术申请并排台。尚未提供：日间手术、急诊手术等手术类别标记。上述缺项列入后续开发计划。
2379,,,支持各项制式单据打印、重打。 +------------------------------------------------------------------------------------------------------------+ 报告查阅 +--------------------------------------------------------------------,部分响应,平台提供挂号单、收费票据、检验报告、住院一日清单、出院小结、体温单、护理记录单七类制式单据打印，挂号与收费票据支持补打并记录打印次数。尚未提供：①检验检查申请单、瓶签、执行单等单据的打印版式；②其他单据的重打留痕。上述缺项列入后续开发计划。
2380,,,支持对接院内检查系统。查看检查报告结果，查看影像信息。 +------------------------------------------------------------------------------------------------------------+,部分响应,平台提供检查报告书写、审核发布与报告查看，并支持生成报告对外分享链接。尚未提供：影像信息的调阅入口；影像浏览需对接医院 PACS/云胶片系统，由影像设备厂商或影像云服务商提供。上述缺项列入后续开发计划。
2381,,,支持对接院内检验系统，查看检验报告结果，指标对比等信息。 +------------------------------------------------------------------------------------------------------------+ 会诊管理 +------------------------------------------------------,部分响应,平台提供检验报告结果查看：检验工作台可查阅报告，患者 360 全景时间轴按检验报告分类调阅。尚未提供：①患者同一检验指标的历史对比与趋势视图；②医生站内的检验报告调阅入口。上述缺项列入后续开发计划。
2382,,,支持会诊申请单开具，支持对接院内会诊系统推送会诊申请。 +------------------------------------------------------------------------------------------------------------+,部分响应,平台提供院内会诊记录查看与会诊意见书写。尚未提供：①会诊申请单的开具操作入口；②对接院内会诊系统推送会诊申请。上述缺项列入后续开发计划。
2383,,,支持会诊记录查看调阅。 +------------------------------------------------------------------------------------------------------------+ 报卡登记 +-----------------------------------------------------------------------,正偏离/无偏离,患者服务页面「院内会诊」页签提供会诊记录查看调阅，展示住院号、患者、受邀科室、会诊问题及会诊意见，受邀科室可直接书写会诊意见完成闭环。
2384,,,支持对接传染病报卡系统，并根据诊断所关联的不同上传类型提醒或强制报卡登记。 +------------------------------------------------------------------------------------------------------------+,部分响应,平台提供院内传染病报卡管理，支持报卡登记、审核、上报标记的完整流程。尚未提供：①根据诊断关联的上报类型自动提醒或强制报卡；②对接外部传染病报卡系统的报送通道。上述缺项列入后续开发计划。
2385,,,支持死亡患者登记填报。 +------------------------------------------------------------------------------------------------------------+,正偏离/无偏离,病案统计页面提供死亡患者登记卡填报，包含患者、死亡时间、直接死因及死因编码等必填校验，支持列表查询与打印。
2386,,,支持一键生成入院登记证，快速生成入院登记。 +------------------------------------------------------------------------------------------------------------+,部分响应,平台当前提供住院登记基础能力，包括占床、建立住院档案及收取首笔押金。本条所述一键生成入院登记证尚未提供，列入后续开发计划。
2387,,,支持对接其他院内平台，查看调阅电子入院证信息，并可在平台缴纳入院预交金以及进行入院登记预约。 +------------------------------------------------------------------------------------------------------------+,部分响应,平台患者端当前提供住院费用与押金余额查询的基础能力。本条所述电子入院证调阅、患者端缴纳入院预交金及入院登记预约尚未提供，列入后续开发计划。
2388,★,,+-------------------------------+-----------------------------------------------------------------------------------------------------------------------------------------------------------------------,非参数行,文档转换产生的表格分隔残渣，不计入参数总数
2389,,,支持新入患者登记、换床、出科患者转出登记、召回等操作。 +--------------------------------------------------------------------------------------------+,部分响应,平台提供新入患者办理入院登记，住院医生站提供转科、转床操作并记录转移轨迹。尚未提供：出院召回的操作入口。上述缺项列入后续开发计划。
2390,,,支持床位卡、列表一键切换患者。 +--------------------------------------------------------------------------------------------+,部分响应,平台住院医生站、护理记录及护理白板均以列表方式点选切换患者。尚未提供：床位卡（床位图）视图及在床位卡上一键切换患者。上述缺项列入后续开发计划。
2391,,,支持入科时间展示，可自定义滞留时间超时提醒。 +--------------------------------------------------------------------------------------------+,部分响应,平台住院登记列表展示患者入院时间。尚未提供：①病区患者一览中展示入科时间；②可自定义阈值的滞留时间超时提醒。上述缺项列入后续开发计划。
2392,,,支持多种特殊情况筛选分类。 +--------------------------------------------------------------------------------------------+,部分响应,平台提供高危预警、术后发热监测、欠费台账等独立的特殊情况清单页面。尚未提供：在病区患者列表内按多种特殊情况进行筛选分类。上述缺项列入后续开发计划。
2393,,,支持一键换床，支持绑定床位设备，支持一键打印腕带、床头卡等信息。 +--------------------------------------------------------------------------------------------+ 病历书写 +------------------------------------------------------------------,部分响应,平台当前提供住院医生站转科转床基础能力，需选择目标科室、空床及转移原因后确认。本条所述一键换床、绑定床位设备、一键打印腕带与床头卡尚未提供，列入后续开发计划。
2394,,,支持结构化电子病历编辑，支持录入医疗图像、特殊符号及医疗表达式等信息。 +--------------------------------------------------------------------------------------------+,部分响应,平台当前提供住院病历文本书写及模板套用基础能力。本条所述结构化电子病历编辑，以及医疗图像、特殊符号、医疗表达式的录入尚未提供，列入后续开发计划。
2395,,,支持自动或手动导入医嘱信息内容。 +--------------------------------------------------------------------------------------------+,部分响应,平台当前提供住院医嘱开立与病历书写基础能力。本条所述自动或手动将医嘱信息导入病历尚未提供，列入后续开发计划。
2396,,,支持自动或手动导入患者生命体征数据至对应节点。 +--------------------------------------------------------------------------------------------+,部分响应,平台当前提供生命体征录入、查看及体温单生成基础能力。本条所述自动或手动将体征数据导入病历对应节点尚未提供，列入后续开发计划。
2397,,,支持导入病情记录，留观记录等。 +--------------------------------------------------------------------------------------------+,部分响应,平台当前提供急诊留观病情观察记录的书写与查看基础能力。本条所述将病情记录、留观记录导入病历或护理记录尚未提供，列入后续开发计划。
2398,,,支持记录病历修改日志，记录操作人、操作时间。 +--------------------------------------------------------------------------------------------+,正偏离/无偏离,住院病历签名后修改走补正流程，系统保留原文快照、补正内容、补正原因、操作人及操作时间，并可回看补正记录；平台另对全部新增、修改、删除操作记录操作日志（操作人、时间）。
2399,,,支持连续化书写病历，支持各种模板快速插入续页。 +--------------------------------------------------------------------------------------------+ 医嘱管控 +---------------------------------------------------------------------------,部分响应,平台住院医生站提供病历模板快速套用，模板按类型与科室发放。尚未提供：连续化书写与模板快速插入续页的分页书写模式，当前病历按记录逐条独立呈现。上述缺项列入后续开发计划。
2400,,,支持药品、检验检验、耗材、说明医嘱等各类型医嘱开具。 +--------------------------------------------------------------------------------------------+,部分响应,平台住院医生站支持药品、检验、检查、治疗四类医嘱开具。尚未提供：①耗材医嘱的项目目录数据；②说明性（自由文本）医嘱类型。上述缺项列入后续开发计划。
2401,,,支持对接合理用药和医保费用管控等系统。 +--------------------------------------------------------------------------------------------+,部分响应,平台门诊医嘱开立提供内置合理用药审查（过敏禁忌、重复用药、抗菌药物分级、相互作用等），并提供医保结算上传与结算后基金监测。尚未提供：①住院医嘱侧的合理用药前置审查；②开单前的医保费用管控；③对接外部商用合理用药系统，需由合理用药知识库厂商配套。上述缺项列入后续开发计划。
2402,,,支持名称、简码、首字母等信息快捷检索医嘱信息。 +--------------------------------------------------------------------------------------------+,部分响应,平台诊断字典支持名称、编码及拼音首字母检索；药品与收费项目支持名称模糊检索。尚未提供：药品、收费项目的简码与拼音首字母快捷检索。上述缺项列入后续开发计划。
2403,,,支持检查检验、手术、会诊等医嘱申请快速开具，支持一键开具多种申请。 +--------------------------------------------------------------------------------------------+,部分响应,平台住院与门诊医生站均支持检查检验申请快速开具，门诊可多行加入后一次提交。尚未提供：①手术申请、会诊申请纳入医嘱开立流程（手术申请在独立页面登记，会诊申请无开具入口）；②住院医生站一键批量开具多种申请。上述缺项列入后续开发计划。
2404,,,支持对接传染病报卡系统，并根据诊断所关联的不同上传类型提醒或强制报卡登记。 +--------------------------------------------------------------------------------------------+ 评估评分 +-------------------------------------------------------------,部分响应,平台提供院内传染病报卡管理，支持报卡登记、审核、上报标记的完整流程。尚未提供：①根据诊断关联的上报类型自动提醒或强制报卡；②对接外部传染病报卡系统的报送通道。上述缺项列入后续开发计划。
2405,,,系统内置多种医疗评分，如MEWS、GCS、ISS、疼痛评分、AIS、VTE评分等供医护人员快速评分。 +--------------------------------------------------------------------------------------------+,部分响应,平台内置 Braden 压疮风险与 Morse 跌倒风险两种评分量表，支持评分录入与按阈值自动分级预警。尚未提供：MEWS、GCS、ISS、疼痛评分、AIS、VTE 等量表。上述缺项列入后续开发计划。
2406,,,支持评分记录曲线展示，实时记录变化曲线。 +--------------------------------------------------------------------------------------------+,部分响应,平台提供评分记录按评估时间排列的趋势列表，并以行内条形直观显示分值。尚未提供：评分变化曲线图及实时刷新展示。上述缺项列入后续开发计划。
2407,,,支持评分记录修改变更，并记录修改人及修改时间。 +--------------------------------------------------------------------------------------------+,部分响应,平台当前提供风险评分记录的录入与查看基础能力。本条所述评分记录的修改变更及修改人、修改时间留痕尚未提供，列入后续开发计划。
2408,,,支持评分记录快速导入电子病历、护理记录等，支持评分记录打印、导出等功能。 +--------------------------------------------------------------------------------------------+,部分响应,平台当前提供风险评分记录的录入与趋势查看基础能力。本条所述评分记录快速导入电子病历、护理记录，以及评分记录打印、导出尚未提供，列入后续开发计划。
2409,,,支持各项护理评分单据，支持自定义护理评估。 +--------------------------------------------------------------------------------------------+ 医疗文书 +-----------------------------------------------------------------------------,部分响应,平台提供 Braden、Morse 两种护理风险评分录入与预警。尚未提供：①自定义护理评估量表配置；②护理评分单据的打印版式。上述缺项列入后续开发计划。
2410,,,根据授权书写、编辑医疗文书。 +--------------------------------------------------------------------------------------------+,正偏离/无偏离,医疗文书书写与编辑受角色授权控制：病历、护理记录分别限定医生、护士等角色书写；护理记录仅记录护士本人可签名，签名后文书冻结不可直接修改；角色权限由系统角色管理页面维护。
2411,,,支持快速创建医疗文书，支持历史文书调阅编辑。 +--------------------------------------------------------------------------------------------+,部分响应,平台住院医生站支持选择文书类型与模板快速创建病历，按时间轴调阅本次住院历史文书，患者 360 视图可调阅既往就诊病历。尚未提供：已有病历的直接编辑，当前只能新建或对已签名病历补正（护理记录支持编辑）。上述缺项列入后续开发计划。
2412,,,支持模板快速创建文书。 +--------------------------------------------------------------------------------------------+ 报告浏览 +---------------------------------------------------------------------------------------,正偏离/无偏离,病历模板维护页面支持建立模板并按类型、科室发放，住院医生站及检查报告书写页选择模板后一键填入正文，实现模板快速创建文书。
2413,,,支持一键查询检验检验报告。 +--------------------------------------------------------------------------------------------+,部分响应,平台提供检验检查报告查询：检验工作台可查阅报告，患者 360 全景时间轴按报告分类调阅。尚未提供：医生站内的一键查询报告入口，当前需切换到检验工作台或患者 360 页面查看。上述缺项列入后续开发计划。
2414,,,支持调阅检查报告影像信息。 +--------------------------------------------------------------------------------------------+ 医嘱处理操作 +-----------------------------------------------------------------------------------,部分响应,平台提供检查报告调阅，支持报告查看、书写修改及对外分享链接。尚未提供：影像信息的调阅入口；影像浏览需对接医院 PACS/云胶片系统，由影像设备厂商或影像云服务商提供。上述缺项列入后续开发计划。
2415,,,支持护理医嘱查对审核。 +--------------------------------------------------------------------------------------------+,部分响应,平台当前提供护士站医嘱执行基础能力。本条所述护理医嘱查对审核（核对状态与核对人记录）尚未提供，列入后续开发计划。
2416,,,支持区分已核对和未核对状态。 +--------------------------------------------------------------------------------------------+,部分响应,平台当前提供医嘱待执行、已执行、已作废状态的基础能力。本条所述区分已核对与未核对状态尚未提供，列入后续开发计划。
2417,,,支持一键批量核对医嘱。 +--------------------------------------------------------------------------------------------+ （2）费用管理 +------------------------------------------------------------------------------------,部分响应,本条所述一键批量核对医嘱功能当前版本未提供，列入后续开发计划。
2418,,,支持患者费用查看、新增 、修改。 +--------------------------------------------------------------------------------------------+,部分响应,平台提供患者费用查看（住院每日费用清单、账户余额，患者端亦可查询），费用通过医嘱开立记账自动新增。尚未提供：①费用明细行的修改，当前仅可作废整条医嘱；②护士站的费用查看、新增、修改界面。上述缺项列入后续开发计划。
2419,,,支持患者费用缴费状态筛选。 +--------------------------------------------------------------------------------------------+,部分响应,平台门诊收费提供待收费队列，并以已支付、已退费标签区分缴费状态。尚未提供：①按缴费状态筛选的控件；②住院费用逐项缴费状态的筛选，住院费用为记账制，欠费另在欠费台账管理。上述缺项列入后续开发计划。
2420,,,支持手动新增费用登记。 +--------------------------------------------------------------------------------------------+,部分响应,对应业务登记能力已实现，字段级差异逐条比对
2421,,,支持模板快速新增护理费用。 +--------------------------------------------------------------------------------------------+,部分响应,本条所述通过模板快速新增护理费用功能当前版本未提供，列入后续开发计划。
2422,,,支持登记费用快速转存为个人模板或科室模板。 +--------------------------------------------------------------------------------------------+ （3）医嘱执行 +--------------------------------------------------------------------------,部分响应,本条所述将登记费用快速转存为个人模板或科室模板功能当前版本未提供，列入后续开发计划。
2423,,,支持各项医嘱单据打印，如瓶签、执行单、审核单等。 +--------------------------------------------------------------------------------------------+,部分响应,平台当前提供挂号单、收费票据、检验报告、住院一日清单、出院小结、体温单、护理记录单等制式单据打印基础能力。本条所述瓶签、执行单、审核单等医嘱单据打印尚未提供，列入后续开发计划。
2424,,,支持医嘱执行，撤销执行、补执行等操作。 +--------------------------------------------------------------------------------------------+,部分响应,平台护士站提供医嘱执行，包括临时医嘱执行与长期医嘱按日执行，并支持移动端执行。尚未提供：撤销执行、补执行操作。上述缺项列入后续开发计划。
2425,,,支持执行状态筛选查看。 +--------------------------------------------------------------------------------------------+ （4）皮试管理 +------------------------------------------------------------------------------------,部分响应,平台护士站提供待执行医嘱队列，长期医嘱执行可按日期查看，已执行状态在医生站医嘱列表以标签显示。尚未提供：护士站按执行状态（未执行/已执行/作废）筛选查看。上述缺项列入后续开发计划。
2426,,,支持皮试结果录入并同步患者过敏史信息。 +--------------------------------------------------------------------------------------------+ 护理审计记录 +-----------------------------------------------------------------------------,部分响应,平台门诊护士站提供皮试登记与结果录入（阴性/阳性），输液前强制校验同类药物阴性皮试结果。尚未提供：阳性皮试结果自动同步至患者过敏史。上述缺项列入后续开发计划。
2427,,,支持记录体征、观察内容、出入量等护理信息记录，支持管道、措施等信息记录。 +--------------------------------------------------------------------------------------------+,正偏离/无偏离,护士站支持录入体温、脉搏、呼吸、血压、血氧等体征及出入量、排便次数；护理记录支持书写观察内容、护理措施及效果；医院感染管理提供管道置管登记、每日评估与拔管记录。
2428,,,支持各个时间节点血糖信息录入。 +--------------------------------------------------------------------------------------------+,部分响应,对应业务登记能力已实现，字段级差异逐条比对
2429,,,护理记录支持 一键导入报告结果、评分记录、血糖记录、体征信息等。 +--------------------------------------------------------------------------------------------+,部分响应,平台当前提供护理记录书写与体征、评分记录的独立录入基础能力。本条所述护理记录一键导入报告结果、评分记录、血糖记录、体征信息尚未提供（血糖记录功能亦未提供），列入后续开发计划。
2430,,,支持出入量小结、总结信息录入，自动汇总小结总量。 +--------------------------------------------------------------------------------------------+,部分响应,对应业务登记能力已实现，字段级差异逐条比对
2431,,,支持列表快速切换患者，快速进行多个患者护理记录书写。 +--------------------------------------------------------------------------------------------+,正偏离/无偏离,护理记录页面提供在院患者下拉选择器（病区、床号、姓名、住院号），切换患者即加载其护理记录，支持连续为多个患者书写；护理白板亦可逐患者跳转至护理记录书写。
2432,,,支持新增、查看、编辑患者转归轨迹记录。 +--------------------------------------------------------------------------------------------+,部分响应,平台急诊留观提供转归轨迹的新增与查看，包括入留观、病情观察记录、离观去向登记；住院侧提供转科转床轨迹查看。尚未提供：转归记录的编辑与更正。上述缺项列入后续开发计划。
2433,,,支持转归时记录体征信息、转归方式等信息。 +--------------------------------------------------------------------------------------------+,部分响应,平台急诊留观离观时必填转归方式（离院/收入院/转院）。尚未提供：转归操作时同步记录体征信息，当前体征仅在抢救记录中采集。上述缺项列入后续开发计划。
2434,,,支持批量转归，记录转归去向等信息。 +--------------------------------------------------------------------------------------------+,部分响应,平台当前提供急诊留观逐个患者登记转归去向的基础能力。本条所述批量转归尚未提供，列入后续开发计划。
2435,,,支持一键生成入院登记证信息。 +--------------------------------------------------------------------------------------------+,部分响应,平台当前提供住院登记基础能力，包括占床、建立住院档案及收取首笔押金。本条所述一键生成入院登记证信息尚未提供，列入后续开发计划。
2436,,,+-------------------------------+-----------------------------------------------------------------------------------------------------------------------------------------------------------------------,非参数行,文档转换产生的表格分隔残渣，不计入参数总数
2437,★,,实现了对基本数据元数据的详细信息的预览，以及对数据元的基本信息的修改，删除无用的数据元等功能。 （2）指标库管理：,部分响应,平台数据标准管理页面提供数据元的新增与列表浏览，列表展示编码、名称、数据类型、格式、值域及标准引用，并支持关键字查询。尚未提供：①数据元基本信息的修改；②删除无用数据元；③独立的数据元详情预览。上述缺项列入后续开发计划。
2438,★,,通过列表展示了全部的指标库，可以根据条件搜索满足条件的数据。,部分响应,平台数据治理页面以列表展示全部指标库，包括指标编码、名称、最新值、单位、目标值、达标情况及快照日期，并支持生成当日快照。尚未提供：按条件搜索筛选指标。上述缺项列入后续开发计划。
2439,★,,实现了对指标库的基本维护功能，比如：新增、修改指定的项目、根据条件查询指定的指标库数据以及修改指定的指标库数据列表等。 （3）结构化元素库管理：,部分响应,平台当前提供指标库列表展示与指标快照生成的基础能力，指标计算口径为系统预置。本条所述指标库维护功能，包括新增指标、修改指定指标、按条件查询及修改指标数据列表，尚未提供，列入后续开发计划。
2440,★,,通过树结构直观展现了全部元素库数据的分类，以及元素库数据之间的关系等等。,部分响应,平台当前提供数据元字典的平面列表管理基础能力。本条所述结构化元素库及其树形分类展现、元素间关系展示尚未提供，列入后续开发计划。
2441,★,,实现了对元素库数据的详细信息的预览，以及对元素库数据的基本信息进行修改、给指定的元素库新增子类元素库等功能。 （4）病历分类管理：,部分响应,本条所述元素库数据详情预览、基本信息修改及新增子类元素库功能当前版本未提供，列入后续开发计划。
2442,★,,通过树结构直观的展现了当前的全部的病历分类数据及其互相之间的关联，通过对树的操作。,部分响应,平台当前提供病历模板按模板类型（病历/知情同意/检查报告）分类的基础能力。本条所述以树结构展现全部病历分类及其关联并通过树操作管理分类尚未提供，列入后续开发计划。
2443,★,,实现了对分类的基本信息预览，对病历分类的基本信息修改，以及新增新的分类。 （5）数据源管理：,部分响应,平台当前提供病历模板按预置类型分类的基础能力。本条所述病历分类的基本信息预览、修改及新增分类尚未提供，列入后续开发计划。
2444,★,,通过树结构直观展现了全部数据源数据的分类，以及数据源的其他属性等等。,部分响应,本条所述数据源管理及以树结构展现数据源分类与属性的功能当前版本未提供，列入后续开发计划。
2445,★,,实现了对数据源数据的详细信息的预览，以及对数据源数据的基本信息进行修改、给指定的数据源新增子类数据源等功能。 （6）参数管理,部分响应,【二级证据评审建议，待项目组签字】报表引擎（SELECT 白名单）+ 数据元管理已备；可视化元素库属报表平台产品
2446,★,,通过分页表格展示了系统使用到的参数，可根据参数编码和参数名称查询，可对参数值进行修改。 病历模版 （1）模板管理,部分响应,平台当前提供系统参数配置存储及参数值修改的基础能力，修改时按参数类型做取值域校验。尚未提供：系统参数管理界面，包括分页表格展示系统参数、按参数编码与参数名称查询及界面化修改参数值。上述缺项列入后续开发计划。
2447,★,,可根据权限的不同查询到不同的模板，根据使用范围模板分为全局模板、全院模板、科室模板、个人模板。,部分响应,平台病历模板按使用范围分为科室模板与全院通用模板两级，科室模板仅对该科室可见。尚未提供：①全局模板、个人模板两级使用范围；②按登录人权限差异化返回模板列表。上述缺项列入后续开发计划。
2448,★,,模板新增：可新增病历模板，指定模板分类和使用范围。,正偏离/无偏离,病历模板维护页面支持新增模板，填写模板名称、模板内容，指定模板分类（病历/知情同意/检查报告）及使用范围（指定科室或全院通用），新增后可在住院医生站直接套用。
2449,★,,模板支持具有最小结构化元素，满足文本、数值、复选、单选、多选、日期等结构化录入需求。,部分响应,平台当前提供病历模板自由文本正文的维护与套用基础能力。本条所述模板最小结构化元素，包括文本、数值、复选、单选、多选、日期等结构化录入控件及元素属性定义，尚未提供，列入后续开发计划。
2450,,▲,病历内容：①患者相关元素自动提取，病历内容分为时间、文本、多选框、单选框、诊断控件等多种元素形式，支持表格、图片 等多种文本媒体；②支持在病历书写时，插入医生和患者签名，支持插 入CA电子签名。③支持结构化录入与自由化录入相结合。 （投标人提供相关软件界面截图，并加盖投标人公章）,部分响应,平台当前提供门诊医生站、住院医生站病历文书的自由文本书写，以及医师 CA 电子签名（通过平台标准电子签名接入点对接 CA 厂商）；知情同意书环节支持患者签名。本条所述①病历内容按时间、文本、多选框、单选框、诊断控件等元素组织并支持表格、图片等媒体，②病历书写时插入患者签名，③结构化录入与自由化录入相结合，当前版本尚未提供，列入后续开发计划。软件界面截图以现有病历书写页面提供。
2451,★,,支持文档编辑，字符、段落属性设置，页面版式设置，页眉页脚设置，支持特殊符号，支持图文混合性输入，支持矢量绘图和表格。 （2）病历安全,部分响应,平台当前提供病历模板维护与病历正文的纯文本录入基础能力。本条所述文档编辑器能力（字符与段落属性设置、页面版式设置、页眉页脚设置、特殊符号、图文混合输入、矢量绘图与表格）当前版本尚未提供，列入后续开发计划。
2452,★,,"具有病人隐私保护手段，对模板病历中表示患者隐私信息的可设置成""加密显示""。",部分响应,平台当前在患者主索引查询中对证件号、手机号等患者隐私字段提供统一脱敏显示。本条所述在病历模板中将患者隐私信息设置为「加密显示」的功能，当前版本尚未提供，列入后续开发计划。
2453,★,,具备模板授权功能，使用范围为科室或个人的模板，需要授权到科室或个人后才能使用，需要授权的模板在新建的时候自动授权给创建科室或创建人，其他科室或个人如想使用该模板，需要将模板授权给对应的科室或个人。 病历编辑 （1）病历录入,部分响应,平台当前提供病历模板按科室维护，并按科室、模板类型筛选使用的基础能力。本条所述模板授权机制（模板授权到科室或个人、新建时自动授权给创建科室或创建人、其他科室或个人须经授权后方可使用）当前版本尚未提供，列入后续开发计划。
2454,★,,提供常用急诊病历、抢救记录、留观病人转入文书记录功能。,部分响应,已提供：急诊病历（急诊就诊在门诊医生站书写病历）、急诊抢救记录（录入、结束与查询，可由分诊或留观发起）、留观管理（入留观、病情观察记录、离观去向登记）。尚未提供：留观病人转入文书记录（离观去向目前仅登记为离院、收住院、转院，未生成转入文书单据及打印）。上述缺项列入后续开发计划。
2455,★,,新增病历：通过选择病历模板新增病历，也可通过既往病历新增病历，支持门诊病历、急诊留观病历等病历文书建立并书写。,部分响应,已提供：住院医生站选择病历模板新增病历；门诊病历、急诊留观病历（留观观察记录）的建立与书写。尚未提供：通过既往病历新增病历（以某份历史病历为蓝本生成新病历）。上述缺项列入后续开发计划。
2456,★,,书写病历：使用专用的电子病历编辑器，结构化录入与自由化录入相结合，支持所见即所得。,部分响应,平台当前提供门诊病历（主诉、现病史、既往史、体格检查、处理意见分项文本录入）与住院病历（自由文本录入）的基础书写能力。本条所述专用电子病历编辑器、结构化录入与自由化录入相结合、所见即所得排版，当前版本尚未提供，列入后续开发计划。
2457,★,,暂存与提交：支持暂存和提交两种保存方式，暂存表示病历尚未书写完成，提交表示病历已书写完成，提交后再修改病历会保留修改痕迹。,部分响应,已提供：病历保存后可由医师签名，签名后病历冻结、不可直接修改；签名后如需修改，通过「补正」方式追加，系统保留原文快照、补正内容、补正人、补正时间与补正原因，形成完整修改痕迹并可回放。尚未提供：显式的「暂存 / 提交」两种保存状态（当前为「保存」与「签名」两个动作，无草稿状态标识）。上述缺项列入后续开发计划。需说明：签名后采用留痕补正而非直接修改原文，系依据病历书写规范的设计。
2458,★,,复制/粘贴选择性控制：通过参数控制不同病人的病历内容是否可以互相复制粘贴。,部分响应,平台当前提供病历模板套用与系统参数配置基础能力。本条所述通过参数控制不同病人病历内容是否可互相复制粘贴的功能，当前版本尚未提供，列入后续开发计划。
2459,★,,导入检查检验：提供电子病历系统与检验、检查、心电、医嘱等系统接口，对接后支持检验、检查结果、心电结果、会诊结论、医嘱、诊断、体征等信息插入到病历当中的任意位置；检验、检查结果导入之前支持预览。,部分响应,平台当前提供门诊、住院医生站开具检验、检查申请，以及在检验、检查工作台查阅结果的基础能力。本条所述将检验、检查结果、心电结果、会诊结论、医嘱、诊断、体征等信息插入病历任意位置及导入前预览的功能，当前版本尚未提供，列入后续开发计划。
2460,★,,录入诊断：支持中西医诊断录入，西医采用icd标准诊断，诊断可添加前后缀；支持保存常用诊断，从常用诊断中选择诊断等功能。,部分响应,已提供：西医诊断采用 ICD-10 标准字典录入，支持按名称、编码、拼音首字母检索，区分主诊断与次诊断。尚未提供：①中医诊断录入（中医病名与证候字典）；②诊断前后缀添加；③常用诊断的保存与从常用诊断中选择。上述缺项列入后续开发计划。
2461,★,,插入音视频、图片：支持在病历书写过程中在线录制语音、视频，并可进行播放以及插入病历中，同时支持插入图片，图文混合性输入，支持矢量绘图编辑功能。,部分响应,平台当前提供病历正文的文本书写能力。本条所述在病历书写中在线录制语音、视频并播放、插入病历，插入图片、图文混合输入及矢量绘图编辑功能，当前版本尚未提供，列入后续开发计划。
2462,★,,病历签名：支持多种医师签名方式，如自定义图片签名，文本签名；可与第三方CA签名接口对接，实现CA签名。,部分响应,已提供：病历 CA 签名——平台提供标准电子签名接入点，可对接第三方 CA 厂商签名接口，门诊与住院病历签名后冻结、不可重签；正式环境的 CA 签名服务由 CA 厂商提供。尚未提供：自定义图片签名、文本签名等多种医师签名方式及签名的可视化呈现。上述缺项列入后续开发计划。
2463,★,,修改痕迹：支持三级医师的修改痕迹管理功能，病历提交后所有的修改痕迹都会保留下来，包括修改方式、修改内容、修改人姓名及工号、修改时间等，可通过菜单选择是否显示修改痕迹。,部分响应,已提供：病历签名后的修改通过补正方式追加，系统保留原文快照、补正内容、补正原因、补正人姓名与补正时间，并可按时间线回放；三级查房记录支持上级医师修正意见。尚未提供：①修改痕迹按三级医师分级组织；②修改方式记录；③修改人工号记录；④通过菜单选择是否显示修改痕迹的开关。上述缺项列入后续开发计划。
2464,★,,病历打印：支持病历预览、续打、合并打印、选择区域打印。,外部条件,需医保局/省平台等外部环境开通后联调
2465,★,,查看质控结果：支持查看病历的质控结果，提醒和方便医生书写病历。,部分响应,已提供：病历完整性质控结果查看——出院办理时展示病历缺项清单并按规则提示或拦截；病案质控页提供终末质控评分与扣分项明细。尚未提供：在门诊、住院医生站书写病历过程中实时展示质控结果与书写提醒。上述缺项列入后续开发计划。
2466,★,,保存多种格式：支持将病历保存为pdf、html、xml等格式，可通过编辑器或相应的工具打开病历。 （2）书写助手,部分响应,已提供：病历文书按 CDA（WS/T 500）标准输出 XML 格式的服务接口。尚未提供：①病历保存为 PDF、HTML 格式；②XML 导出在业务界面中的操作入口。上述缺项列入后续开发计划。
2467,★,,支持医学表达式、特殊符号：支持特定医学表达式录入，如：龋齿、月经史、牙科、眼科专用等医学专用公式，同时支持常用的特殊符号，符号支持自定义。,部分响应,对应业务登记能力已实现，字段级差异逐条比对
2468,★,,病历内容自动引用：病历新增时通过引用数据源自动带出病人已有的数据，如姓名、门诊号等基础信息，同时也可带出其他病历中已有的数据，如将入院记录中的主诉自动带入到首次病程记录中。,部分响应,平台当前提供病历模板套用（模板内容整体填入病历正文）。本条所述病历新增时通过引用数据源自动带出患者基础信息（姓名、门诊号等）及跨病历自动带出已有内容（如入院记录主诉带入首次病程记录）的功能，当前版本尚未提供，列入后续开发计划。
2469,★,,词条管理：支持医生自行维护管理词条、导入医学词条，实现病历辅助、快速书写。,部分响应,平台当前提供病历模板维护与套用基础能力。本条所述医生自行维护词条、导入医学词条并在病历书写时辅助快速录入的功能，当前版本尚未提供，列入后续开发计划。
2470,★,,病程记录合并编辑：支持病程记录合并预览和编辑、打印，按照病程记录的记录时间排序，方便医生书写。,部分响应,平台当前提供住院病程记录逐条录入、列表查看、签名与补正。本条所述病程记录合并预览、合并编辑、合并打印及按记录时间排序的功能，当前版本尚未提供，列入后续开发计划。
2471,★,,病历存为模板、疾病组：支持将当前病历存为模板，一般可存为科室模板和个人模板；同时支持将患者病历存为疾病组。,部分响应,平台当前提供病历模板按科室维护，以及由已有模板复制生成新模板。本条所述将当前病历存为科室模板或个人模板、将患者病历存为疾病组的功能，当前版本尚未提供，列入后续开发计划。
2472,★,,全文查找：支持病历内容全文查找，通过病历全文检索系统可检索病历。,部分响应,已提供：临床数据中心病历关键词检索服务接口，覆盖病历标题与正文（主诉、现病史、诊断等），限临床与质控角色使用。尚未提供：①业务界面中的病历全文检索入口；②基于全文索引的检索引擎（当前为关键词模糊匹配）。上述缺项列入后续开发计划。
2473,★,,病历调阅及打印。,部分响应,已提供：病历调阅——临床数据中心患者 360 视图按患者查看门诊病历、检验报告、出院小结等文书全文；门诊医生站可调阅患者历次就诊病历。尚未提供：病历文书的打印版式与打印入口（当前打印仅覆盖出院小结、体温单、护理记录单等单据）。上述缺项列入后续开发计划。
2474,,▲,提供既往病历查阅功能，医生能直接查看患者既往病历资料信息，包括：①病历内容、②检验、③检查、④医嘱、⑤生命体征、⑥首页、⑦既往病历；（投标人提供相关软件界面截图，并加盖投标人公章）,部分响应,已提供：临床数据中心患者 360 视图，医生可按患者查阅①病历内容（门诊病历、出院小结）、②检验报告、⑦既往病历（历次就诊文书时间轴）；门诊医生站内可调阅患者历次门诊病历与诊断。尚未提供：③检查报告、④医嘱、⑤生命体征、⑥病案首页纳入既往病历查阅；医生站内直接调阅跨次住院资料的入口。上述缺项列入后续开发计划。软件界面截图以患者 360 视图页面提供。
2475,★,,支持病历的整体打印、合并打印、选页打印、双/单页打印、续打。 +-------------------------------+----------------------------------------------------------------------------------------------------------------------------------------,部分响应,平台当前提供出院小结、体温单、护理记录单等固定版式单据通过浏览器打印的基础能力。本条所述病历整体打印、合并打印、选页打印、双/单页打印及续打功能，当前版本尚未提供，列入后续开发计划。
2476,,,内置高性能全文搜索引擎，支持对病历非结构化文本进行任意字符串的模糊匹配与深度挖掘。 +------------------------------------------------------------------------------------------------------------+,部分响应,已提供：临床数据中心病历检索服务，支持对病历标题与正文进行任意字符串模糊匹配。尚未提供：①高性能全文搜索引擎（全文索引、分词）及深度挖掘能力；②业务界面中的检索入口。上述缺项列入后续开发计划。
2477,,,提供基于唯一电子病历号的精准定位功能，实现秒级直达特定患者档案。 +------------------------------------------------------------------------------------------------------------+,正偏离/无偏离,由临床数据中心患者 360 视图提供：按患者号（平台唯一患者标识）、证件号、姓名或手机号检索患者主索引，命中后直接打开该患者全部诊疗文书时间轴，实现患者档案直达；住院侧另可按住院记录直达患者工作台。
2478,,,集成患者主索引检索能力，支持通过姓名快速聚合该名患者的所有历史诊疗记录。 +------------------------------------------------------------------------------------------------------------+,正偏离/无偏离,由患者主索引与临床数据中心患者 360 视图提供：按姓名等关键词检索患者主索引，选中患者后自动聚合其跨门诊、检验、住院的全部历史诊疗文书，按时间轴展示。
2479,,,"支持针对病历文书标题进行语义匹配，快速锁定特定名称的临床文档（如""入院记录""、""手术记录""）。 +------------------------------------------------------------------------------------------------------------+",部分响应,已提供：病历检索服务的关键词同时匹配文书标题与正文，输入「入院记录」「手术记录」等名称可命中相应文书。尚未提供：①按标题单独检索的选项；②语义匹配（同义词、语义扩展）；③业务界面中的检索入口。上述缺项列入后续开发计划。
2480,,,构建文书类型分类过滤器，允许用户按文档属性（如护理记录、检查报告）筛选目标数据。 +------------------------------------------------------------------------------------------------------------+,部分响应,已提供：患者 360 视图按文书类型（门诊病历、检验报告、住院出院小结）筛选；护理记录按类型（护理观察、日常巡视、护理措施）筛选。尚未提供：统一的文书类型分类过滤器；检查报告、护理记录纳入临床数据中心可筛选的文书类型。上述缺项列入后续开发计划。
2481,,,部署科室维度数据隔离检索，可限定在特定临床单元范围内查找病历资料。 +------------------------------------------------------------------------------------------------------------+,部分响应,平台当前提供按患者维度的病历调阅与关键词检索基础能力。本条所述按科室（临床单元）范围隔离检索病历资料的功能，当前版本尚未提供，列入后续开发计划。
2482,,,支持以医生为索引键，一键调阅指定医生名下负责的所有患者病历。 +------------------------------------------------------------------------------------------------------------+,部分响应,平台当前提供按患者维度的病历调阅基础能力。本条所述以医生为索引键一键调阅其名下全部患者病历的功能，当前版本尚未提供，列入后续开发计划。
2483,,,引入时间轴检索机制，支持依据病历生成或归档的时间节点进行正向或逆向排序查询。 +------------------------------------------------------------------------------------------------------------+,部分响应,已提供：患者 360 视图按文书时间倒序展示诊疗文书时间轴。尚未提供：①正向/逆向排序切换；②按归档时间节点排序查询。上述缺项列入后续开发计划。
2484,,,适配多院区集团化架构，支持按医院实体代码进行跨机构病历数据的定向检索。 +------------------------------------------------------------------------------------------------------------+,部分响应,平台当前为单院区数据模型，提供院内病历调阅与检索。本条所述多院区集团化架构下按医院实体代码进行跨机构病历定向检索的功能，当前版本未提供，列入后续开发计划。
2485,,,优化结果预览交互，列表页直观展示文书类别标签及关键时间，辅助用户决策。 +------------------------------------------------------------------------------------------------------------+,部分响应,已提供：患者 360 视图文书列表以色标展示文书类别并显示文书时间。尚未提供：病历检索结果列表页及其结果预览交互（检索入口尚未在业务界面提供）。上述缺项列入后续开发计划。
2486,,,实施智能摘要高亮技术，在结果列表中截取包含命中文本的片段，并对关键词进行醒目标红处理，提升阅读效率。 +------------------------------------------------------------------------------------------------------------+,部分响应,【二级证据评审建议，待项目组签字】CDR ILIKE 全文检索已备；高亮/布尔检索为搜索深化项
2487,,,提供基于文书类型的聚合统计视图，实时显示各类文档的命中数量，支持下钻查看明细清单。 +------------------------------------------------------------------------------------------------------------+,部分响应,已提供：临床数据中心按文书类型（门诊病历、检验报告、出院小结、历史归档文书）的全库数量统计服务接口。尚未提供：①按本次检索命中数量的聚合统计；②下钻查看明细清单；③业务界面中的统计视图入口。上述缺项列入后续开发计划。
2488,,,构建基于时间维度的分布直方图，动态展示不同时间段内的检索结果数量，支持点击穿透至具体列表。 +------------------------------------------------------------------------------------------------------------+,部分响应,界面易用性细节：检索/分页已实现，列自定义为前端深度
2489,,,高级逻辑组合查询。 +------------------------------------------------------------------------------------------------------------+,部分响应,对应模块查询统计能力已实现，界面细节逐条比对
2490,,,"自定义搜索域粒度，允许用户灵活选择仅在""标题元数据""或""正文全量内容""中执行检索策略。 +------------------------------------------------------------------------------------------------------------+",部分响应,平台当前提供病历关键词检索（标题与正文同时匹配）。本条所述自定义搜索域粒度、选择仅在标题元数据或正文全量内容中检索的功能，当前版本尚未提供，列入后续开发计划。
2491,,,"支持""逻辑与（AND）""多词组合查询，通过逗号分隔多个关键词，仅返回同时包含所有指定词汇的记录。 +------------------------------------------------------------------------------------------------------------+",部分响应,对应模块查询统计能力已实现，界面细节逐条比对
2492,,,"支持""逻辑或（OR）""宽泛匹配模式，输入多个逗号分隔词，返回包含任一关键词的相关病历，扩大召回率。 +------------------------------------------------------------------------------------------------------------+",部分响应,平台当前提供单关键词病历检索。本条所述多个逗号分隔关键词的逻辑或（OR）宽泛匹配模式，当前版本尚未提供，列入后续开发计划。
2493,,,"引入""逻辑非（NOT）""排除机制，允许设定负向关键词过滤条件，精准剔除无关干扰数据。 +------------------------------------------------------------------------------------------------------------+",部分响应,【二级证据评审建议，待项目组签字】CDR ILIKE 全文检索已备；高亮/布尔检索为搜索深化项
2494,,,支持底层文件格式定向筛选，可专门针对XML结构化数据或HTML富文本格式进行独立检索。 +------------------------------------------------------------------------------------------------------------+,部分响应,对应模块查询统计能力已实现，界面细节逐条比对
2495,,,"预设常用时间快捷面板，提供""近一天""、""近一周""、""近一月""、""近一年""等一键式时间窗口筛选。 +------------------------------------------------------------------------------------------------------------+",部分响应,平台当前提供病历关键词检索基础能力。本条所述近一天、近一周、近一月、近一年等时间快捷面板筛选，当前版本尚未提供，列入后续开发计划。
2496,,,开放自定义时间区间选择器，支持用户精确指定起止日期，满足特定周期的查询需求。 +------------------------------------------------------------------------------------------------------------+,部分响应,平台当前提供病历关键词检索基础能力。本条所述病历检索的自定义起止日期区间选择，当前版本尚未提供，列入后续开发计划。
2497,,,热门检索。 +------------------------------------------------------------------------------------------------------------+,部分响应,对应模块查询统计能力已实现，界面细节逐条比对
2498,,,打造动态热门搜索榜单，实时展示高频检索条目，支持点击直接跳转至对应结果集。 +------------------------------------------------------------------------------------------------------------+,部分响应,对应模块查询统计能力已实现，界面细节逐条比对
2499,,,可视化呈现热搜词云及频次统计，按搜索热度降序排列，洞察临床关注焦点与数据趋势。 +------------------------------------------------------------------------------------------------------------+,部分响应,本条所述热搜词云、搜索频次统计与按热度排序功能当前版本未提供，列入后续开发计划。
2500,,,检索历史。 +------------------------------------------------------------------------------------------------------------+,部分响应,对应模块查询统计能力已实现，界面细节逐条比对
2501,,,自动构建个人检索足迹档案，以列表形式完整保留历史查询记录，支持一键复现过往场景。 +------------------------------------------------------------------------------------------------------------+,部分响应,界面易用性细节：检索/分页已实现，列自定义为前端深度
2502,,,在历史记录中清晰展示曾使用的核心关键词，方便用户快速回顾检索思路。 +------------------------------------------------------------------------------------------------------------+,部分响应,本条所述检索历史记录及核心关键词回顾功能当前版本未提供，列入后续开发计划。
2503,,,提供隐私保护式一键清空功能，允许用户自主清除本地存储的搜索历史缓存。 +------------------------------------------------------------------------------------------------------------+,部分响应,本条所述搜索历史缓存一键清空功能当前版本未提供（平台当前不记录检索历史），列入后续开发计划。
2504,,,相关性检索。 +------------------------------------------------------------------------------------------------------------+,部分响应,对应模块查询统计能力已实现，界面细节逐条比对
2505,,,集成NLP语义联想引擎，在用户输入关键词时，智能推荐相关的医学术语或扩展词汇，辅助完善查询意图。 +------------------------------------------------------------------------------------------------------------+,部分响应,平台当前提供病历关键词模糊匹配检索。本条所述 NLP 语义联想引擎（输入关键词时智能推荐相关医学术语或扩展词汇）当前版本尚未提供，列入后续开发计划；其中医学术语知识库属商用配套产品，需另行采购。
2506,,,实现推荐词即搜即用功能，点击关联推荐词即可直接触发检索并加载结果列表，缩短操作路径。 +------------------------------------------------------------------------------------------------------------+ +-------------------------------+-------------,部分响应,对应模块查询统计能力已实现，界面细节逐条比对
2507,★,,支持登记成功后自动打印条形码，并能有效区分本院与外院的申请单信息。 +---------------------------------------------------------------------------------------------------------------------------------------------------------+,部分响应,平台当前提供检验标本登记与病理取材登记时自动生成条码号。本条所述登记成功后自动打印条形码（条码图形渲染与标签打印）及本院、外院申请单来源区分标识，当前版本尚未提供，列入后续开发计划。
2508,★,,提供标准HIS接口，全面支持临床端电子病理申请单的在线接收，兼容常规、细胞学、TCT及冰冻预约等业务。 +---------------------------------------------------------------------------------------------------------------------------------------------------,部分响应,已提供：病理工作站在线接收本院门诊医生站开具的病理申请（待取材列表）。尚未提供：①面向外部 HIS 的标准病理申请单接口；②住院医嘱来源的病理申请接收；③常规、细胞学、TCT、冰冻预约等业务类型分型。上述缺项列入后续开发计划。
2509,★,,支持申请单数据一致化处理，确保患者资料在系统间同步准确。 +---------------------------------------------------------------------------------------------------------------------------------------------------------+,部分响应,已提供：病理申请单与患者主索引在同一平台内引用同一患者记录，院内患者资料保持一致。尚未提供：跨系统申请单数据一致化处理规则（患者主索引合并、比对与冲突消解）及跨系统同步与校验通道。上述缺项列入后续开发计划。
2510,★,,支持识别体检相关病理申请，能够与医院体检平台信息系统实现深度集成。 +---------------------------------------------------------------------------------------------------------------------------------------------------------+,部分响应,平台当前提供体检管理与病理工作站基础功能。本条所述识别体检来源的病理申请并与医院体检平台深度集成，当前版本尚未提供，列入后续开发计划。
2511,★,,提供面向第三方系统的打印接口服务，支持申请单及标本标签即时打印，打通从采样到接收的追踪链路。 +--------------------------------------------------------------------------------------------------------------------------------------------------------,部分响应,平台当前提供病理取材登记自动生成标本条码号，以及收费票据打印服务。本条所述面向第三方系统的打印接口服务、病理申请单与标本标签即时打印及采样到接收的追踪链路，当前版本尚未提供，列入后续开发计划。
2512,★,,支持多维度业务表单分类管理，内置多套标准模板并具备强大的表单定义引擎，支持格式的动态定制。 +---------------------------------------------------------------------------------------------------------------------------------------------------------,部分响应,已提供：文书模板按科室与类型（病历、知情同意书、检查报告）分类维护，模板内容为文本。尚未提供：①表单定义引擎与格式动态定制；②病理业务表单模板类型；③内置多套病理标准模板。上述缺项列入后续开发计划。
2513,★,,支持集成360视图平台，实现患者电子病历与全量诊疗数据的实时查阅，并允许在冰冻预约阶段提前调阅检查资料。 +--------------------------------------------------------------------------------------------------------------------------------------------------,部分响应,已提供：临床数据中心患者 360 视图，可查阅患者门诊病历、检验报告、出院小结。尚未提供：①病理报告纳入 360 视图；②病理工作站内嵌 360 视图与电子病历调阅入口；③冰冻预约环节及其提前调阅检查资料。上述缺项列入后续开发计划。
2514,★,,支持按HIS或体检来源快速接诊，提供集成化的标本核对界面，验证通过后一键完成登记并自动分配病理号。 +-----------------------------------------------------------------------------------------------------------------------------------------------------,部分响应,已提供：按本院 HIS 来源接诊病理申请（待取材列表），一键完成取材登记并自动生成标本编号。尚未提供：①体检来源接诊；②集成化标本核对界面与核对验证步骤；③可配置的病理号规则（当前为固定前缀加流水号）。上述缺项列入后续开发计划。
2515,★,,"支持条形码与磁卡录入，自动执行""同名检索""与""历史检查""提醒，通过住院号精准锁定患者过往病理档案。 +-----------------------------------------------------------------------------------------------------------------------------------------------------",部分响应,平台当前提供病理取材登记时由系统生成标本条码号。本条所述条形码与磁卡扫描录入、同名检索与历史检查自动提醒、按住院号锁定患者过往病理档案，当前版本尚未提供，列入后续开发计划。
2516,★,,支持科室自定义病理号生成规则，确保不同申请单与科室开单逻辑下的编号具备连续性与自动化。 +---------------------------------------------------------------------------------------------------------------------------------------------------------+,部分响应,平台当前提供病理标本编号自动生成（全院统一流水号）。本条所述科室自定义病理号生成规则、按申请单与科室开单逻辑分段连续编号，当前版本尚未提供，列入后续开发计划。
2517,★,,支持病理号更新、报告浏览、申请单与标签补打及历史报告重印等全方位数据维护功能。 +---------------------------------------------------------------------------------------------------------------------------------------------------------+,部分响应,平台当前提供病理标本流转列表查看（含诊断结论）。本条所述病理号更新、报告浏览详情、申请单与标签补打、历史报告重印等数据维护功能，当前版本尚未提供，列入后续开发计划。
2518,★,,支持手动登记模式，允许医护人员在无电子申请的情况下手动录入完整的病理申请数据资料。 +---------------------------------------------------------------------------------------------------------------------------------------------------------+,部分响应,平台当前病理登记基于本院电子申请（门诊医嘱）发起。本条所述无电子申请时由医护人员手动录入完整病理申请资料的手动登记模式，当前版本尚未提供，列入后续开发计划。
2519,★,,支持高级检索功能，允许用户通过多重业务条件组合对病理全量数据资料进行深度挖掘。 +---------------------------------------------------------------------------------------------------------------------------------------------------------+,部分响应,平台当前提供病理标本流转列表查看。本条所述多重业务条件组合的高级检索与深度挖掘，当前版本尚未提供，列入后续开发计划。
2520,★,,支持已登记病理数据的全局查询，实现病理登记记录的快速定位与详情检索。 +---------------------------------------------------------------------------------------------------------------------------------------------------------+,部分响应,已提供：已登记病理标本的全局列表查看（患者、项目、条码、状态、诊断）。尚未提供：①按患者号、条码、日期等条件快速定位；②标本详情页（标本描述、大体所见、镜下所见）；③超出最近记录数限制的全量查询。上述缺项列入后续开发计划。
2521,,▲,门诊划价检索，支持①划价时间、②划价人、③患者姓名、④门诊号、⑤证件号码、⑥科室、⑦医生检索。（投标人提供相关软件界面截图，并加盖投标人公章） +-------------------------------------------------------------------------------------------------------------------------------,部分响应,已提供：门诊收费票据补打页面支持按患者姓名、患者号、收费单号关键词及单日日期检索收费记录。尚未提供：①划价时间按时段区间检索；②划价人检索；④门诊号（挂号号）检索；⑤证件号码检索；⑥科室检索；⑦医生检索。上述缺项列入后续开发计划。软件界面截图以收费票据补打页面提供。
2522,★,,支持拒收标本的专项查询与记录管理，方便追踪标本流转异常情况。 +---------------------------------------------------------------------------------------------------------------------------------------------------------+,部分响应,平台当前提供病理标本已取材、已接收、已诊断三个状态的流转管理。本条所述拒收标本的专项查询与记录管理，当前版本尚未提供，列入后续开发计划。
2523,★,,大体取材工作站。 +---------------------------------------------------------------------------------------------------------------------------------------------------------+,配套产品响应,【二级证据评审建议，待项目组签字】影像后处理/阅片/病理工作站产品；平台 RIS/病理流转与 PACS 接入点已备
2524,★,,支持通过摄像头或数码相机实时采集取材巨检图片，并能够直接导入系统进行图像管理。 +---------------------------------------------------------------------------------------------------------------------------------------------------------+,配套产品响应,外设采集属设备配套（图像以档案名登记制留痕）
2525,★,,"支持取材工作列表的打印及大体图像拍摄，允许在图片上标注病变部位，并向临床端实时同步""已取材""状态及取材医生信息。 +----------------------------------------------------------------------------------------------------------------------------------------------",部分响应,平台当前提供病理取材登记（生成标本条码号）。本条所述取材工作列表打印、大体图像拍摄与病变部位标注、向临床端实时同步「已取材」状态及取材医生信息，当前版本尚未提供，列入后续开发计划。
2526,★,,支持自动化物理归档支撑，可将包含大体描述、取材块数及最终诊断在内的取材记录同步输出打印，确保科室原始资料的备份与可追溯性。 +-----------------------------------------------------------------------------------------------------------------------------------------,部分响应,平台当前提供病理标本记录（大体所见、镜下所见、诊断）在线存储。本条所述自动化物理归档支撑及包含大体描述、取材块数、最终诊断的取材记录同步输出打印，当前版本尚未提供，列入后续开发计划。
2527,★,,支持对取材明细进行自动编号，并详尽记录登记医生、取材医生、材块数及标本来源等核心业务数据。 +---------------------------------------------------------------------------------------------------------------------------------------------------------,部分响应,平台当前提供病理标本主记录（标本条码号、标本描述、状态、诊断医生）。本条所述取材明细自动编号及登记医生、取材医生、材块数、标本来源等核心数据记录，当前版本尚未提供，列入后续开发计划。
2528,★,,支持在取材界面集成浏览患者全量数据资料，涵盖临床诊断、标本及申请单信息，并能查阅360视图与电子病历数据。 +-------------------------------------------------------------------------------------------------------------------------------------------------,部分响应,平台当前取材登记环节展示患者姓名与申请项目；患者 360 视图可在临床数据中心独立查阅。本条所述在取材界面集成浏览患者全量资料（临床诊断、标本及申请单信息、360 视图与电子病历），当前版本尚未提供，列入后续开发计划。
2529,★,,支持通过双击快捷调用预置模板，并提供取材模板的灵活创建与个性化编辑功能。 +---------------------------------------------------------------------------------------------------------------------------------------------------------+,部分响应,平台当前提供病历、知情同意书、检查报告类文书模板维护。本条所述取材模板预置、双击快捷调用及取材模板创建与个性化编辑，当前版本尚未提供，列入后续开发计划。
2530,★,,支持文字化记录完整的取材过程信息，确保描述内容的结构化存储与调阅。 +---------------------------------------------------------------------------------------------------------------------------------------------------------+,部分响应,已提供：病理标本描述字段的存储与保存接口。尚未提供：①取材登记界面的取材过程描述录入入口（当前描述内容为固定预设值）；②标本描述在流转列表中的调阅展示。上述缺项列入后续开发计划。
2531,★,,支持对患者历史病理审计记录的深度浏览，辅助取材医生了解患者过往病史。 +---------------------------------------------------------------------------------------------------------------------------------------------------------+,部分响应,平台当前提供病理标本流转列表（按最近登记倒序）。本条所述取材环节按患者浏览其历史病理记录，当前版本尚未提供，列入后续开发计划。
2532,★,,支持取材环节的全局检索功能，能够快速调阅所有已完成取材阶段的病理数据资料。 +---------------------------------------------------------------------------------------------------------------------------------------------------------+ 脱水包埋工作,部分响应,平台当前提供病理标本流转全量列表查看。本条所述取材环节全局检索及按已完成取材阶段筛选，当前版本尚未提供，列入后续开发计划。
2533,★,,支持脱水篮的逻辑分组与流转管理，具备标本脱水进度的实时监控与异常预警功能；通过数字化手段记录脱水状态，提升病理实验室前处理阶段的自动化管理水平。 +------------------------------------------------------------------------------------------------------------------------------,部分响应,平台当前病理标本流转覆盖取材、接收、诊断三个节点。本条所述脱水篮逻辑分组与流转管理、脱水进度实时监控与异常预警、脱水状态数字化记录，当前版本未提供，列入后续开发计划。
2534,★,,支持包埋环节的状态实时追踪，涵盖待包埋提醒、包埋中记录及包埋完成确认等核心节点 ；通过对包埋状态的精细化维护，确保标本在制片前处理阶段的衔接顺畅，严防标本遗漏或工序倒置。 +-----------------------------------------------------------------------------------------------------------------,部分响应,平台当前病理标本流转覆盖取材、接收、诊断三个节点。本条所述包埋环节状态追踪（待包埋提醒、包埋中记录、包埋完成确认），当前版本未提供，列入后续开发计划。
2535,★,,支持包埋质量的多选批量评价，提升前处理阶段质控数据的录入效率。 +---------------------------------------------------------------------------------------------------------------------------------------------------------+ 制片工作站 +-----,部分响应,对应业务登记能力已实现，字段级差异逐条比对
2536,★,,支持按制片状态对切片进行分类检索与汇总查看，直观呈现切片任务的实时积压与完成现状。 +---------------------------------------------------------------------------------------------------------------------------------------------------------+,部分响应,平台当前提供病理标本流转列表查看。本条所述按制片状态对切片分类检索与汇总查看、切片任务积压与完成现状呈现，当前版本未提供，列入后续开发计划。
2537,★,,提供切片确认的批量处理机制，支持一次性对多组标本进行制片状态的核销与记录。 +---------------------------------------------------------------------------------------------------------------------------------------------------------+,部分响应,平台当前提供病理标本逐条接收确认。本条所述切片确认批量处理、一次性对多组标本进行制片状态核销与记录，当前版本尚未提供，列入后续开发计划。
2538,★,,预置高级检索模块，支持跨字段的自由组合查询与复杂逻辑筛选，实现病理数据的高效调取与精准定位。 +--------------------------------------------------------------------------------------------------------------------------------------------------------,部分响应,平台当前提供病理标本流转列表查看。本条所述跨字段自由组合查询与复杂逻辑筛选的高级检索模块，当前版本尚未提供，列入后续开发计划。
2539,★,,支持重切、深切等特殊技术医嘱的自动提示与任务预警，确保关键制片工序准确执行。 +---------------------------------------------------------------------------------------------------------------------------------------------------------+,部分响应,平台当前病理标本记录不含技术医嘱信息。本条所述重切、深切等特殊技术医嘱的记录、自动提示与任务预警，当前版本未提供，列入后续开发计划。
2540,★,,支持制片环节玻片标签的即时输出，确保切片标识规范化与自动化打印。 +---------------------------------------------------------------------------------------------------------------------------------------------------------+,部分响应,平台当前提供病理取材登记生成标本条码号。本条所述制片环节玻片标签即时输出与自动化打印，当前版本尚未提供，列入后续开发计划。
2541,★,,系统兼容病理专用的玻片打码设备，实现制片环节切片信息的直接赋码与快速打印。 +---------------------------------------------------------------------------------------------------------------------------------------------------------+ 诊断工作站 ,配套产品响应,玻片打码设备属病理专用硬件，其打码驱动与通讯协议由设备厂商提供。平台当前提供检验仪器 HL7 消息接入通道作为设备对接的通用基础；病理制片环节的切片信息赋码与玻片打码设备对接接口当前版本尚未提供，列入后续开发计划，届时按设备厂商提供的接口规范适配。
2542,★,,提供病理登记全局视图，通过差异化配色实时标识检查进度，并利用直观图标区分单据及标签的打印完成情况。 +-----------------------------------------------------------------------------------------------------------------------------------------------------,部分响应,已提供：病理登记全局列表，以文字展示标本状态（已取材、已接收、已诊断）。尚未提供：①按检查进度差异化配色标识；②单据及标签打印完成情况的图标区分（含打印状态记录）。上述缺项列入后续开发计划。
2543,★,,具备便捷的分类过滤功能，可根据业务类别或报告流转节点执行快速筛选。 +---------------------------------------------------------------------------------------------------------------------------------------------------------+,部分响应,平台当前提供病理标本流转列表查看。本条所述按业务类别或报告流转节点的快速分类筛选，当前版本尚未提供，列入后续开发计划。
2544,★,,集成高阶检索引擎，支持跨维度组合查询，满足深度的病例数据调取与学术检索需求。 +---------------------------------------------------------------------------------------------------------------------------------------------------------+,部分响应,平台当前提供病理标本流转列表查看。本条所述跨维度组合查询的高阶检索引擎及学术检索，当前版本尚未提供，列入后续开发计划。
2545,★,,具备数字影像采集与后期处理功能，支持病理图像的抓取及在线标注编辑。 +---------------------------------------------------------------------------------------------------------------------------------------------------------+,部分响应,平台当前在放射检查侧提供 PACS 影像查看器调阅入口。本条所述病理数字影像采集、图像抓取及在线标注编辑，当前版本尚未提供，列入后续开发计划。
2546,★,,支持联动查看巨检影像、检体基本资料及大体解剖描述，辅助医生还原取材场景。 +---------------------------------------------------------------------------------------------------------------------------------------------------------+,部分响应,平台当前提供病理诊断结论录入。本条所述在诊断界面联动查看巨检影像、检体基本资料及大体解剖描述，当前版本尚未提供，列入后续开发计划。
2547,★,,支持完善的报告录入体系，涵盖初步诊断、正式诊断建议及补充医嘱等多元化信息记录。 +---------------------------------------------------------------------------------------------------------------------------------------------------------+,部分响应,已提供：病理报告大体所见、镜下所见、诊断结论三项内容的保存接口，诊断界面支持诊断结论录入。尚未提供：①诊断界面对大体所见、镜下所见的录入入口（当前为预设内容）；②初步诊断、正式诊断建议、补充医嘱等信息项。上述缺项列入后续开发计划。
2548,★,,提供诊断意见的高效复用工具，支持实习结论与带教诊断的一键内容同步与快速流转。 +---------------------------------------------------------------------------------------------------------------------------------------------------------+,部分响应,平台当前提供病理诊断单人录入。本条所述实习结论与带教诊断的一键内容同步与快速流转，当前版本尚未提供，列入后续开发计划。
2549,★,,具备诊断词条快速填充机制，支持在书写过程中便捷插入免疫组化标记物及标本名称。 +---------------------------------------------------------------------------------------------------------------------------------------------------------+,部分响应,平台当前提供病理诊断结论文本录入。本条所述诊断词条快速填充、书写过程中插入免疫组化标记物及标本名称，当前版本尚未提供，列入后续开发计划。
2550,★,,针对宫颈TCT业务预设标准化判读模板，支持典型诊断结论的菜单式选择与录入。 +---------------------------------------------------------------------------------------------------------------------------------------------------------+,部分响应,平台当前提供病理诊断结论文本录入。本条所述宫颈 TCT 标准化判读模板及典型诊断结论菜单式选择录入，当前版本未提供，列入后续开发计划。
2551,★,,支持覆盖报告全生命周期管理，支持初稿暂存、多级审核、效果预览、纸质打印及流程回退处理。 +---------------------------------------------------------------------------------------------------------------------------------------------------------+,部分响应,平台当前病理报告为诊断录入后即发布并回写医嘱执行状态。本条所述报告全生命周期管理（初稿暂存、多级审核、效果预览、纸质打印、流程回退）当前版本尚未提供，列入后续开发计划。
2552,★,,支持病理全流程质量控制与分析，预置涵盖报告及时率、诊断符合率等核心指标在内的多维质控模版。 +---------------------------------------------------------------------------------------------------------------------------------------------------------,部分响应,平台当前提供检验室内质控（质控图、失控判断、报告周转时间统计）。本条所述病理全流程质量控制与分析，以及报告及时率、诊断符合率等多维病理质控模版，当前版本尚未提供，列入后续开发计划。
2553,★,,支持病理补充报告管理，允许在已签发的原始报告基础上，在线追加补充诊断或后续检测结论。 +---------------------------------------------------------------------------------------------------------------------------------------------------------+,部分响应,平台当前病理报告为一次性签发。本条所述病理补充报告管理（在已签发原始报告基础上在线追加补充诊断或后续检测结论），当前版本尚未提供，列入后续开发计划。
2554,★,,支持特检项目与套餐医嘱的在线下达，涵盖医嘱单据输出及配套的切片质量评定功能。 +---------------------------------------------------------------------------------------------------------------------------------------------------------+,部分响应,平台当前病理申请由门诊医生站以医嘱项目名称识别接收。本条所述特检项目与套餐医嘱在线下达、医嘱单据输出及切片质量评定，当前版本尚未提供，列入后续开发计划。
2555,★,,支持多元化技术医嘱开具，精细化管理深切、重切及标本补取等实验室再处理流程。 +---------------------------------------------------------------------------------------------------------------------------------------------------------+,部分响应,平台当前病理标本流转覆盖取材、接收、诊断三个节点。本条所述多元化技术医嘱开具及深切、重切、标本补取等实验室再处理流程管理，当前版本未提供，列入后续开发计划。
2556,★,,支持病理补充报告的规范化录入，支持在原有记录基础上进行影像二次采集与诊断意见补录。 +---------------------------------------------------------------------------------------------------------------------------------------------------------+,部分响应,平台当前提供病理诊断结论一次性录入。本条所述病理补充报告规范化录入、在原有记录基础上的影像二次采集与诊断意见补录，当前版本尚未提供，列入后续开发计划。
2557,★,,支持调阅患者全景信息，集成临床诊断、检体资料、原始申请单及电子病历数据，提供360度临床视图参考。 +-----------------------------------------------------------------------------------------------------------------------------------------------------,部分响应,已提供：临床数据中心「患者360视图」，可按患者检索，并以时间轴方式浏览门诊病历、门诊诊断、医嘱、检验结果、住院病历等临床文档，支持分类切换与全文查看。尚未提供：①360视图尚未纳入病理标本、病理申请单及检体资料；②病理诊断工作站尚无一键调阅患者360视图的入口，需另行进入患者360菜单检索。上述缺项列入后续开发计划。
2558,★,,支持调取并追溯患者既往的病理受检记录，辅助医师对比历史诊断资料。 +---------------------------------------------------------------------------------------------------------------------------------------------------------+,部分响应,平台当前提供病理诊断工作站的标本工作列表（按登记时间倒序展示近期标本）及患者端本人病理报告查询的基础能力；本条所述医师侧按患者调取既往病理受检记录并进行历史诊断对比的功能尚未提供，列入后续开发计划。
2559,★,,支持个性化诊断模板的构建与维护，通过双击操作即可快速调用并填充结构化诊断内容。 +---------------------------------------------------------------------------------------------------------------------------------------------------------+,部分响应,已提供：病历模板库维护功能，模板类型可自定义，支持新增与修改，现已应用于影像报告书写与住院病历书写的模板套用。尚未提供：①病理诊断页面尚未接入模板库；②无双击快速调用并填充的交互方式；③病理诊断内容为自由文本录入，尚无结构化诊断字段。上述缺项列入后续开发计划。
2560,★,,支持科室根据临床需求弹性定制版式，实现各类图文报告格式的快速定制与灵活调整。 +---------------------------------------------------------------------------------------------------------------------------------------------------------+,部分响应,平台当前提供固定版式的各类单据与报告打印（如住院费用清单、出院小结、体温单、护理记录单等）；本条所述由科室自行弹性定制图文报告版式、快速调整格式的版式设计器功能尚未提供，列入后续开发计划。
2561,★,,支持病理诊断结果向HIS及体检系统的自动推送，确保临床医生能在原业务单据中直接调阅数字化报告。 +-------------------------------------------------------------------------------------------------------------------------------------------------------,部分响应,平台当前提供病理报告发布后自动更新原医嘱执行状态，并向患者服务门户推送病理报告供患者查阅的基础能力；本条所述病理诊断结果自动推送至门诊/住院医生站、临床医生在原业务单据中直接调阅病理报告，以及向体检系统推送的功能尚未提供，列入后续开发计划。
2562,★,,支持与院内移动服务及自助终端无缝联通，通过开放接口将病理诊断结果推送至小程序、公众号及自助一体机，实现患者跨平台、多终端的报告查阅与获取。 +---------------------------------------------------------------------------------------------------------------------------------,部分响应,已提供：患者服务门户（Web端）中患者可在线查阅本人病理报告。尚未提供：①自助一体机端的报告查询与获取；②面向小程序、公众号的病理报告开放推送接口；③病理报告对外分享链接（当前分享链接仅覆盖影像检查报告）。上述缺项列入后续开发计划。
2563,★,,支持特检医嘱的集中化管理与状态追踪，可实时调阅涵盖技术分类、具体检测项目、关联蜡块编号及当前执行进度在内的完整明细。 +--------------------------------------------------------------------------------------------------------------------------------------------,部分响应,平台当前提供病理标本基础信息列表（标本编号、检查项目、患者、标本状态）；本条所述特检医嘱的集中化管理与状态追踪，含技术分类、具体检测项目、关联蜡块编号及执行进度的完整明细功能尚未提供，列入后续开发计划。
2564,★,,支持基于业务分类与流转进度对医嘱进行过滤，可快速筛选特定病理类型或执行状态下的医嘱清单。 +---------------------------------------------------------------------------------------------------------------------------------------------------------+,部分响应,平台当前提供病理标本工作列表的基础能力；本条所述按业务分类与流转进度对医嘱进行过滤、快速筛选特定病理类型或执行状态医嘱清单的功能尚未提供（现有标本列表亦未提供按类型/状态筛选），列入后续开发计划。
2565,★,,支持技术及特检医嘱单的物理输出，提供标准化的纸质凭证以辅助实验室线下核对与流转。 +---------------------------------------------------------------------------------------------------------------------------------------------------------+,部分响应,平台当前提供住院费用清单、出院小结、检验报告等单据的打印输出基础能力；本条所述技术及特检医嘱单的纸质凭证打印输出功能尚未提供，列入后续开发计划。
2566,★,,支持特检业务的全过程状态监控，能够实时更新并区分待处理、正在处理及已完成等不同阶段的任务进度。 +-------------------------------------------------------------------------------------------------------------------------------------------------------,部分响应,平台当前提供病理标本的三阶段状态流转（已采集/已接收/已诊断）；本条所述特检业务待处理、正在处理、已完成等任务进度的全过程状态监控功能尚未提供，列入后续开发计划。
2567,★,,支持蜡块与切片的数字化档案管理，可关联病理基础资料并实时维护其物理存储架位与空间坐标信息。 +---------------------------------------------------------------------------------------------------------------------------------------------------------,部分响应,平台当前提供病理标本登记与诊断的基础流程；本条所述蜡块与切片数字化档案管理、关联病理基础资料并维护物理存储架位与空间坐标信息的功能当前版本未提供，列入后续开发计划。
2568,★,,支持档案存储位置的动态更新与轨迹追踪，实现标本在不同库房或架位间的流转转移记录。 +---------------------------------------------------------------------------------------------------------------------------------------------------------+,部分响应,本条所述病理档案存储位置动态更新与轨迹追踪、标本在库房或架位间流转转移记录的功能当前版本未提供，列入后续开发计划。
2569,★,,支持在诊断工作站直接发起蜡块与切片的借阅登记，完整记录借阅用途、去向及预置的归还时限信息。 +---------------------------------------------------------------------------------------------------------------------------------------------------------,部分响应,本条所述在病理诊断工作站发起蜡块与切片借阅登记，记录借阅用途、去向及归还时限的功能当前版本未提供，列入后续开发计划。
2570,★,,支持病理资料借阅状态的动态监控，可快速分类调阅逾期未还或已入库结项的资料清单。 +---------------------------------------------------------------------------------------------------------------------------------------------------------+,部分响应,本条所述病理资料借阅状态动态监控、逾期未还与已入库结项资料清单分类调阅的功能当前版本未提供，列入后续开发计划。
2571,★,,支持详尽的归还核销处理，允许录入标本损耗程度，并记录外院会诊结论与本院诊断的符合度对比。 +---------------------------------------------------------------------------------------------------------------------------------------------------------+,部分响应,本条所述病理资料归还核销处理、标本损耗程度录入及外院会诊结论与本院诊断符合度对比记录的功能当前版本未提供，列入后续开发计划。
2572,★,,危急值管控。 +---------------------------------------------------------------------------------------------------------------------------------------------------------+,部分响应,已提供：危急值闭环管理，覆盖检验与影像两个来源通道，包括危急值自动生成、临床接收确认、超期未确认监控看板。尚未提供：病理尚未纳入危急值来源通道，病理诊断工作站无病理危急值登记与闭环管理。上述缺项列入后续开发计划。
2573,★,,支持在诊断工作站实时登记病理危急值信息，并经由标准接口自动触发HIS系统的预警机制，确保临床关键风险信息的即时传达。 +--------------------------------------------------------------------------------------------------------------------------------------------,部分响应,平台当前提供检验、影像来源的危急值自动生成与临床预警、接收确认闭环；本条所述在病理诊断工作站实时登记病理危急值并自动触发医生站预警的功能尚未提供，列入后续开发计划。
2574,★,,支持危急值上报记录的全局审阅，可实时汇总并追踪所有高风险病例的通知状态与临床反馈。 +---------------------------------------------------------------------------------------------------------------------------------------------------------+,部分响应,已提供：危急值上报记录全局汇总列表（可按状态查询）与超期未确认看板。尚未提供：①汇总列表尚未展示接收确认人、确认时刻及处置留痕等临床反馈信息；②汇总范围不含病理来源的危急值。上述缺项列入后续开发计划。
2575,★,,质控及统计报表。 +---------------------------------------------------------------------------------------------------------------------------------------------------------+,部分响应,平台当前提供病理标本登记、接收、诊断、报告发布的基础业务流程；本条所述病理质控及统计报表功能当前版本未提供，列入后续开发计划。
2576,★,,支持基础工作量自动化统计，涵盖病理登记总量、蜡块产出数及报告签发量等多维度的业务数据汇总。 +---------------------------------------------------------------------------------------------------------------------------------------------------------,部分响应,本条所述病理基础工作量自动统计（病理登记总量、蜡块产出数、报告签发量等多维度汇总）功能当前版本未提供，列入后续开发计划。
2577,★,,系统深度集成《病理专业医疗质量控制指标（2024版）》，确保科室质控评价体系符合最新的行业监管标准。 +----------------------------------------------------------------------------------------------------------------------------------------------------,部分响应,本条所述《病理专业医疗质量控制指标（2024版）》指标体系的系统内置与科室质控评价功能当前版本未提供，列入后续开发计划。
2578,★,,支持核心质控指标的自动化分析，涵盖标本固定规范率、染色切片优良率、各类诊断及时率及诊断符合率（术中与石蜡、临床、外院会诊）等深度评估项目。 +---------------------------------------------------------------------------------------------------------------------------------,部分响应,本条所述病理核心质控指标自动分析（标本固定规范率、染色切片优良率、各类诊断及时率、术中与石蜡/临床/外院会诊诊断符合率等）功能当前版本未提供，列入后续开发计划。
2579,★,,支持根据病理科业务灵活定义申请类别，并实现病理类型与HIS收费项的精准映射与联动。 +---------------------------------------------------------------------------------------------------------------------------------------------------------+,部分响应,平台当前按医嘱项目名称自动识别病理/活检类申请并生成病理标本；本条所述病理申请类别的自定义配置，以及病理类型与收费项目精准映射的维护与联动功能尚未提供，列入后续开发计划。
2580,★,,支持病理号及蜡块编号规则的自定义配置，满足不同科室对于编码逻辑的个性化管理需求。 +---------------------------------------------------------------------------------------------------------------------------------------------------------+,部分响应,平台当前提供病理号自动顺序生成（固定前缀加流水号）；本条所述病理号编号规则的自定义配置及蜡块编号规则配置功能尚未提供，列入后续开发计划。
2581,★,,支持病理业务流程的可视化弹性配置，允许根据科室实际需求灵活增减脱水、包埋等流转节点，实现流程的精简与优化。 +-------------------------------------------------------------------------------------------------------------------------------------------------,部分响应,平台当前提供固定的病理标本三阶段流转（采集、接收、诊断）；本条所述病理业务流程可视化弹性配置、按科室需求增减脱水、包埋等流转节点的功能尚未提供，列入后续开发计划。
2582,★,,支持一站式系统管理控制台，支持用户权限、角色职能、菜单体系。,正偏离/无偏离,由「系统管理」模块提供一站式管理控制台：用户管理（新增、修改、启停），角色管理（角色定义及按菜单树勾选授权），科室管理，以及操作审计查询，满足用户权限、角色职能与菜单体系的集中管理需求。
2583,,,组织架构及基础数据字典的深度配置与维护。 +---------------------------------------------------------------------------------------------------------------------------------------------------------+,正偏离/无偏离,由「系统管理」与「基础数据」模块提供：组织架构维护（科室新增、修改、启停）及用户、角色管理；基础数据字典维护涵盖收费项目、费用类别、药品目录、检验参考范围、ICD-10 诊断字典等的增改与启停。
2584,★,,+-------------------------------+-----------------------------------------------------------------------------------------------------------------------------------------------------------------------,非参数行,文档转换产生的表格分隔残渣，不计入参数总数
2585,,,能够零费用检验单审批。 +-------------------------------------------------------------------------------------------------------------------------------------------------------------------------------------------,部分响应,平台当前的检验申请流程为开立、收费、采样，采样以医嘱已收费为前提；本条所述零费用检验单及其审批功能当前版本未提供，列入后续开发计划。
2586,,,能够检验项目条码打印。 +-------------------------------------------------------------------------------------------------------------------------------------------------------------------------------------------,部分响应,已提供：检验采样打码时系统自动生成标本条码号并记录，条码号在检验标本流转页面展示。尚未提供：条码标签的图形渲染与打印输出（含条码版式与打印操作）。上述缺项列入后续开发计划。
2587,,,能够标本采集时间确定。 +-------------------------------------------------------------------------------------------------------------------------------------------------------------------------------------------,正偏离/无偏离,由检验标本流转功能提供：技师执行采样打码时，系统自动确定并记录标本采集时间，在「标本流转」页签展示，并作为检验 TAT（周转时间）统计的起算时点。
2588,,,能够检验项目条码补打功能。 +-----------------------------------------------------------------------------------------------------------------------------------------------------------------------------------------,部分响应,平台当前提供采样时自动生成标本条码号，条码号可在标本流转队列中重新查看；本条所述检验条码补打（含条码标签打印输出）功能尚未提供，列入后续开发计划。
2589,,,予以完成采集时间，予以完成检验条码的闭环追踪管控，．能够对标本采集、离开、送达等进行管控，标本离科时间、送达时间在再结合临床实验室平台信息系统的上机时间。 +-------------------------------------------------------------------------------------------------------------------------,部分响应,已提供：标本采集时间、核收（送达）时间、报告发布时间三个时点的留痕，检验 TAT 统计（采集至核收、核收至发布、全程）及超时例数与超时明细。尚未提供：①标本离科时间的记录；②与临床实验室（仪器/中间件）上机时间的接收对接。上述缺项列入后续开发计划。
2590,,,支持查看患者的360视图，实现多角色、多方位浏览患者医疗全过程。 +----------------------------------------------------------------------------------------------------------------------------------------------------------------------,正偏离/无偏离,由临床数据中心「患者360视图」提供：左侧患者检索，右侧按时间轴呈现门诊、检验、住院各类临床文档，可分类切换并查看文档全文，供管理人员、临床医生、质控人员等角色浏览患者医疗全过程。
2591,,,能够对检验、检查申请单的检索，协助职能科室核查检验、检查申请单状态。 +--------------------------------------------------------------------------------------------------------------------------------------------------------------------,部分响应,已提供：检验待采样队列（含申请单号、项目、患者）、检验标本流转队列（带状态）、影像检查工作列表（可按状态与设备类型过滤）。尚未提供：按患者、申请单号、开单科室、时间段、状态等条件的申请单综合检索，以及已完成（终态）申请单的查询。上述缺项列入后续开发计划。
2592,,,能够医技申请单批量打印功能。 +----------------------------------------------------------------------------------------------------------------------------------------------------------------------------------------,部分响应,平台当前提供挂号单、收费单、检验报告等单据的单张打印；本条所述医技申请单打印版式及批量打印功能尚未提供，列入后续开发计划。
2593,,,能够申请单项目数据资料进行核对。 +--------------------------------------------------------------------------------------------------------------------------------------------------------------------------------------,部分响应,已提供：检验待采样队列展示申请单号、检验项目、患者姓名与性别，供技师逐条核对后执行采样；采样打码时系统自动校验申请类型与收费状态。尚未提供：独立的核对确认操作及核对人、核对时间、核对结果的留痕记录。上述缺项列入后续开发计划。
2594,,,能够通过患者卡号、姓名、住院号、科室、医生、时间段等方式检索病历文书。 +-------------------------------------------------------------------------------------------------------------------------------------------------------------------,部分响应,已提供：病案检索支持按住院号、患者姓名检索并查看病历文书，结果显示所属科室。尚未提供：按患者卡号、科室、医生、时间段条件检索病历文书。上述缺项列入后续开发计划。
2595,,,进行医技医嘱管控，能够按床位列表形式显示在院病人。 +-----------------------------------------------------------------------------------------------------------------------------------------------------------------------------,部分响应,已提供：按病区床位列表展示在院患者（护士站看板、住院医生站、在院患者列表均以床号呈现），住院医嘱开立、待执行队列与执行计费。尚未提供：住院开立的检验/检查医嘱与医技（检验、影像）工作队列的联动，医技侧对住院医技医嘱的管控尚不闭环。上述缺项列入后续开发计划。
2596,,,能够浏览门诊患者收费审计记录，收费审计记录数据资料包含票据号码、患者姓名、总金额、支付渠道、收费收费时间、收费员等关键数据资料，能够通过计费时间段筛选。 +--------------------------------------------------------------------------------------------------------------------------,部分响应,已提供：门诊收费记录查询，数据含结算单号、患者姓名、总金额、支付渠道、收费时间及补打次数，支持按收费日期查询；另提供按收费员汇总的日结对账及逐单明细导出。尚未提供：①查询明细中的收费员列；②按计费起止时间段筛选；③查询页面上支付渠道与收费时间列的直接展示。上述缺项列入后续开发计划。
2597,,,能够选择明细小项目功能，．能够门诊医技收费补录临床项目。 +--------------------------------------------------------------------------------------------------------------------------------------------------------------------------,部分响应,已提供：门诊医生站按收费项目字典逐项选择明细小项目开立（含规格、数量、单价），支持项目检索。尚未提供：医技执行站补录收费项目的功能，医技科室当前无新增收费项目的操作入口。上述缺项列入后续开发计划。
2598,,,能够通过住院号检索，．能够浏览住院患者基本数据资料与费用数据资料，包括患者姓名、医保状态、年龄、性别、入院时间、患者类型、审批人、审批时间、总预交金、能够用金额、担保金额、主管医生、主管护士等数据资料。 +-------------------------------------------------------------------------------------------------,部分响应,已提供：按住院号/姓名检索住院患者；浏览患者姓名、性别、出生日期、医保类型、入院时间、科室/病区/床位等基本资料，以及总预交金、已发生费用、可用余额、欠费等费用资料。尚未提供：审批人、审批时间、担保金额、患者类型、主管医生、主管护士字段的展示。上述缺项列入后续开发计划。
2599,,,能够对住院病人的费用进行审批与取消审批。 +----------------------------------------------------------------------------------------------------------------------------------------------------------------------------------,部分响应,平台当前提供住院费用的开立、执行落账与整单结算冲销，并在输血申请、门诊大额退费环节提供审批流程；本条所述住院患者费用审批与取消审批功能尚未提供，列入后续开发计划。
2600,,,能够职能科室进行住院病人手工计费。 +-------------------------------------------------------------------------------------------------------------------------------------------------------------------------------------,部分响应,已提供：住院费用可通过开立医嘱并执行的方式落入患者账户，管理员可代为操作。尚未提供：面向职能科室的直接向患者账户补录费用的手工计费入口，以及职能科室（病案室、财务等）角色进入该功能的权限配置。上述缺项列入后续开发计划。
2601,,,能够职能科室进行住院病人手工退费。 +-------------------------------------------------------------------------------------------------------------------------------------------------------------------------------------,部分响应,平台当前提供住院整单结算冲销（限管理员/收费员）及未执行医嘱作废；本条所述职能科室对已执行计费项目的手工退费功能尚未提供，列入后续开发计划。
2602,,,能够医技人员工作量汇总功能。 +----------------------------------------------------------------------------------------------------------------------------------------------------------------------------------------,部分响应,平台当前提供门诊医生工作量汇总（接诊量、处方金额），检验审核人、住院医嘱执行人等医技执行人信息已在业务过程中记录；本条所述医技人员工作量汇总报表尚未提供，列入后续开发计划。
2603,,,能够执行操作科室进行收入汇总汇总。 +-------------------------------------------------------------------------------------------------------------------------------------------------------------------------------------,部分响应,平台当前提供按开单/归属科室的门诊与住院收入月度汇总及按费用类别的收入汇总；本条所述按执行科室的收入汇总口径尚未提供（收费项目已维护执行科室属性，但尚无按其汇总的报表），列入后续开发计划。
2604,★,,+-------------------------------+-----------------------------------------------------------------------------------------------------------------------------------------------------------------------,非参数行,文档转换产生的表格分隔残渣，不计入参数总数
2605,,,能够对数据资料访问权限划分成院级、科室、医生三级访问权限。 +-------------------------------------------------------------------------------------------------------------------------------+,部分响应,平台当前提供基于角色的功能级权限控制（角色与菜单授权），以及个别业务场景的对象归属校验（如门诊医生仅能为本人主管病案补录诊断）；本条所述院级、科室、医生三级可配置的数据访问权限模型尚未提供，列入后续开发计划。
2606,,,能够按分级控制业务规则对病历资料进行动态质控监测，并能够发出质控结果，即时给予提示，以予以完成医疗和病历质量监测管控。 +-------------------------------------------------------------------------------------------------------------------------------+ （2）时限控制 +-,部分响应,已提供：病历时限动态质控，七类时限缺陷实时监测（阈值可参数化配置），按患者护理级别分级取用阈值，科室质控看板红黄灯提示，出院前病历完整性即时提示。尚未提供：①质控规则参数的可视化维护界面（当前由管理员通过服务接口调整）；②按质控级别（科室级、院级等）分级控制的规则模型。上述缺项列入后续开发计划。
2607,,,对在规定时间内未提交或未书写病历的医生进行时限提醒，．能够自定义时限相关的业务规则。 +-------------------------------------------------------------------------------------------------------------------------------+,部分响应,已提供：病历时限提醒，涵盖入院超24小时无入院记录、首次病程超8小时、上级医师查房超48小时、病程记录间隔超期、出院无小结、抢救记录超时未补记等，逐条列出住院号、患者、科室与已超时长。尚未提供：时限规则本身（文书类型与判定条件）的自定义新增，及规则配置界面（当前仅各项阈值参数可调）。上述缺项列入后续开发计划。
2608,,,能够时限项目、时限内容等的设置。 +-------------------------------------------------------------------------------------------------------------------------------+,部分响应,对应模块维护能力已实现（字典/参数/规则），细节逐条比对
2609,,,开始时间等相关设置，能够定义病历时限的提醒时间，超时时间。 +-------------------------------------------------------------------------------------------------------------------------------+,部分响应,已提供：各类时限超时阈值（首次病程小时数、查房间隔小时数、病程间隔天数、危重患者病程间隔天数、抢救记录补记小时数等）可由管理员配置。尚未提供：①提醒时间与超时时间两级分别设置；②起算开始时间的自定义；③参数配置的操作界面。上述缺项列入后续开发计划。
2610,,,能够在自动化评分时关联相关的评分项进行质控，．能够对规定时限时间外未提交或在未书写的病历进行标记。 +-------------------------------------------------------------------------------------------------------------------------------+ （3）评分规则 +-----------,部分响应,已提供：自动评分时将病历完整性缺项按对码规则关联至相应扣分项自动扣分；病案归档超期自动标记。尚未提供：时限类扣分项（入院记录24小时、首次病程8小时、抢救记录6小时等）与自动评分的联动，即超时限未书写病历的自动标记与自动扣分。上述缺项列入后续开发计划。
2611,,,能够自定义评分业务规则，评分模式分为手动评分和自动化评分两种。 +-------------------------------------------------------------------------------------------------------------------------------+,部分响应,已提供：手动评分与自动评分两种模式（自动预填扣分明细；人工添加、删除扣分项并可自定义分值），以及评分规则（扣分项）新增、修改、停用的服务接口。尚未提供：扣分项字典维护的前端操作界面。上述缺项列入后续开发计划。
2612,,,能够对每项评分总分数进行灵活配置。 +-------------------------------------------------------------------------------------------------------------------------------+,部分响应,已提供：每个扣分项的扣分分值可配置（0至100分校验），评分单落库时保留分值快照以保证历史评分不失真。尚未提供：①评分总分（基准分）的配置入口；②扣分项字典的前端维护界面。上述缺项列入后续开发计划。
2613,,,能够创建与维护运行病历评分标准。 +-------------------------------------------------------------------------------------------------------------------------------+,部分响应,平台当前提供运行（环节）病历的实时时限质控与工作队列监测看板，以及终末病历评分标准的维护；本条所述运行病历评分标准的创建与维护功能尚未提供，列入后续开发计划。
2614,,,能够创建与维护终末病历评分标准。 +-------------------------------------------------------------------------------------------------------------------------------+,部分响应,已提供：终末病历评分标准（扣分项字典），覆盖入院记录、病程记录、手术记录、知情同意、首页填写、护理文书六个一级项并内置30条标准项，提供查询、新增、修改、停用（保留历史可复现）的服务接口。尚未提供：评分标准维护的前端操作界面。上述缺项列入后续开发计划。
2615,,,能够配置与管理自动化评分业务规则。 +-------------------------------------------------------------------------------------------------------------------------------+,部分响应,已提供：自动评分规则通过扣分项对码进行配置，可设置与清空，自动预填引擎按对码生成扣分明细。尚未提供：①新增自定义判定逻辑（当前可选规则为内置的七类结构化缺项判定）；②规则配置的操作界面。上述缺项列入后续开发计划。
2616,,,能够对自动化评分知识库进行对码设置与维护。 +-------------------------------------------------------------------------------------------------------------------------------+,部分响应,已提供：扣分项与自动判定规则的对码设置与修改。尚未提供：①独立的自动评分知识库（规则库、术语库）实体；②对码维护界面及可选规则码清单查询；③病历内涵语义（自然语言）评审。上述缺项列入后续开发计划。
2617,,,能够对评分规则进行版本管理与历史追溯。 +-------------------------------------------------------------------------------------------------------------------------------+ 病历评分 +--------------------------------------------,部分响应,平台当前在评分单明细中保留扣分项编码与分值快照，保证历史评分单不因字典变更而失真；本条所述评分规则的版本管理与修改历史追溯（改动内容、修改人、修改时间）尚未提供，列入后续开发计划。
2618,,,能够对住院病历进行在线评分。 +-------------------------------------------------------------------------------------------------------------------------------+,部分响应,已提供：住院病历在线评分单，包括评分单详情、自动预填、人工添加与删除扣分项、提交定级，面向已出院病案。尚未提供：对在院（运行）病历的在线评分。上述缺项列入后续开发计划。
2619,,,能够按科室、住院号、评分状态、入院时间、患者状态等多维度进行检索。 +-------------------------------------------------------------------------------------------------------------------------------+,部分响应,已提供：待评病案按科室筛选。尚未提供：按住院号、评分状态、入院时间、患者状态等维度检索。上述缺项列入后续开发计划。
2620,,,能够让平台系统根据运行病历评分标准进行自动化预评分。 +-------------------------------------------------------------------------------------------------------------------------------+,部分响应,已提供：终末病历自动预评分，按已出院病案的完整性缺项与对码规则自动生成扣分明细，重新预填时保留人工加项。尚未提供：①运行病历评分标准及基于该标准对在院病历的自动预评分；②全院批量预评分（当前需逐份触发）。上述缺项列入后续开发计划。
2621,,,能够进行手动评分及分值手动更新。 +-------------------------------------------------------------------------------------------------------------------------------+,正偏离/无偏离,由病案质控「评分单」功能提供：质控员可人工添加扣分项，分值默认取标准分，也可手工输入自定义分值（0至100分校验）；可删除任意扣分行（含自动预填行），系统即时重算扣分合计与得分。
2622,,,能够根据评分分值汇总结果自动进行病历等级标记。 +-------------------------------------------------------------------------------------------------------------------------------+,正偏离/无偏离,由病案质控评分单提交功能提供：提交时按基准分减扣分合计计算最终得分，并按可配置的甲级、乙级分数阈值自动判定甲、乙、丙等级并标记于评分单。
2623,,,能够对历次评分记录及评分详情进行浏览与追溯。 +-------------------------------------------------------------------------------------------------------------------------------+,部分响应,已提供：评分单明细浏览与追溯，含一级项、扣分项名称与编码、分值、自动/人工来源、扣分说明、评分人与评分时间。尚未提供：同一病案多次评分的历次记录（当前每份病案对应一张评分单）。上述缺项列入后续开发计划。
2624,,,能够对评分结果进行导出与统计分析。 +-------------------------------------------------------------------------------------------------------------------------------+ （2） 终末病历评分 +----------------------------------------,正偏离/无偏离,由病案质控「统计报表」提供：按月与科室的甲/乙/丙份数及甲级率、扣分项TOP10、科室排名、评分TOP病案，支持按科室与评级筛选；统计结果及扣分明细均可导出为CSV文件。
2625,,,能够对出院病历、归档病历、病案首页进行评分。 +-------------------------------------------------------------------------------------------------------------------------------+,正偏离/无偏离,由病案质控评分功能提供：出院及已归档病案进入待评队列进行评分与定级；评分标准含「首页填写」一级项，病案首页页面可直接查看该病案的质控汇总与扣分明细。
2626,,,能够按科室、评分状态、时间、住院号等多维度进行检索。 +-------------------------------------------------------------------------------------------------------------------------------+,部分响应,已提供：待评病案按科室筛选；统计报表按科室、评级、时间跨度筛选。尚未提供：待评队列与评分单按评分状态、时间、住院号检索。上述缺项列入后续开发计划。
2627,,,能够让平台系统根据终末病历评分标准进行自动化预评分。 +-------------------------------------------------------------------------------------------------------------------------------+,正偏离/无偏离,由病案质控「自动预填」功能提供：按终末评分标准中的对码规则，对已出院病案的结构化完整性缺项自动生成扣分明细并重算得分；内涵类评审项由质控员人工评分完成。
2628,,,能够进行手动评分及分值手动更新。 +-------------------------------------------------------------------------------------------------------------------------------+,正偏离/无偏离,由病案质控「评分单」功能提供：质控员可人工添加扣分项并手工输入自定义分值（0至100分校验），可删除任意扣分行，系统即时重算扣分合计与得分。
2629,,,能够根据评分分值汇总结果自动进行病历等级标记。 +-------------------------------------------------------------------------------------------------------------------------------+,正偏离/无偏离,由病案质控评分单提交功能提供：按最终得分与可配置的甲级、乙级分数阈值自动判定甲、乙、丙等级并标记于评分单。
2630,,,能够对评分异议进行申诉与复核流程管理。 +-------------------------------------------------------------------------------------------------------------------------------+ （3） 抽样病历评分 +--------------------------------------,配套产品响应,属设备配套软件/商用知识库/CA 等产品参数，平台已留标准接入点
2631,,,能够建立与管理随机抽样样本。 +-------------------------------------------------------------------------------------------------------------------------------+,部分响应,平台当前提供以病案为单位的终末病历评分；本条所述随机抽样样本库的建立与管理功能当前版本未提供，列入后续开发计划。
2632,,,能够让质控员对样本中病历进行专项评分。 +-------------------------------------------------------------------------------------------------------------------------------+,部分响应,平台当前提供以病案为单位的终末病历评分；本条所述基于样本库的质控员专项评分功能尚未提供，列入后续开发计划。
2633,,,能够对抽样样本条件进行自定义设置。 +-------------------------------------------------------------------------------------------------------------------------------+,部分响应,对应模块维护能力已实现（字典/参数/规则），细节逐条比对
2634,,,能够将患者纳入样本库或从样本库中移除。 +-------------------------------------------------------------------------------------------------------------------------------+,部分响应,本条所述将患者纳入样本库或从样本库移除的功能当前版本未提供，列入后续开发计划。
2635,,,能够对样本与质控员进行分配管理，能够让质控员仅对分配给自己的样本进行评分操作。 +-------------------------------------------------------------------------------------------------------------------------------+,部分响应,平台当前在评分单提交时记录评分人信息；本条所述样本与质控员的分配管理，以及质控员仅可对分配给自己的样本进行评分的权限约束尚未提供，列入后续开发计划。
2636,,,能够对抽样比例与抽样策略进行灵活配置。 +-------------------------------------------------------------------------------------------------------------------------------+ （4） 门诊病历评分 +--------------------------------------,部分响应,本条所述抽样比例与抽样策略的灵活配置功能当前版本未提供，列入后续开发计划。
2637,,,能够对门急诊病历进行评。 +-------------------------------------------------------------------------------------------------------------------------------+,部分响应,平台当前提供门急诊病历未签名数量的质控统计；本条所述门急诊病历评分功能尚未提供，列入后续开发计划。
2638,,,能够按科室、门诊号等多维度进行检索。 +-------------------------------------------------------------------------------------------------------------------------------+ 病历质控 +---------------------------------------------,部分响应,已提供：住院病案质控按科室检索（待评队列、统计报表），病案按住院号、姓名检索。尚未提供：按门诊号检索，以及门急诊病历质控明细列表。上述缺项列入后续开发计划。
2639,,,能够针对不同科室、不同诊断患者设置专项质控业务规则。 +-------------------------------------------------------------------------------------------------------------------------------+,部分响应,平台当前提供全院统一的病历评分标准（扣分项字典）；本条所述针对不同科室、不同诊断患者设置专项质控规则的功能尚未提供，列入后续开发计划。
2640,,,能够对病历书写逻辑错误进行智能识别与提示（如：男性患者病历出现女性器官描述、婚姻状况矛盾等）。 +-------------------------------------------------------------------------------------------------------------------------------+,部分响应,平台当前提供病历文书完整性（是否书写）的自动检查；本条所述病历内容逻辑错误智能识别与提示（如性别与器官描述矛盾、婚姻状况矛盾等）尚未提供，列入后续开发计划。
2641,,,能够结合数据资料进行分析处理与逻辑验证，\ 能够对病历书写唯一性进行控制（如：入院记录、首次病程记录只能创建一份）。 +-------------------------------------------------------------------------------------------------------------------------------+,部分响应,平台当前提供病历完整性的事后盘点；本条所述病历书写唯一性控制（如入院记录、首次病程记录仅可创建一份）尚未提供，列入后续开发计划。
2642,,,能够对病历前置依赖关系进行判断（如：某病历创建前必须完成前置病历）。 +-------------------------------------------------------------------------------------------------------------------------------+,部分响应,平台当前提供病历完整性的事后盘点；本条所述病历前置依赖关系判断（创建某类病历前须完成前置病历）尚未提供，列入后续开发计划。
2643,,,能够对病历时间逻辑进行验证（如：死亡记录时间不能早于死亡时间）。 +-------------------------------------------------------------------------------------------------------------------------------+,部分响应,平台当前提供死亡卡登记必填校验；本条所述病历时间逻辑验证（如死亡记录时间不能早于死亡时间）尚未提供，列入后续开发计划。
2644,,,能够对病历提交条件进行控制（如：出院前不能提交出院记录）。 +-------------------------------------------------------------------------------------------------------------------------------+,部分响应,平台当前提供病历签名及签名后补正留痕；本条所述病历提交条件控制（如出院前不能提交出院记录）尚未提供，列入后续开发计划。
2645,,,能够让已提交病历经医生更新后保留修改痕迹;能够让质控平台浏览病历多次更新的完整痕迹;能够对修改痕迹进行审计日志记录。 +-------------------------------------------------------------------------------------------------------------------------------+,部分响应,已提供：已签名病历经补正后保留原文快照、补正内容、补正原因、补正人与时间，住院医生站可查看历次补正时间轴；病历写操作纳入系统操作审计日志。尚未提供：①质控平台侧浏览病历多次更新完整痕迹的入口；②未签名病历的修改留痕（当前未签名病历为直接修改）。上述缺项列入后续开发计划。
2646,,,能够将质控问题数据反馈至HIS系统及相关医师;能够通过集成平台单点登录跳转至电子病历系统;能够对质控整改通知进行推送与跟踪。 +-------------------------------------------------------------------------------------------------------------------------------+ 质控汇总分析处,部分响应,平台当前提供病案质控评分单的在线评分与定级；本条所述质控问题反馈至医生站及相关医师、经集成平台单点登录跳转电子病历、质控整改通知推送与跟踪的功能尚未提供，列入后续开发计划。
2647,,,能够根据运行质控和终末质控的评分类型进行分类汇总，\ 能够按科室、评分类型等维度进行数据分类统计，\ 新增：能够进行可视化报表展示与趋势分析。 +-------------------------------------------------------------------------------------------------------------------------------,部分响应,已提供：终末评分按科室与月份分类汇总、科室排名、扣分项TOP，可视化趋势图与科室对比图；按运行/终末评分类型分类汇总的查询。尚未提供：运行（环节）质控评分结果的落库，因此按评分类型分类汇总中运行侧暂无数据，仅终末评分有实际数据。上述缺项列入后续开发计划。
2648,,,能够对时限数据明细进行汇总统计，\ 能够对超时病历进行统计分析，\ 能够对时限合规率进行科室排名与对比。 +-------------------------------------------------------------------------------------------------------------------------------+ 病历归档 +-----------,部分响应,已提供：病历时限缺陷明细汇总（七类超时明细清单、各类计数与总计），按科室的时限缺陷统计查询。尚未提供：①科室时限看板的页面入口；②时限合规率百分比及科室排名与对比。上述缺项列入后续开发计划。
2649,,,能够让病历归档后禁止编辑、移除和新建操作，\ 能够进行手动归档与自动归档两种归档方式，\ 能够实现病历7日自动化归档功能，\ 能够让电子病历与病案首页同步归档，\ 能够在归档前进行完整性校验。,部分响应,已提供：手动归档（限已出院病案）；归档前完整性校验（可配置为拦截、提示或关闭）；电子病历与病案首页同源，归档状态同步。尚未提供：①7日自动归档定时任务；②归档后禁止编辑、新建、移除病历的管控。上述缺项列入后续开发计划。
2650,,,能够对病历进行反归档，\ 能够对归档后反归档更新的病历进行预警处理，\ 能够对反归档操作的工作机制与审批流程进行管理，\ 能够对反归档原因进行记录与追溯。 +-------------------------------------------------------------------------------------------------------------------------,部分响应,平台当前的病历归档为单向操作；本条所述反归档、反归档后更新病历的预警、反归档审批流程管理及反归档原因记录与追溯功能尚未提供，列入后续开发计划。
2651,,,能够进行病历手动锁定和自动化锁定两种模式，\ 能够对产生医疗纠纷的运行病历进行锁定，锁定后医师无法编辑。 +-------------------------------------------------------------------------------------------------------------------------------+,部分响应,平台当前提供病历签名机制，已签名病历的修改须通过补正留痕方式进行；本条所述病历手动锁定与自动锁定两种模式，以及对医疗纠纷运行病历锁定后禁止医师编辑的功能尚未提供，列入后续开发计划。
2652,,,能够对时限超时的病历进行锁定管控，\ 能够对超时未写病历进行分类锁定，限制其新建，\ 能够对锁定原因进行记录与分类管理。 +-------------------------------------------------------------------------------------------------------------------------------+,部分响应,平台当前提供病历书写时限超时的统计报表，可查看超时未完成书写的病历清单。本条所述对超时病历自动锁定管控、按类别锁定并限制新建、锁定原因记录与分类管理尚未提供，列入后续开发计划。
2653,,,能够提供解锁申请与解锁审批界面，\ 能够对已写但未在规定时限内提交的病历进行内容锁定，\ 能够与电子病历系统联动，限制已锁定病历的编辑权限，\ 能够对解锁操作日志进行审计与追溯。 +-------------------------------------------------------------------------------------------------------------,部分响应,本条所述解锁申请与解锁审批界面、超时未提交病历内容锁定、与电子病历联动限制已锁定病历编辑、解锁操作日志审计追溯功能，当前版本未提供，列入后续开发计划。
2654,★,,+-------------------------------+-----------------------------------------------------------------------------------------------------------------------------------------------------------------------,非参数行,文档转换产生的表格分隔残渣，不计入参数总数
2655,,,支持病案首页手工录入，包含基本信息、诊断、手术、费用等数据。 +----------------------------------------------------------------------+,部分响应,平台病案首页当前为由住院业务数据自动汇聚生成的查看与打印视图，基本信息、诊断、手术、费用等数据自动带入。本条所述在病案首页上手工录入或修正基本信息、诊断、手术、费用等数据尚未提供，列入后续开发计划。
2656,,,支持根据住院号从业务系统自动获取病案首页数据。 +----------------------------------------------------------------------+,正偏离/无偏离,由病案首页模块提供：在病案首页页面按住院号检索并选定住院记录后，系统自动从住院业务数据汇聚患者基本信息、入出院信息、主要诊断与其他诊断、手术信息、分类费用汇总及费用总额，即时生成病案首页视图，无需手工录入。
2657,,,首页保存时自动校验，对必填项与错误数据进行提示。 +----------------------------------------------------------------------+,部分响应,病案首页/表单必填校验前端已有基础，规则化质控为深度项
2658,,,支持病案首页数据审批功能。 +----------------------------------------------------------------------+,部分响应,平台病案首页当前为自动汇聚生成的查看与打印视图，未设置审批环节。本条所述病案首页数据审批功能当前版本未提供，列入后续开发计划。
2659,,,支持病案附页数据编辑。 +----------------------------------------------------------------------+,部分响应,本条所述病案附页数据编辑功能当前版本未提供，列入后续开发计划。
2660,,,支持查看病案首页更新痕迹。 +----------------------------------------------------------------------+,部分响应,平台住院病历正文提供补正留痕能力，可追溯病历正文的修改记录。病案首页当前为实时汇聚生成的视图，首页字段（如出院诊断）的更新痕迹查看尚未提供，列入后续开发计划。
2661,,,支持按病案号、姓名、住院号进行简单检索。 +----------------------------------------------------------------------+,部分响应,已提供：病案首页模块支持按住院号、患者姓名进行病案检索并选定查看。尚未提供：按病案号检索。上述缺项列入后续开发计划。
2662,,,支持自定义筛选条件进行高级检索。 +----------------------------------------------------------------------+,部分响应,对应模块查询统计能力已实现，界面细节逐条比对
2663,,,支持按模板条件检索，并可对检索模板进行管理。 +----------------------------------------------------------------------+,部分响应,平台病案检索当前支持按住院号、患者姓名关键词检索。本条所述按检索模板设定组合条件进行检索、以及检索模板的新增/维护管理尚未提供，列入后续开发计划。
2664,,,支持自定义编辑检索结果显示列。 +----------------------------------------------------------------------+,部分响应,界面易用性细节：检索/分页已实现，列自定义为前端深度
2665,,,支持多种类型首页审批校验并显示校验结果。 +----------------------------------------------------------------------+,部分响应,平台提供病历文书完整性检查能力，用于病案归档前把关与终末质控评分单预填。本条所述针对病案首页的多类型审批校验及校验结果在首页页面显示尚未提供，列入后续开发计划。
2666,,,支持逻辑性、合理性、国家直报标准等多类型校验。 +----------------------------------------------------------------------+,部分响应,平台数据治理模块提供通用数据质量核查规则（证件号、联系电话、病历签名、出院归档、诊断编码、处方审核等完整性核查）。本条所述针对病案首页的逻辑性校验、合理性校验及国家直报标准校验尚未提供，列入后续开发计划。
2667,,,支持病案首页信息分类录入，支持扩展字段自定义。 +----------------------------------------------------------------------+,部分响应,平台病案首页当前为自动汇聚生成的查看视图。本条所述病案首页信息分类录入及扩展字段自定义功能当前版本未提供，列入后续开发计划。
2668,,,支持 ICD‑10、手术编码库自动匹配与编目修正。 +----------------------------------------------------------------------+,部分响应,已提供：ICD-10 诊断编码字典，支持按编码、名称、拼音检索选择；出院诊断编目修正（出院前后均可修正）及其他诊断补录。尚未提供：手术操作编码库（手术信息当前以手术名称文本记录）；按诊断文本自动匹配编码（当前为人工检索选择）。上述缺项列入后续开发计划。
2669,,,支持首页数据自动对接卫统、HQMS、DRG/DIP 上报标准。 +----------------------------------------------------------------------+,外部条件,平台病案首页模块提供由住院业务数据自动汇聚的首页数据，供院内查看与打印，并可作为上报数据来源。卫统、HQMS 住院病案首页报文及 DRG/DIP 上报的文件格式、码值集与传输通道，须依据国家及地方主管部门发布的接口规范并经前置机接入，由医院与主管部门/上报平台方提供接口规范与接入授权，平台在实施期配合完成对接。
2670,,,支持门诊病案首页管理、查询。 +----------------------------------------------------------------------+,部分响应,平台提供门诊电子病历书写基础能力。本条所述门诊病案首页管理与查询尚未提供，列入后续开发计划。
2671,,,支持合理性统计。 +----------------------------------------------------------------------+,部分响应,平台提供病案统计报表（疾病谱、手术统计、科室出院构成、ICD 章节构成、床位效率）以及终末质控评级与扣分统计。本条所述合理性统计尚未提供，列入后续开发计划。
2672,,,支持 360 视图查看，支持病历查看，检查检验报告查看。 +----------------------------------------------------------------------+ 病案实物管控 +----------------------------------------------------------------------+,部分响应,已提供：患者 360 视图（临床数据中心），可按患者集中查看门诊就诊记录、住院小结、检验报告等文档，支持文档明细查看与 CDA 标准文档导出。尚未提供：检查（影像）报告接入 360 视图查看。上述缺项列入后续开发计划。
2673,,,支持病案回收登记，显示待回收列表，支持按住院号查找。 +----------------------------------------------------------------------+,部分响应,平台提供出院病案待编码、待归档电子工作队列，可按住院号、姓名检索病案。本条所述纸质病案回收登记、待回收列表及按住院号查找待回收病案尚未提供，列入后续开发计划。
2674,,,支持病案催收，支持超时未回收病案催收检索。 +----------------------------------------------------------------------+,部分响应,本条所述病案催收及超时未回收病案催收检索功能当前版本未提供，列入后续开发计划。
2675,,,支持按科室汇总病案回收情况，支持回收统计、催收统计、归档统计。 +----------------------------------------------------------------------+,部分响应,平台提供全院病案已归档数量与待归档数量统计。本条所述按科室汇总的病案回收统计、催收统计及分科室归档统计尚未提供，列入后续开发计划。
2676,,,支持病案示踪设置，支持病案示踪。 +----------------------------------------------------------------------+,部分响应,本条所述病案示踪设置与病案示踪（实物位置与流转状态跟踪）功能当前版本未提供，列入后续开发计划。
2677,,,支持门诊病案首页回收。 +----------------------------------------------------------------------+,部分响应,本条所述门诊病案首页回收功能当前版本未提供，列入后续开发计划。
2678,,,支持病案整理登记，整理时记录缺陷审计信息。 +----------------------------------------------------------------------+,部分响应,本条所述病案整理登记及整理时缺陷审计信息记录功能当前版本未提供，列入后续开发计划。
2679,,,支持病案缺陷汇总，按科室统计缺陷类型与数量。 +----------------------------------------------------------------------+,部分响应,已提供：终末质控缺陷（扣分项）汇总，包括缺陷类型、发生次数、扣分合计的 TOP 排行与科室排名，支持按科室筛选及导出。尚未提供：病案整理环节实物缺陷登记的汇总；科室×缺陷类型的交叉统计表。上述缺项列入后续开发计划。
2680,,,支持病案整理情况检索。 +----------------------------------------------------------------------+,部分响应,本条所述病案整理情况检索功能当前版本未提供，列入后续开发计划。
2681,,,支持病案库位自定义设置。 +----------------------------------------------------------------------+,部分响应,本条所述病案库位自定义设置功能当前版本未提供，列入后续开发计划。
2682,,,支持未入库病案入库操作。 +----------------------------------------------------------------------+,部分响应,本条所述未入库病案入库操作功能当前版本未提供，列入后续开发计划。
2683,,,支持已入库病案快速检索。 +----------------------------------------------------------------------+,部分响应,本条所述已入库病案快速检索功能当前版本未提供，列入后续开发计划。
2684,,,支持修改病案号。 +----------------------------------------------------------------------+,部分响应,平台病案号（患者主索引号）由系统在患者建档时自动唯一生成，不支持人工改号，以保障病案号唯一性及与患者全部病历、就诊记录关联的一致性。本条所述修改病案号功能当前版本未提供，列入后续开发计划。
2685,,,支持迟交登记。 +----------------------------------------------------------------------+,部分响应,对应业务登记能力已实现，字段级差异逐条比对
2686,,,支持病案借阅登记，记录借阅人、时间、用途等信息。 +----------------------------------------------------------------------+,部分响应,本条所述病案借阅登记（记录借阅人、时间、用途等信息）功能当前版本未提供，列入后续开发计划。
2687,,,支持超时借阅病案自动催还，记录催还方式与时间。 +----------------------------------------------------------------------+,部分响应,本条所述超时借阅病案自动催还及催还方式与时间记录功能当前版本未提供，列入后续开发计划。
2688,,,支持病案借阅情况汇总统计。 +----------------------------------------------------------------------+,部分响应,本条所述病案借阅情况汇总统计功能当前版本未提供，列入后续开发计划。
2689,,,支持无纸化借阅申请，线上提交与审批。 +----------------------------------------------------------------------+,部分响应,本条所述无纸化病案借阅申请及线上提交与审批功能当前版本未提供，列入后续开发计划。
2690,,,支持借阅申请审批与取消，审批通过后方可浏览病历。 +----------------------------------------------------------------------+,部分响应,本条所述病案借阅申请审批与取消、审批通过后方可浏览病历的权限控制功能当前版本未提供，列入后续开发计划。
2691,,,支持转院管理，支持患者信息转入。 +----------------------------------------------------------------------+,部分响应,平台急诊抢救与留观记录可将「转院」标记为患者去向结局。本条所述转院管理及患者信息转入（接收外院患者信息）功能尚未提供，列入后续开发计划。
2692,,,支持病历复印登记，记录复印人、关系、份数等信息。 +----------------------------------------------------------------------+,正偏离/无偏离,由病历复印受理模块提供：受理登记时记录复印申请人姓名、与患者关系、证件号码、复印范围、用途及份数，申请人、范围、用途为必填项并校验份数，登记后进入复印工作队列供后续登记与出件。
2693,,,支持复印记录检索。 +----------------------------------------------------------------------+,部分响应,【二级证据评审建议，待项目组签字】病案归档已备；复印登记为病案室深化项
2694,,,支持已复印病案标识，禁止召回修改。 +----------------------------------------------------------------------+,部分响应,平台病历复印受理模块记录每份复印申请的受理、登记、出件状态。本条所述在病案上标识「已复印」并禁止对已复印病案进行召回修改的功能尚未提供，列入后续开发计划。
2695,,,支持病案文件直接打印与续打。 +----------------------------------------------------------------------+ 病案线上服务 +----------------------------------------------------------------------+,部分响应,已提供：病历复印件直接打印（自动加「复印件」水印，含病案首页信息与病历正文）；病案首页直接打印。尚未提供：续打（从指定页或指定份数继续打印）。上述缺项列入后续开发计划。
2696,,,支持病案复印审核。 +----------------------------------------------------------------------+,部分响应,已提供：病历复印申请的登记审批环节，审批通过后生成登记号，未经登记不得出件。尚未提供：审核驳回/不予复印分支；审核意见记录；审核人与受理人分离的双人审核。上述缺项列入后续开发计划。
2697,,,支持页数金额设置。 +----------------------------------------------------------------------+,部分响应,打印数据集已实现，套打格式为实施期配置
2698,,,支持复印类别设置。 +----------------------------------------------------------------------+,部分响应,对应模块维护能力已实现（字典/参数/规则），细节逐条比对
2699,,,支持订单管理。 +----------------------------------------------------------------------+,部分响应,平台提供院内病历复印受理登记与出件管理。本条所述病案线上服务的订单管理（订单号、金额、支付、物流等）尚未提供，列入后续开发计划。
2700,,,支持授权管理。 +----------------------------------------------------------------------+,部分响应,平台病历复印受理时记录申请人与患者关系。本条所述授权管理（授权书登记、授权有效期、授权核验）尚未提供，列入后续开发计划。
2701,,,支持复印审核数据查询。 +----------------------------------------------------------------------+ 病案锁定 +----------------------------------------------------------------------+,正偏离/无偏离,由病历复印受理模块提供：可按状态（已申请/已登记/已出件）查询复印申请审核数据，包括登记号、申请人、与患者关系、复印范围、用途、份数、受理/登记/出件时间及对应患者与住院号。
2702,,,支持病案封存，记录封存时间与目的。 +----------------------------------------------------------------------+,部分响应,本条所述病案封存及封存时间与目的记录功能当前版本未提供，列入后续开发计划。
2703,,,支持已封存病案解封操作。 +----------------------------------------------------------------------+ 病案签收与返修 +----------------------------------------------------------------------+,部分响应,本条所述已封存病案解封操作功能当前版本未提供，列入后续开发计划。
2704,,,支持出院病案纸质 / 电子单条签收与批量群签。 +----------------------------------------------------------------------+,部分响应,平台提供出院病案归档操作。本条所述出院病案纸质/电子单条签收与批量群签功能尚未提供，列入后续开发计划。
2705,,,支持病案召回申请与审批管理。 +----------------------------------------------------------------------+,部分响应,本条所述病案召回申请与审批管理功能当前版本未提供，列入后续开发计划。
2706,,,支持病案缺陷返修，打回科室重新修改完善。 +----------------------------------------------------------------------+,部分响应,平台提供出院病案待编码/待归档工作队列与终末质控待评队列。本条所述病案缺陷返修、打回科室重新修改完善的流程功能尚未提供，列入后续开发计划。
2707,,,支持病案归档与批量归档操作。 +----------------------------------------------------------------------+,部分响应,已提供：单份病案归档操作，归档前自动进行病历完整性检查与状态校验。尚未提供：批量归档（多选与批量操作）。上述缺项列入后续开发计划。
2708,,,支持在院、出院、已签收、未签收、已归档病案检索浏览。 +----------------------------------------------------------------------+,部分响应,已提供：病案列表按住院号、姓名检索并显示在院/已出院状态；病案工作队列显示归档与编码状态。尚未提供：已签收/未签收维度（签收环节尚未提供）；按归档状态直接筛选检索。上述缺项列入后续开发计划。
2709,,,支持诊疗时间轴视图，可视化展示全流程诊疗信息。 +----------------------------------------------------------------------+ 工作日报 +----------------------------------------------------------------------+,部分响应,班次类型字典已有，节假日历为字典扩展
2710,,,支持住院工作日报生成。 +----------------------------------------------------------------------+,部分响应,平台提供门诊收费日结报表及门诊挂号量与收入日趋势统计。本条所述住院工作日报（在院、入院、出院、转科、占用床日等）生成尚未提供，列入后续开发计划。
2711,,,支持门诊工作日报生成。 +----------------------------------------------------------------------+,部分响应,班次类型字典已有，节假日历为字典扩展
2712,,,支持留观工作日报生成。 +----------------------------------------------------------------------+,部分响应,平台提供急诊留观台账（入观登记、观察记录、离观登记与留观列表）。本条所述留观工作日报生成尚未提供，列入后续开发计划。
2713,,,支持处方工作日报生成。 +----------------------------------------------------------------------+,部分响应,平台提供药品使用分析（用量排名、按月药品金额构成）。本条所述处方工作日报（按日处方张数、品种、金额）生成尚未提供，列入后续开发计划。
2714,,,支持床位登记日报生成。 +----------------------------------------------------------------------+,部分响应,平台提供床位实时看板、床位总数与占用数实时总览及科室床位效率月度统计。本条所述床位登记日报（当日新入床、转床、空床明细）生成尚未提供，列入后续开发计划。
2715,,,支持病房工作日报生成。 +----------------------------------------------------------------------+ 汇总分析与报表 +----------------------------------------------------------------------+,部分响应,平台提供住院患者每日费用清单。本条所述病房工作日报（病区当日入院、出院、转科、在院及护理工作量）生成尚未提供，列入后续开发计划。
2716,,,支持住院日报、月报统计。 +----------------------------------------------------------------------+,部分响应,已提供：住院月报——科室月度住院收入、出院人次、住院均次费用（支持导出）；科室床位效率月度统计（出院人次、平均住院日、占用床日、周转次数、使用率）。尚未提供：住院日报（当日入院、出院、在院、转科统计）；住院工作量月报全套指标。上述缺项列入后续开发计划。
2717,,,支持门诊诊疗日报、月报统计。 +----------------------------------------------------------------------+,正偏离/无偏离,由统计分析与报表模块提供：门诊日报——按日门诊挂号人次与收入趋势，以及门诊收费日结报表；门诊月报——科室月度门诊收入、人次与均次费用，支持导出。
2718,,,支持留观日报、月报统计。 +----------------------------------------------------------------------+,部分响应,平台提供急诊留观台账（入观、观察记录、离观与列表）。本条所述留观日报、月报统计尚未提供，列入后续开发计划。
2719,,,支持处方日报、月报统计。 +----------------------------------------------------------------------+,部分响应,已提供：处方月报——按月汇总西药、中成药、抗菌药物及合计金额。尚未提供：处方日报；处方张数、均张金额、抗菌药物处方比例等常规处方月报指标。上述缺项列入后续开发计划。
2720,,,支持床位日报、月报统计。 +----------------------------------------------------------------------+,部分响应,已提供：床位月报——按科室×月统计出院人次、平均住院日、占用床日、周转次数、使用率；床位实时占用总览。尚未提供：床位日报。上述缺项列入后续开发计划。
2721,,,支持抗生素统计、妇幼统计、肿瘤类统计等各类统计。 +----------------------------------------------------------------------+,部分响应,已提供：抗菌药物统计（药品用量排名含抗菌药物标记、抗菌药物使用强度 AUD、月度抗菌药物金额、抗菌药物分级处方权管理）。尚未提供：妇幼统计；肿瘤类统计。上述缺项列入后续开发计划。
2722,,,支持病案签收率、超时签收、未签收统计图表展示。 +----------------------------------------------------------------------+,部分响应,平台提供病案归档数量、编码率统计及「出院未归档病案」数据核查项。本条所述病案签收率、超时签收、未签收统计图表展示尚未提供，列入后续开发计划。
2723,,,支持病种、手术、住院日、费用、缺陷等多维度报表。 +----------------------------------------------------------------------+,正偏离/无偏离,由病案统计与报表模块提供五个维度报表：病种（疾病谱 TOP、ICD 章节构成）、手术（手术统计）、住院日（科室平均住院日、床位效率）、费用（科室月度费用、费别与费用类别构成）、缺陷（终末质控扣分项 TOP，支持导出），均有对应页面入口。
2724,,,支持卫统、绩效、质控、中医、妇幼等专用报表。 +----------------------------------------------------------------------+,部分响应,已提供：质控专用报表——按月×科室的终末质控甲乙丙构成与扣分项 TOP，支持导出。尚未提供：卫统报表；绩效报表；中医报表；妇幼报表。上述缺项列入后续开发计划。
2725,,,支持报表导出 Excel、TXT、DBF、PDF 等格式。 +----------------------------------------------------------------------+,部分响应,已提供：科室月报、费别构成、费用类别构成、收费日结、质控统计等报表的 CSV 格式导出（可直接用 Excel 打开），各报表页面支持浏览器打印。尚未提供：原生 Excel（.xlsx）、TXT、DBF 格式导出；服务端 PDF 文件生成；其余报表页面的导出功能。上述缺项列入后续开发计划。
2726,,,支持自定义报表设计，新增文本域、计算域与排序规则。 +----------------------------------------------------------------------+,部分响应,已提供：数据治理模块的报表引擎，管理员可保存自定义查询报表定义并在线运行（只读查询、限时限量）。尚未提供：可视化报表设计器，包括文本域、计算域、排序规则的配置，以及分组小计与版式设计。上述缺项列入后续开发计划。
2727,,,数据上报与接口。 +----------------------------------------------------------------------+,部分响应,已提供：院内数据填报任务的建立、提交、查询与审核流程；集成平台的适配器注册与路由测试、HL7 报文入站接收与报文日志监控。尚未提供：卫统、HQMS、NCIS、DRG/DIP 等对外法定上报通道（按本章相关条款以外部条件响应）。上述缺项列入后续开发计划。
2728,,,支持按卫健委标准自动生成上报文件。 +----------------------------------------------------------------------+,外部条件,平台提供病案首页汇聚数据、院内数据填报审批及标准数据接口，可作为上报数据来源。按卫健委标准自动生成上报文件须依据地方卫健委/国家平台发布的接口规范、码值集与前置机接入方式，由医院与主管部门提供接口规范与接入授权，平台在实施期配合完成对接。
2729,,,支持数据自动校验与后台映射转换，不影响院内规则。 +----------------------------------------------------------------------+,部分响应,已提供：数据治理模块的数据质量自动核查（证件号、联系电话、病历签名、出院归档、诊断编码、处方审核等完整性规则，不影响院内业务规则）；本地术语与标准编码（ICD-10、LOINC、ATC）映射维护。尚未提供：上报前按上报口径自动校验并经后台映射转换生成上报报文的流水线。上述缺项列入后续开发计划。
2730,,,支持卫统 4‑1/4‑2、HQMS、NCIS、DRG/DIP 数据上报。 +----------------------------------------------------------------------+,外部条件,平台提供病案首页汇聚数据、院内 DRG 分析基础及标准数据接口，可作为上报数据来源。卫统 4-1/4-2、HQMS、NCIS、DRG/DIP 上报的报文格式、码值集与传输通道须依据国家及地方主管部门接口规范并经前置机接入，由医院与主管部门/上报平台方提供接口规范与接入授权，平台在实施期配合完成对接。
2731,,,支持分院数据独立处理与总院汇总。 +----------------------------------------------------------------------+,部分响应,【二级证据评审建议，待项目组签字】单院实例形态（产品化方案）；多院区汇总走 CDR/报表跨库方案
2732,,,支持多数据库接口与多线程高速取数。 +----------------------------------------------------------------------+,部分响应,平台当前采用单一数据库统一存储。本条所述多数据库接口与多线程高速取数功能当前版本未提供，列入后续开发计划。
2733,,,支持与 HIS、EMR、LIS、PACS 无缝对接。 +----------------------------------------------------------------------+ 质控与评分 +----------------------------------------------------------------------+,部分响应,已提供：HIS、EMR 为平台一体化模块，数据同库直连；LIS 通过 HL7 v2 报文（MLLP 通道）入站接收检验结果并留痕，集成监控可查询报文日志；适配器注册与路由测试。尚未提供：PACS 的 DICOM 通信及检查申请/工作列表下发（当前仅提供影像浏览链接跳转）；对外接口机的真实投递通道。上述缺项列入后续开发计划。
2734,,,支持终末质控评分，按标准自动评审与打分。 +----------------------------------------------------------------------+,正偏离/无偏离,由病案终末质控模块提供：扣分项字典（含自动规则）、待评病案队列、评分单自动预填结构化完整性缺项扣分明细，支持质控员人工加项（内涵评审项由人工评定），提交后自动计算得分与甲乙丙评级并落库，评分明细可追溯。
2735,,,支持随机抽样评审，自动计算评审比例。 +----------------------------------------------------------------------+,部分响应,平台提供出院病案全量待终末质控队列（按出院时间排序逐份评审）。本条所述随机抽样评审与评审比例自动计算尚未提供，列入后续开发计划。
2736,,,支持评审结果汇总，细化到科室、医师统计。 +----------------------------------------------------------------------+,部分响应,已提供：终末质控评审结果按月×科室汇总统计、科室排名及导出。尚未提供：细化到医师维度的评审结果汇总。上述缺项列入后续开发计划。
2737,,,支持在线调阅病历评审，生成质控报表。 +----------------------------------------------------------------------+ 系统管理 +----------------------------------------------------------------------+,部分响应,已提供：终末质控统计报表（按月×科室构成、扣分项 TOP，支持导出）；病历可在患者 360 视图与病案首页页面查阅。尚未提供：评审页面内直接在线调阅原始病历的入口。上述缺项列入后续开发计划。
2738,,,支持人员、角色、权限精细化管控。 +----------------------------------------------------------------------+,正偏离/无偏离,由系统管理模块提供：用户管理（分页查询、新建、修改、启停）；角色管理与菜单授权树（按角色勾选菜单权限，内置管理员角色受保护）；服务接口层按角色进行权限控制，实现菜单级与接口级双层权限管控。
2739,,,支持系统基础数据、标准编码字典维护。 +----------------------------------------------------------------------+,正偏离/无偏离,由主数据与数据标准模块提供：费用类别字典维护；药品与收费项目主数据（批量导入接口、属性维护）；检验参考区间维护；科室、角色、用户维护；数据元维护及本地术语与标准编码（ICD-10、LOINC、ATC）映射维护。
2740,,,支持 ICD 诊断、手术字典、科室映射维护。 +----------------------------------------------------------------------+,部分响应,已提供：ICD-10 诊断字典检索（编码/名称/拼音）；本地术语与标准编码（ICD-10、LOINC、ATC）映射维护。尚未提供：ICD 诊断字典的新增/修改维护页面；手术操作字典（手术信息当前以名称文本记录）；科室映射维护。上述缺项列入后续开发计划。
2741,,,支持节假日、工作日自动获取与自定义。 +----------------------------------------------------------------------+,部分响应,班次类型字典已有，节假日历为字典扩展
2742,,,支持日志审计、接口日志、运维监测管理。 +----------------------------------------------------------------------+,正偏离/无偏离,由系统管理与运维模块提供：操作日志审计（按用户、时间查询分页）；接口报文日志（集成监控页面查询）；运维监测（服务健康概览、慢接口统计、故障台账、巡检台账、备份留痕，并支持自动巡检告警）。
2743,,,支持 CA 集成、电子签名、时间戳验证。 +----------------------------------------------------------------------+ 系统监控 +----------------------------------------------------------------------+,配套产品响应,属设备配套软件/商用知识库/CA 等产品参数，平台已留标准接入点
2744,,,支持查看在线用户。 +----------------------------------------------------------------------+,部分响应,本条所述查看在线用户功能当前版本未提供，列入后续开发计划。
2745,,,支持设置定时任务、查看定时任务。 +----------------------------------------------------------------------+,部分响应,对应模块维护能力已实现（字典/参数/规则），细节逐条比对
2746,,,支持查看数据监控。 +----------------------------------------------------------------------+,部分响应,已提供：数据质量核查规则、指标定义与指标快照、运营数据总览，以及慢接口统计。尚未提供：数据库运行态监控台（连接池实时状态、慢 SQL 明细列表）。上述缺项列入后续开发计划。
2747,,,支持服务监控。 +----------------------------------------------------------------------+,正偏离/无偏离,由运维模块提供：服务健康概览（数据库连通、运行时长、磁盘剩余、内存使用、当日慢接口、未结故障、告警清单），支持手动触发巡检与定时自动巡检，阈值告警自动生成故障工单，并提供服务运行信息接口。
2748,,,支持缓存监控。 +----------------------------------------------------------------------+,部分响应,本条所述缓存监控功能当前版本未提供，列入后续开发计划。
2749,★,,+-------------------------------+-----------------------------------------------------------------------------------------------------------------------------------------------------------------------,非参数行,文档转换产生的表格分隔残渣，不计入参数总数
2750,,,在采购计划的制定环节，系统提供了灵活的操作方式，既可以由人工手动编制，也能根据预设的智能规则自动生成。这些智能规则会综合考虑多项因素，例如药品的实时库存数量、设定的最高/最低储备量、上个月的出入库记录、各药房的发药数量以及日均消耗量。同时，系统支持根据药品类别、存放库位、特殊药品类型（如毒麻、贵重药品）等条件进行筛选，以精准锁定需要制定采购计划的药品范围。 +-------------------,部分响应,平台提供药品低库存预警清单。本条所述采购计划的人工编制，按实时库存、最高/最低储备量、上月出入库、药房发药量、日均消耗等规则自动生成采购计划，以及按药品类别、库位、特殊药品类型筛选的功能尚未提供，列入后续开发计划。
2751,,,系统支持在采购计划执行完毕后，根据计划内容，便捷地按照不同的供货商分别生成对应的采购订单。 +---------------------------------------------------------------------------------------------------------------------------------------------------------,部分响应,平台提供采购单据（备货、退货）的手工建立与管理。本条所述根据采购计划按不同供货商分别生成采购订单的功能尚未提供，列入后续开发计划。
2752,,,为满足国家相关管理规定，系统具备与药品集中采购平台对接的能力，支持将生成的采购订单数据线上传至指定的供应链平台。 +----------------------------------------------------------------------------------------------------------------------------------------------,外部条件,平台提供采购单据管理、药品进销存及集成平台适配器接入框架。与药品集中采购平台的对接及采购订单线上上传，须依据当地集中采购平台发布的接口规范、证书与前置机接入授权，由医院与采购平台方提供，平台在实施期配合完成对接。
2753,,,在进行采购操作时，系统允许用户选择本次采购的实际配送地址，并将该信息一同上传至平台，确保物流信息的准确。 +--------------------------------------------------------------------------------------------------------------------------------------------------,部分响应,本条所述采购时选择实际配送地址并随订单上传至集中采购平台的功能当前版本未提供，列入后续开发计划（其中平台上传部分依附于集中采购平台对接，按相关条款以外部条件响应）。
2754,,,针对已完成采购的药品，系统设计了三种不同的入库方式以适应多种业务场景：一是发票与货物同时到达的正常入库；二是货物已到但发票未到的挂账入库；三是发票已到但货物尚未到达的暂估入库。 +--------------------------------------------------------------------------------------------------------------,部分响应,平台提供药品采购入库单（含待验收、已验收、拒收状态管理）。本条所述按发票与货物到达情况区分的正常入库、挂账入库、暂估入库三种入库方式尚未提供，列入后续开发计划。
2755,,,系统支持直接手动创建采购入库单。同时，为提高效率和准确性，也提供了自动生成入库单的功能，可以通过引入预先制定的采购计划单或已确认的采购订单来快速完成。 +---------------------------------------------------------------------------------------------------------------------------,部分响应,已提供：手动创建采购入库单（药品、数量、批号、效期、供应商）。尚未提供：引入采购计划单或采购订单自动生成入库单；入库单页面录入采购单号进行勾稽。上述缺项列入后续开发计划。
2756,,,系统支持与阳采平台进行线上直连，能够直接获取平台上的配送信息，并以此为据，自动生成对应的采购入库单。 +----------------------------------------------------------------------------------------------------------------------------------------------------,外部条件,平台提供药品入库单管理及集成平台适配器接入框架。与阳采平台线上直连获取配送信息并自动生成入库单，须依据省级集中采购平台的接口规范、证书与前置机接入授权，由医院与采购平台方提供，平台在实施期配合完成对接。
2757,,,"在药品入库操作过程中，系统支持同时采用多种计量单位（例如""盒""和""板""、""瓶""和""粒""）进行数量的录入与换算。 +-----------------------------------------------------------------------------------------------------------------------------------------------",部分响应,平台药库入库单当前按药品单一计量单位登记数量。本条所述“盒/板”“瓶/粒”等多计量单位录入与自动换算功能当前版本未提供，列入后续开发计划。
2758,,,系统提供了采购入库冲红的功能，用于处理已入库但需要退回的情况。通过此功能，可以对已经生成的采购入库单进行逆向操作，生成红字单据以冲销原入库记录。 +------------------------------------------------------------------------------------------------------------------------------,部分响应,平台药库入库单提供验收前拒收与库存盘点调整两项基础能力。本条所述对已入账采购入库单生成红字单据、冲销原入库记录并与原单勾稽的冲红功能当前版本未提供，列入后续开发计划。
2759,,,在创建入库单据时，系统提供了便捷的药品搜索功能。用户可以通过药品的拼音码、五笔码等助记码进行快速查找，同时也支持直接输入药品名称进行精确或模糊搜索。 +----------------------------------------------------------------------------------------------------------------------------,部分响应,平台药库入库单开单时提供按药品名称的模糊搜索（远程联想、即输即查）。尚未提供：①按拼音码、五笔码等助记码检索；②按药品编码的精确检索。上述缺项列入后续开发计划。
2760,,,除了常规的采购入库，系统还支持其他类型的入库业务，例如因药厂赠送、医院自制等原因产生的入库操作。 +------------------------------------------------------------------------------------------------------------------------------------------------------,部分响应,平台药库入库单当前统一按采购入库登记，不区分入库类型。本条所述药厂赠送、医院自制等其他类型入库的分类登记与分类统计当前版本未提供，列入后续开发计划。
2761,,,系统支持对来自同一生产厂家的药品，按照不同的生产批号和有效期进行精细化的分批次入库管理。 +----------------------------------------------------------------------------------------------------------------------------------------------------------,部分响应,平台药库入库单按生产批号与有效期逐批登记，近效期预警按批次估算。尚未提供：①批次级在库量账（库存按药品汇总记账，出库不指定批次）；②按批次的结存与追溯查询。上述缺项列入后续开发计划。
2762,,,在药品入库和退库流程中，系统支持通过扫描药品追溯码的方式，将追溯信息录入并上传至相关监管平台。 +-------------------------------------------------------------------------------------------------------------------------------------------------------,部分响应,平台药库入库、退库单当前未提供药品追溯码扫码录入与追溯信息上传功能。院内扫码录入部分列入后续开发计划；向国家药品追溯监管平台上传部分，需待监管平台接口规范与接入资质具备后对接实施。
2763,,,采购入库环节支持定向出库功能。即在完成采购入库的同时，可以直接将这批药品指定出库给某个下级库房（如门诊药房），无需再进行一次独立的出库操作。 +--------------------------------------------------------------------------------------------------------------------------------,部分响应,平台药库当前为单一库存点记账，采购入库验收通过后直接计入库存。本条所述入库同时定向出库至下级库房（如门诊药房）的功能，依赖药库/药房两级库存模型，当前版本未提供，列入后续开发计划。
2764,,,系统支持使用PDA（移动数据终端）扫描随货同行单的编号或发票号码，对药品的外观、包装情况、数量信息进行质量验收的现场操作。 +-----------------------------------------------------------------------------------------------------------------------------------------,部分响应,平台当前提供 PC 端药品入库验收功能（按入库单逐单验收入账）。本条所述 PDA 扫描随货同行单号/发票号检索，并对外观、包装、数量进行现场质量验收的移动端功能当前版本未提供，列入后续开发计划。
2765,,,在PDA端完成质量验收并确认通过后，系统即可自动触发后续流程，完成最终的采购入库操作。 +-----------------------------------------------------------------------------------------------------------------------------------------------------------,部分响应,平台当前提供 PC 端入库验收通过即自动入账的流程。本条所述 PDA 端质量验收通过后自动触发采购入库的功能，依赖 PDA 验收功能，当前版本未提供，列入后续开发计划。
2766,,,系统提供了专门的财务验收功能，财务人员可以依据已经完成的采购入库单据进行核对与验收操作。 +----------------------------------------------------------------------------------------------------------------------------------------------------------,部分响应,平台 HRP 物资采购模块提供财务验收动作，可对已审批采购单据执行验收并登记发票号。尚未提供：①依据药品采购入库单逐条核对数量、金额、批次后验收的界面；②财务验收与药品入库单之间的数据勾稽。上述缺项列入后续开发计划。
2767,,,为了提高工作效率，系统支持筛选出同一家供货单位的全部待验收单据，进行集中批量验收。 +-------------------------------------------------------------------------------------------------------------------------------------------------------------,部分响应,平台 HRP 物资采购模块当前提供逐单财务验收。本条所述按供货单位筛选全部待验收单据并集中批量验收的功能当前版本未提供，列入后续开发计划。
2768,,,在财务验收环节，如果发现发票信息有误或需要补充，系统允许操作人员在验收时直接对发票信息进行调整或补录。 +---------------------------------------------------------------------------------------------------------------------------------------------------,部分响应,平台 HRP 物资采购模块财务验收时可录入发票号，验收后也可再次调整发票号。尚未提供：①发票金额、开票日期、税额、发票类型等完整发票信息的补录与调整；②药品采购入库单侧的发票信息登记与财务验收。上述缺项列入后续开发计划。
2769,,,系统提供了采购完成后的付款管理功能，支持对同一家供货商名下的所有应付单据进行集中查询与付款操作。 +------------------------------------------------------------------------------------------------------------------------------------------------------,部分响应,对应模块查询统计能力已实现，界面细节逐条比对
2770,,,在进行集中付款时，系统支持依据三种不同类型的单据进行筛选和处理，分别是采购入库单据、发票以及财务验收单。 +--------------------------------------------------------------------------------------------------------------------------------------------------,部分响应,平台采购单据流程当前止于财务验收，未包含集中付款环节。本条所述按采购入库单、发票、财务验收单三种单据筛选并集中付款的功能当前版本未提供，列入后续开发计划。
2771,,,在付款方式上，系统提供了多种选择以满足不同情况：可以支付整张单据的全部金额；可以手动输入一个特定的支付金额；也可以将一笔付款金额分摊到一张单据的多个款项或不同单据的部分金额上。 +--------------------------------------------------------------------------------------------------------------,部分响应,平台当前未提供应付款与付款核销功能。本条所述整单付款、指定金额付款、一笔付款分摊至多张单据或多个款项的付款方式当前版本未提供，列入后续开发计划。
2772,,,系统提供丰富的账款查询与分析功能，包括查询已付款和未付款的单据明细，以及进行应付账款的账面分析，为资金管理提供数据支持。 +------------------------------------------------------------------------------------------------------------------------------------------,部分响应,对应模块查询统计能力已实现，界面细节逐条比对
2773,,,系统支持根据各药房提交的申领单进行出库处理。同时，如果申领单有误或需要撤回，也支持对已处理的申领单进行退回操作。 +----------------------------------------------------------------------------------------------------------------------------------------------,部分响应,平台药库当前为单一库存点记账，未建立药库/药房两级库存。本条所述按药房申领单出库及对已处理申领单退回的功能当前版本未提供，列入后续开发计划。
2774,,,系统提供了库存直接调拨出库的功能，可以将药品从药库直接调拨到指定的药房，无需经过申领流程。 +---------------------------------------------------------------------------------------------------------------------------------------------------------,部分响应,平台当前提供固定资产在科室间的调拨功能，药品库存为单一库存点记账。本条所述药库向指定药房的库存直接调拨出库功能当前版本未提供，列入后续开发计划。
2775,,,除了常规的药房申领出库，系统还支持其他类型的出库业务，例如药品报损、临床科室直接领用、以及盘点后产生的盘亏出库等。 +---------------------------------------------------------------------------------------------------------------------------------------------,部分响应,平台药库盘点确认后可按盘亏自动扣减库存并留出库流水，另提供库存调整功能。尚未提供：①药品报损出库单据与审批；②临床科室直接领用出库单据；③上述两类出库的分类统计。上述缺项列入后续开发计划。
2776,,,系统在自动扣减库存时，内置了多种出库策略，例如优先出库最早入库的药品（先进先出），或优先出库距离失效期最近的药品（近效期先出），以保证库存的良性周转。 +---------------------------------------------------------------------------------------------------------------------------,部分响应,平台发药扣减当前按药品库存总量记账，近效期预警按批次估算。本条所述先进先出、近效期先出等自动出库批次策略，依赖批次级在库量账，当前版本未提供，列入后续开发计划。
2777,,,除了系统自动扣减，也支持用户在出库时，根据实际需要手动选择从哪个具体批次的药品中进行出库。 +---------------------------------------------------------------------------------------------------------------------------------------------------------,部分响应,平台发药与出库当前按药品和数量扣减库存，不指定批次。本条所述出库时手动选择具体批次的功能，依赖批次级在库量账，当前版本未提供，列入后续开发计划。
2778,,,系统功能支持在不同医疗机构之间，或同一家医院的不同院区库房之间进行药品的调拨出库操作。 +-----------------------------------------------------------------------------------------------------------------------------------------------------------,部分响应,平台当前按单一医疗机构、单一库存点部署与记账（多院区可各自独立部署）。本条所述跨医疗机构、跨院区库房间的药品调拨出库功能当前版本未提供，列入后续开发计划。
2779,,,系统支持两种基础的调价模式：针对零售价格的调整和针对进货价格的调整。同时，调价管理功能也涵盖了国家政策性调价和医院内部自主调价两种业务类型。 +--------------------------------------------------------------------------------------------------------------------------------,部分响应,平台提供诊疗收费项目零售价调价功能，调价须填写原因并留调价记录，可查询调价历史。尚未提供：①药品零售价的正式调价单（当前通过主数据批量导入更新价格）；②进货价调整；③国家政策性调价与院内自主调价的业务类型区分。上述缺项列入后续开发计划。
2780,,,药品价格的调整可以通过即时生效和定时生效两种方式来执行，以满足紧急调价或计划性调价的不同需求。 +-------------------------------------------------------------------------------------------------------------------------------------------------------,部分响应,平台当前调价为即时生效。本条所述定时生效（计划性调价）的执行方式当前版本未提供，列入后续开发计划。
2781,,,系统支持对特定的库存点（例如仅针对药库库存或仅针对药房库存）进行独立的调价。对于进销价格相同（零差价）的药品，系统支持在调整零售价时，自动同步调整其进货价格，保持价格一致。 +----------------------------------------------------------------------------------------------------------------,部分响应,平台当前药品价格为主数据上的单一零售价，库存为单一库存点记账。本条所述按药库/药房库存点独立调价，以及零差价药品调整零售价时同步进货价的功能当前版本未提供，列入后续开发计划。
2782,,,在多机构（如医院集团）的管理模式下，系统支持将同一个价格调整方案，同步应用到所有采用相同价格体系的机构中，确保价格政策的统一执行。 +-------------------------------------------------------------------------------------------------------------------------------------,部分响应,平台当前按单一医疗机构维护一套价格体系。本条所述多机构（医院集团）模式下同一价格调整方案同步至多个机构的功能当前版本未提供，列入后续开发计划。
2783,,,系统提供了对药库库存进行全面盘点的功能，并支持按照药品分类、存放库位、剂型等不同维度来组织和进行盘点。 +---------------------------------------------------------------------------------------------------------------------------------------------------,部分响应,平台药库盘点提供建单、实盘录入、账实差异确认调库、作废与盘点单查询的完整闭环。尚未提供：按药品分类、存放库位、剂型等维度批量圈定盘点范围（当前逐个搜索勾选药品建单，库位维度尚未建立）。上述缺项列入后续开发计划。
2784,,,盘点范围不仅限于当前有库存的药品，也支持将当前库存为零的药品以及当前处于禁用状态的药品纳入盘点清单，以保证库存账目的完整性。 +----------------------------------------------------------------------------------------------------------------------------------------,部分响应,平台药库盘点建单时可将当前库存为零的药品纳入盘点清单。尚未提供：①将禁用状态药品纳入盘点清单；②大批量选药建单（当前药品选择器单次最多返回 20 条）。上述缺项列入后续开发计划。
2785,,,为了提高盘点效率，系统支持通过引入预设的盘点模板（包含特定药品列表）来快速生成盘点任务。 +----------------------------------------------------------------------------------------------------------------------------------------------------------,部分响应,平台药库盘点当前通过逐个勾选药品生成盘点单。本条所述预设盘点模板（含特定药品列表）一键生成盘点任务的功能当前版本未提供，列入后续开发计划。
2786,,,系统支持单人或多人协同进行盘点数据的录入工作，以适应不同规模的盘点任务。 +------------------------------------------------------------------------------------------------------------------------------------------------------------------,部分响应,平台药库盘点实盘录入支持多名药剂人员同时对同一盘点单录入，不做单人独占限制。尚未提供：①逐条录入人留痕；②初盘/复盘双人核对；③分区分人的协同分工机制。上述缺项列入后续开发计划。
2787,,,"在录入盘点数据时，系统支持按不同的包装单位输入数量，例如可以直接输入""几盒几片""，系统会自动换算，减少人工计算可能产生的错误。 +---------------------------------------------------------------------------------------------------------------------------------------",部分响应,平台药库盘点实盘数当前按药品单一计量单位录入。本条所述“几盒几片”多包装单位录入与自动换算功能当前版本未提供，列入后续开发计划。
2788,,,在盘点录入过程中，允许操作人员对具体批次药品的账面数量进行调整。 +----------------------------------------------------------------------------------------------------------------------------------------------------------------------,部分响应,平台药库盘点单按药品记账，账面数取建单时刻的库存快照并作为确认调库的核对基准，不提供人为修改入口，以保证账实差异口径可追溯。本条所述按具体批次调整账面数量的功能，依赖批次级在库量账，当前版本未提供，列入后续开发计划。
2789,,,为了方便操作，系统支持在录入实盘数量时，直接复制当前的账面库存作为起点。盘点任务完成后，系统能够根据实盘与账面的差异，自动生成盘盈入库单和盘亏出库单。 +---------------------------------------------------------------------------------------------------------------------------,部分响应,平台药库盘点确认后按实盘与账面差异自动调整库存并留盘点流水。尚未提供：①录入实盘时一键复制账面库存作为起点；②自动生成独立的盘盈入库单与盘亏出库单单据。上述缺项列入后续开发计划。
2790,,,系统支持在库房月结统计时，自定义每月的结账日期。首次月结基于初始化建账日期，之后每个月的月结周期则从上一次月结的终止时间开始计算。 +-------------------------------------------------------------------------------------------------------------------------------------,部分响应,平台当前提供收费班结与结账明细查询。本条所述库房月结、自定义结账日期、首次月结基于建账日期及月结周期滚动计算的功能当前版本未提供，列入后续开发计划。
2791,,,系统提供了取消月结的功能，但为确保数据连续性，取消操作必须从最后一个已月结的月份开始，逐月向前进行，不允许跨月取消。 +--------------------------------------------------------------------------------------------------------------------------------------------,部分响应,【二级证据评审建议，待项目组签字】日结报表+交款核对已备（/reports/daily）；自定义月结周期/取消月结为财务深化项
2792,,,系统需提供多维度的查询统计分析功能，例如能够查询各药库及全院的药品库存情况，查看实物账簿、财务月报表，进行采购与销售分析，以及查询失效药品、统计基本药物、特殊药品、抗生素等各类药品的消耗与库存情况。 +---------------------------------------------------------------------------------------------------,部分响应,平台提供全院药品库存与低库存查询、出入库流水（实物账簿）、失效药品预警、药品使用分析、抗菌药物使用强度分析及按月药品经费统计。尚未提供：①分药库库存查询（当前为全院单一库存）；②库存金额进销存财务月报表；③采购分析；④基本药物与特殊管理药品的分类消耗与库存统计。上述缺项列入后续开发计划。
2793,,,药品字典：此部分功能用于管理所有药品的基础档案信息，具体包括药品的通用名称、规格型号、生产厂家、供货单位信息、基本的包装单位、面向患者的发药单位，以及对特殊管理药品的分类，如毒麻药品、精神药品、贵重药品、医院自制制剂、进口药品等属性的详细设置与维护。 +-------------------------------------------------------------------------,部分响应,平台药品字典维护通用名、规格、计量单位、剂型、零售价、西药/中成药分类、抗菌药物分级、费用类别与自费标记，支持批量导入。尚未提供：①生产厂家、供货单位字段；②与包装单位分离的发药单位；③毒麻、精神、贵重、自制制剂、进口药品等特殊管理分类属性；④单条药品档案的新增/编辑页面（当前通过批量导入维护）。上述缺项列入后续开发计划。
2794,,,供应商信息管理：此模块专门用于管理与医院有业务往来的所有供应商的详细信息，包括但不限于供应商的名称、资质、联系方式。 +--------------------------------------------------------------------------------------------------------------------------------------------,正偏离/无偏离,由 HRP 运营管理模块的供应商管理页面提供：维护供应商名称、联系人、联系电话、经营范围与启用状态，并登记供应商资质证照（证照类型、证号、附件、有效期），支持新增与查询。
2795,,,生产企业信息管理：此模块专门用于管理与医院有业务往来的所有生产企业的详细信息，包括但不限于生产企业的名称、资质、联系方式。 +-----------------------------------------------------------------------------------------------------------------------------------------,部分响应,平台当前提供供应商档案与资质证照管理。本条所述独立的生产企业档案（名称、资质、联系方式）管理功能当前版本未提供，列入后续开发计划。
2796,★,,+-------------------------------+-----------------------------------------------------------------------------------------------------------------------------------------------------------------------,非参数行,文档转换产生的表格分隔残渣，不计入参数总数
2797,,,系统能够依据医师的职称信息，自动匹配并赋予相应的抗菌药物处方权限。 +------------------------------------------------------------------------------------------------------------------+ 抗菌药物分级管理 +---------------------------------------,部分响应,平台提供抗菌药物分级处方权维护，可按医师逐人设置处方权级别。本条所述依据医师职称自动匹配并赋予抗菌药物处方权的功能当前版本未提供，列入后续开发计划。
2798,,,当医师开具抗菌药物时，系统会根据其权限等级自动判断是否允许开具对应级别的药物。 +------------------------------------------------------------------------------------------------------------------+,正偏离/无偏离,由门诊医生站开立医嘱时自动执行：药品字典维护抗菌药物分级，医师开具限制级或特殊级抗菌药物时，系统自动比对其处方权级别，权限不足即拦截开单。
2799,,,若医师的处方权限不足以开具所选抗菌药物，系统将自动弹出提示信息，提醒其权限不足。 +------------------------------------------------------------------------------------------------------------------+,正偏离/无偏离,由门诊医生站提供：处方权不足时开单被拦截，系统即时弹出提示，明确告知所开药品的抗菌药物级别与医师当前处方权级别。
2800,,,不同科室的医师根据其岗位职责拥有不同的抗菌药物使用权限，若开具超出权限级别的药物，系统将自动触发审批流程。 +------------------------------------------------------------------------------------------------------------------+,部分响应,平台抗菌药物处方权按医师个人授予，越权开单时直接拦截。本条所述按科室岗位职责差异化配置抗菌药物权限，以及超权限开单自动触发审批流程的功能当前版本未提供，列入后续开发计划。
2801,,,在紧急医疗情况下，支持医师临时越级使用抗菌药物，并允许在24小时内补交审批材料完成审核流程。 +------------------------------------------------------------------------------------------------------------------+,部分响应,平台抗菌药物越权开单当前为直接拦截。本条所述紧急情况下临时越级用药并在 24 小时内补交审批材料完成审核的流程当前版本未提供，列入后续开发计划。
2802,,,各分级审批流程已整合至临床业务系统，系统可实时提醒相关医师或审批人员及时处理待审批的特殊用药申请。 +------------------------------------------------------------------------------------------------------------------+,部分响应,平台当前提供抗菌药物分级处方权矩阵维护与开单自动判权。本条所述整合至临床业务系统的特殊用药分级审批流程及待审批实时提醒功能当前版本未提供，列入后续开发计划。
2803,,,抗菌药物用药目的管理。 +------------------------------------------------------------------------------------------------------------------+,部分响应,本条所述抗菌药物用药目的字典与管理功能当前版本未提供，列入后续开发计划。
2804,,,医师在下达抗菌药物医嘱时，系统将自动弹出用药目的填写页面，要求医师明确选择抗菌药物的使用原因。 +------------------------------------------------------------------------------------------------------------------+,部分响应,平台门诊医生站开具抗菌药物时执行分级处方权自动判权。本条所述下达抗菌药物医嘱时自动弹出用药目的填写页并要求医师选择用药原因的功能当前版本未提供，列入后续开发计划。
2805,★,,+-------------------------------+-----------------------------------------------------------------------------------------------------------------------------------------------------------------------,非参数行,文档转换产生的表格分隔残渣，不计入参数总数
2806,,,支持危急值类型的新增、修改、删除。 +-------------------------------------------------------------------------------------------------------------------------------------------------------------------------------------,部分响应,平台危急值当前按检验、检查两个固定来源分类。本条所述危急值类型字典的新增、修改、删除功能当前版本未提供，列入后续开发计划。
2807,,,支持对各类危急值项目进行配置与管理。 +------------------------------------------------------------------------------------------------------------------------------------------------------------------------------------,正偏离/无偏离,由检验参考区间维护页面提供：按检验项目、性别、年龄段配置正常参考区间及危急值上下限，支持新增、编辑、删除，检验结果判读时自动引用。
2808,,,支持项目的同步。 +----------------------------------------------------------------------------------------------------------------------------------------------------------------------------------------------,部分响应,平台检验参考区间与危急值阈值当前由人工逐条维护。本条所述从检验系统或收费项目字典同步项目的功能当前版本未提供，列入后续开发计划。
2809,,,支持危急值确认消息字典的维护。 +---------------------------------------------------------------------------------------------------------------------------------------------------------------------------------------,部分响应,平台危急值确认时由医师手工录入处置措施文本。本条所述危急值确认消息字典的维护功能当前版本未提供，列入后续开发计划。
2810,,,支持消息处理意见的新增、编辑与删除。 +------------------------------------------------------------------------------------------------------------------------------------------------------------------------------------,部分响应,平台危急值处理意见当前以自由文本记录。本条所述预设处理意见的新增、编辑与删除功能当前版本未提供，列入后续开发计划。
2811,,,具备危急值执行前置条件的维护功能。 +-------------------------------------------------------------------------------------------------------------------------------------------------------------------------------------,部分响应,平台危急值闭环当前提供确认时限（分钟）参数配置。本条所述危急值执行前置条件的维护功能当前版本未提供，列入后续开发计划。
2812,,,支持患者信息与疾病名称的配置及维护。 +------------------------------------------------------------------------------------------------------------------------------------------------------------------------------------,部分响应,平台提供患者主索引登记与维护，以及 ICD-10 疾病名称字典查询。尚未提供：①疾病名称字典的新增、修改、删除维护；②危急值项目与患者信息、疾病名称的关联配置。上述缺项列入后续开发计划。
2813,,,支持危急值项目严重程度的维护，并可根据不同危险等级配置对应的处理方案。 +-------------------------------------------------------------------------------------------------------------------------------------------------------------------,部分响应,平台危急值当前按项目配置危急阈值，不分严重程度。本条所述危急值项目严重程度维护及按危险等级配置对应处理方案的功能当前版本未提供，列入后续开发计划。
2814,,,支持对危急值提醒方式进行配置管理，可根据危急值等级、项目类型等维度，支持提醒形式（如颜色标识、弹窗提示、声音告警等）。 +-------------------------------------------------------------------------------------------------------------------------------------------,部分响应,平台危急值当前在待处理清单中以固定样式高亮显示。本条所述按危急值等级、项目类型配置颜色标识、弹窗提示、声音告警等提醒方式的功能当前版本未提供，列入后续开发计划。
2815,,,支持按科室、病区查询住院患者危急值的医生与护士处理情况，可查看处理结果及提醒记录。 +-------------------------------------------------------------------------------------------------------------------------------------------------------------,部分响应,平台危急值闭环当前覆盖门诊患者，由开单医师确认处置。本条所述住院患者危急值、按科室与病区查询以及医生与护士分别处理情况的查询功能当前版本未提供，列入后续开发计划。
2816,,,支持患者姓名或就诊号、条码号、申请单号等关键字进行危急值信息的查询。 +--------------------------------------------------------------------------------------------------------------------------------------------------------------------,部分响应,平台危急值当前提供按处理状态的列表查询。本条所述按患者姓名、就诊号、条码号、申请单号等关键字检索危急值信息的功能当前版本未提供，列入后续开发计划。
2817,,,支持危急值信息记录的导出。 +-----------------------------------------------------------------------------------------------------------------------------------------------------------------------------------------,部分响应,平台危急值当前提供在线列表查询。本条所述危急值信息记录导出功能当前版本未提供，列入后续开发计划。
2818,,,当发生危急值时，支持通过院内消息系统通知，系统还支持通过移动端（钉钉或微信）或手机短信对接，实现开嘱或主管医生可接收危急值消息，保证危急值通知的及时性。短信通知内容可根据医院需求自定义，并支持设置短信内容通知患者。 +-------------------------------------------------------------------------------------------,部分响应,平台危急值发生时自动生成院内通知，指定开单医师并记录通知时刻与确认时限，医师在门诊医生站待确认清单中接收处理。尚未提供：①移动端（钉钉/微信）与手机短信通知通道（短信网关与即时通讯平台由外部配套提供，平台侧接入待开发）；②短信内容自定义；③向患者发送短信通知。上述缺项列入后续开发计划。
2819,,,支持危急值消息需医生护士对消息回复后方可取消提醒。 +-----------------------------------------------------------------------------------------------------------------------------------------------------------------------------,部分响应,平台危急值须由开单医师本人填写处置措施后方可确认，确认后从待处理清单移除并留痕。尚未提供：护士岗位的独立确认环节及医护双岗回复流程。上述缺项列入后续开发计划。
2820,,,具备对危急值消息进行查看和处理的功能。 +-----------------------------------------------------------------------------------------------------------------------------------------------------------------------------------,正偏离/无偏离,由危急值管理功能提供：全院危急值监控列表可查看患者、内容、状态与时间；医师待确认清单可逐条填写处置措施并确认处理，处理结果留痕。
2821,,,支持按医生或患者进行危急值消息的检索。 +-----------------------------------------------------------------------------------------------------------------------------------------------------------------------------------,部分响应,平台危急值当前提供全院列表（按状态）与当前登录医师本人的待确认清单。本条所述按指定医生或患者检索危急值消息的功能当前版本未提供，列入后续开发计划。
2822,,,支持对危急值消息进行处理意见的记录。 +------------------------------------------------------------------------------------------------------------------------------------------------------------------------------------,正偏离/无偏离,由危急值管理功能提供：医师确认危急值时必须填写处置措施，系统记录处理意见、处理人与处理时刻，可追溯查询。
2823,,,当发生危急值时，按照相关规定护士和医生需针对危急值消息分别进行确认和处理，医生处理即认为该危急值已处理。在电脑端中，系统支持通过对应工作站的消息弹窗定位患者并跳转至处理界面或直接通过危急值处理模块界面进行相应处理；在移动端中，系统支持直接对消息进行处理。 +-----------------------------------------------------------------------,部分响应,平台提供独立的危急值处理模块界面，医师可直接确认并填写处置。尚未提供：①工作站消息弹窗定位患者并跳转处理界面（当前首页仅显示待处理条数）；②移动端直接处理；③护士独立确认环节。上述缺项列入后续开发计划。
2824,,,全院危急值统计。 +----------------------------------------------------------------------------------------------------------------------------------------------------------------------------------------------,部分响应,平台首页与数据概览提供全院未处理危急值条数统计（门诊口径）。尚未提供：①按时间段、科室、项目、来源的汇总统计及及时率、处理时长等统计口径；②住院危急值口径。上述缺项列入后续开发计划。
2825,,,危急值处置监控。 +----------------------------------------------------------------------------------------------------------------------------------------------------------------------------------------------,正偏离/无偏离,由危急值管理功能提供：按可配置的确认时限自动筛出超期未确认危急值形成监控列表，显示应通知医师与患者；处置措施、处理人、处理时刻全程留痕可追溯。
2826,,,全院危急值查询。 +----------------------------------------------------------------------------------------------------------------------------------------------------------------------------------------------,部分响应,平台提供全院危急值查询列表（患者号、姓名、内容、时间、状态）。尚未提供：①住院患者危急值（当前限门诊）；②分页查询（当前显示最近 50 条）；③按条件检索。上述缺项列入后续开发计划。
2827,,,危急值指标统计。 +----------------------------------------------------------------------------------------------------------------------------------------------------------------------------------------------,部分响应,平台当前提供未处理危急值条数统计。本条所述及时确认率、平均确认时长、超期率及按项目/科室分布等危急值指标统计功能当前版本未提供，列入后续开发计划。
2828,,,提供全院危急值的统计查询，支持查询某科室某段时间内医生的危急值处理情况，用于质控等管理部门针对科室、医生、患者整体危急值流程的追溯和精确统计。 +-------------------------------------------------------------------------------------------------------------------------------,部分响应,平台当前提供全院危急值列表与超期监控。本条所述按科室、时间段、医生维度统计危急值处理情况的质控追溯查询功能当前版本未提供，列入后续开发计划。
2829,★,,+-------------------------------+-----------------------------------------------------------------------------------------------------------------------------------------------------------------------,非参数行,文档转换产生的表格分隔残渣，不计入参数总数
2830,,,能够通过护理管理系统中的指标维护功能展示科室病区、护理、特殊检查等分类的指标呈现，呈现内容包含指标名称、患者数、床号和频率，能够根据不同护理级别对床号颜色进行区分查看。 +------------------------------------------------------------------------------------------------------------------,部分响应,平台护理白板提供在院患者一览（病区、床号、护理级别、过敏史、待执行医嘱数、护理文书数）。本条所述护理指标维护、按科室病区/护理/特殊检查分类的指标呈现及按护理级别区分床号颜色的功能当前版本未提供，列入后续开发计划。
2831,,,能够通过触屏切换查看科室护理级别比例、护理动态比例、特殊检查比例、患者年龄人数分布、患者出入院人次变化趋势、床位使用率、手术台次、床护比、护患比等指标的查看。 +-----------------------------------------------------------------------------------------------------------------------,部分响应,平台在病案统计中提供床位使用率与手术台次统计。本条所述触屏切换的病区指标看板，及护理级别比例、护理动态比例、特殊检查比例、年龄分布、出入院人次趋势、床护比、护患比等指标展示当前版本未提供，列入后续开发计划。
2832,,,能够进行科室床位信息一览显示。 +--------------------------------------------------------------------------------------------------------------------------------------------------------------------------------+,部分响应,平台提供按病区的全部床位数据（含空床与占床患者），护理白板按病区、床号列出在院床位。尚未提供：独立的科室床位信息一览页面（空床当前仅在收治与转床的床位选择中可见）。上述缺项列入后续开发计划。
2833,,,能够按床位背景色代表不同的护理等级进行区分展示。 +------------------------------------------------------------------------------------------------------------------------------------------------------------------------------,部分响应,平台护理白板显示各床护理级别并支持调级。本条所述按护理等级以床位背景色区分展示的功能当前版本未提供，列入后续开发计划。
2834,,,能够显示床位患者详情，能够按条件筛选床位（包含在床、特殊护理、一级护理、二级护理、三级护理、病危、病重、今日手术）。 +--------------------------------------------------------------------------------------------------------------------------------------------,部分响应,平台护理白板列出在院患者床位信息。本条所述按在床、特殊护理、一/二/三级护理、病危、病重、今日手术等条件筛选床位的功能（含病危、病重标志登记）当前版本未提供，列入后续开发计划。
2835,,,点击床位患者能够查看患者的基本信息。 +--------------------------------------------------------------------------------------------------------------------------------------------------------------------------------+ 护理,部分响应,平台护理白板行内直接显示患者姓名、性别、过敏史、科室、住院号等基本信息，并可跳转护理文书。尚未提供：点击床位患者弹出或跳转患者基本信息视图。上述缺项列入后续开发计划。
2836,,,能够查看医嘱计划内容，能够按照医嘱项目排序显示未出院病人医嘱内容，能够按条件筛选护理内容。 +---------------------------------------------------------------------------------------------------------------------------------------------------------,部分响应,平台住院医生站提供按患者的医嘱列表（类型、项目、用法、剂量、状态、长期/临时），护士站提供在院患者待执行医嘱队列。尚未提供：①按医嘱项目排序；②按条件筛选护理内容。上述缺项列入后续开发计划。
2837,,,能够通过医嘱类型、医嘱状态进行检索查看。 +--------------------------------------------------------------------------------------------------------------------------------------------------------------------------------+ ,部分响应,平台住院医生站与护士站医嘱列表显示医嘱类型与状态。本条所述按医嘱类型、医嘱状态检索查看的功能当前版本未提供，列入后续开发计划。
2838,,,能够按天和按周显示当前科室医生的排班信息，能够切换显示今日排班和科室排班，科室排班能够通过日历选择指定周的排班信息。 +--------------------------------------------------------------------------------------------------------------------------------------------,部分响应,平台护理管理提供按单日查询护理排班，门诊提供按日期的医生排班。本条所述按周显示科室医生排班、今日排班与科室排班切换、日历选择指定周的功能当前版本未提供，列入后续开发计划。
2839,,,排班信息需先在护理管理系统中进行排班后才能显示，显示内容包含护士的班次、联系电话和床位备注等信息。 +-----------------------------------------------------------------------------------------------------------------------------------------------------,部分响应,平台护理管理提供护理排班录入与查询，班次字典含白/中/夜班及起止时间，排班后即可显示护士姓名与班次。尚未提供：护士联系电话与床位备注的登记与显示。上述缺项列入后续开发计划。
2840,,,能够展示体征异常信息，如发热患者、脉搏异常患者、呼吸困难患者、高低血压患者、高低血糖患者的发生人数、上次指标和发生日期查询。 +----------------------------------------------------------------------------------------------------------------------------------------,部分响应,平台提供单患者体温日历（发热标记）与术后发热患者清单。本条所述发热、脉搏异常、呼吸困难、高低血压、高低血糖患者的发生人数、上次指标与发生日期汇总查询功能当前版本未提供，列入后续开发计划。
2841,,,能够展示压力性损伤等异常评估信息的风险预警和风险变化趋势查询展示。 +---------------------------------------------------------------------------------------------------------------------------------------------------------------------,正偏离/无偏离,由护理评估功能提供：Braden 压力性损伤风险评估录入并自动分级，在院高危患者预警清单（科室、床位、患者），以及同一住院期间多次评估的风险变化趋势查询。
2842,,,"能够显示当前科室的手术患者信息，能够通过切换按钮选择显示\""择期手术\""、\""历史手术\""。 +--------------------------------------------------------------------------------------------------------------------------------------------------------",部分响应,平台提供手术患者列表（术式、麻醉方式、排台时间、状态、住院号、患者姓名），未完成手术优先显示。尚未提供：①按当前科室过滤；②择期手术/历史手术切换按钮。上述缺项列入后续开发计划。
2843,,,手术内容包含患者床号、住院号、患者姓名、性别、诊断、手术名称、主刀医生、手术时间、送入术室时间、手术结束时间、回到病房时间等数据的展示。 +----------------------------------------------------------------------------------------------------------------------------------,部分响应,平台手术列表当前显示住院号、患者姓名、手术名称、排台时间、麻醉方式与状态。本条所述床号、性别、诊断、主刀医生姓名、送入术室时间、手术结束时间、回到病房时间等信息的展示当前版本未提供，列入后续开发计划。
2844,,,能够从HIS提取交接班日志记录信息，展示包括病房数据、交班重点、交班人及时间等信息。 +------------------------------------------------------------------------------------------------------------------------------------------------------------,部分响应,平台护理交班功能提供交班登记（当班情况、交接待办、交班人、时间）与接班人签收，交班记录即在本系统内。尚未提供：在院人数、新入、危重、手术等病房数据的自动提取与展示。上述缺项列入后续开发计划。
2845,,,需HIS使用护理交班功能。 +--------------------------------------------------------------------------------------------------------------------------------------------------------------------------------+ 通讯录 +--,正偏离/无偏离,该前置条件由平台自身满足：护理交班功能内置于平台护理管理，提供交班登记、接班签收与交班记录查询，无需另行对接外部 HIS。
2846,,,能够展示全院各科室联系人信息，包括科室、职位、姓名、电话等；能够通过姓名拼音简码查询联系人信息。 +------------------------------------------------------------------------------------------------------------------------------------------------------,部分响应,平台通讯录提供全院在职人员的科室、职位、姓名、电话、邮箱展示。尚未提供：按姓名拼音简码查询联系人。上述缺项列入后续开发计划。
2847,,,能够进行mp4格式文件的多媒体展示，能够进行全屏、循环播放。 +------------------------------------------------------------------------------------------------------------------------------------------------------------------------,配套产品响应,信息发布屏软件参数
2848,★,,+-------------------------------+-----------------------------------------------------------------------------------------------------------------------------------------------------------------------,非参数行,文档转换产生的表格分隔残渣，不计入参数总数
2849,,,支持医生端预警，并可确认报卡或排除。,部分响应,平台提供传染病报卡手工登记与审核、上报闭环。本条所述医生端自动预警及确认报卡或排除预警的功能当前版本未提供，列入后续开发计划。
2850,,,支持预警结果处能直接显示预警原因。,部分响应,平台当前未提供传染病/院感自动预警。本条所述预警结果处直接显示预警原因的功能当前版本未提供，列入后续开发计划。
2851,,,支持预置丰富专业预警策略；,部分响应,【二级证据评审建议，待项目组签字】院感/运维告警框架已备（阈值+工单联动）；自由组合策略引擎属专业软件深化
2852,,,支持本科室预警超过设定时间时，本科室感控医生可以查阅督查。,部分响应,平台提供传染病报卡登记与审核。本条所述本科室预警超过设定时间后由本科室感控医生查阅督查的功能（含超时阈值、科室过滤与感控医生角色）当前版本未提供，列入后续开发计划。
2853,,,支持自定义预警策略，各条件可自由组合。至少包含以下条件：,部分响应,【二级证据评审建议，待项目组签字】院感/运维告警框架已备（阈值+工单联动）；自由组合策略引擎属专业软件深化
2854,,,入院48小时以后（含48小时）；,部分响应,平台提供三管监测与院感病例手工登记。本条所述以入院满 48 小时为条件的院感预警判定规则及其阈值配置当前版本未提供，列入后续开发计划。
2855,,,体温超过38℃以上（含38℃）；,部分响应,平台提供体温 ≥38℃ 的发热识别，用于术后 72 小时内发热患者清单。尚未提供：①该阈值的参数化配置；②将体温 ≥38℃ 作为院感预警条件接入预警与报卡流程。上述缺项列入后续开发计划。
2856,,,持续发热X天以上；,部分响应,平台提供单患者按日体温日历与发热标记。本条所述持续发热 X 天以上的判定规则及天数参数配置当前版本未提供，列入后续开发计划。
2857,,,介入操作以及介入操作后X小时后发热；,部分响应,已提供：护理质量增强模块「术后发热监测」，自动筛出手术完成后72小时内体温≥38℃的在院患者清单。尚未提供：（1）介入操作的单独登记及以介入操作为对象的操作后发热筛查；（2）操作后时窗X小时可自定义配置；（3）筛查结果接入院感预警流程（自动生成预警、驱动报卡或排除）。上述缺项列入后续开发计划。
2858,,,送检项目以及检出病原体；,部分响应,【二级证据评审建议，待项目组签字】院感专项已备：三管千日率（含导尿管泌尿系统感染千分率）/现患率一键调查/报卡闭环；耐药谱与手卫生依从率需检验微生物数据源，属专业院感监测软件深化
2859,,,抗生素以及持续使用抗生素X天以上；,部分响应,【二级证据评审建议，待项目组签字】院感专项已备：三管千日率（含导尿管泌尿系统感染千分率）/现患率一键调查/报卡闭环；耐药谱与手卫生依从率需检验微生物数据源，属专业院感监测软件深化
2860,,,手术以及手术后X小时后发热；,部分响应,已提供：护理质量增强模块「术后发热监测」页面，自动列出手术完成后72小时内体温≥38℃的在院患者，可直接演示。尚未提供：（1）术后时窗X小时及体温阈值的自定义配置；（2）覆盖已出院患者及不受条数限制的全量筛查。上述缺项列入后续开发计划。
2861,,,关键字（含医嘱关键字、病程关键字、影像关键字）；,部分响应,平台当前提供住院医嘱、病程记录、检查报告的结构化存储基础能力。本条所述以医嘱关键字、病程关键字、影像关键字作为院感预警筛查条件的关键字词库配置与自动匹配功能尚未提供，列入后续开发计划。
2862,,,微生物培养结果（含多重耐药、特殊耐药、泛耐药）；,配套产品响应,属设备配套软件/商用知识库/CA 等产品参数，平台已留标准接入点
2863,,,常规检验异常（含白细胞数异常、中性粒细胞异常、C反应蛋白异常、降钙素原异常等）；,部分响应,平台当前提供检验参考区间与危急值阈值维护，检验结果可按项目、性别、年龄自动标记偏高/偏低/危急异常。本条所述以白细胞、中性粒细胞、C反应蛋白、降钙素原等常规检验异常作为院感预警筛查条件的规则配置与自动预警尚未提供，列入后续开发计划。
2864,,,术后变更了抗菌药物的使用；,部分响应,平台当前提供药品目录抗菌药标识、抗菌药分级处方权控制等基础能力。本条所述术后抗菌药物使用变更的自动比对与院感预警功能尚未提供，列入后续开发计划。
2865,,,中心静脉置管开始到结束48小时内体温异常；,部分响应,平台当前提供中心静脉置管登记（含置管起止时间）与住院患者体温记录基础数据。本条所述置管期间48小时内体温异常的自动关联判定与院感预警尚未提供，列入后续开发计划。
2866,,,中心静脉置管开始到结束48小时内尿量异常；,部分响应,平台当前提供中心静脉置管登记（含置管起止时间）与护理记录单出入量（尿量）记录基础数据。本条所述置管期间48小时内尿量异常的自动关联判定与院感预警尚未提供，列入后续开发计划。
2867,,,中心静脉置管开始到结束48小时内血压低于设定值；,部分响应,平台当前提供中心静脉置管登记（含置管起止时间）与住院患者血压记录基础数据。本条所述血压阈值设定及置管期间48小时内血压低于设定值的自动判定与预警尚未提供，列入后续开发计划。
2868,,,中心静脉置管开始到结束48小时内血培养阳性。 > **爆发预警模块：** 系统通过后台数据分析，自动提示疑似暴发情况，让感控人员及时介入处理。,部分响应,平台当前提供微生物培养结果（标本、菌种、革兰染色、菌落计数、药敏）结构化存储与中心静脉置管登记。本条所述置管期间48小时内血培养阳性的自动关联预警尚未提供；爆发预警模块（后台数据分析自动提示疑似暴发）当前版本未提供。上述缺项列入后续开发计划。
2869,,,支持爆发预警（含同科室多次相同感染、同科室多例相同病原体感染等，且可自定义预警天数及预警人数）。,部分响应,平台当前提供院感病例登记与三管置管监测基础能力。本条所述爆发预警功能（同科室多次相同感染、同科室多例相同病原体感染的聚集分析，以及预警天数、预警人数自定义）当前版本未提供，列入后续开发计划。
2870,,,支持趋势预警，以趋势图的方式展示最近一段时间发热、腹泻病人人数变化情况，三管人数变化情况等。,部分响应,平台当前提供单个患者的体温日历及三管置管千日感染率汇总。本条所述发热、腹泻病人人数及三管人数随时间变化的趋势图展示与趋势预警尚未提供，列入后续开发计划。
2871,,,支持自定义趋势条件，各条件可任意组合。,部分响应,【二级证据评审建议，待项目组签字】院感/运维告警框架已备（阈值+工单联动）；自由组合策略引擎属专业软件深化
2872,,,"支持病区预警，可方便查看各病区处于高危风险因素中的人数（发热、三管、使用抗生素、检出病原体、手术病人等）。 **消息中心模块：** 实现重点关注事件的主动、实时提醒,方便感控人员及时介入。",部分响应,平台当前提供院感现患率调查表，可按科室列出在院患者及是否已登记院感病例。本条所述按病区统计发热、三管、使用抗生素、检出病原体、手术病人等高危因素人数的病区预警看板，以及消息中心模块（重点关注事件主动实时提醒）尚未提供，列入后续开发计划。
2873,,,支持新的事件出现后软件主动闪动提醒。,部分响应,平台当前版本未提供消息中心与主动推送通道，本条所述新事件出现后软件主动闪动提醒功能尚未提供，列入后续开发计划。
2874,,,支持点击提醒信息后，能直接切换到操作处理界面。,部分响应,平台当前首页工作台提供待办工作量、危急值待处理数量的汇总展示。本条所述点击提醒信息直接切换到操作处理界面的功能（含消息中心）尚未提供，列入后续开发计划。
2875,,,支持主动提示疑似暴发信息。,部分响应,本条所述疑似暴发主动提示功能（含暴发聚集分析与消息推送通道）当前版本未提供，列入后续开发计划。
2876,,,支持主动提示多重耐药检出信息。,部分响应,平台当前提供微生物药敏结果（敏感/中介/耐药）录入与查看基础能力。本条所述多重耐药菌自动判定规则与检出信息主动提示尚未提供，列入后续开发计划。
2877,,,支持主动提示智能预警病人信息。,部分响应,本条所述智能预警病人信息的主动提示当前版本未提供（院感智能预警规则引擎与消息推送通道均尚未提供），列入后续开发计划。
2878,,,支持主动提示医生报卡信息。,部分响应,平台当前提供传染病报卡列表页，院感/质控人员可查看待审报卡并进行审核。本条所述新报卡产生后向院感人员主动提示（推送）的功能尚未提供，列入后续开发计划。
2879,,,支持主动提示职业暴露报卡信息。,部分响应,本条所述职业暴露报卡登记及其主动提示功能当前版本未提供，列入后续开发计划。
2880,,,支持主动提示干预信息。,部分响应,本条所述院感干预信息登记及其主动提示功能当前版本未提供，列入后续开发计划。
2881,,,支持主动提示重点关注病人信息。,部分响应,本条所述重点关注病人标记及其主动提示功能当前版本未提供，列入后续开发计划。
2882,,,支持主动提示需手术回访信息。,部分响应,平台当前提供通用患者随访台账（含随访到期日期与待随访状态）。本条所述院感手术回访的自动触发与主动提示尚未提供，列入后续开发计划。
2883,,,支持主动提示需职业暴露回访信息。,部分响应,本条所述职业暴露回访主动提示当前版本未提供（职业暴露登记与回访功能一并列入后续开发计划）。
2884,,,支持主动提示资质即将到期消毒物品。,部分响应,平台当前提供消毒供应中心追溯（打包、灭菌、发放、使用全程条码追溯）以及药品耗材效期预警。本条所述消毒物品资质/有效期登记与即将到期主动提示尚未提供，列入后续开发计划。
2885,,,支持历史发送的消息内容记录功能。 **病人诊疗信息监控台模块：** 能够集成病人基本信息、侵袭性操作、医嘱、手术情况、微生物送检情况、检验结果、电子体温单、病程记录等信息，提供统一的查阅界面，并在软件任意有病人信息的地方均可直接调用，方便操作。,配套产品响应,属设备配套软件/商用知识库/CA 等产品参数，平台已留标准接入点
2886,,,支持以日历方式展示病人发热信息、发热天数。,正偏离/无偏离,由护理质量增强模块「体温日历/发热监测」页签提供：按住院患者逐日汇总当日最高体温并标记是否发热（≥37.3℃），以日历方式展示，可据以查看发热日分布与发热天数。
2887,,,支持以日历方式展示病人三管(吸吸机、泌尿道插管、中心静脉置管)信息、使用天数。,部分响应,已提供：三管置管监测页（呼吸机、中心静脉置管、导尿管），登记置管起止时间，自动计算置管天数，展示留置中/已拔管/已感染状态及日评估次数。尚未提供：（1）按患者聚合并以日历方式逐日展示；（2）不受条数限制的全量列表。上述缺项列入后续开发计划。
2888,,,支持以日历方式展示病人侵袭性操作信息、天数。,部分响应,平台当前提供三管（呼吸机、中心静脉置管、导尿管）置管登记与置管天数计算。本条所述穿刺、引流等侵袭性操作登记及日历方式展示尚未提供，列入后续开发计划。
2889,,,支持以日历方式展示病人血常规、尿常规送检信息、送检次数。,部分响应,平台当前提供检验标本与检验结果查询基础能力。本条所述按患者统计血常规、尿常规送检次数并以日历方式展示送检信息尚未提供，列入后续开发计划。
2890,,,支持以日历方式展示病人血常规、尿常规送检信息、送检次数。,部分响应,平台当前提供检验标本与检验结果查询基础能力。本条所述按患者统计血常规、尿常规送检次数并以日历方式展示送检信息尚未提供，列入后续开发计划。
2891,,,支持以日历方式展示病人病原体检出信息、检出例次数。,部分响应,已提供：微生物培养结果录入与查看（标本、菌种、革兰染色、菌落计数、药敏），院感病例登记可记录病原体。尚未提供：（1）按患者维度汇总病原体检出例次数；（2）以日历方式展示检出信息。上述缺项列入后续开发计划。
2892,,,支持以日历方式展示病人抗生素信息、使用天数。,部分响应,已提供：药品目录抗菌药标识与DDD维护，药品分析页统计院级抗菌药DDDs并以红色「抗」标签标示，护理质量统计抗菌医嘱执行数。尚未提供：（1）按患者计算抗生素使用天数；（2）患者维度的日历式展示。上述缺项列入后续开发计划。
2893,,,支持以日历方式展示病人白细胞、中性粒细胞、C反应蛋白检出信息，异常天数，并展示时序图。,部分响应,平台当前提供检验结果按参考区间自动标记异常的基础能力。本条所述白细胞、中性粒细胞、C反应蛋白的患者维度日历展示、异常天数统计与时序图尚未提供，列入后续开发计划。
2894,,,支持展示医嘱系统里详细的原始医嘱，自动筛选出抗生素医嘱并以红色标示。,部分响应,已提供：住院医生站长期/临时医嘱列表完整展示原始医嘱，药品目录含抗菌药标识。尚未提供：在医嘱列表中自动筛选抗生素医嘱并以红色标示。上述缺项列入后续开发计划。
2895,,,支持手术基本信息展示，并支持双击跳转到手术详细信息。,部分响应,已提供：手术管理页面展示手术基本信息（住院号、患者、术式、麻醉方式、状态）及相关操作。尚未提供：双击行跳转至手术详细信息。上述缺项列入后续开发计划。
2896,,,支持展示微生物送检详细情况，包括送检标本、检出的病原体、药敏试验结果。,配套产品响应,属设备配套软件/商用知识库/CA 等产品参数，平台已留标准接入点
2897,,,支持展示检验详细信息，比如血常规、尿常规等检验项目的结果，异常结果以红色标示。,部分响应,已提供：检验报告打印页与患者端检验结果展示项目级结果，异常结果按参考区间自动判定并以红色标示。尚未提供：面向院感/临床人员的患者检验明细页（患者360视图当前仅列出检验报告条目，不展开项目级结果与异常红标）。上述缺项列入后续开发计划。
2898,,,支持展示病人详细的电子体温单。,正偏离/无偏离,由住院医生站「打印体温单（三测单）」入口提供：按住院周生成电子体温单，采用规范格位版式绘制体温、脉搏、呼吸曲线，含37.3℃/38℃发热参考线，可在线查看与打印。
2899,,,支持展示病人详细的病程记录，并支持病程关键字用特殊颜色标示，关键字可自定义，并可识别排除否定关键字，如无红肿。 **回顾性监测：** 接收医生上报卡，并处理（确认或排除）。生成院感病例监测相关报表。,部分响应,已提供：住院电子病历病程记录（入院记录、首次病程、日常病程等）的书写与查看，质控模块可核查病程连续性；回顾性监测中的报卡接收与确认/退回处理已提供。尚未提供：（1）病程关键字特殊颜色标示；（2）关键字词库自定义；（3）否定关键字识别（如「无红肿」）；（4）院感病例监测相关报表。上述缺项列入后续开发计划。
2900,,,支持有新的上报卡时，能够实时提示。,部分响应,平台当前提供报卡列表查询，院感人员可主动刷新查看新上报报卡。本条所述新报卡的实时提示（推送）尚未提供，列入后续开发计划。
2901,,,支持报卡关联病人信息，可一键查看体温单、医嘱、病程记录、检验信息、手术信息。,部分响应,已提供：报卡关联患者主索引，列表展示患者姓名、报卡人、状态及审核操作。尚未提供：从报卡一键查看该患者的体温单、医嘱、病程记录、检验信息、手术信息。上述缺项列入后续开发计划。
2902,,,支持确认后的感染病例可查询，修改。,部分响应,对应模块查询统计能力已实现，界面细节逐条比对
2903,,,支持一键处理（确认、排除）报卡。,正偏离/无偏离,由护理质量增强模块传染病报卡页签提供：院感/质控人员对已上报报卡点击「通过」（确认）或「退回」（排除）一键处理，可同时填写审核意见；系统校验报卡状态，避免重复处理。
2904,,,支持区分社区感染和医院感染。,部分响应,平台当前提供院感病例登记（感染部位、病原体、确诊日期）与传染病报卡（甲乙丙类）。本条所述社区感染与医院感染的来源分类、判定与筛选尚未提供，列入后续开发计划。
2905,,,支持针对上报卡登记缺陷评语，促进医生持续改进。,部分响应,已提供：报卡审核时可登记审核意见（自由文本），随报卡留存。尚未提供：（1）结构化缺陷评语字典/缺陷类型；（2）评语向报卡医生的反馈闭环；（3）评语统计报表。上述缺项列入后续开发计划。
2906,,,支持上报卡处理后，及时将交互干预信息反馈给医生。,部分响应,平台当前提供报卡审核状态与审核意见记录。本条所述报卡处理后向报卡医生主动反馈交互干预信息（医生端查看入口与消息推送）尚未提供，列入后续开发计划。
2907,,,支持生成按科室统计感染率报表。,部分响应,已提供：院感现患率调查表，按科室列出在院患者、是否感染及感染部位，并计算全院现患率。尚未提供：（1）按科室分别计算感染率的报表；（2）时间段参数；（3）报表导出。上述缺项列入后续开发计划。
2908,,,支持生成医院感染构成比统计报表。,部分响应,平台当前提供医疗统计中的病种/科室构成比分析。本条所述医院感染（感染部位、病原体）构成比统计报表尚未提供，列入后续开发计划。
2909,,,支持生成医院感染病人明细统计报表。,部分响应,已提供：质控中心页面展示登记的院感病例明细（住院号、患者、感染部位、病原体、确诊日期、备注）。尚未提供：（1）时间段/科室筛选；（2）全量输出与报表导出；（3）汇总统计列。上述缺项列入后续开发计划。
2910,,,支持生成医院感染易感因素统计报表。,部分响应,本条所述医院感染易感因素登记与统计报表当前版本未提供，列入后续开发计划。
2911,,,支持生成医院感染同期对比。,部分响应,平台当前提供院感病例列表与三管千日感染率汇总。本条所述医院感染同期对比（同比/环比）分析尚未提供，列入后续开发计划。
2912,,,支持生成医院感染病人送检及阳性率统计报表。,部分响应,平台当前提供检验标本及微生物结果查询。本条所述医院感染病人病原学送检率及送检阳性率统计报表尚未提供，列入后续开发计划。
2913,,,支持生成上报卡评语统计报表。,部分响应,平台当前提供报卡审核意见记录。本条所述上报卡评语统计报表尚未提供，列入后续开发计划。
2914,,,支持医生每月能查看自己科室感染的病人报卡信息。,部分响应,平台当前提供供院感、质控、护理人员使用的报卡列表。本条所述医生按科室、按月查看本科室感染病人报卡（医生端入口及科室/月份数据范围控制）尚未提供，列入后续开发计划。
2915,,,支持处理记录追溯功能。,部分响应,已提供：报卡上报人、上报时间、审核时间、审核意见随卡留存，平台另提供全局操作审计日志查询。尚未提供：院感处理记录的专门追溯流水与追溯页面。上述缺项列入后续开发计划。
2916,,,支持查询指定时间段内的中心静脉置管相关血流感染。,部分响应,已提供：中心静脉置管登记后可判定为「血管内导管相关血流感染(CLABSI)」并自动登记为院感病例，置管列表与院感病例列表可查看。尚未提供：按指定起止时间段查询的条件。上述缺项列入后续开发计划。
2917,,,支持查询指定时间段内的静脉置管的病人。 **目标性监测模块：** 支持前瞻性监测，目标性监测内容包含外科手术监测、ICU\\高危新生儿监测、多重耐药等监测。,部分响应,已提供：置管监测列表列出全部置管患者（含中心静脉置管），显示患者姓名、住院号、置管天数与评估次数；目标性监测中的三管监测基础能力已提供。尚未提供：（1）时间段筛选；（2）按置管类型过滤；（3）全量输出；（4）外科手术监测、ICU/高危新生儿监测、多重耐药监测（详见相关条款）。上述缺项列入后续开发计划。
2918,,,能根据医院信息化情况，适应性的通过接口采集数据。,部分响应,已提供：集成平台HL7 v2（MLLP）检验结果接入通道、接口消息日志、接口监控与适配器管理页面。尚未提供：面向院感监测的多源数据（医嘱、病程、手术、体温等）可配置采集适配与字段映射。上述缺项列入后续开发计划。
2919,,,对于医院现有系统不支持的监测内容，能够通过手工补充内容。,部分响应,已提供：院感病例、三管置管、传染病报卡三类内容可由院感人员在页面手工登记补录。尚未提供：手术切口等级/愈合情况/ASA评分、侵袭性操作、职业暴露、多重耐药等监测项的登记与手工补录。上述缺项列入后续开发计划。
2920,,,支持前瞻性监测，能对感染过程进行追踪、监测。,部分响应,【二级证据评审建议，待项目组签字】院感专项已备：三管千日率（含导尿管泌尿系统感染千分率）/现患率一键调查/报卡闭环；耐药谱与手卫生依从率需检验微生物数据源，属专业院感监测软件深化
2921,,,支持自动分析VAC，IVAC方便管理员老师每日查询。 **外科手术监测模块：** 自动采集全院所有的外科手术病历进行目标性监测，并提供手术信息完善以及术后回访功能。生成手术相关统计报表。,部分响应,平台当前提供呼吸机置管登记与呼吸机相关肺炎人工判定。本条所述VAC/IVAC自动分析与每日查询尚未提供；外科手术监测模块（自动采集手术病历进行目标性监测、手术信息完善、术后回访、手术相关统计报表）当前版本未提供。上述缺项列入后续开发计划。
2922,,,支持自动获取所有外科手术记录；包括手术名称、切口等级、愈合情况、手术时间、麻醉方法、ASA评分等信息。,部分响应,已提供：手术记录（手术名称、手术编码、麻醉方法、手术时间、术者、手术记录/麻醉记录）及手术列表。尚未提供：（1）切口等级、愈合情况、ASA评分字段；（2）手术记录自动采集进入院感目标性监测。上述缺项列入后续开发计划。
2923,,,支持手术部位感染监测表，展示手术信息，也可完善不完整的手术信息。,部分响应,平台当前提供手术管理基础能力（手术登记与列表）。本条所述手术部位感染监测表及手术信息完善功能尚未提供，列入后续开发计划。
2924,,,支持目标性手术监测设置，医院可自定义目标手术，系统自动筛选。,部分响应,本条所述目标性手术自定义设置与系统自动筛选功能当前版本未提供，列入后续开发计划。
2925,,,支持除目标性监测专用报表外所有报表均可按全院性手术和目标性手术监测分别统计。,部分响应,本条所述手术感染报表按全院性手术与目标性手术分别统计的功能当前版本未提供（目标性手术设置与手术感染报表一并列入后续开发计划）。
2926,,,支持按科室、NNIS分级统计外科手术感染率、感染例次率。,部分响应,平台当前提供手术记录基础数据。本条所述按科室、NNIS分级统计外科手术感染率、感染例次率尚未提供（切口等级、ASA评分、手术持续时间等NNIS计算要素一并列入后续开发计划）。
2927,,,支持按科室、医生统计手术部位感染例次率、调整手术感染部位感染例次率、围术期抗菌药物使用例次率、使用感染例次率、未用抗菌药物感染例次率、择期手术感染例次率、急诊手术感染例次率。,部分响应,平台当前提供手术记录（含术者）基础数据。本条所述按科室、医生统计手术部位感染例次率、调整感染例次率、围术期抗菌药物使用例次率、使用/未用抗菌药物感染例次率、择期/急诊手术感染例次率尚未提供，列入后续开发计划。
2928,,,支持按手术、医生、科室、I类、II类、III类、IV类不同切口等级统计感染例次率。,部分响应,平台当前提供手术记录基础数据。本条所述切口等级（I/II/III/IV类）登记及按手术、医生、科室、切口等级统计感染例次率尚未提供，列入后续开发计划。
2929,,,支持按手术、医生、科室统计表浅切口、深部切口、器官腔隙感染人数。,部分响应,平台当前提供院感病例登记（感染部位为文本录入）。本条所述表浅切口、深部切口、器官腔隙感染分层及按手术、医生、科室统计感染人数尚未提供，列入后续开发计划。
2930,,,支持按手术统计手术患者其他部位感染例次率。,部分响应,平台当前提供三管置管千日感染率汇总。本条所述按手术统计手术患者其他部位感染例次率尚未提供，列入后续开发计划。
2931,,,支持按科室、手术统计使用抗菌药物构成比、术后平均使用天数。,部分响应,平台当前提供全院药品用量分析（含抗菌药按月用量）与手术例数统计。本条所述按科室、手术统计抗菌药物使用构成比及术后平均使用天数尚未提供（需建立手术与用药医嘱的关联），列入后续开发计划。
2932,,,支持按科室、手术统计手术患者医院感染例次率，表浅切口、深部切口、器官腔隙感染例次率。,部分响应,平台当前提供院感病例登记与手术记录基础数据。本条所述按科室、手术统计手术患者医院感染例次率及表浅切口、深部切口、器官腔隙感染例次率尚未提供，列入后续开发计划。
2933,,,支持按科室、手术、医生统计主刀医生手术部位感染专率，危险指数等级医生手术部位感染专率，平均危险指数等级，医生调整手术部位感染专率，不同手术方式人数。,部分响应,平台当前提供手术记录（含术者）与手术例数统计基础能力。本条所述主刀医生手术部位感染专率、危险指数等级感染专率、平均危险指数等级、医生调整感染专率及不同手术方式人数统计尚未提供，列入后续开发计划。
2934,,,支持按科室、手术、医生统计预防性使用抗生素例次数，术前大于2h用药数，围术期用药例次数，术中用药数，不超过24h用药例次数，术后用药数，未用抗生素数。,部分响应,平台当前提供住院医嘱与手术记录基础数据。本条所述按科室、手术、医生统计预防性使用抗生素例次数、术前大于2h用药数、围术期用药例次数、术中用药数、不超过24h用药例次数、术后用药数、未用抗生素数尚未提供（需补充手术起止时间与用药关联），列入后续开发计划。
2935,,,支持按科室、切口统计预防性使用抗生素例次数，术前0.5-2h抗生素使用率，不超过24h抗生素使用率，抗生素平均使用天数，手术切口感染例次数。,部分响应,平台当前提供住院医嘱与手术记录基础数据。本条所述按科室、切口统计预防性使用抗生素例次数、术前0.5-2h抗生素使用率、不超过24h抗生素使用率、抗生素平均使用天数、手术切口感染例次数尚未提供，列入后续开发计划。
2936,,,支持I类切口丙级愈合率统计。 **ICU监测模块：** 针对重症监护室病人的目标性监测，着重监测三管（中心静脉置管、呼吸机、泌尿道插管）使用及相关感染。并提供相应统计报表。,部分响应,本条所述I类切口丙级愈合率统计尚未提供（切口等级、愈合等级字段一并列入后续开发计划）。ICU监测模块：平台当前提供全院口径的三管（中心静脉置管、呼吸机、导尿管）置管登记、日评估、相关感染判定与千日感染率汇总；按ICU范围收敛的目标性监测与相应统计报表尚未提供，列入后续开发计划。
2937,,,支持生成ICU日志，包含三管人数、持续床旁血透人数。,部分响应,平台当前提供ICU密集护理记录（体征、GCS评分、出入量、呼吸机使用标记）。本条所述ICU日志（按日汇总三管人数、持续床旁血透人数）尚未提供，列入后续开发计划。
2938,,,支持生成符合省院感质控中心个案格式。,部分响应,平台当前提供院感病例列表与现患率调查表查询。本条所述符合省院感质控中心个案格式的生成与导出尚未提供，列入后续开发计划。
2939,,,支持临床病情等级评分表录入。,部分响应,平台当前提供Braden压疮、Morse跌倒风险评估表及ICU记录中的GCS评分录入。本条所述院感监测用临床病情等级评分表录入尚未提供，列入后续开发计划。
2940,,,支持呼吸机相关肺炎、血管内导管相关血流感染、导尿管相关泌尿系统感染、血液透析相关血流感染监测。,部分响应,已提供：呼吸机相关肺炎(VAP)、血管内导管相关血流感染(CLABSI)、导尿管相关泌尿系感染(CAUTI)三类监测，可登记置管、逐日评估并判定感染，判定后自动登记为院感病例。尚未提供：血液透析相关血流感染监测（透析置管类型登记与判定）。上述缺项列入后续开发计划。
2941,,,支持社区感染和医院感染。,部分响应,平台当前提供院感病例登记（感染部位、病原体、确诊日期）。本条所述社区感染与医院感染的来源分类登记与区分尚未提供，列入后续开发计划。
2942,,,支持ICU感染监测指标分析报告，统计三管（中心静脉置管、呼吸机、泌尿道插管）使用率及相关感染率，统计患者日感染发病率、调整日感染发病率，统计多重耐药菌检出数量，各项指标支持与去年同期相比；并有文字描述总体情况。,部分响应,平台当前提供三管千日感染率汇总（全院口径）。本条所述ICU感染监测指标分析报告（三管使用率及相关感染率、患者日感染发病率、调整日感染发病率、多重耐药菌检出数量、与去年同期对比、总体情况文字描述）尚未提供，列入后续开发计划。
2943,,,支持统计ICU按年月统计三管（中心静脉置管、呼吸机、泌尿道插管）使用情况。统计三管（中心静脉置管、呼吸机、泌尿道插管）使用率及相关感染率，统计患者日感染发病率、调整日感染发病率。,部分响应,平台当前提供三管千日感染率汇总（全院口径、不分时段）。本条所述按年月、按ICU统计三管使用情况、三管使用率及相关感染率、患者日感染发病率、调整日感染发病率尚未提供，列入后续开发计划。
2944,,,支持ICU侵入性操作日报。 **高危新生儿监测模块：** 针对高危新生儿的监测，着重监测新生儿两管（脐/中心静脉置管、呼吸机）使用及相关感染。并提供相应统计报表。,部分响应,平台当前提供置管逐日评估记录。本条所述ICU侵入性操作日报尚未提供；高危新生儿监测模块（新生儿两管使用及相关感染监测与统计报表）当前版本未提供。上述缺项列入后续开发计划。
2945,,,支持生成高危新生儿日志，针对新生儿特殊性，数据均以体重分类。,部分响应,本条所述高危新生儿日志及按出生体重分类统计当前版本未提供（患者档案出生体重字段一并列入后续开发计划）。
2946,,,支持统计两管（脐/中心静脉置管、呼吸机）使用率及相关感染率，统计患者日感染发病率、调整日感染发病率。,部分响应,平台当前提供中心静脉置管与呼吸机置管监测及千日感染率汇总。本条所述新生儿两管（含脐静脉置管类型）使用率、相关感染率、患者日感染发病率、调整日感染发病率统计尚未提供，列入后续开发计划。
2947,,,支持按年月、体重统计高危新生儿两管（脐/中心静脉置管、呼吸机）使用及相关感染率。 **多重耐药监测模块：** 智能筛选出多重耐药病人，并提供相关统计报表。,部分响应,平台当前提供三管千日感染率汇总（全院口径）。本条所述按年月、出生体重统计高危新生儿两管使用及相关感染率尚未提供；多重耐药监测模块（智能筛选多重耐药病人及相关统计报表）当前版本未提供。上述缺项列入后续开发计划。
2948,,,支持不依赖于LIS接口生成卫计委《[医院感染管理质量控制指标(2024年版](http://www.baidu.com/link?url=tYmv6hajaTZAcKBeumvkCXP8J9YipWJFK3HClbbOyyl8QY7S47PRcZ_TVYCyJOonI3Dtc9rhLwvTr6gybp8mQJnOU6_VYChn504JrjP4h_S)》（CRE、MRSA、VRE、CRABA、CR,配套产品响应,属设备配套软件/商用知识库/CA 等产品参数，平台已留标准接入点
2949,,,支持生成MDR、XDR、PDR各种耐药类型。,部分响应,【二级证据评审建议，待项目组签字】院感专项已备：三管千日率（含导尿管泌尿系统感染千分率）/现患率一键调查/报卡闭环；耐药谱与手卫生依从率需检验微生物数据源，属专业院感监测软件深化
2950,,,支持ESBL+监测。,部分响应,【二级证据评审建议，待项目组签字】院感专项已备：三管千日率（含导尿管泌尿系统感染千分率）/现患率一键调查/报卡闭环；耐药谱与手卫生依从率需检验微生物数据源，属专业院感监测软件深化
2951,,,支持区分社区感染和医院感染。,部分响应,平台当前提供院感病例登记（感染部位、病原体、确诊日期）。本条所述社区感染与医院感染的来源分类登记与区分尚未提供，列入后续开发计划。
2952,,,支持提供按类别统计耐药率统计报表。,部分响应,平台当前提供微生物药敏结果（敏感/中介/耐药）按检验医嘱录入与查看。本条所述按类别（菌种、标本、科室等）汇总的耐药率统计报表尚未提供，列入后续开发计划。
2953,,,支持提供多重耐药病人督导表。,部分响应,【二级证据评审建议，待项目组签字】院感专项已备：三管千日率（含导尿管泌尿系统感染千分率）/现患率一键调查/报卡闭环；耐药谱与手卫生依从率需检验微生物数据源，属专业院感监测软件深化
2954,,,多耐病人列表处可一站查看病人诊断、检验、影像、电子病例等详情信息。,部分响应,平台当前提供患者360视图（门诊、检验、住院小结时间轴，通过独立菜单按患者检索进入）。本条所述多重耐药病人列表及从列表一站式查看诊断、检验、影像、电子病历详情的联动入口尚未提供，列入后续开发计划。
2955,,,支持提供多重耐药菌疑似院感漏报查询功能。,部分响应,本条所述多重耐药菌疑似院感漏报查询功能当前版本未提供（多重耐药菌判定与院感报卡比对一并列入后续开发计划）。
2956,,,支持提供医生上报多重耐药报告卡的功能。,部分响应,平台当前提供传染病报卡（甲乙丙类）的上报与审核。本条所述医生上报多重耐药报告卡的功能尚未提供，列入后续开发计划。
2957,,,支持医生在上报多重耐药报告卡时可选择检出状态非重复检出、重复检出等检出状态查询条件。,部分响应,本条所述多重耐药报告卡上报时按检出状态（非重复检出、重复检出等）查询的功能当前版本未提供（多重耐药报告卡一并列入后续开发计划）。
2958,,,支持医生报告时多重耐药患者标本结果前、后的抗菌药物使用情况支持手动添加与从医嘱添加两种数据填充模式。,部分响应,平台当前提供住院医嘱记录基础数据。本条所述多重耐药报告卡中标本结果前后抗菌药物使用情况的手动添加与从医嘱自动填充两种模式尚未提供，列入后续开发计划。
2959,,,支持医生报告时如果属于医院感染时，系统可提供手动添加与从报卡添加两种数据填充模式。,部分响应,平台当前提供医院感染病例手工登记基础能力：院感监测页面可手工录入感染部位、病原体、确诊日期等信息，并支持由三管（中心静脉导管、呼吸机、导尿管）监测判定后自动生成院感病例。本条所述从传染病报卡引用填充院感报告的「从报卡添加」数据填充模式尚未提供，列入后续开发计划。
2960,,,支持自动根据感染日期自动计算出本次感染发生于入院后第几天出现的感染。,部分响应,平台当前的院感病例登记已记录感染确诊日期，住院登记已记录入院时间，具备计算所需的数据基础。本条所述「自动计算本次感染发生于入院后第几天」的派生计算与页面展示尚未提供，列入后续开发计划。
2961,,,支持可打印空白的多重耐药报告卡模版。 **微生物监测模块：** 通过接口导入的病人送检信息及培养试验结果，系统自动分析病原体耐药情况，并提供相关统计报表。,配套产品响应,属设备配套软件/商用知识库/CA 等产品参数，平台已留标准接入点
2962,,,支持细菌耐药查询，可根据指定病原体查询，并支持导出EXCEL。,部分响应,平台当前提供微生物检验结果及药敏结果的结构化录入与按检验申请查询基础能力。本条所述按指定病原体检索细菌耐药情况、以及查询结果导出 Excel 两项功能尚未提供，列入后续开发计划。
2963,,,支持按革兰氏阴性菌(G-)、革兰氏阳性菌(G+)分类统计。,部分响应,平台当前微生物结果录入界面支持标注革兰阳性（G+）/革兰阴性（G-），数据层已保存该分类。本条所述按 G-/G+ 分类的统计报表尚未提供，列入后续开发计划。
2964,,,支持区分社区感染和医院感染。,部分响应,平台当前提供院感病例登记与统计基础能力，登记内容含感染部位、病原体、确诊日期等。本条所述社区感染与医院感染的来源区分字段及相应统计尚未提供，列入后续开发计划。
2965,,,支持自定义病原体类别以及分类统计报表。 **抗菌药物监测模块：** 能够自动采集全部住院病人在院期间所有使用的抗生素，自动提供相关报表报表。,部分响应,平台当前微生物结果中的病原体为自由录入，暂无病原体类别字典，本条所述自定义病原体类别及分类统计报表尚未提供。抗菌药物监测方面，平台当前药事分析（用量排行、抗菌药费用、使用强度）以门诊处方为统计口径，本条所述自动采集全部住院患者在院期间抗生素使用并生成相关报表尚未提供。上述缺项列入后续开发计划。
2966,,,支持通过医院提供的抗生素字典表，可筛选出病人所有抗生素医嘱（在医嘱展示界面以红色显示）。,部分响应,平台当前药品字典提供抗生素标志及分级维护，支持批量导入更新。本条所述按患者筛选其全部抗生素医嘱、以及在医嘱展示界面以红色标识抗生素医嘱两项功能尚未提供，列入后续开发计划。
2967,,,支持将抗生素以及持续使用抗生素作为智能预警的条件。,部分响应,已提供：临床决策支持中的疗程上限提醒规则，可对特定抗菌药设置连续使用天数上限，门诊医生站开单时超限自动提醒并留痕。尚未提供：①以药品字典中的抗生素类别整体作为预警条件（当前按药品名称配置规则）；②住院医生站医嘱侧的触发；③疑似院感病例自动筛查的院感预警引擎与预警工作台。上述缺项列入后续开发计划。
2968,,,支持统计出抗菌药物联合用药使用率、联合用药构成比。,部分响应,平台当前提供药事分析（药品用量排行、抗菌药费用、使用强度）及药物相互作用禁忌提醒基础能力。本条所述抗菌药物联合用药使用率与联合用药构成比统计尚未提供，列入后续开发计划。
2969,,,支持按科室、医生统计抗生素用量排行；可指定抗生素品种统计。,部分响应,平台当前药事分析提供全院药品用量排行（前 30 位，带抗菌药标识）。本条所述按科室、按医生的抗生素用量排行，以及指定抗生素品种的筛选统计尚未提供，列入后续开发计划。
2970,,,支持统计全院抗生素品种用量排行。,部分响应,已提供：药事分析页面的全院药品用量排行（用量、金额、就诊人次，前 30 位），列表中以「抗」标签标识抗菌药。尚未提供：①单独的抗生素品种用量排行（当前抗菌药仅作为全品种列表中的标记）；②按用量排序（当前按金额排序）；③住院医嘱纳入统计（当前仅门诊口径，未达「全院」范围）。上述缺项列入后续开发计划。
2971,,,支持统计抗生素用量及费用情况。,部分响应,已提供：药事分析页面的药品用量排行，以及按月统计的药品费用中「其中抗菌药」金额汇总。尚未提供：①抗菌药用量的单独汇总口径（当前仅费用侧有抗菌药口径）；②住院抗菌药用量与费用纳入统计（当前仅门诊口径）。上述缺项列入后续开发计划。
2972,,,支持统计抗菌药物使用强度（DDD值）。,部分响应,已提供：药事分析页面的抗菌药物使用强度（AUD）指标，按 DDDs×100/出院患者床日数计算，DDD 折算系数在药品字典维护，指标按 ≤40 阈值红绿标色。尚未提供：①住院抗菌药医嘱纳入 DDDs 分子（当前分子为门诊口径，与住院床日分母口径不一致）；②科室维度的使用强度；③DDD 折算系数目前仅预置部分药品，其余抗菌药需补充维护后方可计入。上述缺项列入后续开发计划。
2973,,,支持用药目的(治疗、预防、治疗+预防)统计使用抗生素的病人送检率，阳性率统计，并可区分非限制级、特殊级、限制级三种级别。,部分响应,平台当前提供抗菌药物非限制级/限制级/特殊级三级分级字典，并在门诊医生站按分级控制处方权限。本条所述医嘱用药目的（治疗/预防/治疗+预防）字段、以及使用抗生素患者的病原学送检率、阳性率统计尚未提供，列入后续开发计划。
2974,,,支持按抗生素用药目的(治疗、预防、治疗+预防)用药率统计报表。,部分响应,平台当前提供抗菌药物分级管理基础能力。本条所述按用药目的（治疗/预防/治疗+预防）的用药率统计报表尚未提供，门诊与住院医嘱当前均无用药目的字段，列入后续开发计划。
2975,,,支持统计出Ⅰ类切口手术使用抗菌药物比例；术前0.5h-2h用药比例。,部分响应,平台当前提供住院手术登记基础能力。本条所述Ⅰ类切口手术抗菌药物使用比例、术前 0.5h–2h 用药比例统计尚未提供，手术记录当前无切口等级与手术开始时间字段，列入后续开发计划。
2976,,,支持统计手术使用抗菌药物天数。,部分响应,平台当前提供住院手术登记与药事分析基础能力。本条所述按手术维度统计围术期抗菌药物使用天数尚未提供，列入后续开发计划。
2977,,,支持抗菌药物治疗前病原学送检上报国家哨点医院平台系统。 **针刺伤与职业暴露模块：** 针对医务人员针刺伤及血液体液暴露情况的监测，及时给予相应处理的提示，并支持跟踪回访。,部分响应,平台当前提供微生物检验结果与抗菌药医嘱的基础数据记录。本条所述抗菌药物治疗前病原学送检率的院内统计尚未提供；向国家哨点医院平台上报需依据该平台的数据规范与接入条件进行对接，平台当前未内置该报送通道。针刺伤与职业暴露监测模块（暴露登记、处理提示、跟踪回访）当前版本未提供。上述缺项列入后续开发计划。
2978,,,调查表内容包括暴露情况、暴露源严重程度、评估、暴露后处理情况、暴露预防用药、临床观察、暴露后血清学检查以及结论。,部分响应,本条所述职业暴露调查表（暴露情况、暴露源严重程度、评估、暴露后处理、预防用药、临床观察、血清学检查及结论）登记功能当前版本未提供，列入后续开发计划。
2979,,,支持为每个登记人员打印空白调查表。,部分响应,本条所述为职业暴露登记人员打印空白调查表的功能当前版本未提供，列入后续开发计划。
2980,,,支持医生端打印血清学检查单。,部分响应,本条所述医生端打印职业暴露血清学检查单的功能当前版本未提供，列入后续开发计划。
2981,,,支持管理员对职业暴露检验申请单进行批准审核的功能。,部分响应,本条所述管理员对职业暴露检验申请单进行批准审核的功能当前版本未提供，列入后续开发计划。
2982,,,支持管理员对职业暴露检验情况进行跟踪查询的功能。,部分响应,本条所述管理员对职业暴露检验情况进行跟踪查询的功能当前版本未提供，列入后续开发计划。
2983,,,支持向管理员展示被暴露人员正在进行的第几次检查的功能。,部分响应,本条所述向管理员展示被暴露人员当前进行至第几次检查的功能当前版本未提供，列入后续开发计划。
2984,,,支持在职业暴露检验申请审核界面可直接调阅到被暴露详情情况的功能。,部分响应,本条所述在职业暴露检验申请审核界面直接调阅被暴露详情的功能当前版本未提供，列入后续开发计划。
2985,,,支持将职业暴露检验申请单查询数据导出的功能。,部分响应,本条所述职业暴露检验申请单查询数据导出的功能当前版本未提供，列入后续开发计划。
2986,,,支持后续回访、检查治疗提示，回访记录登记。,部分响应,平台当前提供面向患者的随访登记基础能力（随访主题、渠道、到期日）。本条所述针对医务人员职业暴露的后续回访、检查治疗提示与回访记录登记尚未提供，列入后续开发计划。
2987,,,支持按科室统计针刺伤情况，并计算各科室构成比。,部分响应,本条所述按科室统计针刺伤情况并计算各科室构成比的功能当前版本未提供，列入后续开发计划。
2988,,,支持按工别、工龄、性别分别统计，并计算构成比。,部分响应,本条所述职业暴露按工别、工龄、性别分别统计并计算构成比的功能当前版本未提供，列入后续开发计划。
2989,,,支持按关联操作进行统计，并计算各种操作的构成比，指导重点防护措施。,部分响应,本条所述职业暴露按关联操作统计并计算各操作构成比的功能当前版本未提供，列入后续开发计划。
2990,,,支持暴露源例数、预防用药例数、构成比的统计。,部分响应,本条所述职业暴露的暴露源例数、预防用药例数及构成比统计功能当前版本未提供，列入后续开发计划。
2991,,,支持对锐器伤暴露物品种类进行统计。,部分响应,本条所述锐器伤暴露物品种类统计功能当前版本未提供，列入后续开发计划。
2992,,,支持对暴露原因排名进行统计。 **环境卫生学监测：** 消毒卫生学监测、一次性物品监测、污水监测、消毒灭菌效果的监测结果录入及统计。,部分响应,本条所述职业暴露原因排名统计功能当前版本未提供。环境卫生学监测模块（消毒卫生学监测、一次性物品监测、污水监测、消毒灭菌效果监测的结果录入及统计）当前版本亦未提供。上述缺项列入后续开发计划。
2993,,,支持环境卫生学检测表录入（物表、空气、使用中的消毒剂、医务人员的手、无菌物品、接触皮肤黏膜物品、内镜（消毒级）、血透（反渗水 内毒素））采样数量、合格数量的录入，并统计相关合格率。,部分响应,本条所述环境卫生学检测表录入（物表、空气、使用中消毒剂、医务人员手、无菌物品、接触皮肤黏膜物品、内镜、血透反渗水内毒素等项目的采样数量、合格数量）及合格率统计功能当前版本未提供，列入后续开发计划。
2994,,,支持医院消毒产品信息登记。,部分响应,平台当前提供消毒供应中心器械包「打包—灭菌—发放—使用」条码追溯基础能力。本条所述医院消毒产品（消毒剂、灭菌器械等）信息登记功能尚未提供，列入后续开发计划。
2995,,,支持生成医院监测合格率报表。,部分响应,本条所述医院环境卫生学监测合格率报表当前版本未提供，列入后续开发计划。
2996,,,支持生成科室监测合格率报表。,部分响应,本条所述科室环境卫生学监测合格率报表当前版本未提供，列入后续开发计划。
2997,,,支持生成主要监测项目细菌检出情况报表。,部分响应,平台当前微生物检出数据仅挂接于患者检验标本。本条所述环境监测项目的细菌检出情况报表尚未提供，列入后续开发计划。
2998,,,支持查询消毒产品资质效期。,部分响应,平台当前提供药品批次近效期预警基础能力。本条所述消毒产品资质效期登记与查询尚未提供，列入后续开发计划。
2999,,,支持环境卫生监测结果能按科室导出数据。,部分响应,本条所述环境卫生监测结果按科室导出功能当前版本未提供，列入后续开发计划。
3000,,,支持环境卫生监测结果能按监测项目导出数据。,部分响应,本条所述环境卫生监测结果按监测项目导出功能当前版本未提供，列入后续开发计划。
3001,,,支持消毒物品资质登记表导出。 **手卫生依从性监测模块：** 手生卫依从性及正确性监测结果录入及统计。,部分响应,平台当前提供消毒供应中心器械包追溯及供应商资质台账基础能力。本条所述消毒物品资质登记表及其导出尚未提供。手卫生依从性监测模块（依从性及正确性监测结果录入与统计）当前版本亦未提供。上述缺项列入后续开发计划。
3002,,,支持手卫生依从性监测录入。,部分响应,对应业务登记能力已实现，字段级差异逐条比对
3003,,,支持手卫生正确性监测录入。,部分响应,对应业务登记能力已实现，字段级差异逐条比对
3004,,,支持移动端手机及平板APP录入。,部分响应,平台当前提供移动工作台，可通过手机、平板浏览器访问，承载体征录入、床旁长期医嘱执行、三级查房三类业务。本条所述手卫生依从性观察的移动端录入尚未提供，且当前移动端为响应式网页而非独立 APP，列入后续开发计划。
3005,,,移动端支持在一个界面同时观测多人录入。,部分响应,平台当前移动工作台采用单患者录入方式。本条所述手卫生观察在同一界面同时观测多人录入的功能尚未提供，列入后续开发计划。
3006,,,移动端支持离线（不联网）录入。,部分响应,平台当前移动工作台的录入均为在线实时保存。本条所述移动端离线（不联网）录入及联网后同步的能力尚未提供，列入后续开发计划。
3007,,,移动端结果支持导入到电脑端。,部分响应,本条所述移动端手卫生观察结果导入电脑端的功能当前版本未提供，列入后续开发计划。
3008,,,支持统计卫生依从率及正确率。,部分响应,本条所述手卫生依从率及正确率统计功能当前版本未提供，列入后续开发计划。
3009,,,支持统计手消用品领用情况。,部分响应,平台当前库存管理提供入库批次与效期预警基础能力。本条所述手消用品科室领用台账及领用情况统计尚未提供，列入后续开发计划。
3010,,,支持对比手消用品领用情况。,部分响应,【二级证据评审建议，待项目组签字】院感/运维告警框架已备（阈值+工单联动）；自由组合策略引擎属专业软件深化
3011,,,支持消毒物品床日消耗量的统计。,部分响应,平台当前提供消毒供应中心器械包状态追溯基础能力。本条所述消毒物品按床日消耗量的统计尚未提供，列入后续开发计划。
3012,,,支持按观察者统计出手卫生依从率。,部分响应,本条所述按观察者统计手卫生依从率的功能当前版本未提供，列入后续开发计划。
3013,,,支持按科室统计各指征依从率，并进行分析。 **现患率监测模块：** 医院现患率调查，并统计相关报表。,部分响应,本条所述按科室统计手卫生各指征依从率并分析的功能当前版本未提供，列入后续开发计划。现患率监测方面，平台提供院感监测页面的现患率调查一键生成与相关统计，详见后续条款应答。
3014,,,支持自动生成现患率调查表。,正偏离/无偏离,由院感监测页面「现患率调查」页签提供：点击「生成现患率调查表」即自动生成当日调查表，含调查日期、在院人数、现患感染数、现患率，以及逐患者明细（科室、住院号、患者、诊断、是否感染、感染部位）。
3015,,,支持横断面调查方法执行登记表。,部分响应,对应业务登记能力已实现，字段级差异逐条比对
3016,,,支持医院感染横断面调查个案登记表。,部分响应,平台当前提供现患率调查表一键生成（科室、住院号、患者、诊断、是否感染、感染部位简表）。本条所述医院感染横断面调查个案登记表（含抗菌药物使用、标本送检、危险因素、导管使用等项目）及其打印导出尚未提供，列入后续开发计划。
3017,,,支持医院感染横断面调查床旁调查表。,部分响应,平台当前提供现患率调查表一键生成简表。本条所述医院感染横断面调查床旁调查表及其打印尚未提供，列入后续开发计划。
3018,,,支持医院感染和社区感染。,部分响应,平台当前提供院感病例登记与现患率统计基础能力。本条所述医院感染与社区感染的区分字段尚未提供，当前登记病例在现患率统计中一律按医院感染计入，列入后续开发计划。
3019,,,支持生成全院患病率、感染率统计表。,部分响应,已提供：院感监测页面的全院现患率统计（在院人数、现患感染数、现患率）及三管相关千日感染率表。尚未提供：①发病率口径（新发例次/同期住院人数）统计；②统计表导出与打印；③时间段筛选（当前为当日在院实时快照）。上述缺项列入后续开发计划。
3020,,,支持统计科室现患率。,部分响应,已提供：现患率调查明细按科室排列展示，可逐科查看患者及感染情况。尚未提供：按科室的分组汇总与科室现患率自动计算（当前仅输出全院现患率）。上述缺项列入后续开发计划。
3021,,,支持生成感染部位构成比统计表。,部分响应,平台当前院感病例登记已记录感染部位，并提供病例明细列表。本条所述感染部位构成比统计表尚未提供，列入后续开发计划。
3022,,,支持按感染因素统计现患率。,部分响应,平台当前提供导管置管登记与院感病例登记基础能力。本条所述感染危险因素（手术、插管、免疫抑制、激素等）的采集字段及按因素统计现患率尚未提供，列入后续开发计划。
3023,,,支持病原体构成比。,部分响应,平台当前院感病例登记已记录病原体。本条所述病原体构成比统计尚未提供，列入后续开发计划。
3024,,,支持抗菌药物按用药目的、联用情况统计用药占有率，微生物送检情况。,配套产品响应,属设备配套软件/商用知识库/CA 等产品参数，平台已留标准接入点
3025,,,支持按不同手术切口统计感染人数。,部分响应,平台当前提供住院手术登记与院感病例登记基础能力。本条所述按手术切口类别统计感染人数尚未提供，手术记录当前无切口类别字段且感染病例未与手术关联，列入后续开发计划。
3026,,,支持按病原体统计药敏测试率、耐药率。,部分响应,平台当前提供药敏结果结构化录入与按检验申请查询（抗菌药、MIC 值、敏感/中介/耐药判读）。本条所述按病原体汇总的药敏测试率、耐药率统计报表尚未提供，列入后续开发计划。
3027,,,支持数据直报到省院感质控中心。,外部条件,平台当前提供院感监测内部统计（三管千日感染率、现患率）及院内 HL7 v2 接口基础能力。向省院感质控中心直报须依据该中心的数据规范、前置机及报送账号进行对接，相关规范与接入条件由医院向省院感质控中心申请获取；平台当前未内置该报送通道，接口对接列入后续开发计划。
3028,,,支持一键检查调查病人信息是否正常。 **院内交互平台模块：** 建立院感专职人员与临床的在线实时的交互平台。,部分响应,平台当前提供现患率调查表一键生成。本条所述对调查患者信息的一键完整性检查尚未提供。院内交互平台模块（院感专职人员与临床的在线实时交互）当前版本亦未提供。上述缺项列入后续开发计划。
3029,,,支持相关干预措施及时反馈至医生工作站或临床科室人员。,部分响应,平台当前提供检验危急值通知基础能力（限危急值场景）。本条所述院感干预措施反馈至医生工作站或临床科室人员的站内消息/待办推送尚未提供，列入后续开发计划。
3030,,,"支持将干预措施直接推送，可将有针对性的病例诊断建议,感染防控要点或SOP等内容及时推送给临床医生进行干预的功能。",部分响应,平台当前提供制度文件库，可维护并检索文本类规范内容。本条所述将病例诊断建议、感染防控要点或 SOP 等内容定向推送给临床医生的功能尚未提供，列入后续开发计划。
3031,,,支持医生上报后，及时发送消息到院感专职人员处。,部分响应,平台当前提供传染病报卡登记，院感专职人员可在报卡管理页面查看待处理报卡列表。本条所述医生上报后实时发送消息至院感专职人员的主动通知尚未提供，列入后续开发计划。
3032,,,支持报卡处理后，及时反馈信息给上报医生。,部分响应,已提供：报卡审核时回写审核意见、状态与审核时间，上报医生在报卡列表中可查看审核结果。尚未提供：审核完成后向上报医生的主动推送（定向消息、红点或待办提醒），当前需医生自行回到报卡页查看。上述缺项列入后续开发计划。
3033,,,支持院感报卡、职业暴露报卡等各种报卡成功后，实时提醒院感专职人员。,部分响应,平台当前提供传染病报卡登记基础能力。本条所述职业暴露报卡尚未提供；各类报卡成功后对院感专职人员的实时提醒亦尚未提供。上述缺项列入后续开发计划。
3034,,,支持法律法规、操作规范等学习内容发布。,部分响应,已提供：制度文件库，可按分类维护法律法规、操作规范等文本内容（标题、正文、版本），支持关键词检索与在线预览。尚未提供：①附件上传（当前正文为纯文本）；②发布动作与可见范围设置、向临床医生端投递；③阅读回执。上述缺项列入后续开发计划。
3035,,,统计的数据支持数据钻取功能，用于查询数据来源。 **工作量分析模块**,部分响应,平台当前院感统计报表（千日感染率、现患率、院感病例明细）以汇总值与固定明细形式呈现。本条所述从统计数据钻取至源单据以查询数据来源的功能尚未提供，列入后续开发计划。
3036,,,支持时间段统计出预警处理工作量明细。,部分响应,平台当前提供危急值、资质到期、库存效期等预警基础能力。本条所述院感预警处理台账及按时间段统计预警处理工作量明细尚未提供，列入后续开发计划。
3037,,,支持按医生汇总统计出确认、排除、未处理数量。,部分响应,本条所述院感预警按医生汇总确认、排除、未处理数量的统计功能当前版本未提供，列入后续开发计划。
3038,,,支持按院感科人员汇总统计出确认、排除、未处理数量。 **区域数据直报模块：** 将医院数据直报省院感质控中心。,外部条件,需医保局/省平台等外部环境开通后联调
3039,,,支持上报医院感染率。,外部条件,平台当前提供医院感染率的院内统计（三管千日感染率、现患率）。向国家或省级院感监测网上报医院感染率须依据其数据集与传输规范进行对接，规范与账号由医院向主管部门申请获取；平台当前未内置该报送通道，接口对接列入后续开发计划。
3040,,,支持上报ICU个案。,外部条件,平台当前提供 ICU 护理记录（体征、GCS 评分、出入量）基础能力，ICU 目标性监测个案登记尚未提供。向外部院感监测网上报 ICU 个案须依据其数据集与传输规范进行对接，规范与账号由医院向主管部门申请获取；平台当前未内置该报送通道，个案登记与接口对接列入后续开发计划。
3041,,,支持上报医院现患率调结果。,外部条件,平台当前提供现患率调查表一键生成与页面展示。向外部监测平台上报现患率调查结果须依据其数据规范进行对接，规范与账号由医院向主管部门申请获取；平台当前未内置该报送通道，接口对接列入后续开发计划。
3042,,,支持支持将现患率调查情况数据上报至四川省现患率平台，不用人工逐一录入患者调查个案表到平台。 **医院等级评审模块：** 统计医院等级评审及各项检查需要的统计质控指标（2024版医院感染管理12项指标）。,外部条件,平台当前提供现患率调查表一键生成。向四川省现患率平台批量上报调查数据须依据该平台接口规范与账号进行对接，由医院向省级主管部门申请获取；平台当前未内置该对接通道，个案表自动填充与批量上送列入后续开发计划。医院等级评审模块（2024 版医院感染管理 12 项指标）当前提供其中部分指标，详见后续条款应答。
3043,,,支持一站式统计报表。,部分响应,平台当前提供运营指标引擎，内置门诊人次、药占比、床位使用率、平均住院日、抗菌药处方占比等 9 项指标。本条所述院感管理 12 项指标的一站式统计报表尚未提供，列入后续开发计划。
3044,,,支持每一指标均有备注说明。,部分响应,平台当前指标定义包含编码、名称、单位与目标值。本条所述每一指标的备注/口径说明字段及展示尚未提供，列入后续开发计划。
3045,,,支持生成千日医院感染发病（例次）率。,部分响应,已提供：三管相关（导管相关血流感染、呼吸机相关肺炎、导尿管相关尿路感染）千置管日感染率统计。尚未提供：以同期住院患者住院日总数为分母的全院及科室千日医院感染发病（例次）率。上述缺项列入后续开发计划。
3046,,,支持生成医院感染现患（例次）率。,部分响应,已提供：院感监测页面的医院感染现患率（按现患感染人数/在院人数）。尚未提供：①按例次口径的现患例次率（同一患者多部位感染按例次计）；②历史调查结果留档（当前每次生成为实时快照）。上述缺项列入后续开发计划。
3047,,,支持生成医院感染病例漏报率。,部分响应,平台当前提供院感病例登记基础能力。本条所述医院感染病例漏报率（病例回顾抽查、应报/实报比对）尚未提供，列入后续开发计划。
3048,,,支持生成多重耐药菌感染发现率。,部分响应,【二级证据评审建议，待项目组签字】院感专项已备：三管千日率（含导尿管泌尿系统感染千分率）/现患率一键调查/报卡闭环；耐药谱与手卫生依从率需检验微生物数据源，属专业院感监测软件深化
3049,,,支持生成多重耐药菌感染检出率。,部分响应,【二级证据评审建议，待项目组签字】院感专项已备：三管千日率（含导尿管泌尿系统感染千分率）/现患率一键调查/报卡闭环；耐药谱与手卫生依从率需检验微生物数据源，属专业院感监测软件深化
3050,,,支持生成千日特定多重耐药菌医院感染例次发病率统计。,部分响应,平台当前提供药敏结果敏感/中介/耐药判读的结构化记录。本条所述多重耐药菌判定规则及千日特定多重耐药菌医院感染例次发病率统计尚未提供，列入后续开发计划。
3051,,,支持生成医务人员手卫生依从率。,部分响应,【二级证据评审建议，待项目组签字】院感专项已备：三管千日率（含导尿管泌尿系统感染千分率）/现患率一键调查/报卡闭环；耐药谱与手卫生依从率需检验微生物数据源，属专业院感监测软件深化
3052,,,支持生成住院患者抗菌药物使用率。,部分响应,已提供：住院抗菌药物医嘱执行条数统计，以及抗菌药物分级管控；门诊侧提供抗菌药处方占比指标。尚未提供：住院患者抗菌药物使用率口径（以同期出院/在院患者数为分母、按患者去重），当前住院侧仅有绝对条数。上述缺项列入后续开发计划。
3053,,,支持生成抗菌药物治疗前病原学送检率。,部分响应,平台当前提供微生物检验结果与抗菌药医嘱的基础数据记录。本条所述抗菌药物治疗前病原学送检率（送检与首剂用药的时序关联统计）尚未提供，列入后续开发计划。
3054,,,支持生成住院患者联合使用重点抗菌药物治疗前病原学送检率。,部分响应,平台当前提供抗菌药物分级字典与微生物检验结果记录。本条所述住院患者联合使用重点抗菌药物治疗前病原学送检率尚未提供，当前无联合用药判定与重点抗菌药目录标记，列入后续开发计划。
3055,,,支持生成住院患者I类切口手术部位感染率。,部分响应,平台当前提供住院手术登记与院感病例登记基础能力。本条所述住院患者Ⅰ类切口手术部位感染率尚未提供，手术记录当前无切口分类字段且感染病例未与手术关联，列入后续开发计划。
3056,,,支持生成住院患者I类切口手术抗菌药物预防使用率。,部分响应,平台当前提供住院手术登记与抗菌药物分级管理基础能力。本条所述住院患者Ⅰ类切口手术抗菌药物预防使用率尚未提供，当前无切口分类与围术期预防用药标识，列入后续开发计划。
3057,,,支持生成血管内导管相关血流感染发病率。,正偏离/无偏离,由院感监测页面的三管监测提供：中心静脉导管置管登记、每日评估、拔管全流程记录，自动判定导管相关血流感染（CLABSI）并同步登记为院感病例；千日率统计按感染例次×1000/置管日数计算，输出置管日数、感染例次与每千置管日发病率，超过 5‰ 自动标红提示。
3058,,,支持生成呼吸机相关肺炎发病千分率。,正偏离/无偏离,由院感监测页面的三管监测提供：呼吸机使用登记、每日评估、撤机全流程记录，自动判定呼吸机相关肺炎（VAP）并同步登记为院感病例；千日率统计按感染例次×1000/机械通气日数计算，输出通气日数、感染例次与每千日发病率。
3059,,,支持生成导尿管相关泌尿系统感染发病千分率。,正偏离/无偏离,由院感监测模块「千日感染率」页签提供：基于导尿管置管监测记录，自动汇总导尿管相关泌尿系统感染（CAUTI）例数与置管日数（不足1日按1日计），输出发病千分率，并与呼吸机相关肺炎、中心静脉导管相关血流感染同页对比。
3060,,,支持生成血液透析相关血流感染发病率。,部分响应,【二级证据评审建议，待项目组签字】院感专项已备：三管千日率（含导尿管泌尿系统感染千分率）/现患率一键调查/报卡闭环；耐药谱与手卫生依从率需检验微生物数据源，属专业院感监测软件深化
3061,,,支持生成手术部位感染发病率。,部分响应,平台当前提供院感病例登记（感染部位、病原体以文本记录）及三管监测千日感染率、现患率等基础能力。本条所述手术部位感染判定规则、感染病例与手术记录的关联以及手术部位感染发病率统计尚未提供，列入后续开发计划。
3062,,,支持生成择期手术患者医院感染率。,部分响应,平台当前提供手术申请、排期、术中记录管理及院感病例登记基础能力。本条所述择期/急诊手术分类标识及择期手术患者医院感染率分层统计尚未提供，列入后续开发计划。
3063,,,支持生成手术相关感染发病率。,部分响应,平台当前提供手术记录管理与院感病例登记两项基础能力，二者尚未建立关联。本条所述手术相关感染发病率统计尚未提供，列入后续开发计划。
3064,,,支持生成新生儿患者千日医院感染例次发病率。,部分响应,平台当前提供三管监测千日感染率与现患率统计基础能力。本条所述新生儿患者分层（含出生体重分组）及新生儿患者千日医院感染例次发病率统计尚未提供，列入后续开发计划。
3065,,,支持生成金黄色葡萄球菌、大肠埃希菌等病原体导致医院感染发病率。,部分响应,平台当前提供院感病例登记，病原体以文本方式记录。本条所述标准病原体（菌种）字典及按金黄色葡萄球菌、大肠埃希菌等病原体分组的医院感染发病率统计尚未提供，列入后续开发计划。
3066,,,支持生成金黄色葡萄球菌、大肠埃希菌等病原体导致医院感染发病例次率。,部分响应,平台当前提供院感病例登记，病原体以文本方式记录。本条所述标准病原体字典、按病原体分组的例次口径统计及医院感染发病例次率尚未提供，列入后续开发计划。
3067,,,支持千日医院感染率统计。,部分响应,已提供：院感监测模块「千日感染率」页签，按呼吸机、中心静脉导管、导尿管三类器械以置管日数为分母计算千日感染率。尚未提供：以全院或科室住院日数为分母的千日医院感染率；按时间段与科室筛选。上述缺项列入后续开发计划。
3068,,,支持I类切口手术术后24小时内抗菌药物停药率统计。,部分响应,平台当前提供抗菌药物标识与分级管理、开单时分级处方权拦截等基础能力。本条所述手术切口分类、手术与抗菌药物医嘱的时序关联以及I类切口术后24小时内停药率统计尚未提供，列入后续开发计划。
3069,,,支持I类切口手术抗菌药物预防使用术前0.5-2小时给药率统计。 **风险评估模块：** 能够进行重点科室、重点环境、重点因素风险评估，找出医院感染控制薄弱环节。,部分响应,平台当前提供抗菌药物分级管理与处方权拦截基础能力。本条所述手术开始时间与给药时间的时差计算及I类切口术前0.5-2小时给药率统计尚未提供；风险评估模块相关能力见后续各条应答。上述缺项列入后续开发计划。
3070,,,支持医院风险因素评估。,部分响应,【二级证据评审建议，待项目组签字】院感/运维告警框架已备（阈值+工单联动）；自由组合策略引擎属专业软件深化
3071,,,生成风险评估中的高风险因素。,部分响应,本条所述医院感染风险评估（重点科室、重点环节、重点因素）及据此生成高风险因素清单的功能，当前版本未提供，列入后续开发计划。平台现有风险评估为护理专业的压疮、跌倒量表评估，不涵盖院感风险评估。
3072,,,支持重点科室、重点环节、重点因素风险评估调查。,部分响应,本条所述重点科室、重点环节、重点因素的医院感染风险评估调查表、评估维度字典及调查登记功能，当前版本未提供，列入后续开发计划。平台现有风险评估仅为护理专业的压疮、跌倒量表评估，不涵盖院感风险评估调查。
3073,,,支持模版自定义。,部分响应,【二级证据评审建议，待项目组签字】病历模板/报表引擎自定义已备；页面级拖拽布局属低代码产品
3074,,,支持自动根据评估值计算最终风险因素值。 **知识学习功能模块：** 能够发布医院感染相关法律法规、培训资料用于临床医生学习，提高临床科室的感染控制规范。,部分响应,本条所述根据评估值（发生频率、严重程度、现有措施等）自动计算最终风险因素值的功能，当前版本未提供，列入后续开发计划；知识学习模块相关能力见后续各条应答。平台现有自动分级仅为护理压疮、跌倒量表的固定阈值分档，不适用于院感风险评估。
3075,,,支持发送通知通过到临床医生端。,部分响应,平台当前提供检验危急值向开单医师的定向提醒基础能力。本条所述面向临床医生端的通用通知发布与投递（院感法规、培训资料等通知）尚未提供，列入后续开发计划。
3076,,,支持上传和下载医院感染相关管理要求的文档、PPT、培训视频。,部分响应,平台当前提供管理制度文档库，支持以文本方式录入制度内容并在线预览。本条所述文档、PPT、培训视频等文件的上传与下载功能尚未提供，列入后续开发计划。
3077,,,支持上传资料后提醒医生进行阅读。 **PDCA持续改进功能模块：** 能够方便进行对医院感染相关问题进行PDCA持续改进操作。,部分响应,平台当前提供文本方式的管理制度文档库。本条所述资料上传后向医生推送阅读提醒、阅读回执跟踪，以及PDCA持续改进模块，当前版本均未提供，列入后续开发计划。
3078,,,支持发送SOP消息到医生端。,部分响应,平台当前提供检验危急值向开单医师的定向提醒基础能力。本条所述面向医生端的站内消息子系统及SOP消息发送功能尚未提供，列入后续开发计划。
3079,,,系统包含医院感染相关的全套标准SOP模版。,部分响应,平台当前提供病历模板库（病历文书、知情同意书、检查申请单等模板）。本条所述医院感染相关全套标准SOP模板当前版本未提供，列入后续开发计划。
3080,,,支持医生端未读消息提醒。,部分响应,平台当前提供检验危急值待确认提醒。本条所述医生端通用站内消息及未读消息角标提醒功能尚未提供，列入后续开发计划。
3081,,,支持发消息到指定医生或是指定科室。,部分响应,平台当前提供检验危急值向开单医师的定向提醒。本条所述面向指定医生或指定科室的通用消息发送功能尚未提供，列入后续开发计划。
3082,,,支持SOP消息自定义。,部分响应,平台当前仅提供检验危急值定向提醒，尚无通用站内消息子系统。本条所述SOP消息内容与发送规则的自定义配置功能当前版本未提供，列入后续开发计划。
3083,,,支持消息阅读跟踪。 **数据接口服务模块：** 能够实现与医院现有系统的数据对接，完成HIS、LIS、CIS、病案、手术麻醉等系统的数据加载，并自动完成各项院感数据匹配工作。,部分响应,消息阅读跟踪：平台当前无站内消息子系统，本条所述消息阅读跟踪尚未提供。数据接口服务模块：平台自身为一体化医院信息系统，院感监测与住院、检验、手术等业务同平台同库运行，不需另行抽取匹配；平台现有集成能力为检验HL7接入、医保适配器与集成消息日志。本条所述面向第三方院感系统的HIS/LIS/CIS/病案/手麻数据加载与自动匹配模块当前版本未提供，列入后续开发计划。
3084,,,支持所有接口均为单向传输接口，只读不写，不影响医院现有系统运行。,部分响应,平台院感监测功能与住院、检验、手术等业务同平台同库运行，不涉及向外部院感系统抽取数据；平台现有集成通道（检验HL7接入、医保适配）为业务所需的双向通道并留有通道日志。本条所述面向外部系统的单向只读接口集当前版本未提供，列入后续开发计划。
3085,,,支持有独立的部署程序和服务。,部分响应,平台以整体方式打包部署（应用服务、前端与容器编排），院感监测作为平台内置模块与主系统一并运行，数据同步为平台内置定时任务。本条所述独立于主系统的接口/采集服务部署程序当前版本未提供，列入后续开发计划。
3086,,,支持批量导入。,部分响应,已提供：药品目录、医保目录、员工工资、老系统文书的批量导入，均按幂等方式处理重复数据。尚未提供：面向院感数据接口的批量导入；统一的导入任务管理与失败行回执界面。上述缺项列入后续开发计划。
3087,,,支持定时自动执行也支持手工运行。,部分响应,已提供：临床数据中心同步任务支持每日定时自动执行（可通过系统参数启停），并可在患者360视图中手工「立即同步」；长期医嘱、医保自动对账、近效期预警等亦为定时任务。尚未提供：任务调度周期的可配置界面、执行历史与重跑；院感接口任务本身。上述缺项列入后续开发计划。
3088,,,支持分步执行，也支持选择性地执行部分或全部接口。,部分响应,平台当前提供临床数据中心的全量同步与增量同步两种整批执行方式。本条所述接口清单注册、按需勾选执行部分或全部接口及分步执行尚未提供，列入后续开发计划。
3089,,,支持数据提取有详细日志，出错记录提示等。,部分响应,已提供：集成消息日志，记录检验、医保等通道每条消息的状态与错误原因，并提供按通道筛选的监控页面。尚未提供：数据提取（同步）作业自身的日志、逐条出错记录与失败明细页面。上述缺项列入后续开发计划。
3090,,,支持多种数据库，如ORACLE、SQL SERVER、DB2、CACHE、等主流数据库。,部分响应,平台采用 PostgreSQL，JPA/JDBC 层具备主流库可迁移性（技术路线说明响应）
3091,,,支持数据提取支持多种系统来源。,部分响应,已提供：临床数据中心汇聚门诊就诊、检验报告、住院小结三类来源，另有检验系统HL7接入与医保适配器两条集成通道。尚未提供：可配置的多院外系统数据源（数据源注册与连接配置界面）。上述缺项列入后续开发计划。
3092,,,支持手术信息支持手麻、病案、手术排班等来源。,部分响应,平台当前提供手术申请、排期、术中记录与麻醉记录的单一来源管理。本条所述从手麻系统、病案首页、手术排班等多来源接入手术信息并合并去重的功能尚未提供，列入后续开发计划。
3093,,,支持住院病人基本资料。,正偏离/无偏离,由患者主索引与住院管理模块提供：住院登记后形成患者基本资料，在院一览与住院登记页面可查看患者姓名、科室、床位、住院号等基本信息。
3094,,,支持患者出入院信息，包括出入院日期、科室、床位等信息；,正偏离/无偏离,由住院管理模块提供：入院登记记录入院日期、科室、床位与住院号，出院办理记录出院日期，出入院信息在住院登记与出院办理页面可查。
3095,,,支持病房工作日志。,部分响应,班次类型字典已有，节假日历为字典扩展
3096,,,支持病人转科信息。,正偏离/无偏离,由住院医生站提供转科转床功能：办理转科时同步更换科室与床位，并保留转科历史记录（转出/转入科室、床号、时间、原因），可在患者工作区查看。
3097,,,支持病人电子体温单信息。,正偏离/无偏离,由住院护士站电子体温单提供：按每日6个时点采集体温、脉搏、呼吸等生命体征，按住院周自动排布生成体温单（三测单），含物理降温后体温、未测原因等纸面要素。
3098,,,支持重症病人监护信息。,正偏离/无偏离,由重症监护记录功能提供：可录入体温、脉搏、呼吸、血压、血氧饱和度、GCS评分、出入量及呼吸机使用标记，支持按患者查询与24小时出入量平衡统计。
3099,,,支持病人手术申请、安排及详细的手术情况。,正偏离/无偏离,由手术管理模块提供：手术申请（含知情同意校验）、排期安排，以及手术完成后录入术中记录与麻醉记录，手术列表可查看各手术状态与详细情况。
3100,,,支持病人医嘱信息，包括检验检查项目、用药情况等。,正偏离/无偏离,由住院医生站医嘱功能提供：可开立药品、检验、检查、治疗等医嘱，支持医嘱执行、停嘱与长期医嘱执行单，患者工作区可汇总查看全部医嘱及用药情况。
3101,,,支持病人检验信息，包括常规检验、微生物检验等。,配套产品响应,属设备配套软件/商用知识库/CA 等产品参数，平台已留标准接入点
3102,,,支持病人病程记录。,正偏离/无偏离,由住院电子病历提供：支持入院记录、首次病程记录、日常病程记录等书写，并纳入病历完整性与书写时效质控。
3103,,,支持病人抗菌药物使用情况。,部分响应,已提供：药品目录抗菌药物标识与分级、开单时的分级处方权拦截、院感统计中的抗菌药医嘱数。尚未提供：按患者的抗菌药物使用明细视图（用药起止、疗程、联合用药）；抗菌药物使用强度（DDD/100人天）统计。上述缺项列入后续开发计划。
3104,,,支持医院人员、抗生素、手术、病原体、介入操作等字典表。 **嵌入式报卡模块：** 能够提供嵌入式调用模块给HIS系统厂商进行院感相关功能的调用，实现与HIS、电子病历系统的无缝对接。,部分响应,已提供：人员（用户/角色/人事）、抗菌药物（标识与分级）、ICD-10诊断、费别等字典。尚未提供：手术操作（ICD-9-CM-3）字典、病原体字典、介入操作字典；嵌入式报卡模块相关能力见后续各条应答。上述缺项列入后续开发计划。
3105,,,支持多种开发语言，有DELPHI、PB、C#、JAVA、PHP等常用开发语言的实例，调用简单。,配套产品响应,多语言调用示例属平台 SDK 文档，本平台提供标准 REST/HL7
3106,,,支持C/S、B/S架构；调用方式灵活。,部分响应,平台为B/S架构，报卡功能以平台内页面方式提供。本条所述可供HIS厂商嵌入调用的报卡组件、C/S客户端及灵活的嵌入式调用方式当前版本未提供，列入后续开发计划。
3107,,,支持院感报卡、职业暴露报卡。,部分响应,平台当前提供传染病报卡与院感科登记感染病例两项基础能力。本条所述供临床医生填报的院感报告卡及职业暴露报卡尚未提供，列入后续开发计划。
3108,,,支持医院感染报告卡，实现临床医生在医生工作站中直接向院感科报告疑似病历。,部分响应,平台当前提供传染病报卡功能，由院感/质控人员在质控菜单中填报与审核。本条所述临床医生在医生工作站直接向院感科报告疑似病例的医院感染报告卡入口尚未提供，列入后续开发计划。
3109,,,支持自动提取病人住院信息（床位、诊断、病人基本信息、医生信息等）。,部分响应,平台当前提供传染病报卡填报，需手工录入患者标识、疾病名称、分类与发病日期。本条所述报卡时自动带出床位、诊断、患者基本信息、主管医生等住院信息尚未提供，列入后续开发计划。
3110,,,支持自动提取微生物培养信息（包括送检信息、病原体检出情况、药敏试验情况等）。,配套产品响应,属设备配套软件/商用知识库/CA 等产品参数，平台已留标准接入点
3111,,,支持医生仅需用鼠标点选各项内容（如感染诊断、切口等级、易感因素等），操作方便快捷。,部分响应,平台当前提供传染病报卡填报，甲/乙/丙分类为下拉点选，疾病名称为文本录入。本条所述感染诊断、切口等级、易感因素等报卡要素的点选值域尚未提供，列入后续开发计划。
3112,,,支持自动提示院感科报告情况。,部分响应,平台当前传染病报卡提交后仅提示报卡成功。本条所述院感科报告受理与处理情况向填报人自动提示的功能尚未提供，列入后续开发计划。
3113,,,支持院感科处理报卡后，及时反馈处理信息给医生。 **独立报卡模块：** 对于不能修改医生工作站调用嵌入式模块的医院，可以提供独立的报卡程序或报卡网页给临床医生使用。功能同嵌入式报卡模块。,部分响应,已提供：院感/质控人员对报卡的审核通过/退回操作，记录审核意见与审核时间，报卡列表显示待审核/待上报/已上报/已退回状态。尚未提供：处理结果向报卡医生的及时推送；医生端查看处理反馈的入口；审核意见在列表中展示；独立报卡模块见后续各条应答。上述缺项列入后续开发计划。
3114,,,支持独立运行，有无医生工作站均可。,部分响应,平台传染病报卡功能作为主系统内置页面提供，需登录主系统并具备相应角色。本条所述脱离医生工作站独立运行的报卡程序或报卡网页当前版本未提供，列入后续开发计划。
3115,,,支持部署简单、高效，无需HIS、电子病历厂商修改代码。,部分响应,平台本身为一体化医院信息系统，门诊/住院医生站、电子病历与院感报卡同平台运行，不存在需要第三方HIS或电子病历厂商修改代码的问题；部署方式与实施步骤将以实施方案及服务承诺书形式响应。
3116,,,支持提供C/S、B/S两种架构的解决方案。,部分响应,平台提供B/S架构解决方案，各工作站通过浏览器访问，无需安装客户端。本条所述C/S架构的独立报卡客户端方案当前版本未提供，列入后续开发计划。
3117,,,支持院感报卡、职业暴露报卡。,部分响应,平台当前提供传染病报卡与院感科登记感染病例两项基础能力。本条所述供临床医生填报的院感报告卡及职业暴露报卡尚未提供，列入后续开发计划。
3118,,,支持查看病人预警情况，及时处理反馈给院感科。,部分响应,已提供：院感监测看板的三管监测与器械相关感染判别、千日感染率、现患率及术后发热监测，供院感/质控人员查看。尚未提供：医生端查看本人患者预警的入口，以及医生处理后向院感科反馈的闭环链路。上述缺项列入后续开发计划。
3119,,,支持查询历史报卡情况。,部分响应,已提供：传染病报卡列表，按时间倒序展示历史报卡及其状态。尚未提供：按报卡人、患者、日期、状态等条件的查询筛选；医生端的查询入口。上述缺项列入后续开发计划。
3120,★,,支持查询病区感染发生情况。 +-------------------------------+---------------------------------------------------------------------------------------------------------------------------------------------------------,部分响应,对应模块查询统计能力已实现，界面细节逐条比对
3121,,,系统需具备报卡记录全流程管理功能，支持多种报卡类型的全覆盖管理，确保报卡业务闭环。 +-----------------------------------------------------------------------------------------------------------------------------------------+,部分响应,已提供：传染病报卡的填报→审核（通过/退回）→上报全流程状态管理，以及单病种上报卡的建卡与上报。尚未提供：统一的多类型报卡管理框架；职业暴露、肿瘤、死亡医学证明、食源性疾病、公共卫生事件等报卡类型。上述缺项列入后续开发计划。
3122,,,支持报卡名称、报卡状态、日期、科室、姓名、住院号/门诊号、身份证号码及病种搜索上报卡等多种筛选条件进行精准检索，提升报卡查询效率。 +-------------------------------------------------------------------------------------------------------------------------------------,部分响应,平台当前提供传染病报卡列表浏览。本条所述按报卡名称、状态、日期、科室、姓名、住院号/门诊号、身份证号、病种等条件的多条件检索尚未提供，列入后续开发计划。
3123,,,支持对报卡进行修改、审核、作废、删除等操作，满足报卡全生命周期管理需求，操作过程可追溯。 +-----------------------------------------------------------------------------------------------------------------------------------------+,部分响应,已提供：报卡审核（通过/退回，记录审核意见与时间）与上报操作。尚未提供：报卡修改、作废、删除操作；操作人记录与操作流水追溯。上述缺项列入后续开发计划。
3124,,,支持将报卡记录导出，导出格式需符合相关业务规范，便于数据归档、统计分析及后续使用。 +-----------------------------------------------------------------------------------------------------------------------------------------+ （2） 住院病人 +--------,部分响应,平台当前提供科室月报、病案质控等报表的CSV导出基础能力。本条所述报卡记录导出及符合业务规范的导出格式尚未提供，列入后续开发计划。
3125,,,系统需具备住院病人列表展示及详情查看功能，便于医生实时掌握患者各项基本情况，为报卡内容的精准判断提供数据支撑。 +-----------------------------------------------------------------------------------------------------------------------------------------+,正偏离/无偏离,由住院管理模块提供：在院一览展示病区、床号、姓名、护理级别、过敏、科室、待执行医嘱；进入患者工作区可查看医嘱、押金与费用汇总等详情，供医生掌握患者基本情况。
3126,,,支持按科室、主治医生、患者信息等多维度条件进行检索，快速定位目标患者。 +-----------------------------------------------------------------------------------------------------------------------------------------+,部分响应,平台当前提供在院患者列表，按登记顺序展示全部在院患者。本条所述按科室、主治医生、患者信息等多维度检索定位患者的功能尚未提供，列入后续开发计划。
3127,,,支持查看患者详细信息，包括但不限于诊断、医嘱信息、体温记录、检查、检验结果、电子病历、手术相关信息等，实现患者信息一站式查看。 +---------------------------------------------------------------------------------------------------------------------------------------,部分响应,已提供：诊断、医嘱与费用、病程记录、体温记录、检验结果、手术记录及患者360文书视图，各项均可查看。尚未提供：将上述信息整合于单一患者详情页的一站式视图（现分布于住院医生站、质控、检验、数据中心多个菜单，患者360仅聚合门诊就诊、检验报告、住院小结三类文书）。上述缺项列入后续开发计划。
3128,,,系统需具备漏报监控功能，当填卡医生完成诊断后未及时填写报卡信息时，系统自动生成对应监控记录，实现漏报情况实时预警。 +-----------------------------------------------------------------------------------------------------------------------------------------+,部分响应,本条所述诊断完成后未及时填报报卡时自动生成漏报监控记录并实时预警的功能，当前版本未提供（平台尚无诊断与应报卡类型的关联规则），列入后续开发计划。
3129,,,支持区分超时未填、未填两种漏报状态，根据系统预设的填报时间限制，精准展示各类漏报记录。 +-----------------------------------------------------------------------------------------------------------------------------------------+,部分响应,平台当前仅在传染病报卡页面以静态标签提示甲类须2小时内上报。本条所述按预设填报时限区分超时未填、未填两种漏报状态并展示各类漏报记录的功能尚未提供，列入后续开发计划。
3130,,,支持在漏报列表页面直接完成报卡信息的填写操作，简化补报流程，降低漏报率。 +-----------------------------------------------------------------------------------------------------------------------------------------+ 报卡页面维护 +---------------,部分响应,本条所述在漏报列表页面直接补填报卡信息的功能，因漏报监控列表当前版本尚未提供，一并列入后续开发计划；报卡页面维护相关能力见后续各条应答。
3131,,,系统需具备报卡模型管理功能，支持报卡模型的新增、编辑、删除操作，满足不同业务场景下的报卡需求。 +-----------------------------------------------------------------------------------------------------------------------------------------+,部分响应,平台当前传染病报卡为固定字段表单（疾病名称、分类、发病日期）。本条所述报卡模型的新增、编辑、删除等模型管理功能尚未提供，列入后续开发计划。
3132,,,支持对报卡模型中的具体项目进行详细设定，包括但不限于项目操作模式、编辑模式、项目值域范围等，确保报卡填写规范。 +-----------------------------------------------------------------------------------------------------------------------------------------+ （2） ,部分响应,本条所述报卡模型项目的操作模式、编辑模式、值域范围等详细设定功能，当前版本未提供（平台报卡表单为固定字段，尚无报卡模型），列入后续开发计划。
3133,,,支持对报卡模型中的项目进行指标关联配置，明确项目值域内容的数据源，保障数据填写的准确性和一致性。 +-----------------------------------------------------------------------------------------------------------------------------------------+,部分响应,本条所述报卡模型项目与指标的关联配置及项目值域数据源指定功能，当前版本未提供（平台尚无报卡模型），列入后续开发计划。
3134,,,支持根据项目的不同类型，自动匹配并设置对应的值域方式，减少人工配置工作量，提升配置效率。 +-----------------------------------------------------------------------------------------------------------------------------------------+ （3） 项目引用设定 +---,部分响应,本条所述按报卡项目类型自动匹配并设置值域方式的功能，当前版本未提供（平台尚无报卡模型与项目类型定义），列入后续开发计划；项目引用设定见后续应答。
3135,,,具备项目引用值设定功能，支持对报卡项目引用数据进行配置和管理。 +-----------------------------------------------------------------------------------------------------------------------------------------+,部分响应,本条所述报卡项目引用值的配置与管理功能，当前版本未提供（平台尚无报卡模型与项目定义），列入后续开发计划。
3136,,,具备公共数据元设定功能，规范公共数据元的定义和使用，保障数据标准化。 +-----------------------------------------------------------------------------------------------------------------------------------------+,部分响应,已提供：数据治理模块数据元注册，可定义数据元编码、名称、数据类型、格式、值域、标准依据并检索。尚未提供：数据元与报卡项目的引用关系；公共/系统数据元的分层与作用域管理；结构化值域维护。上述缺项列入后续开发计划。
3137,,,具备系统数据元设定功能，支持对系统内部数据元进行维护，满足系统数据管理需求。 +-----------------------------------------------------------------------------------------------------------------------------------------+ （4） 公共卫生事件设定 +-------,部分响应,已提供：数据治理模块数据元的新增与关键字检索。尚未提供：系统数据元的独立分类与维护入口；数据元的删除/停用；公共卫生事件设定见后续各条应答。上述缺项列入后续开发计划。
3138,,,具备公共卫生事件类别维护功能，支持对各类公共卫生事件类别进行新增、编辑、删除，确保事件分类规范。 +-----------------------------------------------------------------------------------------------------------------------------------------+ （5） 报卡科室授权维,部分响应,本条所述公共卫生事件类别字典及其新增、编辑、删除维护功能，当前版本未提供，列入后续开发计划；报卡科室授权相关能力见后续应答。
3139,,,2885\. 具备报卡类型与科室的授权关联功能，可将不同类型的报卡授权给对应科室，实现报卡管理的权责划分。 +-----------------------------------------------------------------------------------------------------------------------------------------+ （6） 诊断,部分响应,平台当前提供角色—菜单授权机制，报卡功能按角色控制访问。本条所述报卡类型与科室的授权关联（按科室划分报卡权责）尚未提供，列入后续开发计划。
3140,,,具备诊断与报卡模型的关联配置功能，可针对不同的疾病诊断，预设对应的报卡模型，确保报卡填写的针对性和规范性。 +-----------------------------------------------------------------------------------------------------------------------------------------+ （7） 检验,部分响应,已提供：单病种上报中按诊断编码前缀自动匹配病种并提示建上报卡。尚未提供：传染病报卡与诊断的关联配置；针对不同诊断预设不同报卡模型的配置界面。上述缺项列入后续开发计划。
3141,,,具备检验项目及检验结果与报卡模型的关联配置功能，可针对不同的检验项及对应结果，预设需要填报的报卡模型。 +-----------------------------------------------------------------------------------------------------------------------------------------+ （8） 传染病报,部分响应,平台当前提供检验参考范围与危急值规则配置。本条所述检验项目及结果与报卡模型的关联配置及由结果触发填报提示的功能尚未提供，列入后续开发计划。
3142,,,具备传染病报卡省平台接口日志管理功能，支持日志的查询、重报、修订、删除操作，确保接口数据交互可追溯。 +-----------------------------------------------------------------------------------------------------------------------------------------+ （9） 国家地区编,外部条件,需医保局/省平台等外部环境开通后联调
3143,,,具备乡镇级国家地区编码表查询功能，支持快速查询乡镇级别的国家地区编码，保障报卡中地区信息的准确性。 +-----------------------------------------------------------------------------------------------------------------------------------------+ 系统权限 +----,部分响应,本条所述乡镇级国家行政区划编码表及其快速查询功能，当前版本未提供（报卡亦暂无结构化地区字段），列入后续开发计划；系统权限相关能力见后续各条应答。
3144,,,具备用户菜单功能权限维护功能，可根据用户角色分配对应的菜单操作权限，实现不同权限用户展示不同的菜单功能，保障系统操作安全。 +-----------------------------------------------------------------------------------------------------------------------------------------,正偏离/无偏离,由系统管理「角色权限」页面提供：以菜单树勾选方式为角色分配菜单功能权限，用户登录后按其角色显示对应菜单并拦截无权访问的页面。
3145,,,具备保健科医生授权管理功能，当用户被授权为保健科医生后，在报卡管理及报卡填写页面可获得更高操作权限，满足保健科业务管理需求。 +----------------------------------------------------------------------------------------------------------------------------------------,部分响应,平台当前提供按角色分配菜单权限的通用授权机制。本条所述保健科医生专项授权及其在报卡管理与报卡填写页面获得更高操作权限的功能尚未提供，列入后续开发计划。
3146,,,食源性疾病监测上报。 +-----------------------------------------------------------------------------------------------------------------------------------------+,部分响应,平台当前报卡功能仅覆盖甲乙丙类传染病报卡与单病种上报卡。本条所述食源性疾病监测上报功能当前版本未提供，列入后续开发计划。
3147,,,国家传染病前置机接口。 +-----------------------------------------------------------------------------------------------------------------------------------------+ （11）、常用报卡 +-------------------------------------,外部条件,平台提供传染病报卡的院内填报、审核与上报状态管理。国家传染病网络直报前置机接口需由属地疾控部门下发接口规范并部署前置机，接口规范与前置机由疾控部门提供，实施期依据属地规范完成对接。
3148,,,中华人民共和国传染病报告卡。 +-----------------------------------------------------------------------------------------------------------------------------------------+,部分响应,已提供：传染病报卡填报（疾病名称、甲/乙/丙分类、发病日期）及审核、上报全流程。尚未提供：国标《中华人民共和国传染病报告卡》完整卡面要素（卡片编号、证件号、性别、出生日期、工作单位与电话、病人属于、现住址区划、职业、病例分类、诊断/死亡日期、订正病名与退卡原因、报告单位与填卡医生等）；国标卡面打印。上述缺项列入后续开发计划。
3149,,,居民肿瘤病例报告卡。 +-----------------------------------------------------------------------------------------------------------------------------------------+,部分响应,平台当前报卡功能仅覆盖甲乙丙类传染病报卡与单病种上报卡。本条所述居民肿瘤病例报告卡当前版本未提供，列入后续开发计划。
3150,,,急性心脑血管事件报告卡。 +-----------------------------------------------------------------------------------------------------------------------------------------+,部分响应,平台当前报卡功能仅覆盖甲乙丙类传染病报卡与单病种上报卡。本条所述急性心脑血管事件报告卡当前版本未提供，列入后续开发计划。
3151,,,食源性疾病病例报告卡。 +-----------------------------------------------------------------------------------------------------------------------------------------+,部分响应,平台当前报卡功能仅覆盖甲乙丙类传染病报卡与单病种上报卡。本条所述食源性疾病病例报告卡当前版本未提供，列入后续开发计划。
3152,,,居民死亡医学证明（推断）书。 +-----------------------------------------------------------------------------------------------------------------------------------------+,部分响应,【二级证据评审建议，待项目组签字】病案首页/打印数据集框架可承载；死因链表单为专项深化
3153,,,高血压/糖尿病报告卡。 +-----------------------------------------------------------------------------------------------------------------------------------------+,部分响应,平台当前提供高血压、糖尿病等ICD-10诊断词条，以及公共卫生模块的疫苗接种、健康体检、健康宣教记录。本条所述高血压/糖尿病报告卡当前版本未提供，列入后续开发计划。
3154,★,,+-------------------------------+-----------------------------------------------------------------------------------------------------------------------------------------------------------------------,非参数行,文档转换产生的表格分隔残渣，不计入参数总数
3155,,,提供多维度数据钻取视图，支持按时间轴（年、月、日）、事件性质及风险等级进行立体化分类统计与可视化呈现。 +---------------------------------------------------------------------------------------------------------------------------------------------------,部分响应,平台当前提供不良事件上报、列表与处理的基础能力。本条所述按年/月/日时间轴、事件性质及风险等级的多维钻取统计与可视化呈现尚未提供，列入后续开发计划。
3156,,,建立科室级数据分布矩阵，直观展示各层级事件概况，并配置一键下钻交互，可无缝跳转至各科室专属事件深度分析详细数据。 +----------------------------------------------------------------------------------------------------------------------------------------------,部分响应,平台当前不良事件记录含所属科室并以明细表展示。本条所述科室级数据分布矩阵及一键下钻至科室事件深度分析的交互尚未提供，列入后续开发计划。
3157,,,提供可视化表单构建器，支持用户零代码自主设计与发布个性化表单数据采集模板。 +-----------------------------------------------------------------------------------------------------------------------------------------------------------------,部分响应,平台当前提供数据治理填报任务，填报字段以文字说明方式记录。本条所述可视化零代码表单构建器及个性化表单采集模板的设计与发布功能尚未提供，列入后续开发计划。
3158,,,集成灵活布局编辑器，允许按需动态调整字段结构、UI风格及交互逻辑，实现样式深度定制。 +------------------------------------------------------------------------------------------------------------------------------------------------------------,部分响应,本条所述表单布局编辑器及字段结构、UI风格、交互逻辑的动态调整与样式定制功能，当前版本未提供（平台尚无表单引擎），列入后续开发计划。
3159,,,、建立表单全生命周期管理机制，支持对废弃的模板执行移除操作。 +------------------------------------------------------------------------------------------------------------------------------------------------------------------------,部分响应,本条所述表单模板全生命周期管理及废弃模板移除功能，当前版本未提供（平台尚无表单模板体系），列入后续开发计划。
3160,,,内置模板克隆引擎，可一键复用现有表单架构快速生成新实例，大幅提升创建效率。 +-----------------------------------------------------------------------------------------------------------------------------------------------------------------,部分响应,本条所述表单模板克隆复用、一键生成新实例的功能，当前版本未提供（平台尚无表单模板体系），列入后续开发计划。
3161,,,归档完整版本演进轨迹，支持随时回溯与检索历次表单修改记录及历史快照。 +--------------------------------------------------------------------------------------------------------------------------------------------------------------------,部分响应,平台当前提供电子病历文书模板维护基础能力。本条所述表单设计版本轨迹归档、历次表单修改记录回溯与历史快照检索功能当前版本未提供，列入后续开发计划。
3162,,,构建全局共享组件库，支持定义标准化公共模板供多部门跨场景调用。 +-----------------------------------------------------------------------------------------------------------------------------------------------------------------------,部分响应,平台当前提供电子病历文书模板维护基础能力，供临床文书书写调用。本条所述面向不良事件等多部门跨场景调用的全局共享组件库与标准化公共模板功能当前版本未提供，列入后续开发计划。
3163,,,支持字段级预设规则，可为特定表项配置自动填充的初始默认值。 +-------------------------------------------------------------------------------------------------------------------------------------------------------------------------,部分响应,对应模块维护能力已实现（字典/参数/规则），细节逐条比对
3164,,,实现字典数据动态关联，支持将表项与标准码表绑定以规范录入选项。 +-----------------------------------------------------------------------------------------------------------------------------------------------------------------------,部分响应,对应业务登记能力已实现，字段级差异逐条比对
3165,,,具备外部数据映射能力，支持表项直接对接业务数据库实现实时数据源引用。 +--------------------------------------------------------------------------------------------------------------------------------------------------------------------,部分响应,平台当前提供报表引擎对业务数据的受控查询与数据治理术语映射基础能力。本条所述表单设计器中表项直接绑定业务数据源、实时引用业务数据的字段级映射功能当前版本未提供，列入后续开发计划。
3166,,,配置精细化校验策略，可灵活设定各字段的必填属性以强化数据完整性约束。 +--------------------------------------------------------------------------------------------------------------------------------------------------------------------,部分响应,对应模块维护能力已实现（字典/参数/规则），细节逐条比对
3167,,,构建多维层级化根因分类体系，支持对不良事件根因进行颗粒度精细化的树状结构维护与管理。 +------------------------------------------------------------------------------------------------------------------------------------------------------------,部分响应,平台当前提供不良事件上报基础能力（质控中心「不良事件」页签：事件类型、事件分级、发生日期、科室、经过描述）。本条所述多维层级化根因分类体系及树状结构维护功能当前版本未提供，列入后续开发计划。
3168,,,建立业务流转与知识沉淀的自动联动机制，在事件上报环节录入的新增根因将实时同步至中央知识库，实现经验资产的动态累积。 +---------------------------------------------------------------------------------------------------------------------------------------------,部分响应,平台当前提供不良事件上报基础能力（质控中心「不良事件」页签）。本条所述根因录入实时同步至中央知识库、经验资产动态累积的联动机制当前版本未提供，列入后续开发计划。
3169,,,提供可视化流程设计器，支持从零构建个性化审批链路，并允许对运行中的流程逻辑进行动态调整与迭代优化。 +-----------------------------------------------------------------------------------------------------------------------------------------------------,部分响应,平台当前提供固定流程的审批处理能力，包括不良事件上报后由质控人员处理登记、OA 事项审批、退费审批、用血申请审批与传染病报卡审核，审批链路为预置固定环节。本条所述可视化流程设计器、自定义审批链路及运行中流程动态调整功能当前版本未提供，列入后续开发计划。
3170,,,内置流程生效发布机制，支持将配置完成的审批方案一键部署至生产环境，立即触发业务流转。 +------------------------------------------------------------------------------------------------------------------------------------------------------------,部分响应,平台当前提供预置固定环节的审批处理能力（不良事件处理登记、OA 审批、退费审批、用血审批等）。本条所述审批方案配置后一键发布生效、即时触发业务流转的流程发布机制当前版本未提供，列入后续开发计划。
3171,,,具备流程实例全生命周期管理能力，支持对废弃的审批模板执行移除操作。 +---------------------------------------------------------------------------------------------------------------------------------------------------------------------,部分响应,平台当前提供预置固定环节的审批处理能力。本条所述审批模板的全生命周期管理及废弃模板移除功能当前版本未提供，列入后续开发计划。
3172,,,归档完整版本流程演进轨迹，支持随时回溯检索历次变更及历史版本详情，确保轨迹可追溯。 +-------------------------------------------------------------------------------------------------------------------------------------------------------------,部分响应,平台当前提供预置固定环节的审批处理能力。本条所述流程定义版本演进轨迹归档、历次变更与历史版本回溯检索功能当前版本未提供，列入后续开发计划。
3173,,,实现节点权限精细化管控，支持为每个审批环节灵活指定具体执行人、角色组或动态规则。 +--------------------------------------------------------------------------------------------------------------------------------------------------------------,部分响应,平台当前提供按岗位角色控制审批操作权限的基础能力（如不良事件处理限质控、护理及管理员角色，退费审批限管理员角色）。本条所述按审批环节逐节点指定执行人、角色组或动态规则的精细化节点权限配置功能当前版本未提供，列入后续开发计划。
3174,,,配置节点级表单交互策略，允许针对不同审批阶段绑定差异化的数据录入界面与字段可见性规则。 +-----------------------------------------------------------------------------------------------------------------------------------------------------------,部分响应,平台当前提供不良事件上报固定表单与处理登记界面。本条所述按审批阶段绑定差异化录入界面及字段可见性规则的节点级表单策略功能当前版本未提供，列入后续开发计划。
3175,,,构建全覆盖专项上报通道，深度适配误诊误治、麻醉意外、手术并发症及导管介入损伤等多元化临床场景。 +-------------------------------------------------------------------------------------------------------------------------------------------------------,部分响应,平台当前提供不良事件上报基础能力，事件类型涵盖跌倒、给药错误、压疮、管路滑脱及其他。本条所述误诊误治、麻醉意外、手术并发症、导管介入损伤等医疗类专项上报通道当前版本未提供，列入后续开发计划。
3176,,,提供一站式事件录入入口，支持医护人员快速发起全新的不良事件申报流程。 +--------------------------------------------------------------------------------------------------------------------------------------------------------------------,部分响应,平台已提供不良事件一站式录入入口：质控中心「不良事件」页签可发起新事件申报，填写事件类型、分级、发生日期、科室、经过描述并可选匿名上报，当前向质控人员、护理人员及管理员开放。尚未提供：①医生角色的上报入口与操作权限；②护理人员登录后的菜单可达性配置。上述缺项列入后续开发计划。
3177,,,集成数据修正机制，允许在特定条件下对已提交事件的详细信息进行动态编辑与更新。 +----------------------------------------------------------------------------------------------------------------------------------------------------------------,部分响应,平台当前提供不良事件上报与处理登记（处理意见）能力。本条所述对已提交事件的类型、分级、发生日期、经过描述等详细信息进行动态编辑更新的数据修正功能当前版本未提供，列入后续开发计划。
3178,,,建立上报撤回策略，针对误操作或需重新评估的事件，支持在流转前执行撤销操作以终止当前流程。 +----------------------------------------------------------------------------------------------------------------------------------------------------------,部分响应,平台当前提供不良事件上报与处理登记能力，事件状态为「新上报」与「已处理」两态。本条所述上报后流转前的撤回撤销功能当前版本未提供，列入后续开发计划。
3179,,,具备数据清理权限，支持对无效、重复或测试产生的上报记录执行永久删除处理。 +------------------------------------------------------------------------------------------------------------------------------------------------------------------,部分响应,平台当前提供不良事件上报、查看与处理登记能力。本条所述对无效、重复或测试上报记录执行永久删除的数据清理功能当前版本未提供，列入后续开发计划。
3180,,,部署多维检索引擎，支持通过关键词、时间范围及事件类型等条件，精准定位并查询历史上报档案。 +----------------------------------------------------------------------------------------------------------------------------------------------------------,部分响应,平台当前提供不良事件列表查看能力，按状态与分级排序展示最近上报记录。本条所述按关键词、时间范围、事件类型等条件组合检索历史上报档案的功能当前版本未提供，列入后续开发计划。
3181,,,药品不良反应事件上报。 +-------------------------------------------------------------------------------------------------------------------------------------------------------------------------------------------,部分响应,平台当前提供门诊/住院医生站用药提示及输血反应处置登记等基础能力。本条所述药品不良反应事件上报功能（含 ADR 报告表填报、审核与上报）当前版本未提供，列入后续开发计划；向国家药品不良反应监测系统直报需按监测机构接口规范另行对接。
3182,,,提供便捷的事件登记入口，支持医护人员快速发起全新的药品不良反应申报流程。 +------------------------------------------------------------------------------------------------------------------------------------------------------------------,部分响应,对应业务登记能力已实现，字段级差异逐条比对
3183,,,集成数据动态修正机制，允许在特定条件下对已提交事件的详细临床信息进行编辑与更新。 +--------------------------------------------------------------------------------------------------------------------------------------------------------------,部分响应,本条所述药品不良反应事件的临床信息编辑更新功能依赖药品不良反应上报模块，该模块当前版本未提供，本条功能列入后续开发计划。
3184,,,建立上报撤回策略，针对误操作或需重新评估的事件，支持在流转前执行撤销操作以终止当前流程。 +----------------------------------------------------------------------------------------------------------------------------------------------------------,部分响应,本条所述药品不良反应上报的流转前撤回撤销功能依赖药品不良反应上报模块，该模块当前版本未提供，本条功能列入后续开发计划。
3185,,,具备数据清理权限，支持对无效、重复或测试产生的上报记录执行永久删除处理。 +------------------------------------------------------------------------------------------------------------------------------------------------------------------,部分响应,本条所述药品不良反应上报记录的数据清理删除功能依赖药品不良反应上报模块，该模块当前版本未提供，本条功能列入后续开发计划。
3186,,,部署多维度智能检索引擎，支持通过药品名称、患者信息及发生时间等组合条件，精准定位并查询历次上报信息。 +----------------------------------------------------------------------------------------------------------------------------------------------------,部分响应,本条所述按药品名称、患者信息及发生时间组合检索药品不良反应上报记录的功能依赖药品不良反应上报模块，该模块当前版本未提供，本条功能列入后续开发计划。
3187,,,构建精细化护理风险上报矩阵，全面覆盖跌倒坠床、各类烫伤误吸、导管/约束/转运意外、患者走失及自伤行为、非预期压疮、给药差错（错/漏）、液体外渗、标本采集与送检异常以及冻伤等十余类核心护理安全隐患。 +----------------------------------------------------------------------------------------------------,部分响应,平台已提供护理不良事件上报能力，事件类型涵盖跌倒（含坠床）、给药错误、压疮、管路滑脱四类核心护理安全事件，并支持 1–4 级事件分级。尚未提供：①烫伤/误吸、约束意外、转运意外、患者走失与自伤、液体外渗、标本采集与送检异常、冻伤等专项事件类型（当前只能归入「其他」）；②事件类型字典的统一维护与校验。上述缺项列入后续开发计划。
3188,,,提供敏捷化事件登记通道，支持护理人员即时发起全新的不良事件申报工单。 +--------------------------------------------------------------------------------------------------------------------------------------------------------------------,部分响应,平台已提供护理不良事件登记通道：质控中心「不良事件」页签可即时发起新事件申报，护理人员角色具备上报操作权限。尚未提供：护理人员登录后该页面的菜单入口配置，当前需由质控人员或管理员账号操作。上述缺项列入后续开发计划。
3189,,,集成信息动态修正引擎，允许在特定条件下对已提交事件的内容进行二次编辑与完善。 +----------------------------------------------------------------------------------------------------------------------------------------------------------------,部分响应,平台当前提供护理不良事件上报与处理意见登记能力。本条所述对已提交事件内容进行二次编辑完善的信息修正功能当前版本未提供，列入后续开发计划。
3190,,,建立流程熔断与撤回机制，针对误报或需重新研判的案例，支持在审批流转前执行撤销操作以中止当前进程。 +------------------------------------------------------------------------------------------------------------------------------------------------------,部分响应,平台当前提供护理不良事件上报与处理登记能力，事件状态为「新上报」与「已处理」两态。本条所述审批流转前的撤销与流程熔断机制当前版本未提供，列入后续开发计划。
3191,,,具备数据生命周期清理能力，支持对无效冗余、重复录入或测试产生的护理事件记录执行移除。 +------------------------------------------------------------------------------------------------------------------------------------------------------------,部分响应,平台当前提供护理不良事件上报、查看与处理登记能力。本条所述对无效冗余、重复录入或测试记录执行移除的数据清理功能当前版本未提供，列入后续开发计划。
3192,,,部署多条件组合检索中心，支持按事件类型、发生科室及时间维度等指标，快速溯源并查询历史护理不良事件。 +-----------------------------------------------------------------------------------------------------------------------------------------------------,部分响应,平台当前提供护理不良事件列表查看能力，按状态与分级排序展示最近上报记录。本条所述按事件类型、发生科室、时间维度组合检索历史事件的功能当前版本未提供，列入后续开发计划。
3193,,,打造全方位医技风险监测网，深度适配标本采集异常、功能检查失误、医学影像诊断差错及放射安全防护失效等多元化技术场景。 +---------------------------------------------------------------------------------------------------------------------------------------------,部分响应,平台当前提供通用不良事件上报基础能力（事件类型涵盖跌倒、给药错误、压疮、管路滑脱及其他）。本条所述标本采集异常、功能检查失误、医学影像诊断差错、放射安全防护失效等医技类专项风险监测通道当前版本未提供，列入后续开发计划。
3194,,,提供一站式事件录入门户，支持医技人员快速发起全新的检查不良事件申报流程。 +------------------------------------------------------------------------------------------------------------------------------------------------------------------,部分响应,平台当前提供通用不良事件上报入口，向质控人员、护理人员及管理员开放。本条所述面向医技人员的检查不良事件申报入口（含医技角色操作权限与菜单入口）当前版本未提供，列入后续开发计划。
3195,,,集成数据动态修正机制，允许在特定条件下对已提交事件的详细技术参数与经过描述进行编辑更新。 +----------------------------------------------------------------------------------------------------------------------------------------------------------,部分响应,平台当前提供通用不良事件上报与处理意见登记能力。本条所述对已提交医技事件的技术参数与经过描述进行编辑更新的功能当前版本未提供，列入后续开发计划。
3196,,,建立申报撤回策略，针对误操作或需重新评估的案例，支持在流转审批前执行撤销操作以终止当前任务。 +--------------------------------------------------------------------------------------------------------------------------------------------------------,部分响应,平台当前提供通用不良事件上报与处理登记能力，事件状态为「新上报」与「已处理」两态。本条所述流转审批前的申报撤回功能当前版本未提供，列入后续开发计划。
3197,,,具备数据清洗权限，支持对无效、重复录入或测试产生的医技事件记录执行移除处理。 +----------------------------------------------------------------------------------------------------------------------------------------------------------------,部分响应,平台当前提供通用不良事件上报、查看与处理登记能力。本条所述对无效、重复录入或测试产生的医技事件记录执行移除的功能当前版本未提供，列入后续开发计划。
3198,,,部署多维智能检索引擎，支持通过检查项目、设备类型及发生时段等组合条件，精准定位并查询历史安全档案。 +-----------------------------------------------------------------------------------------------------------------------------------------------------,部分响应,平台当前提供通用不良事件列表查看能力。本条所述按检查项目、设备类型及发生时段组合检索历史安全档案的功能（含检查项目、设备类型等信息采集）当前版本未提供，列入后续开发计划。
3199,,,构建输血闭环风险预警体系，全面涵盖检验缺失、配型/血型判定失误、患者身份识别错误、漏输/错输/多输、成分治疗偏差、辐射操作违规、文书记录失真、急性输血反应以及无医嘱违规输血等关键安全隐患。 +--------------------------------------------------------------------------------------------------------,配套产品响应,属设备配套软件/商用知识库/CA 等产品参数，平台已留标准接入点
3200,,,提供敏捷化输血事件登记入口，支持医护人员即时发起全新的输血不良事件申报工单。 +----------------------------------------------------------------------------------------------------------------------------------------------------------------,部分响应,平台已提供输血不良反应留痕能力：输血管理在输血记录环节可从标准字典选择输血反应处置方案并随输血记录保存。尚未提供：①独立的输血不良事件申报工单（独立事件档案、状态流转与审批）；②通用不良事件类型中的「输血」专项类型。上述缺项列入后续开发计划。
3201,,,集成信息动态修正引擎，允许在特定情况下对已提交事件的临床细节与经过描述进行二次编辑与完善。 +---------------------------------------------------------------------------------------------------------------------------------------------------------,部分响应,平台当前提供输血记录环节的输血反应处置方案一次性登记能力。本条所述对已提交输血事件的临床细节与经过描述进行二次编辑完善的功能当前版本未提供，列入后续开发计划。
3202,,,建立流程熔断与撤回机制，针对误报或需重新研判的案例，支持在审批流转前执行撤销操作以中止当前进程。 +------------------------------------------------------------------------------------------------------------------------------------------------------,部分响应,平台当前提供用血申请审批（申请、审批通过/驳回、发血、输血）与通用不良事件处理登记能力。本条所述输血事件审批流转前的撤销与流程熔断机制当前版本未提供，列入后续开发计划。
3203,,,具备数据生命周期清理能力，支持对无效冗余、重复录入或测试产生的输血事件记录执行移除。 +------------------------------------------------------------------------------------------------------------------------------------------------------------,部分响应,平台当前提供输血记录与通用不良事件的登记查看能力。本条所述对无效冗余、重复录入或测试产生的输血事件记录执行移除的功能当前版本未提供，列入后续开发计划。
3204,,,部署多条件组合检索中心，支持按血液制品类型、差错环节及时间维度等指标，快速溯源并查询历史输血安全档案。 +---------------------------------------------------------------------------------------------------------------------------------------------------,部分响应,平台当前提供用血申请列表查看能力，按时间倒序展示最近记录。本条所述按血液制品类型、差错环节及时间维度组合检索历史输血安全档案的功能当前版本未提供，列入后续开发计划。
3205,,,构筑全覆盖院感监测网络，精准适配呼吸机相关性肺炎、各类导管相关感染（泌尿/血流）、手术切口感染、多系统器官感染（呼吸/血液/消化/泌尿/皮肤/生殖/心血管/神经/口腔/骨关节）以及医务人员职业暴露等复杂场景。 +----------------------------------------------------------------------------------------------,部分响应,平台已提供院感监测能力：院感病例登记（感染部位、病原体、确诊日期）；三管监测覆盖呼吸机、中心静脉导管、导尿管置管，并自动判定呼吸机相关性肺炎、导管相关血流感染、导尿管相关泌尿系感染；提供千日感染率与现患率统计。尚未提供：①手术切口感染及呼吸/血液/消化/泌尿/皮肤/生殖/心血管/神经/口腔/骨关节等多系统感染的专项字典与专项监测（感染部位当前为自由录入）；②医务人员职业暴露监测。上述缺项列入后续开发计划。
3206,,,提供快捷式院感案例登记通道，支持感控专员及临床医护即时发起全新的感染事件申报流程。 +-------------------------------------------------------------------------------------------------------------------------------------------------------------,部分响应,平台已提供院感病例登记服务能力，质控、护理及管理员角色均具备登记权限，三管监测环节可在判定感染时自动生成感染病例。尚未提供：院感监测页面上的感染事件登记表单，感控专员及临床医护当前无法在界面直接发起感染事件申报。上述缺项列入后续开发计划。
3207,,,集成病例信息动态修正模块，允许在特定条件下对已上报事件的病原学结果及临床表现进行编辑与更新。 +--------------------------------------------------------------------------------------------------------------------------------------------------------,部分响应,平台当前提供院感病例登记能力（感染部位、病原体、确诊日期、备注）。本条所述对已上报感染病例的病原学结果及临床表现进行编辑更新的病例信息修正功能当前版本未提供，列入后续开发计划。
3208,,,建立申报撤回与纠错机制，针对误判或需重新复核的感染案例，支持在流程终结前执行撤销操作以终止当前任务。 +----------------------------------------------------------------------------------------------------------------------------------------------------,部分响应,平台当前提供院感病例登记与统计查看能力。本条所述针对误判或需复核感染案例的申报撤回与纠错机制当前版本未提供，列入后续开发计划。
3209,,,具备数据清洗与去重权限，支持对无效、重复录入或测试产生的院感记录执行永久移除处理。 +-------------------------------------------------------------------------------------------------------------------------------------------------------------,部分响应,平台当前提供院感病例登记与统计查看能力。本条所述对无效、重复录入或测试院感记录执行去重与永久移除的数据清洗功能当前版本未提供，列入后续开发计划。
3210,,,部署多维度感控数据检索引擎，支持通过感染部位、病原体类型、发生科室及时间跨度等组合条件，精准溯源并查询历史感染档案。 +--------------------------------------------------------------------------------------------------------------------------------------------,部分响应,平台当前提供院感监测汇总统计与在院患者现患率查询能力。本条所述按感染部位、病原体类型、发生科室及时间跨度组合检索历史感染档案的功能当前版本未提供，列入后续开发计划。
3211,,,构建全品类器械风险预警矩阵，深度覆盖高值/低值医疗耗材缺陷、专用诊疗器械故障以及大型医疗设备运行异常等多元化不良事件场景。 +-----------------------------------------------------------------------------------------------------------------------------------------,部分响应,平台当前提供 HRP 设备管理基础能力，包括设备故障报修单、保养计划与计量检定台账。本条所述覆盖高值/低值耗材缺陷、专用诊疗器械故障及大型设备运行异常的医疗器械不良事件监测上报矩阵当前版本未提供，列入后续开发计划。
3212,,,提供敏捷化器械事件登记入口，支持临床人员即时发起全新的医疗器械相关不良事件申报工单。 +------------------------------------------------------------------------------------------------------------------------------------------------------------,部分响应,平台当前提供 HRP 设备故障报修入口（面向运营管理角色）及通用不良事件上报入口。本条所述面向临床人员的医疗器械不良事件申报工单登记入口当前版本未提供，列入后续开发计划。
3213,,,集成信息动态修正引擎，允许在特定条件下对已提交事件的设备型号、故障现象及处置经过进行二次编辑与完善。 +----------------------------------------------------------------------------------------------------------------------------------------------------,部分响应,平台当前提供设备报修单登记、受理指派与完工登记能力。本条所述对已提交器械事件的设备型号、故障现象及处置经过进行二次编辑完善的功能当前版本未提供，列入后续开发计划。
3214,,,建立流程熔断与撤回机制，针对误报或需重新研判的器械案例，支持在审批流转前执行撤销操作以中止当前进程。 +----------------------------------------------------------------------------------------------------------------------------------------------------,部分响应,平台当前提供设备报修单处理能力（新建、受理、完成）及通用不良事件处理登记能力。本条所述器械案例审批流转前的撤销与流程熔断机制当前版本未提供，列入后续开发计划。
3215,,,具备数据生命周期清理能力，支持对无效冗余、重复录入或测试产生的器械事件记录执行移除。 +------------------------------------------------------------------------------------------------------------------------------------------------------------,部分响应,对应业务登记能力已实现，字段级差异逐条比对
3216,,,部署多条件组合检索中心，支持按器械分类、风险等级、发生科室及时间维度等指标，快速溯源并查询历史器械安全档案。 +------------------------------------------------------------------------------------------------------------------------------------------------,部分响应,平台当前提供设备报修单列表与通用不良事件列表查看能力。本条所述按器械分类、风险等级、发生科室及时间维度组合检索历史器械安全档案的功能（含器械分类、风险等级信息采集）当前版本未提供，列入后续开发计划。
3217,,,打造跨部门综合风险监测网，全面覆盖患者身份查对失误、关键信息传递断层、知情同意流程瑕疵、病历文书规范缺陷、营养支持不当、后勤物资配送差错以及院内安全意外（如跌倒/坠床）等多元化非临床技术类场景。 +-----------------------------------------------------------------------------------------------------,部分响应,平台当前提供通用不良事件上报基础能力，事件类型涵盖跌倒（含坠床）、给药错误、压疮、管路滑脱及其他。本条所述患者身份查对失误、关键信息传递断层、知情同意流程瑕疵、病历文书规范缺陷、营养支持不当、后勤物资配送差错等非临床技术类专项监测通道当前版本未提供，列入后续开发计划。
3218,,,提供一站式综合事件录入门户，支持全院职工快速发起全新的管理类或服务类不良事件申报流程。 +-----------------------------------------------------------------------------------------------------------------------------------------------------------,部分响应,平台当前提供通用不良事件录入入口，向质控人员、护理人员及管理员开放。本条所述面向全院职工（含医生、药师、医技、收费、运营等角色）的管理类或服务类不良事件申报入口及相应权限配置当前版本未提供，列入后续开发计划。
3219,,,集成数据动态修正机制，允许在特定条件下对已提交事件的经过描述、涉及部门及整改措施进行灵活编辑与更新。 +----------------------------------------------------------------------------------------------------------------------------------------------------,部分响应,平台当前提供不良事件上报（单一发生科室）与一次性处理意见登记能力。本条所述对已提交事件的经过描述、涉及部门（多部门）及整改措施进行灵活编辑更新的功能当前版本未提供，列入后续开发计划。
3220,,,建立申报撤回策略，针对误操作或需重新评估的综合案例，支持在流转审批前执行撤销操作以终止当前任务。 +------------------------------------------------------------------------------------------------------------------------------------------------------,部分响应,平台当前提供通用不良事件上报与处理登记能力，事件状态为「新上报」与「已处理」两态。本条所述流转审批前的申报撤回功能当前版本未提供，列入后续开发计划。
3221,,,具备数据清洗权限，支持对无效、重复录入或测试产生的综合事件记录执行移除处理。 +----------------------------------------------------------------------------------------------------------------------------------------------------------------,部分响应,平台当前提供通用不良事件上报、查看与处理登记能力。本条所述对无效、重复录入或测试产生的综合事件记录执行移除的功能当前版本未提供，列入后续开发计划。
3222,,,部署多维智能检索引擎，支持通过事件类别、发生区域、责任科室及时间跨度等组合条件，精准定位并查询历史综合安全档案。 +----------------------------------------------------------------------------------------------------------------------------------------------,外部条件,需医保局/省平台等外部环境开通后联调
3223,,,构建自动化层级分发机制，实现不良事件工单从发起端至各级监管部门的无缝逐级推送与流转。 +------------------------------------------------------------------------------------------------------------------------------------------------------------,部分响应,平台当前提供不良事件上报后由质控人员直接处理登记的单步处置能力。本条所述从发起端至科室、职能科室、分管院领导等各级监管部门逐级自动推送与流转的层级分发机制当前版本未提供，列入后续开发计划。
3224,,,集成可视化流程编排器，支持根据医院管理架构灵活定制审批节点的顺序、类型及流转规则。 +-------------------------------------------------------------------------------------------------------------------------------------------------------------,部分响应,平台当前提供预置固定环节的审批处理能力（不良事件处理登记、OA 审批、退费审批、科研审核等）。本条所述按医院管理架构定制审批节点顺序、类型及流转规则的可视化流程编排器当前版本未提供，列入后续开发计划。
3225,,,建立事件驳回路径，允许审批人在否决工单时，精准指定退回至任意历史处理环节而非仅限上一级。 +----------------------------------------------------------------------------------------------------------------------------------------------------------,部分响应,平台当前提供不良事件单步处理登记能力（新上报→已处理）。本条所述审批人否决工单时指定退回至任意历史处理环节的事件驳回路径当前版本未提供，列入后续开发计划。
3226,,,打造全生命周期审批控制台，提供涵盖通过、驳回、转办及撤销等全方位的操作权限，确保决策闭环。 +---------------------------------------------------------------------------------------------------------------------------------------------------------,部分响应,平台当前提供不良事件「处理」操作，由质控人员登记处理意见并结束事件。本条所述涵盖通过、驳回、转办、撤销的全生命周期审批控制台当前版本未提供，列入后续开发计划。
3227,,,支持跨部门协同处置模式，可将单一事件任务并行或串行指派给多个职能科室共同执行整改。 +-------------------------------------------------------------------------------------------------------------------------------------------------------------,部分响应,平台当前提供不良事件按单一发生科室登记、单一处理人处置的能力。本条所述将单一事件并行或串行指派给多个职能科室共同整改的跨部门协同处置模式当前版本未提供，列入后续开发计划。
3228,,,具备多人员并发指派能力，支持将复杂事件的调查或处理任务同时分配给多名具体责任人协作完成。 +----------------------------------------------------------------------------------------------------------------------------------------------------------,部分响应,【二级证据评审建议，待项目组签字】不良事件处理流转已备；多人并行指派为深化项
3229,,,引入基于角色的动态分派机制，支持按岗位角色（如护士长、质控人员）批量指派任务，自动匹配在岗人员。 +------------------------------------------------------------------------------------------------------------------------------------------------------,部分响应,平台当前提供基于角色的菜单与操作授权，以及护理排班管理基础能力。本条所述按岗位角色批量指派事件任务并自动匹配在岗人员的动态分派机制当前版本未提供，列入后续开发计划。
3230,,,配置灵活的逆向流转规则，允许在审批过程中自定义驳回目标节点，实现错误信息的精准回退与修正。 +---------------------------------------------------------------------------------------------------------------------------------------------------------,部分响应,平台当前提供不良事件单步处理登记能力。本条所述自定义驳回目标节点的逆向流转规则配置功能当前版本未提供，列入后续开发计划。
3231,,,构建可配置化的多源数据映射中间件，支持管理员灵活定义数据抓取规则，实现跨系统信息的自动化采集与无缝对接。 +--------------------------------------------------------------------------------------------------------------------------------------------------,部分响应,对应模块维护能力已实现（字典/参数/规则），细节逐条比对
3232,,,集成患者主索引同步机制，在事件录入瞬间自动拉取并填充核心患者档案，杜绝人工转录误差。 +------------------------------------------------------------------------------------------------------------------------------------------------------------,部分响应,平台已提供患者主索引（EMPI）服务，供门诊、住院等业务环节统一患者身份。本条所述不良事件录入时关联患者并自动拉取填充患者档案的功能当前版本未提供（当前事件上报不采集患者信息），列入后续开发计划。
3233,,,打通合理用药与药房管理系统接口，实时关联并提取患者当前及历史用药明细、给药途径及剂量信息，辅助药物不良事件研判。 +----------------------------------------------------------------------------------------------------------------------------------------------,部分响应,平台已提供门诊医生站合理用药审查（开单拦截）与药房管理基础能力。本条所述在不良事件研判环节实时关联提取患者当前及历史用药明细、给药途径与剂量的功能当前版本未提供，列入后续开发计划。
3234,,,联动人力资源与排班数据库，依据事件发生时间点自动匹配并载入当值医护人员身份、职称及所属科室数据，确保责任主体精准溯源。 +-------------------------------------------------------------------------------------------------------------------------------------------,部分响应,平台已提供 HRP 员工档案与护理排班管理基础能力。本条所述依据事件发生时间自动匹配并载入当值医护人员身份、职称及所属科室的联动功能当前版本未提供，列入后续开发计划。
3235,,,打造个人专属事件档案看板，一站式呈现申报历史全貌，深度透视报告流转态势、根因分析结论、整改闭环进度、部门处置反馈、追踪评价结果及全流程审计日志。 +------------------------------------------------------------------------------------------------------------------------------,部分响应,平台当前提供不良事件全院列表查看能力（状态、分级、处理意见）。本条所述个人专属事件档案看板，含本人申报历史、流转态势、根因分析结论、整改闭环进度、部门处置反馈、追踪评价及全流程操作日志，当前版本未提供，列入后续开发计划。
3236,,,部署高性能组合筛选引擎，支持通过事件分类、具体名称、风险等级、归属科室、责任人及当前状态等六维指标，实现精准数据定位。 +-------------------------------------------------------------------------------------------------------------------------------------------,部分响应,平台当前提供不良事件列表查看能力，按状态与分级排序展示最近记录。本条所述按事件分类、名称、风险等级、归属科室、责任人及当前状态的六维组合筛选功能当前版本未提供，列入后续开发计划。
3237,,,构建事件详情全息视图，聚合原始申报数据、问题根源剖析、针对性改进策略、职能部门处置实录以及后续追踪评价登记，形成完整证据链。 +----------------------------------------------------------------------------------------------------------------------------------------,部分响应,对应业务登记能力已实现，字段级差异逐条比对
3238,,,集成可视化流程进度监控器，以图形化方式实时展示审批节点流转轨迹，让案件处理阶段透明可见。 +----------------------------------------------------------------------------------------------------------------------------------------------------------,部分响应,平台当前提供不良事件列表中的处理状态展示。本条所述图形化实时展示审批节点流转轨迹的可视化流程进度监控器当前版本未提供，列入后续开发计划。
3239,,,建立审批行为追溯机制，详细记录各级审核人员的操作时间、审批意见及决策动作，确保管理过程可查、可控、可溯。 +--------------------------------------------------------------------------------------------------------------------------------------------------,部分响应,平台当前提供不良事件处理人与处理意见的记录，以及系统级操作访问日志。本条所述逐级记录各审核人员操作时间、审批意见及决策动作的审批行为追溯机制当前版本未提供，列入后续开发计划。
3240,,,构建动态数据仓库，支持从发生源头、上报主体、风险分类、严重程度及时间维度（年/季/月）进行交叉钻取，自动生成多视角的聚合分析图表。 +-------------------------------------------------------------------------------------------------------------------------------------,部分响应,平台当前提供不良事件上报数据的结构化存储（发生科室、事件类型、事件分级、发生日期）及数据治理指标快照基础能力。本条所述按发生源头、上报主体、风险分类、严重程度及年/季/月时间维度交叉钻取并自动生成多视角聚合分析图表的功能当前版本未提供，列入后续开发计划。
3241,,,输出全院不良事件宏观概览仪表盘，直观呈现安全态势总体分布、趋势走向及关键风险指标，为管理层提供全局视野。 +--------------------------------------------------------------------------------------------------------------------------------------------------,部分响应,平台已提供管理驾驶舱（运营指标、待办工作量、危急值待处理等）与病案统计分析看板。本条所述全院不良事件宏观概览仪表盘（安全态势分布、趋势走向及关键风险指标）当前版本未提供，列入后续开发计划。
3242,,,"生成科室维度的风险热力图与排行榜，深度剖析各临床单元作为""事件发生地""的安全隐患分布特征与高频问题。 +----------------------------------------------------------------------------------------------------------------------------------------------------",部分响应,平台当前提供不良事件按发生科室登记的基础数据。本条所述科室维度风险热力图与排行榜及高频问题分析功能当前版本未提供，列入后续开发计划。
3243,,,"建立上报积极性监测模型，统计并对比各科室作为""报告主体""的上报数量与质量，评估全员安全文化的落地成效。 +---------------------------------------------------------------------------------------------------------------------------------------------------",部分响应,平台当前提供不良事件实名/匿名上报基础能力。本条所述以科室为报告主体统计对比上报数量与质量的上报积极性监测模型（含上报科室信息采集）当前版本未提供，列入后续开发计划。
3244,,,绘制事件类型帕累托分析图，精准识别高频发生的风险类别（如跌倒、用药错误等），辅助制定针对性的专项整改策略。 +-------------------------------------------------------------------------------------------------------------------------------------------------,部分响应,平台当前提供不良事件按类型登记的基础数据。本条所述事件类型帕累托分析图及高频风险类别识别功能当前版本未提供，列入后续开发计划。
3245,,,实施风险等级结构化统计，量化展示不同严重程度事件的占比情况，聚焦高危预警信号，优化资源分配优先级。 +-----------------------------------------------------------------------------------------------------------------------------------------------------,部分响应,平台当前提供不良事件 1–4 级分级登记基础能力。本条所述按严重程度量化展示各等级事件占比的风险等级结构化统计功能当前版本未提供，列入后续开发计划。
3246,,,部署时间序列趋势分析引擎，按年度、季度及月度颗粒度追踪事件波动规律，识别季节性特征或长期改进效果。 +-----------------------------------------------------------------------------------------------------------------------------------------------------,部分响应,平台已提供数据治理指标按期快照与管理驾驶舱趋势展示基础能力。本条所述针对不良事件按年度、季度、月度颗粒度追踪波动规律的时间序列趋势分析功能当前版本未提供，列入后续开发计划。
3247,,,"集成正向激励考核模块，自动核算基于上报贡献度的奖励数据，生成绩效兑现依据报表，推动从""惩罚文化""向""学习文化""转型。 +--------------------------------------------------------------------------------------------------------------------------------------------",部分响应,平台当前提供不良事件实名/匿名上报基础能力。本条所述基于上报贡献度自动核算奖励数据并生成绩效兑现依据报表的正向激励考核模块当前版本未提供，列入后续开发计划。
3248,,,"实施""隐私优先""的匿名直报机制，支持上报人隐藏身份提交；精细化控制管理层对匿名源数据的解密与查看权限，平衡保密性与溯源需求。 +----------------------------------------------------------------------------------------------------------------------------------------",部分响应,平台已提供匿名直报机制：不良事件上报时可勾选匿名，匿名上报不留存上报人身份，列表以「匿名/实名」标识展示，实现隐私优先的不可逆匿名保护。尚未提供：管理层对匿名源数据的分级解密与查看权限控制（当前匿名为不可逆设计，任何角色均无法回溯上报人）。上述缺项列入后续开发计划。
3249,,,"构建弹性时效管控体系，允许针对不同事件类别自定义""发生至报告""及""报告至分析""的时限阈值，并自动生成逾期预警看板，多维度量化延迟上报与分析的合规性数据。 +--------------------------------------------------------------------------------------------------------------------------",部分响应,平台已提供病历文书书写时限质控基础能力。本条所述针对不良事件按类别自定义「发生至报告」「报告至分析」时限阈值、自动生成逾期预警看板并量化上报与分析合规性的弹性时效管控体系当前版本未提供，列入后续开发计划。
3250,,,集成智能根因分析工作台，支持按事件分类或名称自动聚合致因要素，一键渲染可视化鱼骨图（因果图），辅助团队快速定位系统性漏洞而非单纯人为失误。 +---------------------------------------------------------------------------------------------------------------------------------,部分响应,平台当前提供不良事件上报与处理意见登记能力。本条所述按事件分类或名称自动聚合致因要素并一键渲染鱼骨图的智能根因分析工作台当前版本未提供，列入后续开发计划。
3251,,,打造端到端的安全事件闭环处理流，无缝衔接从一线人员快速填报、多级流转审批到最终归档的全生命周期管理，确保每起事件均有迹可循。 +----------------------------------------------------------------------------------------------------------------------------------------,部分响应,平台已提供不良事件基础闭环：一线人员在质控中心「不良事件」页签填报，质控人员在列表中查看并登记处理意见，事件状态由「新上报」转为「已处理」。尚未提供：①多级流转审批（当前为单人单次处置）；②驳回与转办操作；③归档状态；④处置时间等审批留痕。上述缺项列入后续开发计划。
3252,,,部署全渠道智能消息通知中心，在审批节点触发时，通过站内信、移动端推送或即时通讯工具实时触达责任人，大幅缩短等待时长，提升流转效率。 +-------------------------------------------------------------------------------------------------------------------------------------,部分响应,平台当前提供运维高等级故障告警的外部消息推送能力。本条所述在审批节点触发时通过站内信、移动端推送或即时通讯工具实时触达责任人的全渠道消息通知中心当前版本未提供，列入后续开发计划。
3253,,,"引入多上下文业务空间切换技术，支持拥有跨科室职责的用户在不同业务单元间无缝跳转，实现""一人多岗""场景下的数据隔离与精准操作。 +----------------------------------------------------------------------------------------------------------------------------------------",部分响应,平台当前提供基于角色的菜单授权与单一登录身份体系。本条所述跨科室职责用户在多个业务单元间切换、实现「一人多岗」数据隔离的多上下文业务空间切换功能当前版本未提供，列入后续开发计划。
3254,★,,+-------------------------------+-----------------------------------------------------------------------------------------------------------------------------------------------------------------------,非参数行,文档转换产生的表格分隔残渣，不计入参数总数
3255,,,支持医院门户管理，医务管理人员待办事项查看，通知公告管理，全院医生预警信息管理，档案与申请类统计分析、患者如出院人次变化趋势查看。 医疗技术档案,部分响应,平台已提供管理驾驶舱：管理人员可查看待办工作量（待收费、待发药、待执行、危急值待处理）与运营指标（含出院人次），病案统计分析提供科室按月出院人次变化趋势。尚未提供：①通知公告管理；②全院医生预警信息管理模块（当前仅驾驶舱危急值计数）；③档案与申请类统计分析。上述缺项列入后续开发计划。
3256,,,技术档案管理帮助医院高效地管理医师个人信息和资质认证情况，支持档案管理、借阅等功能，支持轮转计划、医嘱权限管理，实现医生管理个人档案信息，包括档案总览、基本信息、医疗活动、培训考试记录、定期考核等；支持医务科管理全院医生的医疗技术档案，支持档案的自定义查询过滤、导出、修改与删除。 <!-- -->,部分响应,平台已提供 HRP 员工档案（新增、按科室与关键词查询）与医务台账中的执业资质管理（证书登记、有效期状态、到期预警），并提供抗菌药物分级处方权管理。尚未提供：①档案借阅；②轮转计划；③抗菌药分级以外的医嘱权限管理；④档案导出；⑤员工档案的修改与删除；⑥医疗活动、培训考试记录、定期考核等个人档案分项。上述缺项列入后续开发计划。
3257,,,医务人员管理个人档案信息，内容包含档案总览，通过日期检索查看科研项目论文、三新技术、学分情况、奖励惩罚情况、医疗活动情况和知识产权情况等数量信息。,部分响应,平台当前提供 HRP 员工档案管理端查询与院级科研项目台账基础能力。本条所述医务人员个人档案总览及按日期检索科研论文、三新技术、学分、奖惩、医疗活动、知识产权等数量信息的功能当前版本未提供，列入后续开发计划。
3258,,,通过时间轴查看所有个人档案事件发生情况，通过年份和事件类型进行过滤查看。,部分响应,平台当前提供 HRP 员工档案与医务资质台账基础能力。本条所述以时间轴查看个人档案全部事件并按年份与事件类型过滤的功能当前版本未提供，列入后续开发计划。
3259,,,管理维护个人档案基本信息，包含工号、姓名、性别、婚姻、出生日期、手机号码、邮箱地址等内容。,配套产品响应,【二级证据评审建议，待项目组签字】流程设计器/公文/邮件属 OA 产品；平台 OA 已备审批流转、我发起的、制度文件库（/hrp/ops）
3260,,,管理执业证书信息，包含各类执业证书的名称、执业证号、获得时间、审批机构、有效期等内容。,部分响应,平台已提供医务台账执业证书管理：登记证书类型（含执业证）、证书编号、有效期，自动标识有效/临期/过期状态并提供到期预警。尚未提供：①审批机构字段（当前只能填写在备注）；②页面上获得时间的录入。上述缺项列入后续开发计划。
3261,,,管理学历工作信息，包含教育经历（教育开始和结束时间、学校、所学专业、学历、学位等）和工作经历（工作开始和结束时间、工作单位、担任职务、岗位职称、科室等）。,部分响应,平台当前提供 HRP 员工档案基础信息（含职称、入职日期）管理。本条所述教育经历（起止时间、学校、专业、学历、学位）与工作经历（起止时间、单位、职务、职称、科室）管理功能当前版本未提供，列入后续开发计划。
3262,,,管理职称职务信息，档案显示医务调动后的变动记录，包含调动/任命日期、获得职称与职务名称等信息。,部分响应,平台当前提供 HRP 员工档案中当前职称的登记。本条所述职称职务变动记录管理（调动/任命日期、获得职称与职务名称的历史轨迹及档案更新）当前版本未提供，列入后续开发计划。
3263,,,管理证照信息，包含各类证照的附件资料管理。,部分响应,平台当前在医务台账中提供医务人员资质证照的登记与到期预警基础能力（证照类型、证件号、有效期、有效/临期/过期状态）；本条所述证照附件资料的上传、存储与在线查看尚未提供，列入后续开发计划。
3264,,,管理科研论文信息，包含科研项目（项目编号、项目名称、研究开始和结束时间、项目级别、附件）和论文项目（期刊类型、年份、题目、第一作者、通讯作者、期刊名称、卷号）的情况。,部分响应,平台提供院级科研台账，可登记科研项目条目（项目名称、负责人、项目内容、经费金额），支持草稿、审核通过、退回的状态管理。尚未提供：①论文项目管理（期刊类型、年份、题目、第一作者、通讯作者、期刊名称、卷号等字段）；②科研项目的项目编号、研究起止时间、项目级别与附件字段；③科研条目与医务人员个人档案的关联挂接（当前为院级台账，负责人为文本登记）。上述缺项列入后续开发计划。
3265,,,管理三新记录信息，包含记录项目名称、开始和结束时间、项目单位、项目类型等。,部分响应,平台当前提供院级科研台账基础能力（科研项目条目登记与审核）；本条所述三新（新技术新项目）记录管理，包括记录项目名称、开始和结束时间、项目单位、项目类型等，尚未提供，列入后续开发计划。
3266,,,管理专业学会任职信息，包含任职开始和结束时间、任职团体、任职职务等。,部分响应,平台当前提供人力资源管理中的员工档案基础信息管理；本条所述专业学会任职信息管理（任职开始和结束时间、任职团体、任职职务）尚未提供，列入后续开发计划。
3267,,,查看学分情况，通过教育教育记录产生的学分情况查看。,正偏离/无偏离,由人力资源管理「继续教育」页签提供：继续教育记录录入后，系统按员工、年度自动汇总学分，页面提供「年度学分汇总」表，可按员工查看学分明细记录与年度学分合计。
3268,,,查看奖惩情况，通过奖惩记录生成的包含奖励和惩罚相关的日期、部门、项目、等级、金额等。,部分响应,平台当前提供员工档案、培训台账与继续教育台账基础能力；本条所述奖惩记录管理（奖励与惩罚的日期、部门、项目、等级、金额）及奖惩情况查看尚未提供，列入后续开发计划。
3269,,,管理培训考试记录，包含培训日期、培训内容、培训部门、考核日期、分数等。,部分响应,平台人力资源管理「培训」页签提供培训记录管理，可登记培训类别、培训开始与结束日期、培训单位/部门、培训内容及取得的证书名称与编号，并按员工查询。尚未提供：培训对应的考核日期与考核分数字段。上述缺项列入后续开发计划。
3270,,,管理继续教育记录，包含教育的开始和结束日期、项目编号、项目名称、项目类型、学分，生成学分记录到学分情况模块。,部分响应,平台人力资源管理「继续教育」页签提供继续教育记录管理，可登记项目编号、项目名称、主办单位、学分与所属年度，录入后自动汇总生成年度学分记录，供学分情况查看。尚未提供：①继续教育的开始日期与结束日期字段（当前仅记录年度）；②项目类型字段。上述缺项列入后续开发计划。
3271,,,管理知识产权记录，包含授权日期、专利名称、专利号、专利分类等。,部分响应,平台院级科研台账支持登记「知识产权转化」类条目（名称、负责人、内容、金额），并进行审核状态管理。尚未提供：①授权日期、专利名称、专利号、专利分类等专利专属字段；②知识产权记录与医务人员个人档案的关联（当前为院级台账下的一个分类）。上述缺项列入后续开发计划。
3272,,,管理定期考核记录，包含考核周期、考核开始和结束日期、考核结果。,部分响应,平台医务台账支持登记「定期考核」类资质记录，可记录有效期并自动给出有效/临期/过期状态提示。尚未提供：考核周期、考核开始与结束日期、考核结果等定期考核专属字段及独立的定期考核记录管理。上述缺项列入后续开发计划。
3273,,,管理带教记录，包含带教记录开始和结束时间、带教项目、组别、周数、学生来源等。,部分响应,平台当前提供培训台账与继续教育台账基础能力；本条所述带教记录管理（带教开始和结束时间、带教项目、组别、周数、学生来源）尚未提供，列入后续开发计划。
3274,,,查看人员处方权限和手术权限信息。 <!-- -->,部分响应,平台医务管理「抗菌处方权」页签提供全院医师抗菌药物分级处方权（非限制/限制/特殊使用级）的查看。尚未提供：①普通处方权、麻醉药品与精神药品处方权等其他处方权限类型的查看；②手术分级授权信息的查看（当前仅可在医务台账中以资质记录形式登记手术授权证书，无手术级别授权信息）。上述缺项列入后续开发计划。
3275,,,"全院医务人员档案信息总览管理，可从HRP或者HIS同步人员基础信息,可以到处人员基本信息。 <!-- -->",部分响应,平台人力资源管理「员工档案」页签提供全院人员档案总览，支持按科室、姓名或工号检索，并提供全院通讯录。尚未提供：①从 HRP/HIS 同步人员基础信息的接口（当前人员信息为页面录入）；②人员基本信息导出。上述缺项列入后续开发计划。
3276,,,档案借阅记录，可以记录医务人员档案借阅情况和归还情况。 <!-- -->,部分响应,平台当前提供员工档案管理基础能力；本条所述医务人员档案借阅记录与归还记录管理尚未提供，列入后续开发计划。
3277,,,支持通过参数开启档案审批功能，开启后任何个人档案的修改都需要进行审批后才可以生效，可以通过申请时间、科室、类型筛选需要审批的内容，审批过程中可以对比修改前的内容。 <!-- -->,部分响应,平台当前提供员工档案的新增与查询；本条所述通过参数开启档案修改审批、按申请时间/科室/类型筛选待审批内容以及审批时对比修改前后内容的功能尚未提供，列入后续开发计划。
3278,,,针对借阅档案操作的审批处理。 <!-- -->,部分响应,本条所述档案借阅操作的审批处理当前版本未提供（档案借阅记录管理亦列入后续开发计划），列入后续开发计划。
3279,,,支持医务管理人员变动和维护医生的职务变动信息。 <!-- -->,部分响应,对应模块维护能力已实现（字典/参数/规则），细节逐条比对
3280,,,支持医务管理人员变动和维护医生的职称变动信息。 <!-- -->,部分响应,对应模块维护能力已实现（字典/参数/规则），细节逐条比对
3281,,,支持制定医生轮转计划，设定轮转的开始和结束时间，根据轮转计划自动变更医生所在科室。 <!-- -->,部分响应,平台当前提供员工档案中所属科室的登记；本条所述医生轮转计划制定（设定轮转开始与结束时间）及按轮转计划自动变更医生所在科室尚未提供，列入后续开发计划。
3282,,,支持对医生的调动处理，从一个科室调动到另外一个科室。 **权限准入管理**,部分响应,平台当前提供员工档案中所属科室的登记基础能力；本条所述医生科室调动处理（从一个科室调动到另一个科室）及调动记录尚未提供，列入后续开发计划。
3283,,,提供各类权限的授权管理和新技术新项目的准入管理。 <!-- -->,部分响应,平台提供抗菌药物分级处方权授权管理：医务管理页面可为医师设置处方权级别，门诊/住院医生站开具抗菌药物时按级别实时拦截。尚未提供：①手术、特殊诊疗、限制类技术等其他权限类型的授权管理；②新技术新项目的准入管理。上述缺项列入后续开发计划。
3284,,,支持对全院医生进行各类权限授权和取消授权管理，授权和取消授权将同步更新HIS系统权限。 <!-- --> 1) 医疗权限统计 <!-- -->,部分响应,平台提供抗菌药物分级处方权的授予与级别调整，调整后即时在医生站开单环节生效；另提供系统角色-菜单权限授权。尚未提供：①手术权限等其他医疗权限类型的授权与取消；②显式的取消授权动作及授权变更历史留痕；③向外部 HIS 系统同步权限的接口；④医疗权限统计。上述缺项列入后续开发计划。
3285,,,支持对已授权的人员信息通过医生、科室的筛选查看已授权限。 <!-- --> 2) 职称医疗权限配置 <!-- -->,部分响应,平台医务管理「抗菌处方权」页签提供已授权人员列表，显示医师、处方权级别与授权时间。尚未提供：按医生、科室条件筛选已授权人员（当前列表不含科室信息）；职称医疗权限配置。上述缺项列入后续开发计划。
3286,,,支持批量对同一职称的所有医生进行批量授权。 <!-- -->,部分响应,平台当前提供按单个医师逐一设置抗菌处方权级别的基础能力；本条所述按职称对同一职称全部医生进行批量授权尚未提供，列入后续开发计划。
3287,,,手术授权管理用于规范手术分级授权，有助于医院提高手术安全性和医疗质量。支持科室批量手术权限的申请和审批，支持医生申请个人手术权限，支持关联HIS系统患者信息，支持关联医生个人医疗技术档案信息；支持管理和追踪医务人员的手术资质和动态信息，包括手术资质的再授权及手术资质的降级和取消等，支持授权水印和时间戳服务；支持申请情况、审批情况、授权情况等各项指标统计。 <!-- --> 1) 授权统计 <!--,配套产品响应,属设备配套软件/商用知识库/CA 等产品参数，平台已留标准接入点
3288,,,支持查看医生申请流程节点数量查询、科室手术授权医生数、手术授权例数查询。 <!-- --> 2) 医师申请 <!-- -->,部分响应,平台当前提供医务台账中手术授权证书的资质登记基础能力；本条所述医生申请流程节点数量查询、科室手术授权医生数、手术授权例数查询等统计功能尚未提供，列入后续开发计划。
3289,,,支持医生个人手术的申请，申请的时候验证医生参与一助的手术例数，可关联查看参与一助手术的患者基本信息，从参与一助的手术列表中选择自己需要申请的手术。,部分响应,平台当前住院手术记录仅登记主刀术者；本条所述医生个人手术权限申请、申请时校验参与一助的手术例数、关联查看一助手术患者基本信息及从一助手术列表中选择申请术式等功能尚未提供，列入后续开发计划。
3290,,,支持导出个人手术申请表。 <!-- --> 3) 医师审批 <!-- -->,部分响应,本条所述个人手术申请表导出当前版本未提供（医生个人手术申请功能亦列入后续开发计划），列入后续开发计划。
3291,,,支持审批医生手术，支持多人批量审批，支持通过流程引擎配置审批流程，手术审批通过后将手术权限同步到HIS。 <!-- --> 4) 会议记录 <!-- -->,部分响应,本条所述医生手术权限审批、多人批量审批、通过流程引擎配置审批流程以及审批通过后将手术权限同步至 HIS 等功能当前版本未提供，列入后续开发计划。
3292,,,支持手术授权过程中的会议记录，包含会议的名称、时间、地点、主持人、参会人员，可以通过会议关联授权申请单。 <!-- --> 5) 资质动态管理 <!-- -->,部分响应,本条所述手术授权过程中的会议记录（会议名称、时间、地点、主持人、参会人员）及会议与授权申请单的关联当前版本未提供，列入后续开发计划。
3293,,,支持查看医生手术开展情况，包含一级手术数、二级手术数、三级手术数、四级手术数、非计划再次手术数、手术并发症次数；可查看每类手术患者明细，支持跳转患者360视图。,部分响应,平台当前提供按术式统计手术例数的基础报表，并提供患者360视图页面；本条所述按医生维度统计一至四级手术数、非计划再次手术数、手术并发症次数、查看每类手术患者明细及从该页面跳转患者360视图尚未提供，列入后续开发计划。
3294,,,支持对医生授权权限的管理，可以取消当前可以开展的手术，可以查看被取消的手术权限。 <!-- --> 6) 手术授权报表统计 <!-- -->,部分响应,平台当前提供抗菌处方权级别的调整基础能力；本条所述取消医生当前可开展的手术权限及查看被取消手术权限记录尚未提供，列入后续开发计划。
3295,,,支持通过科室、医生姓名、手术类型、手术编码等条件统计医生的手术权限信息。 <!-- -->,部分响应,平台当前提供按术式的手术例数统计；本条所述按科室、医生姓名、手术类型、手术编码等条件统计医生手术权限信息的报表尚未提供，列入后续开发计划。
3296,,,支持对单个患者的院内医嘱、文书、报告查询等权限进行访问控制，可控制此类文书的查看、新增、修改、删除、打印权限，可控制权限访问的开始和结束时间。,部分响应,平台当前提供基于角色的菜单与按钮级功能权限控制；本条所述针对单个患者院内医嘱、文书、报告的患者级访问控制（查看/新增/修改/删除/打印动作细分及访问权限起止时间）尚未提供，列入后续开发计划。
3297,,,支持对上级和下级权限的控制，支持权限的授予和取消，支持批量取消授权。 <!-- --> 2) 授权审核 <!-- -->,部分响应,平台系统管理「角色管理」提供角色菜单权限的整批授予与取消（一次提交覆盖式更新）；医务管理提供抗菌处方权的逐人授予与调整。尚未提供：①上级与下级权限的层级控制（权限委托、上下级授权关系）；②对多人的批量取消授权操作。上述缺项列入后续开发计划。
3298,,,支持对医生临床授权申请后的审批，可以对申请进行通过和拒绝授权，授权的时候可以选择授权的类型，可以进行批量授权。 <!-- -->,部分响应,平台当前提供由医务管理人员直接设置医师抗菌处方权级别的基础能力；本条所述医生提交临床授权申请、审批通过/拒绝、授权时选择授权类型及批量授权的申请-审批流程尚未提供，列入后续开发计划。
3299,,,对新项目新技术的申请、审批和后续的项目过程进行管理。 <!-- --> 1) 项目申请 <!-- -->,部分响应,本条所述新技术新项目的申请、审批及后续项目过程管理当前版本未提供，列入后续开发计划。
3300,,,项目负责人对即将要开展的新项目新技术进行申请，申请的时候填写项目申请表，系统内置申请表的样式，医院需要提供格式进行调整。 可管理项目申请状态，暂存状态下可修改或者删除申请单。 可查看项目申请情况和审核记录情况。 2) 项目审核 <!-- -->,部分响应,本条所述新技术新项目申请功能（内置项目申请表样式并可按医院格式调整、申请状态管理、暂存状态下修改或删除申请单、查看项目申请情况与审核记录）当前版本未提供，列入后续开发计划。
3301,,,支持对新技术新项目的申请进行审批。,部分响应,平台当前提供 OA 事务申请与临床输血申请的审批基础能力；本条所述新技术新项目申请审批尚未提供，列入后续开发计划。
3302,,,支持对项目管理过程中的阶段性评估、不良事件、转常规、项目变更等内容的审批。,部分响应,本条所述新技术新项目管理过程中阶段性评估、不良事件、转常规、项目变更等事项的审批当前版本未提供，列入后续开发计划。
3303,,,支持批量审批。,部分响应,平台当前各类审批（OA 事务申请、临床输血申请、不良事件处理等）均为逐单处理；本条所述批量审批尚未提供，列入后续开发计划。
3304,,,支持根据医院的实际情况配置审批流程。 <!-- --> 3) 项目管理 <!-- -->,部分响应,平台当前审批环节为固定的「提交—审批」一步流程；本条所述根据医院实际情况配置审批流程（流程定义、审批节点设置）尚未提供，列入后续开发计划。
3305,,,支持对已经审批后的项目进行日常管理，包含项目阶段性评估、不良事件管理。,部分响应,本条所述已审批新技术新项目的日常管理（项目阶段性评估、项目不良事件管理）当前版本未提供，列入后续开发计划。
3306,,,支持以进度条的方式跟踪查看项目开展进度。,部分响应,本条所述以进度条方式跟踪查看新技术新项目开展进度当前版本未提供，列入后续开发计划。
3307,,,支持对项目的转常规和变更操作。,部分响应,单据变更走作废/还原与调整留痕链路
3308,,,支持查看项目的生命周期和在每个阶段生成的各类表单和审批记录。,部分响应,平台当前审批留痕为单条申请的最终审批结论（审批人、审批意见、审批时间）；本条所述项目生命周期视图及各阶段生成的表单与审批记录查看尚未提供，列入后续开发计划。
3309,,,申请审批管理。,部分响应,平台提供三类申请审批：①OA 事务申请审批（请假、用章、采购、其他），含「OA 审批」与「我发起的 OA」页面；②临床输血申请与审批；③门诊退费申请审批。尚未提供：①统一的申请审批管理中心（统一待办、统一申请列表）；②审批流程配置；③申请类型的自定义扩展（当前 OA 申请类型固定为四种）。上述缺项列入后续开发计划。
3310,,,提供日常业务的申请与审批，包括：系统权限申请、医疗技术申请、请假申请、会诊申请、处方权限申请、档案借阅申请、临床输血申请，及对应业务的审批。审批后档案同步更新到医务人员的个人医疗技术档案。 <!-- -->,部分响应,平台提供请假申请（OA 事务申请）与临床输血申请的提交与审批，并提供院内会诊单的发起与完成。尚未提供：①系统权限申请、医疗技术申请、处方权限申请、档案借阅申请四类申请及其审批；②会诊申请的审批环节；③审批通过后自动同步更新医务人员个人医疗技术档案（当前医务台账为手工登记）。上述缺项列入后续开发计划。
3311,,,支持申请通过自由式表单配置的如抗菌药物权限申请、抗肿瘤药物权限申请、麻醉药物权限申请、重大手术申请、处方权权限申请、医师权限申请、外请专家申请等各类申请信息的提交。,部分响应,平台当前提供固定类型（请假、用章、采购、其他）的 OA 事务申请提交；本条所述自由式表单配置，以及抗菌药物权限、抗肿瘤药物权限、麻醉药物权限、重大手术、处方权权限、医师权限、外请专家等各类申请的提交尚未提供，列入后续开发计划。
3312,,,支持通过申请日期、类型、状态查看申请状态。,部分响应,平台 OA 申请列表展示每条申请的类型、状态与申请时间，可查看申请状态。尚未提供：按申请日期、类型、状态的条件筛选查询。上述缺项列入后续开发计划。
3313,,,支持申请单的提交、打印、作废、删除处理。 <!-- -->,部分响应,平台提供 OA 申请单的提交。尚未提供：申请单的打印、作废与删除处理。上述缺项列入后续开发计划。
3314,,,支持审批各类日常业务申请单，可通过流程引擎配置各类申请单的审批流程，可以查看审批记录。 **医疗安全管理**,部分响应,平台提供 OA 申请单审批（通过/驳回并填写审批意见），审批人、审批意见与审批时间在申请列表中可见。尚未提供：①通过流程引擎配置各类申请单的审批流程（当前为固定一步审批）；②多环节审批记录流水的查看（当前仅保留最终审批结论）；③申请单类型的扩展（当前固定四种）。上述缺项列入后续开发计划。
3315,,,支持对患者的投诉进行登记管理，包括投诉人信息、投诉内容、投诉日期、接诉部门、理诉部门、投诉方式等信息；支持记录投诉处理结果，查看投诉处理进度及调解情况，支持将投诉处理结果导出为EXCEL文档格式。,部分响应,本条所述患者投诉登记管理（投诉人信息、投诉内容、投诉日期、接诉部门、理诉部门、投诉方式）、投诉处理结果与处理进度/调解情况记录及处理结果导出 Excel 当前版本未提供，列入后续开发计划。
3316,,,支持对投诉记录进行分发，分发给被投诉科室进行调查。 <!-- --> 2) 事件调查 <!-- -->,部分响应,本条所述投诉记录分发至被投诉科室进行调查的功能当前版本未提供（投诉登记管理亦列入后续开发计划），列入后续开发计划。
3317,,,支持投诉分发科室进行调查，填写调查的事件经过，整改措施等，调查报表内容可根据医院实际情况修改。,部分响应,本条所述被投诉科室调查填报（事件经过、整改措施）及调查报表内容按医院实际情况调整的功能当前版本未提供，列入后续开发计划。
3318,,,支持对调查内容的审批，审批流程根据医院实际情况调整。,部分响应,本条所述投诉调查内容的审批及审批流程按医院实际情况调整当前版本未提供，列入后续开发计划。
3319,,,支持对调查内容的导出。 <!-- --> 3) 投诉处理 <!-- -->,部分响应,平台当前提供科室月报、病案质控等报表导出基础能力；本条所述投诉调查内容导出尚未提供，列入后续开发计划。
3320,,,支持对投诉记录的调解处理，包含院方代表、调解时间、调解地点、院方法律人员、患方法律人员、调解结果等信息记录。,部分响应,【二级证据评审建议，待项目组签字】不良事件与故障工单闭环已备；投诉调解诉讼专项为医务深化
3321,,,支持对调解不成功的记录进行诉讼处理，包含诉讼结果、诉讼时间等信息记录。,部分响应,【二级证据评审建议，待项目组签字】不良事件与故障工单闭环已备；投诉调解诉讼专项为医务深化
3322,,,支持对诉讼的投诉内容进行赔偿处理，包含赔偿执行时间、执行地点、院方代表、患方代表、第三方机构、患者法律人员等信息。,部分响应,本条所述诉讼类投诉的赔偿处理记录（赔偿执行时间、执行地点、院方代表、患方代表、第三方机构、患者法律人员）当前版本未提供，列入后续开发计划。
3323,,,支持对处理结果的记录。,部分响应,平台当前在不良事件与设备维修工单中提供处置结果记录基础能力；本条所述投诉处理结果记录尚未提供，列入后续开发计划。
3324,,,支持对投诉的伦理分析，包含伦理分析的时间、地点、方式、认定记录摘要、责任人相关信息。 <!-- --> 4) 投诉统计 <!-- -->,部分响应,本条所述投诉伦理分析记录（分析时间、地点、方式、认定记录摘要、责任人信息）当前版本未提供，列入后续开发计划。
3325,,,支持通过投诉日期对投诉件数与处理结果的统计。,部分响应,本条所述按投诉日期统计投诉件数与处理结果的功能当前版本未提供，列入后续开发计划。
3326,,,支持按照被投诉科室事件数量、赔偿金额、事件类型占比等内容占比统计。 <!-- -->,部分响应,本条所述按被投诉科室事件数量、赔偿金额、事件类型占比等维度的投诉占比统计当前版本未提供，列入后续开发计划。
3327,,,支持误诊误治事件上报、麻醉不良事件上报、手术不良事件上报、导管/介入意外事件上报等。,部分响应,平台质量管理中心「不良事件」页提供通用不良事件上报，可登记事件类型、分级、发生日期、科室、事件描述，支持匿名上报。尚未提供：误诊误治事件、麻醉不良事件、手术不良事件、导管/介入意外事件四类专项上报类型及各自的专项上报表单与专属字段（当前上报类型为跌倒、给药错误、压疮、管路滑脱、其他）。上述缺项列入后续开发计划。
3328,,,具备新增上报医疗不良事件功能。,正偏离/无偏离,由质量管理中心「不良事件」页提供：可新增上报医疗不良事件，登记事件类型、事件分级（一至四级）、发生日期、发生科室、事件描述，支持匿名上报，上报后进入不良事件列表供管理人员处理。
3329,,,具备医疗不良事件上报信息的修改功能。,部分响应,平台当前提供不良事件的上报、列表查看与处理登记；本条所述对已上报不良事件信息的修改尚未提供，列入后续开发计划。
3330,,,具备对已上报的医疗不良事件上报信息进行撤销。,部分响应,平台当前提供不良事件的上报、列表查看与处理登记；本条所述对已上报不良事件的撤销尚未提供，列入后续开发计划。
3331,,,具备对已上报的医疗不良事件上报信息进行删除。,部分响应,平台当前提供不良事件的上报、列表查看与处理登记；本条所述对已上报不良事件的删除尚未提供，列入后续开发计划。
3332,,,具备医疗不良事件上报信息查询功能。 <!-- --> 2) 事件审核 <!-- -->,部分响应,平台质量管理中心「不良事件」页提供不良事件列表，展示事件类型、分级、发生日期、科室、描述与处理状态。尚未提供：按日期区间、类型、分级、科室、状态等条件的查询筛选。上述缺项列入后续开发计划。
3333,,,具备将不良事件登记逐级推送到上级审批部门。,部分响应,平台当前不良事件由单一处理人登记处理意见后即完成处理；本条所述将不良事件登记逐级推送至上级审批部门尚未提供，列入后续开发计划。
3334,,,支持节点审批任务自定义。,部分响应,本条所述审批节点任务自定义当前版本未提供（平台当前无可配置的审批流程引擎），列入后续开发计划。
3335,,,支持自由选择驳回节点。,部分响应,【二级证据评审建议，待项目组签字】OA/填报审批已备驳回；自由选择回退节点为流程引擎深化
3336,,,具备不良事件审批功能。,部分响应,平台提供不良事件处理登记：管理人员可对已上报事件填写处理意见并标记为已处理，记录处理人。尚未提供：具备通过/驳回分支的正式审批、审批人角色校验、多级审批及审批记录流水。上述缺项列入后续开发计划。
3337,,,支持指派多部门执行，支持指派多人员执行，支持指派多角色执行。,部分响应,平台当前在设备维修工单中提供指派单一执行人员的基础能力；本条所述指派多部门、多人员、多角色执行尚未提供，列入后续开发计划。
3338,,,支持自定义不良事件驳回节点。 <!-- --> 3) 事件汇总 <!-- -->,部分响应,平台当前不良事件处理为登记处理意见后即完成，无驳回环节；本条所述自定义不良事件驳回节点尚未提供，列入后续开发计划。
3339,,,支持对所有医疗事件按照各类条件进行筛选统计。,部分响应,平台当前提供不良事件列表查看；本条所述对所有医疗事件按各类条件进行筛选统计尚未提供，列入后续开发计划。
3340,,,支持查看事件所有的申请和审批记录。,部分响应,平台当前不良事件仅保留处理意见与处理人信息；本条所述查看事件全部申请与审批记录尚未提供，列入后续开发计划。
3341,,,支持导出事件列表。 <!-- --> 4) 事件分享 <!-- -->,部分响应,平台当前提供科室月报、病案质控等报表导出基础能力；本条所述不良事件列表导出尚未提供，列入后续开发计划。
3342,,,支持对事件分享，查看历史分享记录。 <!-- --> 5) 事件阅读 <!-- -->,部分响应,本条所述不良事件分享及历史分享记录查看当前版本未提供，列入后续开发计划。
3343,,,支持被分享人对事件的阅读查看。 **医疗活动管理**,部分响应,本条所述被分享人对不良事件的阅读查看当前版本未提供（事件分享功能亦列入后续开发计划），列入后续开发计划。
3344,,,支持医院公益派单任务的记录和管理，包括下乡、义诊、公益体检、扶贫、志愿者、党员先锋队等任务；支持自由增加派单人员和通过不同的条件自动匹配和推荐派单人员。,部分响应,本条所述医院公益派单任务记录与管理（下乡、义诊、公益体检、扶贫、志愿者、党员先锋队等）及派单人员自由增加与按条件自动匹配推荐当前版本未提供，列入后续开发计划。
3345,,,支持派单开销的填写，包含里程、午餐费、油费、救护车、药品、物资数量。 <!-- -->,部分响应,本条所述派单开销填写（里程、午餐费、油费、救护车、药品、物资数量）当前版本未提供（公益派单管理亦列入后续开发计划），列入后续开发计划。
3346,,,支持医务科填写和管理院内外出到外院会诊记录的填写，包含会诊人员、会诊医院、是受手术、会诊日期、回院日期、会诊事项。 <!-- -->,部分响应,平台当前提供院内会诊单的发起、应答与完成；本条所述医务科外出会诊记录管理（会诊人员、会诊医院、是否手术、会诊日期、回院日期、会诊事项）尚未提供，列入后续开发计划。
3347,,,支持外院专家到医院会诊的会诊记录信息的填写，包含会诊人员、人员电话、医院、邀会诊科室、会诊日期、离院日期、会诊事项。 <!-- -->,部分响应,平台当前提供院内会诊单的发起与完成；本条所述外院专家来院会诊记录管理（会诊人员、人员电话、所在医院、邀请会诊科室、会诊日期、离院日期、会诊事项）尚未提供，列入后续开发计划。
3348,,,支持按照派单开始和结束日期统计外派数据。 **医师考核管理**,部分响应,本条所述按派单开始与结束日期统计外派数据当前版本未提供（公益派单管理亦列入后续开发计划），列入后续开发计划。
3349,,,支持批量导入教学培训考试成绩信息，考试成绩信息支持自动匹配同步到个人医疗技术的档案。 <!-- -->,部分响应,平台当前提供培训记录的逐条录入（含取得证书名称与编号）；本条所述教学培训考试成绩批量导入及考试成绩自动匹配同步至个人医疗技术档案尚未提供，列入后续开发计划。
3350,,,支持批量导入定期考核记录。 **医师排班管理**,部分响应,平台当前医务台账提供定期考核记录的逐条录入与到期预警；本条所述定期考核记录批量导入尚未提供，列入后续开发计划。
3351,,,支持医院维护院内标准班次类型。 <!-- -->,部分响应,平台当前护理排班提供白班/中班/夜班固定班次，门诊排班提供固定号源时段；本条所述由医院自行维护院内标准班次类型尚未提供，列入后续开发计划。
3352,,,支持科室自行维护班次，包含班次名称、班次时间、班时、颜色、班次内容。 <!-- -->,部分响应,平台当前护理排班班次为固定预置的白班/中班/夜班；本条所述科室自行维护班次（班次名称、班次时间、班时、颜色、班次内容）尚未提供，列入后续开发计划。
3353,,,支持科室人员排班管理，在编辑排班页面对科室人员班次信息进行排布，可以进行排班表的打印。,部分响应,平台医务管理「护理排班」页提供护士排班登记与按日查询，登记时自动校验同一人员同日同班次冲突。尚未提供：①行列网格式的编辑排班页面（当前为逐条登记，一次一人一天一班）；②排班表打印；③面向护士以外科室人员的通用排班。上述缺项列入后续开发计划。
3354,,,支持按照不同维度进行排班与查询，支持复制上周排班等便捷操作，帮助医院更好地管理医生的工作安排和调度。,部分响应,平台护理排班支持按日期查询全院各科室各班次安排。尚未提供：①按科室、人员、周/月区间等其他维度的排班查询；②复制上周排班等便捷操作。上述缺项列入后续开发计划。
3355,,,支持临床科室主任对临床工作医生进行排班管理。 <!-- -->,部分响应,平台提供门诊医生号源排班（科室、医生、日期、上下午时段、号源量）与病区护士班次排班。尚未提供：①面向临床医生的白班/夜班/值班班次排班；②科室主任角色仅限本科室的排班数据范围控制。上述缺项列入后续开发计划。
3356,,,支持查看全院门诊及住院所有排班信息。 **医德医风管理**,部分响应,平台提供全院门诊排班查看，可按日期、科室筛选；病区侧提供护理排班按日查看。尚未提供：①住院医生排班信息；②门诊与住院排班合并展示的全院排班统一视图。上述缺项列入后续开发计划。
3357,,,支持医院自行维护加分项和减分项；支持不同权限的操作人员进行个人自评、科室评分、医院评分，评分过程中支持附件上传。 <!-- -->,部分响应,平台当前提供护理质量检查评分基础能力；本条所述医德医风考评（医院自行维护加分项与减分项、按权限进行个人自评/科室评分/医院评分、评分附件上传）尚未提供，列入后续开发计划。
3358,,,支持考评项目的维护，包含考评项目标准分的维护、考评大类的维护。 <!-- -->,部分响应,平台当前提供护理质量检查评分基础能力；本条所述医德医风考评项目维护（考评项目标准分、考评大类）尚未提供，列入后续开发计划。
3359,,,支持个人自评项目的维护，个人考评自评，考评附件的上传。 <!-- -->,部分响应,本条所述医德医风个人自评项目维护、个人考评自评及考评附件上传当前版本未提供，列入后续开发计划。
3360,,,支持科室对个人的评分进行二次评价。 <!-- -->,部分响应,平台当前提供病案质控评分与科室质控评分汇总等基础质量评价能力；本条所述科室对个人评分进行二次评价的功能当前版本未提供，列入后续开发计划。
3361,,,支持医院对科室及医生的评分进行最终评价。 **其他事物管理**,部分响应,平台当前提供病案质控评分与科室质控评分汇总等基础质量评价能力；本条所述医院对科室及医生评分进行最终评价的功能当前版本未提供，列入后续开发计划。
3362,,,支持对应急预案体系的维护、应急预案计划的制定，包括应急预案领导组长、成员、应急电话、应急科室、应急物资及应急药品等。,部分响应,本条所述应急预案体系维护与应急预案计划制定（含应急预案领导组长、成员、应急电话、应急科室、应急物资及应急药品）功能当前版本未提供，列入后续开发计划。
3363,,,支持对应急预案计划和记录的独立管理。,部分响应,制度文件库+OA 流程可承载预案文档与演练记录
3364,,,支持应急预案计划的启动、暂停、继续、终结，操作记录可以通过系统消息或者短信平台推送应急人员。 <!-- --> 2) 应急预案记录 <!-- -->,部分响应,平台当前提供短信推送基础能力（已用于欠费催缴与效期预警提醒）；本条所述应急预案计划的启动、暂停、继续、终结，以及操作记录通过系统消息或短信推送应急人员的功能当前版本未提供，列入后续开发计划。
3365,,,支持对已发生的应急预案进行记录。 <!-- -->,部分响应,制度文件库+OA 流程可承载预案文档与演练记录
3366,,,支持医务科管理和记录所有医生的奖励和惩罚信息并记录到个人医疗技术档案。 <!-- -->,部分响应,平台当前提供医务台账（执业资质登记与有效期预警）以及员工档案、培训台账、继续教育学分台账等基础能力；本条所述医务科登记医生奖励与惩罚信息并记入个人医疗技术档案的功能当前版本未提供，列入后续开发计划。
3367,,,支持对科室常规事物如查房、培训、会议类事项进行登记。 **规章制度管理**,部分响应,平台当前提供员工培训台账（个人培训记录）基础能力；本条所述科室常规事务（查房、培训、会议等事项）登记功能当前版本未提供，列入后续开发计划。
3368,,,支持对医院制度文件目录的创建，上传制度文件，文件的在线预览和下载。 <!-- -->,部分响应,已提供：制度文件库，支持按类别新建制度文件条目、录入制度正文、按标题检索与在线预览。尚未提供：①制度文件目录（多级目录）的创建，当前仅为单层类别；②PDF/Word 等原始文件的上传；③制度文件下载。上述缺项列入后续开发计划。
3369,,,支持将文件按照角色，用户，部门进行权限分配，分配之后的角色用户可以查看上传的制度文件。 **临床患者管理**,部分响应,平台当前提供制度文件库（文件条目维护、检索与在线预览）基础能力，制度文件对全部登录用户可见；本条所述按角色、用户、部门分配制度文件查看权限的功能当前版本未提供，列入后续开发计划。
3370,,,支持查看全院在院患者基本信息卡片，可通过护理级别、科室、主管医生、患者姓名等方式检索患者。,部分响应,已提供：护理白板·在院一览，以列表形式展示全院在院患者的病区、床号、姓名、性别、护理级别、过敏信息、科室及待执行医嘱数。尚未提供：①按护理级别、科室、主管医生、患者姓名检索患者；②主管医生信息展示；③卡片式呈现（当前为表格）。上述缺项列入后续开发计划。
3371,,,支持查看患者基本信息。,正偏离/无偏离,由患者登记与患者360视图提供：患者登记支持按患者号、姓名等检索并查看患者号、姓名、性别、年龄、证件、手机、医保、血型、住址、过敏史等基本信息；患者360视图支持按姓名、患者号、证件号、手机号检索并打开患者。
3372,,,支持查看医嘱信息、检验信息、检查信息、手术信息、电子病历。 医疗统计分析,部分响应,已提供：住院医生站/护士站查看医嘱信息，检查系统查看检查信息，手术排程查看手术信息，住院病历查看电子病历，患者360视图集中查看门诊就诊、检验报告与住院摘要。尚未提供：在临床患者管理的同一患者视图内集中查看医嘱、检查报告与手术信息，目前需分别进入各功能页面查看。上述缺项列入后续开发计划。
3373,,,支持医疗质量、医疗运营等相关报表统计。 **移动端管理**,正偏离/无偏离,医疗质量报表由病案质控（甲乙丙等级、扣分项）、病历时限质控与质量看板提供；医疗运营报表由运营总览（药占比、均次费用、平均住院日）、病案统计（疾病谱、手术统计、科室出院构成、ICD 构成、床位效率趋势）及科室月报提供，科室月报与日报支持导出。
3374,★,,通过移动端实现业务申请与审批，支持移动端日常业务申请与审批管理，档案的借阅申请与审批管理。 +-------------------------------+-------------------------------------------------------------------------------------------------------------------------,部分响应,平台当前提供移动工作台（护理体征录入、床旁医嘱执行、移动查房）及PC端OA申请审批基础能力；本条所述移动端日常业务申请与审批、档案借阅申请与审批功能当前版本未提供，列入后续开发计划。
3375,,,"支持统计全院信息：全院护士人数(统计护理管理系统中全院护士人数)，全院上班人数(统计护理管理系统中今日排班人数,其中班次为考勤和出勤的护士)，全院请假人数(统计护理管理系统中今日排班人数,其中班次为休假和请假的护士)，全院住院人数(统计HIS系统中所有住院患者人数)，今日新入人数(统计HIS系统中所有今日入院患者人数)，今日新出人数(统计HIS系统中所有今日出院人数)，今日病危人数(统计HIS系统",部分响应,平台当前提供运营总览中的全院住院人数指标；本条所述全院护士人数、全院上班人数、全院请假人数、今日新入人数、今日新出人数、今日病危人数等指标统计当前版本未提供，列入后续开发计划。
3376,,,支持各科室床位使用率、护病比、护重比等指标查看。,部分响应,已提供：病案统计中的床位效率趋势，按科室、按月展示床位使用率、周转次数与平均住院日。尚未提供：护病比、护重比指标。上述缺项列入后续开发计划。
3377,,,支持护理人员学历、职称、科室人员分布情况查看。 **待办事项&工作指引**,部分响应,平台当前提供员工档案列表（含科室、职称等明细）基础能力；本条所述护理人员学历、职称及科室人员分布情况的统计查看功能当前版本未提供（员工档案暂无学历信息），列入后续开发计划。
3378,,,"支持各类待办事项的提醒和处理监控功能，包括待审批、人事动态监控、排班监控、护理质量监控、护理敏感指标监控、护士长工作手册监控。系统可结合相关数据进行监控指标结果的分析统计，做到由管理层主动发起的""事务管理""向由系统自动跟踪的""智能管理""转变。 **人员档案**",部分响应,平台当前提供工作台待办工作量卡片（挂号、收费、发药等业务量）及病案室待办队列基础能力；本条所述护理管理侧待办提醒与处理监控（待审批、人事动态、排班、护理质量、护理敏感指标、护士长工作手册）及监控指标分析统计当前版本未提供，列入后续开发计划。
3379,,,支持人事档案、人事管理、规培实习进修管理等功能，实现记录与查询相关人员基本信息管理、学历学位信息、工作经历信息、职称与晋升管理、学分信息、获奖信息、继续教育、科室人员配备、护士调动、护士轮转计划、带教老师与实习生评价、带教记录与总结等信息，实现相关人员基本情况和业务技术档案的无纸化管理，避免手工记录产生的误差。人员档案支持下载操作。,部分响应,已提供：员工档案（工号、姓名、性别、科室、职称、联系方式、婚姻状况、出生日期、入职日期等基本信息）、培训台账、继续教育与学分台账。尚未提供：学历学位信息、工作经历信息、职称与晋升管理、获奖信息、科室人员配备、护士调动、护士轮转计划、带教老师与实习生评价、带教记录与总结、规培实习进修管理、人员档案下载。上述缺项列入后续开发计划。
3380,,,包含在职人员档案、非编制人员档案、规培人员档案、非护理人员档案、来院进修人员档案、外出进修人员档案、实习人员档案信息维护。,部分响应,平台当前提供员工档案基础能力（区分在职/离职状态）；本条所述按在职、非编制、规培、非护理、来院进修、外出进修、实习等人员类别分别维护档案的功能当前版本未提供，列入后续开发计划。
3381,,,支持通过从HIS和HRP同步人员基本信息。,部分响应,平台当前提供员工档案手工建档能力；本条所述从HIS和HRP同步人员基本信息的功能当前版本未提供，列入后续开发计划。
3382,,,支持人员基本信息的自我维护，可以启用审核功能，审核后才会生效修改内容。,部分响应,对应模块维护能力已实现（字典/参数/规则），细节逐条比对
3383,,,支持人员档案的导出，可以选择需要导出的列进行Xls导出。,部分响应,平台当前提供员工档案列表查看基础能力；本条所述人员档案导出（含自选导出列、Xls 格式）当前版本未提供，列入后续开发计划。
3384,,,支持对执业证书的状态，包含未填写、已过期、将过期等状态进行监控。,部分响应,已提供：医务台账，对执业资质登记有效期并自动标识已过期、将过期（90天内）、有效三种状态，支持到期预警查询。尚未提供：①「未填写」状态监控（资质台账暂未与员工档案关联，无法识别尚未登记执业证书的在职人员）；②按医师执业证、护士执业证等证书类型区分。上述缺项列入后续开发计划。
3385,,,支持科室人员调动管理，查看调动记录。,部分响应,平台当前提供员工档案（含所属科室）基础能力；本条所述科室人员调动管理与调动记录查看当前版本未提供，列入后续开发计划。
3386,,,支持护士轮转记录的制定，可以同时制定多个科室的轮转记录。,部分响应,平台当前提供护理排班（按日逐条录入）基础能力；本条所述护士轮转记录制定（含多科室同时制定）当前版本未提供，列入后续开发计划。
3387,,,支持人员的注销和恢复管理。,部分响应,平台当前提供员工档案建档与查询基础能力；本条所述人员注销与恢复管理当前版本未提供，列入后续开发计划。
3388,,,支持通过统计周期自动生成全院护理人员概况，各科护理人员分布、人员结构说明、护士离职情况，人员增长率、离职率、床护比等内容分析，可以进行打印和导出。 **护理排班**,部分响应,本条所述按统计周期自动生成全院护理人员概况（各科护理人员分布、人员结构说明、护士离职情况、人员增长率、离职率、床护比）及其打印、导出功能当前版本未提供，列入后续开发计划。
3389,,,支持护理部门高效安排护理人员的工作时间，不同护理层级享有不同权限与功能。支持管理人员对病区护士按月、周进行排班，支持复制上周排班、复制当前排班到下一周和轮转排班、组合排班、自动计算工时、管床信息录入等便捷操作，方便护士长对人员的管理；支持二线排班与三线排班的管理。 <!-- -->,部分响应,平台当前提供护理排班基础能力：按科室、护士、日期、班次逐条录入，并按日查看全院排班。本条所述按月/周排班、复制上周排班、复制当前排班到下一周、轮转排班、组合排班、自动计算工时、管床信息录入、二线与三线排班以及按护理层级分配权限等功能当前版本未提供，列入后续开发计划。
3390,,,支持护理部维护全院统一班次类型，包含班次名称、性质、是否夜班、班次类型描述。 <!-- -->,部分响应,已提供：护理部维护全院统一班次字典，含班次编码、班次名称、起止时间，预置白班、中班、夜班。尚未提供：班次性质、是否夜班标识、班次类型描述三项属性。上述缺项列入后续开发计划。
3391,,,支持科室维护自己的班次，可以复制其他科室的班次进行修改，维护班次内容包含班次名称、类型、班时、白班时长和夜班时长。 <!-- -->,部分响应,平台当前提供全院统一班次字典（班次名称、起止时间）基础能力；本条所述科室维护自有班次、复制其他科室班次进行修改，以及班时、白班时长、夜班时长等班次属性当前版本未提供，列入后续开发计划。
3392,,,支持科室组合排班的维护，在人员排班过程中可以调取组合维护的班次。 <!-- -->,部分响应,平台当前提供按单一班次进行排班的基础能力；本条所述科室组合排班维护及排班时调取组合班次的功能当前版本未提供，列入后续开发计划。
3393,,,支持按照科室、科室等级、护士层级、护士职称、护士职务分类维护每个班次对应的费用，用于费用统计。 <!-- -->,部分响应,本条所述按科室、科室等级、护士层级、护士职称、护士职务分类维护班次费用并据此进行费用统计的功能当前版本未提供，列入后续开发计划。
3394,,,支持按照日、周、月三种视图进行排班情况的查看，可以通过科室、周数和姓名进行排班检索。,部分响应,已提供：按日视图查看全院排班（选择日期后列出当日全部排班）。尚未提供：①周视图、月视图；②按科室、周数、姓名检索排班。上述缺项列入后续开发计划。
3395,,,可以启用排班审核参数，所有排班信息需要审核后生效。,部分响应,平台当前排班录入后即时生效；本条所述排班审核参数及排班须审核后生效的流程当前版本未提供，列入后续开发计划。
3396,,,支持排班的打印、导出、备忘录、工作重点的管理。,部分响应,平台当前提供护理排班录入与按日查看基础能力；本条所述排班打印、排班导出、备忘录、工作重点管理当前版本未提供，列入后续开发计划。
3397,,,支持排班页面进行班次的编辑、复制，管床的编辑和复制，可以参考上周排班情况，可以调整排班人员序号，可以借调其他科室的人员来本科室进行排班。可以检查排班的合理性，包含按人次、按班次、夜班的统计。 <!-- -->,部分响应,平台当前提供护理排班录入与按日查看基础能力；本条所述排班页面的班次编辑与复制、管床编辑与复制、参考上周排班、调整排班人员序号、借调其他科室人员排班，以及排班合理性检查（按人次、按班次、夜班统计）当前版本未提供，列入后续开发计划。
3398,,,支持科室护士长进行二线排班，排班的方式与人员排班类似，可以打印排班记录，可以查看排班修改记录。 <!-- -->,部分响应,平台当前提供护理人员排班基础能力；本条所述科室护士长二线排班、排班记录打印及排班修改记录查看当前版本未提供，列入后续开发计划。
3399,,,支持各科室进行三线排班，排班的方式与人员排班类似，可以打印排班记录，可以查看排班修改记录。 **护理质量管理**,部分响应,平台当前提供护理人员排班基础能力；本条所述各科室三线排班、排班记录打印及排班修改记录查看当前版本未提供，列入后续开发计划。
3400,,,系统支持抽取质控指标进行表单重组，支持根据敏感指标进行质控评价，提供PDCA循环质量管理，提升护理质控水平。系统支持质控组织架构管理、质控人员管理、综合质量项目管理；支持医院质量检查PDCA管理循环，包括质控计划（P）、考核执行（D）、结果反馈（C）、改进审核（A）等环节；支持质量检查汇总与分析，通过模型汇总分析，明确责任护士护理的主要质量影响因子，为进一步提升护理质量提供帮助；同时提供汇总报表、,配套产品响应,属设备配套软件/商用知识库/CA 等产品参数，平台已留标准接入点
3401,,,支持对各类标准质量检查标准的维护、版本管理、标准详情的查看。,部分响应,平台当前提供质控抽检计划维护基础能力，可在建立计划时填写所依据的质控标准名称；本条所述质量检查标准的独立维护、版本管理与标准详情查看当前版本未提供，列入后续开发计划。
3402,,,支持对每种质量标准进行系列项目的维护。 <!-- -->,部分响应,平台当前提供质控抽检计划与评分（单项总分加备注）基础能力；本条所述每种质量标准下系列检查项目（细则）的维护当前版本未提供，列入后续开发计划。
3403,,,支持对全院一、二、三级质量的组织进行维护。 <!-- -->,部分响应,对应模块维护能力已实现（字典/参数/规则），细节逐条比对
3404,,,支持对已维护的组织进行组织内分组的维护，和分组内参与人员的维护。 <!-- -->,部分响应,平台当前提供行政科室与系统角色维护基础能力；本条所述质控组织内分组维护及分组内参与人员维护当前版本未提供，列入后续开发计划。
3405,,,支持选择计划的周期生成计划,部分响应,平台当前提供质控抽检计划手工逐条新建能力；本条所述选择计划周期批量生成计划的功能当前版本未提供，列入后续开发计划。
3406,,,"""年""计划时，可以任意选择12个月份中的某一些月份。",部分响应,平台当前提供质控抽检计划手工逐条新建能力；本条所述「年」计划中任意选择12个月份中若干月份的功能当前版本未提供，列入后续开发计划。
3407,,,"""月""计划时，可以任意选择一个或者多个月份，然后选择对应的周。",部分响应,平台当前提供质控抽检计划手工逐条新建能力；本条所述「月」计划中选择一个或多个月份再选择对应周的功能当前版本未提供，列入后续开发计划。
3408,,,"""日""计划时，可以任意选择一个或者多个月份，然后选择对应的日期。",部分响应,平台当前提供质控抽检计划手工逐条新建能力；本条所述「日」计划中选择一个或多个月份再选择对应日期的功能当前版本未提供，列入后续开发计划。
3409,,,支持按照片区、楼宇、科室、护理单元四种类型勾选需要参与受检的科室。,部分响应,平台当前提供质控抽检评分时手工填写受检对象的基础能力，科室字典支持护理单元类型；本条所述按片区、楼宇、科室、护理单元四种类型勾选受检科室的功能当前版本未提供，列入后续开发计划。
3410,,,支持每个科室单独选择质控标准，且每个标准可以填写设置检查的次数，可以多选标准。,部分响应,平台当前提供质控抽检计划按计划填写单一质控标准的基础能力；本条所述每个科室单独选择质控标准、多选标准及为每个标准设置检查次数的功能当前版本未提供，列入后续开发计划。
3411,,,支持质控计划按照计划日期，质控组织筛选已经建立的质控计划，可以通过计划标题和计划状态检索，可以查看计划执行进度。 <!-- -->,部分响应,对应模块查询统计能力已实现，界面细节逐条比对
3412,,,质控小组进行质量检查的主要操作页面，按照标准类别、科室和质控单展示未检查、进行中、已检查的质控计划。,部分响应,平台当前提供质控抽检计划列表（含各计划评分次数）基础能力；本条所述按标准类别、科室、质控单三个维度展示并按未检查、进行中、已检查状态区分质控计划的功能当前版本未提供，列入后续开发计划。
3413,,,在质控计划列表中选择未检查或者检查后未提交的质控记录单，进入检查评分页面。,部分响应,已提供：质控抽检计划列表中每条计划可直接进入评分录入，并可展开查看该计划的评分趋势。尚未提供：①按「未检查」「检查后未提交」状态筛选计划；②质控记录单的暂存与提交状态管理。上述缺项列入后续开发计划。
3414,,,"整个评分项目分""汇总""和""单项对象抽检""，其中汇总的分数为单个抽检求平均分，然后扣分原因为多个扣分原因汇总叠加。",部分响应,平台当前提供质控抽检评分（单项总分0-100及备注）基础能力；本条所述评分分「汇总」与「单项对象抽检」两层、汇总分按单项抽检求平均、扣分原因多条叠加汇总的功能当前版本未提供，列入后续开发计划。
3415,,,支持在抽检过程中可以在所选计划下增加一个临时表单进行评分，每次只能增加一个质控标准。评分的页面和普通抽检的方式是一样的。,部分响应,已提供：质控抽检支持新建标记为「临时表单」的计划，其评分页面与普通抽检完全一致。尚未提供：①在所选计划下追加临时表单（当前临时表单为独立计划，未关联所属计划）；②每次仅可增加一个质控标准的约束。上述缺项列入后续开发计划。
3416,,,支持查看单个护理计划中每个质控记录分未查和已查的状态，其中未查状态无检查时间和检查者。已查的记录有检查者和检查时间，其中红色标记的记录为达不到符合率的记录。其中符合率有变化的记录为申诉成功的记录。 <!-- -->,配套产品响应,属设备配套软件/商用知识库/CA 等产品参数，平台已留标准接入点
3417,,,质控检查中的成绩展示；可在此进行申诉，主要为受检科室提供成绩查看和申诉的入口；检查者和护理部也可在此处理申诉过程。,配套产品响应,属设备配套软件/商用知识库/CA 等产品参数，平台已留标准接入点
3418,,,由受检科室护士长查看检查成绩，然后从列表中点击进入申诉流程，选择申诉内容（申诉内容为检查项里面的错误项，可以选择汇总也可以选择抽检对象，可多选），然后填写申诉理由最后提交申诉。,配套产品响应,属设备配套软件/商用知识库/CA 等产品参数，平台已留标准接入点
3419,,,"提交后的申诉，申诉情况变为""待检查者处理""，检查者可以查看并填写检查者意见，但是检查者无权进行申诉结果的处理。",配套产品响应,属设备配套软件/商用知识库/CA 等产品参数，平台已留标准接入点
3420,,,"检查者提交意见后，申诉情况变为""待质控处理""，质控（护理部）可以查看申诉情况和检查者情况，然后处理质控结果，质控结果分为""成功""和""失败""。失败时：不影响原有得分率和落实率，成功时，如果项目是符合率则将结果自动改为符合，如果是得分率则默认满分，然后质控人可以执行更改得很，只能改抽检对象得分。",配套产品响应,属设备配套软件/商用知识库/CA 等产品参数，平台已留标准接入点
3421,,,"申诉流程结束后此申述完成，再次点击""申诉处理""可看到之前的申诉结果，不能修改，且不支持再次申诉。 <!-- -->",配套产品响应,属设备配套软件/商用知识库/CA 等产品参数，平台已留标准接入点
3422,,,循环改进页面，被检查者和检查者可以再此页面进行分析改进的处理。,部分响应,平台当前提供质控抽检评分记录与不良事件处理意见登记基础能力；本条所述护理质控循环改进页面（被检查者与检查者在此进行分析改进处理）当前版本未提供，列入后续开发计划。
3423,,,支持批量进行原因分析，整改时间、整改措施、效果评价。,部分响应,平台当前提供质控抽检评分记录基础能力；本条所述批量原因分析、整改时间、整改措施、效果评价的填写当前版本未提供，列入后续开发计划。
3424,,,其中由护士长来填写原因分析，整改时间和整改措施。由质控人来填写效果评价。保存后页面显示护士长签名或质控小组签名。,部分响应,本条所述护士长填写原因分析、整改时间与整改措施，质控人填写效果评价，保存后显示护士长签名或质控小组签名的分角色填报与签名功能当前版本未提供，列入后续开发计划。
3425,,,支持进入单个检查单处理流程。权限控制与批量处理一样。页面中的提交人、提交时间默认为当前登录账号和当前电脑时间。,部分响应,平台当前提供质控抽检评分记录（含检查时间）基础能力；本条所述单个检查单处理流程页面、与批量处理一致的权限控制，以及提交人、提交时间默认带出当前登录账号与当前时间的功能当前版本未提供，列入后续开发计划。
3426,,,支持根因分析，填写根因的头骨名称，然后选择根因，生成鱼骨图。可以导出鱼骨图。 <!-- -->,部分响应,本条所述根因分析功能（填写根因头骨名称、选择根因、生成鱼骨图并导出）当前版本未提供，列入后续开发计划。
3427,,,选择检查时间和质控标准生成二三级质控报告。报告可以导出、打印。 <!-- -->,部分响应,平台当前提供质控抽检评分记录与科室质控评分汇总基础能力；本条所述按检查时间和质控标准生成二三级质控报告及报告导出、打印当前版本未提供，列入后续开发计划。
3428,,,支持重点问题分析，选择检查时间、检查类型和检查标准筛选查询每个检查单中的细则发现的问题总数，按照发现问题次数倒序排序。涉及病区把所有有此类问题的科室都列举进去。点击查看可以查看发现此细则问题具体的检查记录，列举扣分原因。可以导出。,部分响应,平台当前提供质控抽检评分记录基础能力；本条所述重点问题分析（按检查时间、检查类型、检查标准筛选，统计各细则发现问题总数并倒序排列、列举涉及病区、下钻查看检查记录与扣分原因、导出）当前版本未提供，列入后续开发计划。
3429,,,支持重点人员分析。选择检查时间、检查类型和检查标准筛选查询每个检查单中的被检查人员发现的问题总数，按照发现问题合计数倒序排序。涉及病区把所有有此类问题的人员（护士长）都列举进去。按照质控的类型进行分类，点击查看可以查看发现此细则问题具体的检查记录，列举扣分原因，可以导出。,部分响应,平台当前提供质控抽检评分记录基础能力；本条所述重点人员分析（按检查时间、检查类型、检查标准筛选，统计被检查人员发现问题总数并倒序排列、列举涉及病区护士长、按质控类型分类、下钻查看检查记录与扣分原因、导出）当前版本未提供，列入后续开发计划。
3430,,,支持重点科室分析。选择检查时间、检查类型和检查标准筛选查询每个检查单中的被检查科室发现的问题总数，按照发现问题合计数倒序排序。按照质控的类型进行分类，点击查看可以查看发现此细则问题具体的检查记录，列举扣分原因，可以导出。,部分响应,平台当前提供科室质控评分汇总（各科室平均分与检查次数对比）基础能力；本条所述重点科室分析（按检查时间、检查类型、检查标准筛选，统计被检查科室发现问题总数并倒序排列、按质控类型分类、下钻查看检查记录与扣分原因、导出）当前版本未提供，列入后续开发计划。
3431,,,支持检查人员分析；选择检查时间、检查类型和检查标准筛选查询每个检查单中的检查者发现的问题总数，按照发现问题合计数倒序排序；按照质控的类型进行分类，点击查看可以查看发现此细则问题具体的检查记录，列举扣分原因，可以导出。,部分响应,平台当前提供质控抽检评分记录基础能力；本条所述检查人员分析（按检查时间、检查类型、检查标准筛选，统计检查者发现问题总数并倒序排列、按质控类型分类、下钻查看检查记录与扣分原因、导出）当前版本未提供，列入后续开发计划。
3432,,,支持得分分析；可以查看时间段内各表单和科室的得分趋势分析，可导出数据。,部分响应,已提供：按质控抽检计划查看评分随时间变化的趋势图；按科室查看质控平均分与检查次数汇总。尚未提供：①按时间段筛选；②科室维度的得分趋势（当前仅累计平均分）；③得分数据导出。上述缺项列入后续开发计划。
3433,,,支持持续改进分析；可以根据检查时间、检查标准生成检查内容、检查时间检查科室、重点问题、重点人员、根因分析记录。 **护理工作手册**,部分响应,本条所述持续改进分析（按检查时间、检查标准生成含检查内容、检查时间、检查科室、重点问题、重点人员、根因分析记录的报表）当前版本未提供，列入后续开发计划。
3434,,,支持护理人力资源配置与管理、护理工作计划与总结、护理质量管理、护理教学管理、护理科研管理、护理文化建设、大事/特殊事件记录、其他工作手册等功能模块。工作手册管理模拟医院纸质护士长手册，记录内容可提交、上传护理部，加强护士长对病房的护理监督，提高护理质量，使全院护理管理到达标准化，便于护理部对护士长工作的督促检查和指导。 <!-- -->,部分响应,本条所述护理工作手册模块（护理人力资源配置与管理、护理工作计划与总结、护理质量管理、护理教学管理、护理科研管理、护理文化建设、大事/特殊事件记录、其他工作手册）及记录提交、上传护理部的流程当前版本未提供，列入后续开发计划。
3435,,,支持护理人员基本信息一览、护理人力资源管理统计、护理人员夜班及节假日值班统计、护理人力资源调配记录等统计信息的记录。 <!-- -->,部分响应,平台当前提供员工档案与护理排班基础能力；本条所述护理人员基本信息一览、护理人力资源管理统计、护理人员夜班及节假日值班统计、护理人力资源调配记录当前版本未提供，列入后续开发计划。
3436,,,支持年度工作计划、季度护理工作计划、月度护理工作计划、半年总结/年度总结记录、年度工作总结记录的填写。 <!-- -->,部分响应,本条所述年度工作计划、季度护理工作计划、月度护理工作计划、半年总结/年度总结记录、年度工作总结记录的填写功能当前版本未提供，列入后续开发计划。
3437,,,支持科室工作量统计、护理敏感质量指标监测结果、护理不良事件统计、输液（血）反应及处理情况登记、护理查房/疑难病例讨论登记的填写。 <!-- -->,部分响应,平台当前提供全院不良事件上报台账基础能力；本条所述护理工作手册内的科室工作量统计、护理敏感质量指标监测结果、护理不良事件统计、输液（血）反应及处理情况登记、护理查房/疑难病例讨论登记的填写功能当前版本未提供，列入后续开发计划。
3438,,,支持科室业务学历计划及完成情况登记、护理技术操作培训/考核登记、护理技术操作考核评分、理论考试成绩登记、护士规范化培训学员临床护理教学登记、专科护士临床护理教学登记、进修护士临床护理教学登记、见习护士临床护理教学登记、实习护士临床护理教学登记、接待参观/来访登记、外出学习/参会登记的填写。 <!-- -->,部分响应,平台当前提供全院员工培训台账与继续教育学分台账基础能力；本条所述护理教学登记表单（科室业务学历计划及完成情况、护理技术操作培训/考核登记、操作考核评分、理论考试成绩、规培/专科/进修/见习/实习护士临床护理教学登记、接待参观/来访登记、外出学习/参会登记）当前版本未提供，列入后续开发计划。
3439,,,支持护理科研论文发表登记、护理科研论文交流登记、护理专利登记、护理科研项目登记、护理新业务/新技术/技术革新登记、学术著作登记、护理情况年度汇总表的填写。 <!-- -->,部分响应,本条所述护理科研登记（论文发表登记、论文交流登记、专利登记、科研项目登记、新业务/新技术/技术革新登记、学术著作登记、护理情况年度汇总表）当前版本未提供，列入后续开发计划。
3440,,,支持特色文化建设登记、工休（护患沟通）会议记录、护士长沟通记录的填写。 <!-- -->,部分响应,对应业务登记能力已实现，字段级差异逐条比对
3441,,,支持大事/特殊事件和其他事件的填写。 **护理敏感指标**,部分响应,平台当前提供不良事件上报台账基础能力；本条所述护理工作手册中大事/特殊事件及其他事件的填写功能当前版本未提供，列入后续开发计划。
3442,,,支持根据实际需求预先设定敏感指标，例如：床护比、平均每日护患比、住院患者24小时平均护理时数、护士离职率、住院患者跌倒发生率、院内压疮发生率等。系统可结合相关数据进行指标结果的自动分析统计，实现系统自动跟踪的智能护理管理。,部分响应,平台当前提供跌倒、压疮风险评估量表与不良事件分类登记基础能力；本条所述护理敏感指标预设（床护比、平均每日护患比、住院患者24小时平均护理时数、护士离职率、跌倒发生率、院内压疮发生率等）及指标结果自动分析统计当前版本未提供，列入后续开发计划。
3443,,,支持敏感指标的指标定义、指标说明和指标计算方法的维护。,部分响应,本条所述敏感指标的指标定义、指标说明、指标计算方法维护功能当前版本未提供，列入后续开发计划。
3444,,,支持敏感指标填报表单和指标之间的绑定和填报科室的授权管理。,部分响应,平台当前提供数据填报任务建立与科室提交基础能力；本条所述敏感指标填报表单与指标的绑定、填报科室授权管理当前版本未提供，列入后续开发计划。
3445,,,支持选择不同的填报表单进行数据的填报，可以按照月、季度、日进行数据的填报。,部分响应,已提供：数据填报任务管理，管理部门可建立填报任务（标题、截止日期、填报内容说明），各科室选择任务提交填报内容，并可查看提交记录。尚未提供：①多套填报表单的表单定义（填报项目、值域），当前填报内容为文本录入；②按月、季度、日的填报周期设置。上述缺项列入后续开发计划。
3446,,,填报过程中可以对比系统获取的数据，可以手动调整数据。,部分响应,平台当前提供数据填报提交与指标数值快照采集两项基础能力；本条所述填报过程中对比系统获取数据并手动调整的功能当前版本未提供，列入后续开发计划。
3447,,,支持通过各类统计方案查看填报的指标情况。,部分响应,已提供：自定义报表引擎，管理员可定义查询方案（可涵盖填报数据）并执行查看；指标看板展示各指标最新数值。尚未提供：面向填报指标的预置统计方案及按方案查看填报指标情况的页面，当前需由管理员自行定义报表。上述缺项列入后续开发计划。
3448,,,支持指标趋势对比分析。 **临床患者管理**,部分响应,已提供：运营统计中的近期挂号量与收入趋势、科室月报横向对比（支持导出），护理质控科室评分横向对比。尚未提供：护理敏感指标/填报指标自身的趋势对比分析（指标历史数值已按日留存，但暂无趋势查询与趋势图）。上述缺项列入后续开发计划。
3449,,,支持分科室查看患者卡片信息，可以通过病区、科室、病人和状态进行患者检索。,部分响应,已提供：护理白板·在院一览（病区、床号、科室、姓名、护理级别、过敏、待执行医嘱）及移动工作台的卡片式患者列表。尚未提供：①按病区、科室、病人、状态检索患者；②PC端卡片式呈现（当前为表格）。上述缺项列入后续开发计划。
3450,,,支持选择患者查看患者基本信息、医嘱信息、检查信息、检验信息和手术信息。 <!-- -->,部分响应,已提供：住院医生站选择患者后查看患者基本信息、医嘱信息、病历与体征。尚未提供：在同一患者视图内查看检查信息、检验信息和手术信息，当前需分别进入检查、检验、手术排程页面查看。上述缺项列入后续开发计划。
3451,,,支持公益派单无纸化管理，同时可根据预设条件进行人员推荐。 <!-- -->,部分响应,【二级证据评审建议，待项目组签字】不良事件与故障工单闭环已备；投诉调解诉讼专项为医务深化
3452,,,支持对患者的投诉进行登记管理，包括投诉人信息、投诉内容、投诉日期、接诉部门、理诉部门、投诉方式等信息；支持记录投诉处理结果，查看投诉处理进度及调解情况，支持将投诉处理结果导出为EXCEL文档格式。,部分响应,本条所述患者投诉登记管理（投诉人信息、投诉内容、投诉日期、接诉部门、理诉部门、投诉方式）、投诉处理结果记录、处理进度与调解情况查看及处理结果导出 Excel 功能当前版本未提供，列入后续开发计划。
3453,,,支持对投诉记录的调解处理，包含院方代表、调解时间、调解地点、院方法律人员、患方法律人员、调解结果等信息记录。,部分响应,【二级证据评审建议，待项目组签字】不良事件与故障工单闭环已备；投诉调解诉讼专项为医务深化
3454,,,支持对调解不成功的记录进行诉讼处理，包含诉讼结果、诉讼时间等信息记录。,部分响应,【二级证据评审建议，待项目组签字】不良事件与故障工单闭环已备；投诉调解诉讼专项为医务深化
3455,,,支持对诉讼的投诉内容进行赔偿处理，包含赔偿执行时间、执行地点、院方代表、患方代表、第三方机构、患者法律人员等信息。,部分响应,本条所述诉讼投诉的赔偿处理（赔偿执行时间、执行地点、院方代表、患方代表、第三方机构、患者法律人员）功能当前版本未提供，列入后续开发计划。
3456,,,支持对处理结果的记录。,部分响应,本条为投诉处理结果的记录；投诉登记管理当前版本未提供，因此投诉处理结果记录亦未提供，列入后续开发计划。
3457,,,支持对投诉的伦理分析，包含伦理分析的时间、地点、方式、认定记录摘要、责任人相关信息。 **统计分析**,部分响应,本条所述投诉伦理分析（伦理分析时间、地点、方式、认定记录摘要、责任人相关信息）功能当前版本未提供，列入后续开发计划。
3458,,,支持各类统计指标分析，如：护士分类统计、护理排班统计、护理质控统计、护理敏感指标统计、患者信息人数统计、质控合格率统计等。 <!-- -->,部分响应,已提供：护理质控统计（科室平均分横向对比）；护理敏感指标中的三管感染率与现患率、Braden/Morse 风险评估趋势与高危患者清单；患者人数统计（在院人数、门诊人次）。尚未提供：①护士分类统计；②护理排班统计；③质控合格率统计（当前仅平均分，无合格线口径）。上述缺项列入后续开发计划。
3459,,,支持护理人员职称学历统计、各科室在职人员统计、护士男女分布统计、护士职称分布统计、护士学历分布统计、护士工作年限分布统计、护士状态分布统计、护士层级分布统计、护士注销率分析、护士离职详细表。 <!-- -->,部分响应,平台当前提供员工档案列表（含性别、科室、职称、入职日期）基础能力；本条所述护理人员职称学历统计、各科室在职人员统计、护士男女分布、职称分布、学历分布、工作年限分布、状态分布、层级分布、注销率分析、离职详细表等统计功能当前版本未提供，列入后续开发计划。
3460,,,支持护理夜班费用统计、工作量分值统计。 **12、护理管理移动端**,部分响应,平台当前提供班次字典（含夜班班次）与医生工作量统计基础能力；本条所述护理夜班费用统计与护理工作量分值统计当前版本未提供，列入后续开发计划。
3461,,,移动端页面支持护理质量检查管理的移动填报，支持在线查看科室排班信息和科室指标统计信息，支持各类排班需求（排班意愿、调班申请、加扣班申请、排班申请、请假登记、改班申请、审批管理）的提交和审批。 <!-- -->,部分响应,平台当前提供移动工作台（护理体征录入、床旁医嘱执行、移动查房）基础能力；本条所述移动端护理质量检查填报、科室排班与科室指标统计查看、各类排班需求（排班意愿、调班申请、加扣班申请、排班申请、请假登记、改班申请、审批管理）的提交与审批当前版本未提供，列入后续开发计划。
3462,,,支持护理质量检查和分析改进表单数量的查看。,部分响应,平台当前提供PC端质控抽检计划列表（含各计划评分次数）基础能力；本条所述移动端查看护理质量检查与分析改进表单数量当前版本未提供，列入后续开发计划。
3463,,,支持质量检查的操作、抽样和随机抽查等内容，如PC端。 <!-- -->,部分响应,平台当前提供PC端质控抽检（抽检计划、临时抽查标记、评分录入）基础能力；本条所述移动端质量检查操作、抽样与随机抽查当前版本未提供，列入后续开发计划。
3464,,,支持查看科室人员信息，科室人员排班，人员排班数据与PC端同步。,部分响应,平台当前提供PC端护理排班录入与按日查看基础能力；本条所述移动端查看科室人员信息、科室人员排班及排班数据与PC端同步当前版本未提供，列入后续开发计划。
3465,,,支持已排班记录的统计查询。,部分响应,平台当前提供PC端按日查看排班明细基础能力；本条所述已排班记录的统计查询（含移动端）当前版本未提供，列入后续开发计划。
3466,,,支持排班需求的处理，包含人员排班意愿申请、调班申请、加扣班申请、排班申请、排班申请、请假登记、改班申请和每种申请的审批管理。 <!-- -->,部分响应,平台当前提供护理排班登记（按日期、人员、班次登记）及通用办公审批（可提交请假类申请并由审批人处理）基础能力。本条所述排班意愿申请、调班申请、加扣班申请、排班申请、请假登记、改班申请等排班类专项申请及各类申请与排班联动的分类审批管理尚未提供，列入后续开发计划。
3467,★,,支持可是人员班时、班次和质控信息的统计。 +-------------------------------+--------------------------------------------------------------------------------------------------------------------------------------------------,部分响应,已提供：护理管理模块的排班登记（按日期、人员、班次登记，同人同日同班次唯一）与按日期查询班次列表；护理质控评分录入、列表及按科室均分、检查次数的质控统计。尚未提供：①班时（工时/时长）统计，当前班次仅记录日班/中班/夜班类别，无起止时间；②跨时间段、按人员汇总的班次统计（当前仅单日明细列表）。上述缺项列入后续开发计划。
3468,,,能够包括科研动态、通知公告、学术动态等内容在内的编辑、发布、展示和附件管理；能够科研信息的展示与附件下载。 +-------------------------------------------------------------------------------------------------------------------------------------------------,部分响应,本条所述科研动态、通知公告、学术动态等信息的编辑、发布、展示与附件管理及科研信息展示与附件下载功能当前版本未提供，列入后续开发计划。
3469,,,"能够新增信息，选择信息类型，可选类型为\""学术动态、通知公告、科研动态\""，当选择\""信息类型\""为\""学术动态\""的时候可选二级类型\""学术讲座\""、\""主办会议\""、\""参加会议\""。 +--------------------------------------------------------------------------------------------------------",部分响应,本条所述信息发布的新增及信息类型一级分类（学术动态、通知公告、科研动态）与学术动态二级分类（学术讲座、主办会议、参加会议）功能当前版本未提供，列入后续开发计划。
3470,,,能够首页各类发布信息的分类展示，展示内容按照信息的发布时间倒序查询。 +--------------------------------------------------------------------------------------------------------------------------------------------------------------------,部分响应,平台当前提供登录后的工作台首页。本条所述首页各类发布信息的分类展示及按发布时间倒序查询功能尚未提供，列入后续开发计划。
3471,,,能够科研相关项目的新增，编辑、审核和删除管理；能够科研项目报销的登记和审核管理；科研项目、SCI论文，核心期刊论文、科技奖励、知识产权、专著、知识产权转化、继续教育项目、适宜技术推广项目、学术团体及其专委会任职、人才荣誉情况、第三方科技成果评价、外出参会情况。 +--------------------------------------------------------------------,部分响应,已提供：HRP「窗口与科研」模块的科研台账，支持科研项目与知识产权转化两类条目的新增、编辑（草稿状态）、审核（通过/退回）与删除，记录负责人、内容与金额；继续教育项目台账由人力资源模块提供。尚未提供：①SCI论文、核心期刊论文、科技奖励、知识产权（专利）、专著、适宜技术推广项目、学术团体及专委会任职、人才荣誉、第三方科技成果评价、外出参会等各类台账；②科研项目报销的登记与审核；③附件管理。上述缺项列入后续开发计划。
3472,,,能够科研项目的管理，包括科研项目的管理列表，不同状态下的科研项目操作。 +-------------------------------------------------------------------------------------------------------------------------------------------------------------------,正偏离/无偏离,由 HRP「窗口与科研」模块的科研台账提供：科研项目管理列表，条目具有草稿、已通过、已退回三种状态；草稿状态可编辑、删除与提交审核，已审核条目锁定不可改删；列表按状态显示标签并提供对应操作按钮。
3473,,,"科研项目的登记管理，按照选择和填写项目填写需要的登记信息。其中经费使用情况是非填写项目，经费的总金额为\""项目拨款\""金额，已使用金额为\""报销金额合计\""，剩余金额为\""经费总金额-已使用金额\""。 +--------------------------------------------------------------------------------------------------",部分响应,平台当前提供科研台账的项目登记基础能力（题目、负责人、内容说明、金额）。本条所述按项目拨款计经费总金额、按报销金额合计计已使用金额、自动计算剩余经费的经费使用情况功能尚未提供，列入后续开发计划。
3474,,,科研项目的列表，可通过项目级别，所属学科，科研项目开始和结束时间，项目名称进行检索和过滤。 +---------------------------------------------------------------------------------------------------------------------------------------------------------,部分响应,平台当前提供科研项目列表展示基础能力。本条所述按项目级别、所属学科、项目起止时间、项目名称进行检索过滤的功能尚未提供，列入后续开发计划。
3475,,,能够按照需要的信息选择并填写论文和期刊的主要内容进行保存。主要填写内容包含期刊类型、题目、第一作者、通讯作者、期刊名称、DOI、附件等资料。 +--------------------------------------------------------------------------------------------------------------------------------,部分响应,科研台账已有，论文字段为表结构扩展
3476,,,显示SCI论文和核心期刊论文的展示列表，可通过科室、第一作者、课题科目和课题创建时间进行检索和过滤。 +----------------------------------------------------------------------------------------------------------------------------------------------------,部分响应,本条所述 SCI 论文与核心期刊论文展示列表及其按科室、第一作者、课题科目、课题创建时间的检索过滤功能当前版本未提供，列入后续开发计划。
3477,,,按照需要的信息选择并填写论文和期刊的主要内容进行保存。 +---------------------------------------------------------------------------------------------------------------------------------------------------------------------------,部分响应,科研台账已有，论文字段为表结构扩展
3478,,,知识产权转化的增删改和审核操作。 +--------------------------------------------------------------------------------------------------------------------------------------------------------------------------------------,正偏离/无偏离,由 HRP「窗口与科研」模块的科研台账提供：知识产权转化条目的新增、编辑、删除与审核（通过/退回并填写审核意见），已审核条目锁定不可改删；列表显示条目类型并按状态提供相应操作按钮。
3479,,,包括发明专利、实用新型专利、外观设计专利、计算机软件著作专利等相关知识产权专利的管理和录入。 +--------------------------------------------------------------------------------------------------------------------------------------------------------,部分响应,平台当前提供知识产权转化条目的台账登记基础能力。本条所述发明专利、实用新型专利、外观设计专利、计算机软件著作权等专利分类管理与专利信息（专利号、申请日、授权日等）录入功能尚未提供，列入后续开发计划。
3480,,,显示知识产权的主要信息列表，可通过科室和专利名称等内容进行专利的筛选和过滤。 +----------------------------------------------------------------------------------------------------------------------------------------------------------------,部分响应,平台当前提供知识产权转化条目的列表展示基础能力。本条所述知识产权主要信息列表按科室、专利名称等条件进行筛选过滤的功能尚未提供，列入后续开发计划。
3481,,,按照需要的信息选择并填写专著的主要内容进行保存。主要填写内容包含专著的图书名称、出版年份、附件、报销情况等。 +------------------------------------------------------------------------------------------------------------------------------------------------,部分响应,本条所述专著台账（图书名称、出版年份、附件、报销情况等）的登记保存功能当前版本未提供，列入后续开发计划。
3482,,,按照需要的信息选择并填写知识产权转化的主要内容进行保存。主要填写内容包含转让项目名称、转让机构、转化经济效益、附件等资料。 +-----------------------------------------------------------------------------------------------------------------------------------------,部分响应,已提供：科研台账中知识产权转化条目的录入与保存，可填写题目（转让项目名称）、负责人、内容说明与金额。尚未提供：①转让机构独立字段（当前仅可在内容说明中文字记录）；②转化经济效益的专项字段（当前仅一个笼统金额）；③附件上传。上述缺项列入后续开发计划。
3483,,,按照需要的信息选择并填写继续教育项目的主要内容进行保存。主要填写内容包含项目编号、项目名称、主办单位、项目负责人、附件、报销情况等。 +------------------------------------------------------------------------------------------------------------------------------------,部分响应,已提供：人力资源模块的继续教育项目台账，可登记项目名称、学分、年度并按年度汇总学分，台账已预留项目编号、主办单位、项目负责人、附件、报销情况等信息项。尚未提供：①项目编号、主办单位、项目负责人、附件、报销情况在录入界面与列表中的填写与展示；②附件的真实文件上传（当前仅记录文件名）。上述缺项列入后续开发计划。
3484,,,按照需要的信息选择并填写继续教育项目的主要内容进行保存。主要填写内容包含完成人、项目姓名、合作完成单位、推广形式、推广次数、推广人、附件、报销情况等。 +---------------------------------------------------------------------------------------------------------------------------,部分响应,平台当前提供继续教育项目台账基础能力。本条所述适宜技术推广项目台账（完成人、项目名称、合作完成单位、推广形式、推广次数、推广人、附件、报销情况）尚未提供，列入后续开发计划。
3485,,,按照需要的信息选择并填写继续教育项目的主要内容进行保存。主要填写内容包含姓名、任职团体、任职职务、任职时间等资料。 +---------------------------------------------------------------------------------------------------------------------------------------------,部分响应,本条所述学术团体及其专委会任职台账（姓名、任职团体、任职职务、任职时间）的登记保存功能当前版本未提供，列入后续开发计划。
3486,,,按照需要的信息选择并填写继续教育项目的主要内容进行保存。主要填写内容包含荣誉获得年度、荣誉级别、荣誉名称、附件等资料。 +-------------------------------------------------------------------------------------------------------------------------------------------,部分响应,本条所述人才荣誉台账（荣誉获得年度、荣誉级别、荣誉名称、附件）的登记保存功能当前版本未提供，列入后续开发计划。
3487,,,按照需要的信息选择并填写继续教育项目的主要内容进行保存。主要填写内容项目名称、主要完成人、评价单位、评价年度、评价结论、附件等资料。 +------------------------------------------------------------------------------------------------------------------------------------,部分响应,本条所述第三方科技成果评价台账（项目名称、主要完成人、评价单位、评价年度、评价结论、附件）的登记保存功能当前版本未提供，列入后续开发计划。
3488,,,按照需要的信息选择并填写继续教育项目的主要内容进行保存。主要填写内容参会人员、会议名称、会议地点、主办单位、费用报销、附件等资料。 +-------------------------------------------------------------------------------------------------------------------------------------,部分响应,平台当前提供继续教育项目台账基础能力。本条所述外出参会台账（参会人员、会议名称、会议地点、主办单位、费用报销、附件）的登记保存功能尚未提供，列入后续开发计划。
3489,,,能够所有科研项目的数量及报销相关费用统计查询。 +-------------------------------------------------------------------------------------------------------------------------------------------------------------------------------,部分响应,平台当前提供科研台账明细列表。本条所述科研项目数量统计与报销相关费用汇总查询尚未提供（当前科研台账无报销登记），列入后续开发计划。
3490,,,能够包含人员、权限、菜单、角色等相关内容的管理。 +------------------------------------------------------------------------------------------------------------------------------------------------------------------------------,部分响应,已提供：系统管理模块的用户管理（新增、修改、启停）、部门管理、角色管理（角色列表、按角色配置菜单授权，管理员角色授权固定不可改），菜单数据驱动系统导航与访问控制。尚未提供：①角色的新增、修改、删除界面（当前须由实施人员在后台维护）；②菜单维护界面（当前菜单随版本预置，实施期调整须由项目组配置）。上述缺项列入后续开发计划。
3491,★,,+-------------------------------+-----------------------------------------------------------------------------------------------------------------------------------------------------------------------,非参数行,文档转换产生的表格分隔残渣，不计入参数总数
3492,,,用户可自由选择年度、季度、月份等时间范围，系统即时统计待上报、已上报、已排除的数据量，并自动计算上报率、及时率等关键指标，为医院单病种上报工作的效率评估提供量化依据。 +-------------------------------------------------------------------------------------------------------------------,部分响应,平台当前提供单病种上报卡的草稿/已上报状态明细列表。本条所述按年度、季度、月份选择时间范围，即时统计待上报、已上报、已排除数量并自动计算上报率、及时率的功能尚未提供，列入后续开发计划。
3493,,,系统严格遵循国家单病种提取规则，具备智能筛选能力，可通过对接HIS病案系统或Web病案系统，从出院的患者数据中，精准识别出符合上报条件的病种病人列表。 +---------------------------------------------------------------------------------------------------------------------------,部分响应,已提供：单病种管理「入组建议」页签，按病种定义的诊断编码前缀自动从院内住院登记中识别命中病种且尚未建卡的患者，并可一键建卡。尚未提供：①按国家单病种质控指标的完整提取规则进行筛选（当前仅内置急性心肌梗死、脑卒中、社区获得性肺炎、心力衰竭四个病种的诊断编码前缀规则，且无规则维护界面）；②限定出院患者范围（当前在院患者亦会列入）；③与外部 HIS 病案系统或 Web 病案系统的对接配置（当前直接读取本平台住院数据）。上述缺项列入后续开发计划。
3494,,,自动抓取患者基本信息，如姓名、性别、年龄、住院号等，以及财务数据，包括总费用、自付费用、一般医疗服务费等，减少人工录入工作量。 +---------------------------------------------------------------------------------------------------------------------------------------,部分响应,平台当前在单病种入组建议与上报卡列表中显示患者姓名、住院号等基本信息。本条所述建卡时自动抓取患者姓名、性别、年龄、住院号及总费用、自付费用、一般医疗服务费等财务数据并带入填报内容的功能尚未提供（当前填报数据集须人工录入），列入后续开发计划。
3495,,,"用户可根据实际情况，选择直接提交填报数据，或对无需上报的病例标记为""无需上报""。支持填写具体原因以便后续追溯。 +-----------------------------------------------------------------------------------------------------------------------------------------------",部分响应,已提供：单病种上报卡的直接提交上报（草稿状态经填报数据非空校验后置为已上报）。尚未提供：①将病例标记为「无需上报」的状态与操作；②标记时填写具体原因并留痕追溯。上述缺项列入后续开发计划。
3496,,,支持完整记录每一条数据的处理过程，包括操作时间、操作人、操作类型等信息，形成详细的操作日志。 +--------------------------------------------------------------------------------------------------------------------------------------------------------,部分响应,已提供：全平台操作留痕，单病种上报卡的新增、上报等操作均记录操作人、操作时间、操作接口与结果，可在系统管理「操作日志」中查询；上报卡本身记录创建时间与上报时间。尚未提供：按单条上报卡查看其处理流转轨迹（操作类型、操作人逐条列示）的业务级操作日志视图。上述缺项列入后续开发计划。
3497,,,对于系统无法自动采集的数据，提供便捷的手动填报界面。 +----------------------------------------------------------------------------------------------------------------------------------------------------------------------------,部分响应,已提供：单病种建卡时的手工录入入口，可人工填写指标数据集。尚未提供：①按指标项分组、带字段级校验与值域下拉的结构化填报界面（当前为单一文本框整体录入）；②建卡后对填报数据集的修改编辑。上述缺项列入后续开发计划。
3498,,,未填报的数据项以醒目的渐变浅红背景色突出显示，同时在页面侧边栏提供未填报数据导航，用户点击即可快速定位到相应数据项。 +--------------------------------------------------------------------------------------------------------------------------------------------,部分响应,本条所述未填报数据项的渐变浅红背景高亮及页面侧边栏未填报导航定位功能当前版本未提供，列入后续开发计划。
3499,,,用户可通过筛选条件，如时间范围、病种类型、提交人等多种维度，快速过滤出需要审核的数据。 +-----------------------------------------------------------------------------------------------------------------------------------------------------------,部分响应,平台当前提供单病种上报卡明细列表。本条所述按时间范围、病种类型、提交人等维度筛选待审核数据的功能尚未提供（当前单病种上报暂无审核环节），列入后续开发计划。
3500,,,系统支持批量审核与多级审核流程，满足不同医院的审核管理需求。 +------------------------------------------------------------------------------------------------------------------------------------------------------------------------,部分响应,平台在数据治理填报、科研台账等其他业务域提供单级审核基础能力。本条所述单病种上报数据的批量审核与多级审核流程尚未提供，列入后续开发计划。
3501,,,审核人员在审核过程中，可查看数据的原始填报信息。 +------------------------------------------------------------------------------------------------------------------------------------------------------------------------------,部分响应,本条所述审核过程中查看原始填报信息的功能当前版本未提供（单病种上报暂无审核环节，填报数据亦无原始快照留存），列入后续开发计划。
3502,,,对审核通过的数据，可根据实际需求自定义显示列，如仅显示关键指标或展示详细数据。 +---------------------------------------------------------------------------------------------------------------------------------------------------------------,部分响应,平台当前提供单病种上报卡固定列（患者、病种、数据集、状态）列表。本条所述按需自定义显示列（仅显示关键指标或展示详细数据）的功能尚未提供，列入后续开发计划。
3503,,,用户可查看已通过审核、等待上报的数据。 +-----------------------------------------------------------------------------------------------------------------------------------------------------------------------------------,部分响应,平台当前提供单病种上报卡草稿与已上报两种状态的列表查看。本条所述「已通过审核、等待上报」状态数据的查看尚未提供（当前无审核环节），列入后续开发计划。
3504,,,支持灵活的上报方式，包括单个上报、批量上报以及自动上报功能。自动上报模式下，系统将数据先传输至前置机，由前置机按照国家平台的接口规范和数据格式要求，将数据准确无误地上报至国家平台。 +------------------------------------------------------------------------------------------------------------,部分响应,已提供：单病种上报卡的单个上报操作（状态置为已上报并记录上报时间）。尚未提供：①批量上报；②自动上报（定时任务）；③向前置机传输数据并按国家平台接口规范生成上报报文，该部分需在实施期依据国家单病种平台及前置机的接口规范进行对接，属外部对接条件。上述缺项列入后续开发计划。
3505,,,拥有单病种指标采集情况监测，及时发现异常采集或者发生变更的数据。 +----------------------------------------------------------------------------------------------------------------------------------------------------------------------,部分响应,本条所述单病种指标采集情况监测（异常采集识别、数据变更监测）功能当前版本未提供，列入后续开发计划。
3506,,,避免漏填等数据资料，拥有单病种指标填报情况监测。 +------------------------------------------------------------------------------------------------------------------------------------------------------------------------------,部分响应,本条所述单病种指标填报情况监测与漏填提示功能当前版本未提供，列入后续开发计划。
3507,,,对单病种指标上报情况监测，对纳入单病种管控的病例进行漏报监测，获取时对照规则，上报时再次核对。 +-------------------------------------------------------------------------------------------------------------------------------------------------------,部分响应,已提供：单病种「入组建议」页签持续列出诊断命中病种但尚未建卡的住院患者（漏报候选），上报时校验填报数据集不得为空。尚未提供：①获取时对照国家单病种质控指标规则集（当前仅四个病种的诊断编码前缀规则）；②上报时对指标口径的再次核对（当前仅校验数据非空）；③漏报监测报表（按科室、时间的漏报计数与清单）。上述缺项列入后续开发计划。
3508,,,在疾病动作管理模块中，系统将患者入院后医务人员的所有医疗处置行为，拆解为多个独立的动作单元进行精细化管理。 +-------------------------------------------------------------------------------------------------------------------------------------------------,部分响应,本条所述疾病动作管理模块（将患者入院后的医疗处置行为拆解为独立动作单元进行精细化管理）当前版本未提供，列入后续开发计划。
3509,,,支持定义多种类型的动作，包括关联类动作（如与特定检查项目关联的操作）、非关联类动作（如病情评估操作）等。同时，可设置动作的执行属性，如一次性动作和可重复性动作。 +----------------------------------------------------------------------------------------------------------------------,部分响应,本条所述动作类型定义（关联类/非关联类动作）与动作执行属性设置（一次性/可重复）功能当前版本未提供，列入后续开发计划。
3510,,,户还能为每个动作设置对应的应用场景和应用终端（如医生工作站、护士站终端），确保动作定义与实际业务场景紧密贴合。 +-----------------------------------------------------------------------------------------------------------------------------------------------,部分响应,对应模块维护能力已实现（字典/参数/规则），细节逐条比对
3511,,,疾病动作关联模块实现了疾病类型与已定义动作的深度绑定，构建起完整的疾病全过程管理模型。 +-----------------------------------------------------------------------------------------------------------------------------------------------------------,部分响应,【二级证据评审建议，待项目组签字】临床路径（入径/变异）+ 单病种（ICD 前缀入组）已备；病种动作引擎为深化
3512,,,根据不同疾病类型的特点，关联相应的动作序列，明确动作在疾病诊疗过程中的参考执行顺序和要求。 +---------------------------------------------------------------------------------------------------------------------------------------------------------,部分响应,【二级证据评审建议，待项目组签字】临床路径（入径/变异）+ 单病种（ICD 前缀入组）已备；病种动作引擎为深化
3513,,,支持将动作与业务表单进行关联，当执行相关动作时，自动触发业务表单的数据采集，实现数据的实时、准确录入。 +---------------------------------------------------------------------------------------------------------------------------------------------------,部分响应,对应业务登记能力已实现，字段级差异逐条比对
3514,,,业务表单的内容元素项或值域可进一步关联通过接口关联医嘱信息，包括检查、检验、手术、病理等各类医嘱，确保医嘱执行与数据采集的无缝对接。 +------------------------------------------------------------------------------------------------------------------------------------,部分响应,本条所述业务表单内容元素项或值域通过接口关联检查、检验、手术、病理等医嘱信息的可配置表单功能当前版本未提供，列入后续开发计划。
3515,,,支持设置自动提醒功能，及时提醒相关人员执行动作。 +------------------------------------------------------------------------------------------------------------------------------------------------------------------------------,部分响应,平台在住院长期医嘱、效期管理等场景提供定时提醒基础能力。本条所述针对单病种动作执行的自动提醒功能尚未提供，列入后续开发计划。
3516,,,支持业务系统根据病种挂载相应的病种动作，确保各业务环节紧密围绕病种管理要求开展工作。 +------------------------------------------------------------------------------------------------------------------------------------------------------------,部分响应,【二级证据评审建议，待项目组签字】临床路径（入径/变异）+ 单病种（ICD 前缀入组）已备；病种动作引擎为深化
3517,,,在调用过程中，系统可根据配置自动与临床路径进行匹配，为患者提供个性化的诊疗方案。 +--------------------------------------------------------------------------------------------------------------------------------------------------------------,部分响应,平台当前提供临床路径管理（路径维护、入径后按模板批量开立医嘱、变异登记与变异统计）。本条所述在调用过程中根据配置自动将单病种动作与临床路径匹配、生成个性化诊疗方案的功能尚未提供，列入后续开发计划。
3518,,,对于配置了病历生成功能的动作，系统将自动生成相关病历内容，无需医护人员手动录入。 +--------------------------------------------------------------------------------------------------------------------------------------------------------------,部分响应,平台当前提供病历模板维护，医生站可选用模板填入病历。本条所述按动作配置自动生成相关病历内容、无需人工录入的功能尚未提供，列入后续开发计划。
3519,,,在业务终端（如医生工作站、护士站）集成展示单病种过程管理内容和执行情况，方便医护人员实时掌握患者诊疗进度，及时调整治疗方案，提升医疗服务质量和效率。 +----------------------------------------------------------------------------------------------------------------------------,部分响应,平台当前提供独立的单病种管理页面（入组建议、上报卡、病种定义）。本条所述在医生工作站、护士站等业务终端集成展示单病种过程管理内容与执行情况的功能尚未提供，列入后续开发计划。
3520,,,对于不同单病种，配置不同的指标数据来源数据库以适应指标来源于不同的业务系统。 +----------------------------------------------------------------------------------------------------------------------------------------------------------------,部分响应,本条所述按不同单病种配置不同指标数据来源数据库的功能当前版本未提供，列入后续开发计划。
3521,,,可通过数据来源配置实现指标数据的自动采集，即支持通过接口与病案首页、lis、pacs、his进行数据对接，获取部分指标。 +------------------------------------------------------------------------------------------------------------------------------------------,部分响应,平台当前提供单病种入组时自动读取本平台住院登记与患者信息的能力，并具备 HL7 集成与病案首页数据组装等基础能力。本条所述通过数据来源配置自动采集指标数据、通过接口对接病案首页、LIS、PACS、HIS 获取指标的功能尚未提供（当前指标数据集为人工录入），列入后续开发计划。
3522,,,保障数据填报的规范性和安全性，系统提供精细的填报权限分配功能。管理员可根据医院科室设置、人员岗位职责等因素，为不同用户分配特定病种的填报权限。 +-------------------------------------------------------------------------------------------------------------------------------,部分响应,平台当前提供按角色（管理员、质控人员）的单病种模块访问控制。本条所述按科室设置、岗位职责为不同用户分配特定病种填报权限的精细授权功能尚未提供，列入后续开发计划。
3523,,,医院可根据自身实际业务开展情况，在系统中自主管理单病种，对于国家规定需要上报的病种，可通过开关按钮快速设置是否开启上报功能。在设置过程中，系统提供详细的病种说明和上报要求提示，帮助医院准确把握政策要求，合理调整上报策略。 +----------------------------------------------------------------------------------------,部分响应,平台当前提供内置病种定义的只读查看（急性心肌梗死、脑卒中、社区获得性肺炎、心力衰竭）。本条所述医院自主管理单病种、上报开关设置及病种说明与上报要求提示功能尚未提供，列入后续开发计划。
3524,,,除国家平台提供的标准单病种外，系统支持医院进行普病扩展。医院可自定义新增普通病种，并设置相应的指征条件，如诊断标准、手术标准通过这种方式，医院能够将更多符合管理需求的病种纳入医院自己的上报管理体系，实现对医院特色病种的个性化管理。 +-----------------------------------------------------------------------------------,部分响应,平台当前提供按诊断编码前缀匹配的内置病种入组规则。本条所述医院自定义新增普通病种并设置诊断标准、手术标准等指征条件的普病扩展功能尚未提供，列入后续开发计划。
3525,,,支持按多种规则与维度对单病种质量控制指标进行分析，包括上报数量、均次费用、上报率、病死率、并发症率等。例如，通过对比不同科室、不同时间段的单病种上报率，评估各科室的工作效率。 +---------------------------------------------------------------------------------------------------------------,部分响应,本条所述单病种质控指标多维分析（上报数量、均次费用、上报率、病死率、并发症率，按科室、时间段对比）功能当前版本未提供，列入后续开发计划。
3526,,,通过分析均次费用与资源消耗的关系，优化医疗资源配置。 +----------------------------------------------------------------------------------------------------------------------------------------------------------------------------,部分响应,对应模块维护能力已实现（字典/参数/规则），细节逐条比对
3527,,,系统提供统计报告导出功能，用户可根据需求自定义报告内容和格式，生成专业的统计分析报告，为医院决策提供有力的数据支持。 +--------------------------------------------------------------------------------------------------------------------------------------------,部分响应,平台在收费日结等其他业务域提供报表导出基础能力。本条所述单病种统计报告导出及自定义报告内容与格式的功能尚未提供，列入后续开发计划。
3528,,,用户可根据实际需求，按病种及出院时间范围，导出对应病种的上报数据，便于用户进行后续的数据处理和分析。 +----------------------------------------------------------------------------------------------------------------------------------------------------,部分响应,平台当前提供单病种上报卡列表查看。本条所述按病种及出院时间范围筛选并导出对应上报数据的功能尚未提供，列入后续开发计划。
3529,★,,+-------------------------------+-----------------------------------------------------------------------------------------------------------------------------------------------------------------------,非参数行,文档转换产生的表格分隔残渣，不计入参数总数
3530,,,能够按身份证号进行身份数据资料识别。 +----------------------------------------------------------------------------------------+,正偏离/无偏离,由患者主索引（EMPI）模块提供：患者建档与检索支持按身份证号精确识别，18 位身份证号自动校验有效性并推算出生日期与性别，同一证件号重复建档自动识别为同一患者档案。
3531,,,能够手工录入或读取身份证等卡数据资料高效快速建立。 +----------------------------------------------------------------------------------------+ 主索引管控 +----------------------------------------------------------------------------,部分响应,已提供：患者主索引模块的手工建档（建档表单录入基本信息与证件信息，同一证件号自动归并为同一患者档案）。尚未提供：身份证读卡器、社保卡等读卡设备的数据读取建档，当前仅支持键盘录入。上述缺项列入后续开发计划。
3532,,,拥有患者主索引管控功能，为患者建立唯一标识。 +----------------------------------------------------------------------------------------+,正偏离/无偏离,由患者主索引（EMPI）模块提供：为每位患者生成全院唯一患者号，按证件类型与证件号保证唯一建档，挂号、住院、临床数据中心等各业务均以该唯一标识关联患者。
3533,,,能够设置主索引判定项目权重。 +----------------------------------------------------------------------------------------+,部分响应,平台当前提供按证件号唯一建档的主索引基础能力。本条所述主索引判重规则及判定项目权重设置功能尚未提供，列入后续开发计划。
3534,,,能够对相似度较高的数据资料进行合并。 +----------------------------------------------------------------------------------------+,部分响应,【二级证据评审建议，待项目组签字】EMPI 同证件号自动归一已备；模糊相似度合并为主索引深化
3535,,,主索引管控时能够显示门诊就诊审计记录和住院审计记录。 +----------------------------------------------------------------------------------------+ 卡管控 +-----------------------------------------------------------------------------,部分响应,已提供：临床数据中心「患者 360 视图」按患者展示门诊就诊、住院摘要、检验等记录时间轴，并可按类型过滤。尚未提供：在主索引管控界面内直接查看该患者的门诊就诊与住院记录（当前需切换至患者 360 视图另行检索）。上述缺项列入后续开发计划。
3536,,,能够连接身份证读卡器进行身份证数据资料读取。 +----------------------------------------------------------------------------------------+,外部条件,【二级证据评审建议，待项目组签字】读卡设备对接；EMPI 按证件号识别/合并已具备（platform/empi）
3537,,,能够卡的新建、注销、启用、停用等行为。 +----------------------------------------------------------------------------------------+,配套产品响应,【二级证据评审建议，待项目组签字】一卡通系统参数；平台账户体系走 EMPI+患者端
3538,,,能够对卡进行挂失，补办等功能。 +----------------------------------------------------------------------------------------+,配套产品响应,【二级证据评审建议，待项目组签字】院内一卡通系统与设备；平台聚合支付 PayAdapter 与患者端缴费已备
3539,,,能够设置卡的生效日期和实效日期。 +----------------------------------------------------------------------------------------+ 账户管控 +--------------------------------------------------------------------------------------,部分响应,对应模块维护能力已实现（字典/参数/规则），细节逐条比对
3540,,,无应当二次排队缴费，患者提前预交费用，拥有一卡通充值功能，后续就诊环节直接扣费。 +----------------------------------------------------------------------------------------+,部分响应,平台当前提供住院预交金登记（绑定单次住院）。本条所述门诊一卡通充值预存及后续就诊环节直接扣费、免二次排队缴费的功能尚未提供，列入后续开发计划。
3541,,,能够一个充值账户多人使用。 +----------------------------------------------------------------------------------------+,部分响应,支付/结算闭环已有；门诊预交金账户为小型扩展（试点反馈后决定）
3542,,,能够重置和更新卡密码。 +----------------------------------------------------------------------------------------+,部分响应,本条所述卡密码重置与更新功能当前版本未提供（就诊卡管控尚未提供），列入后续开发计划。
3543,,,能够浏览卡的交易明细数据资料。 +----------------------------------------------------------------------------------------+,配套产品响应,【二级证据评审建议，待项目组签字】院内一卡通系统与设备；平台聚合支付 PayAdapter 与患者端缴费已备
3544,,,能够卡账户退现和转账功能。 +----------------------------------------------------------------------------------------+,配套产品响应,【二级证据评审建议，待项目组签字】院内一卡通系统与设备；平台聚合支付 PayAdapter 与患者端缴费已备
3545,,,能够一卡通交款生成及检索。 +----------------------------------------------------------------------------------------+ 黑名单管控 +----------------------------------------------------------------------------------------,部分响应,平台当前提供收费员班结缴款单（按门诊收费日结）的生成与查询。本条所述一卡通交款单生成与检索功能尚未提供（当前无一卡通账户），列入后续开发计划。
3546,,,并审计记录不良原因等数据资料，能够进行黑名单管控。 +----------------------------------------------------------------------------------------+,部分响应,本条所述患者黑名单管控及不良原因记录功能当前版本未提供，列入后续开发计划。
3547,,,能够对黑名单进行取消。 +----------------------------------------------------------------------------------------+ +----------------------------------------------------------------------------------------+,部分响应,登录防爆破锁定已有；预约爽约信用黑名单为小型扩展（试点反馈后决定）
3548,★,,+-------------------------------+-----------------------------------------------------------------------------------------------------------------------------------------------------------------------,非参数行,文档转换产生的表格分隔残渣，不计入参数总数
3549,,,拥有挂号时新病人建档功能。 +------------------------------------------------------------------------------------------------------------------------------------------+ 挂号号源管控 +-------------------------------------,部分响应,已提供：患者建档功能（独立的患者档案页面，挂号收费人员具备建档权限）。尚未提供：在挂号界面内直接为新患者就地建档（当前需先至患者档案页面建档后返回挂号）。上述缺项列入后续开发计划。
3550,,,拥有挂号号源选择功能。 +------------------------------------------------------------------------------------------------------------------------------------------+,正偏离/无偏离,由门诊挂号站提供：按日期、科室加载排班号源列表并实时显示剩余号数，逐行选择号源挂号；号源占用为原子操作，余号为零时不可选并提示号源已满。
3551,,,能够设置提前时间（默认提前半天挂号），拥有提前挂号的功能，即能够挂当前值班类别之后的号。 +------------------------------------------------------------------------------------------------------------------------------------------+,部分响应,已提供：挂号界面可选择未来任意日期加载排班号源并挂号，支持提前挂号。尚未提供：①可配置的提前挂号时长（默认提前半天）参数；②按当前值班类别判定可挂其后号别的规则。上述缺项列入后续开发计划。
3552,,,拥有晚上挂号功能，能够设置要求晚班启用后才能挂号。 +------------------------------------------------------------------------------------------------------------------------------------------+,部分响应,平台当前门诊排班提供上午、下午、全天三种班次。本条所述晚班号别及「晚班启用后方可挂号」的开关控制尚未提供，列入后续开发计划。
3553,,,超过挂号限额则不准许再挂号，拥有科室/医生挂号限额的管控功能。 +------------------------------------------------------------------------------------------------------------------------------------------+,正偏离/无偏离,由门诊排班与挂号站提供：每条科室或医生排班设定号源数量作为挂号限额，挂号时原子占号，超过限额即拒绝并提示号源已满，防止超挂；科室号与医生号分别限额。
3554,,,"提供医生门诊就诊排班功能,实现号源按时段分配。 +------------------------------------------------------------------------------------------------------------------------------------------+",正偏离/无偏离,由门诊排班管理与预约管理提供：按科室/医生、日期、班次、号别、挂号费、号源数量建立排班并可启停，周视图查看；可在排班下划分时段并分配各时段号源数量（合计不超过排班总号源），实现号源按时段分配。
3555,,,实现号源的实时同步，确保各挂号渠道显示的号源信息准确、一致。 +------------------------------------------------------------------------------------------------------------------------------------------+ 挂号处理操作 +--------------------,正偏离/无偏离,窗口挂号、院内预约与患者端预约共用同一号源池与同一占号逻辑，预约签到不重复占号，剩余号数统一按号源总量减已占数量实时计算，各挂号渠道号源信息实时一致。
3556,,,挂号类型包括普通门诊、急诊门诊、专家门诊、专科门诊、体检门诊等，能够当前门诊业务流程下能够行为所有的挂号类型，显示当天的排班情况。 +-------------------------------------------------------------------------------------------------------------------------------------,部分响应,已提供：普通门诊、专家门诊两类号别，挂号界面按日期显示当天排班情况。尚未提供：急诊门诊、专科门诊、体检门诊号别。上述缺项列入后续开发计划。
3557,,,专家科室能挂指定医生的号，能够普通科室挂号、专家科室挂号。 +------------------------------------------------------------------------------------------------------------------------------------------+,正偏离/无偏离,由门诊排班与挂号站提供：普通号按科室排班（不指定医生）挂科室号，专家号按指定医生排班挂指定医生号，挂号记录自动回填医生信息。
3558,,,予以完成通过科室、医生拼音码、五笔、角形码高效快速定位挂号科室或医生。 +------------------------------------------------------------------------------------------------------------------------------------------+,部分响应,平台当前提供按日期与科室加载排班号源。本条所述通过科室/医生拼音码、五笔码、角形码快速定位挂号科室或医生的助记码检索功能尚未提供，列入后续开发计划。
3559,,,本次收费按所选择保险计划进行结算处理操作，能够挂号员在挂号界面随时切换病人保险计划。 +------------------------------------------------------------------------------------------------------------------------------------------+,部分响应,平台当前在患者档案中记录患者险种，收费结算时按所选支付方式（含医保）结算。本条所述挂号界面选择或随时切换本次就诊保险计划并按其结算的功能尚未提供，列入后续开发计划。
3560,,,拥有节假日不同挂号价格的处理操作。 +------------------------------------------------------------------------------------------------------------------------------------------+,部分响应,平台当前挂号费按排班设定的固定费用收取。本条所述节假日差别挂号价格的自动处理尚未提供，列入后续开发计划。
3561,,,也能够手工补打挂号单和结算发票，能够挂号结算予以完成自动化打印就诊指引单、结算发票。 +------------------------------------------------------------------------------------------------------------------------------------------+,部分响应,已提供：收费站结算票据打印、按单号/患者号/姓名与日期检索补打，打印留痕；挂号凭条打印版式与打印数据。尚未提供：①挂号界面的挂号单打印与补打入口；②挂号与结算完成后自动弹出打印；③独立的就诊指引单版式。上述缺项列入后续开发计划。
3562,,,能够6周岁以下儿童不同挂号价格费用的处理操作。 +------------------------------------------------------------------------------------------------------------------------------------------+,部分响应,平台当前挂号费按排班设定的固定费用收取。本条所述 6 周岁以下儿童差别挂号价格的处理尚未提供，列入后续开发计划。
3563,,,能够挂号费用结算多种付款方式混合支付。 +------------------------------------------------------------------------------------------------------------------------------------------+,部分响应,平台当前结算支持以单一支付方式付清。本条所述挂号费用多种付款方式混合支付尚未提供，列入后续开发计划。
3564,,,能够常用功能的快捷键行为。 +------------------------------------------------------------------------------------------------------------------------------------------+,部分响应,平台当前在挂号、收费、患者档案等检索框支持回车触发查询。本条所述常用功能的快捷键体系尚未提供，列入后续开发计划。
3565,,,结算予以完成，同一个病人能够连续挂多个科室/医生号，能够连续挂号功能，患者数据资料不清空。 +------------------------------------------------------------------------------------------------------------------------------------------+,正偏离/无偏离,由门诊挂号站提供：挂号成功后保留已选患者信息，仅刷新号源与当日挂号记录，同一患者可连续对不同科室/医生排班挂号，患者资料不清空；仅限制同一排班重复挂号。
3566,,,能够跨机构挂号。 +------------------------------------------------------------------------------------------------------------------------------------------+,部分响应,平台当前为单机构挂号模型。本条所述跨机构挂号功能尚未提供，列入后续开发计划。
3567,,,能够口腔医院按专病的挂号模式。 +------------------------------------------------------------------------------------------------------------------------------------------+,部分响应,本条所述口腔医院按专病的挂号模式当前版本未提供，列入后续开发计划。
3568,,,支持多种支付方式，如现金、银行卡、微信支付、支付宝支付、医保支付等，方便患者缴费。 +------------------------------------------------------------------------------------------------------------------------------------------+ 预约取号 +-----------,部分响应,已提供：现金、微信支付、支付宝支付、医保支付四种支付方式（微信/支付宝通过扫码支付台建单与回调确认，医保通过医保适配器分解结算），日结按支付方式分组汇总。尚未提供：①银行卡（POS）支付方式；②多种支付方式混合支付。上述缺项列入后续开发计划。
3569,,,有效数据资料校验后予以完成预约取号的功能，拥有根据病人联系电话、身份证等数据资料获取预约数据资料。 +------------------------------------------------------------------------------------------------------------------------------------------+,部分响应,已提供：预约取号（签到）功能，预约记录校验后签到转为正式挂号并关联挂号记录。尚未提供：按患者联系电话、身份证号等信息反查预约记录后取号（当前需先选定排班再在名单中查找患者）。上述缺项列入后续开发计划。
3570,,,患者可预约未来\[X\]天内的门诊号源，精确到具体时段（如每半小时为一个时段）。 +------------------------------------------------------------------------------------------------------------------------------------------+,正偏离/无偏离,由预约管理与患者服务门户提供：排班下可划分时段（时段长度自定义，如每半小时一个时段）并分配号源，患者端可按未来日期查询号源并选择具体时段预约，占号为原子操作。
3571,,,提供智能推荐功能，根据患者输入的症状或疾病，为患者推荐合适的科室和医生。 +------------------------------------------------------------------------------------------------------------------------------------------+,部分响应,已提供：患者服务门户「智能导诊」，按患者输入的症状关键词匹配导诊规则库，推荐就诊科室并给出就诊建议。尚未提供：推荐到具体医生。上述缺项列入后续开发计划。
3572,,,患者预约成功后，系统自动发送预约确认短信或微信消息，包含就诊时间、地点、注意事项等信息。 +------------------------------------------------------------------------------------------------------------------------------------------+,部分响应,平台当前预约成功后在患者端即时返回预约编号。本条所述自动发送预约确认短信或微信消息（含就诊时间、地点、注意事项）的功能尚未提供，列入后续开发计划。
3573,,,支持患者在线取消预约，且在就诊前\[X\]小时前取消不记违约。对于多次爽约的患者，系统进行限制预约的处理。 +------------------------------------------------------------------------------------------------------------------------------------------+ +----,部分响应,已提供：患者在线取消预约（校验预约归属后释放号源），院内预约管理亦可取消。尚未提供：①就诊前 X 小时免责时间窗判定；②爽约记录计数；③多次爽约患者的预约限制。上述缺项列入后续开发计划。
3574,,,初诊的义诊病人只收取病历费，拥有义诊功能，复诊的义诊病人不收取任何费用。 +------------------------------------------------------------------------------------------------------------------------------------------+,部分响应,平台当前挂号费按排班设定的固定费用收取。本条所述义诊功能（初诊义诊仅收病历费、复诊义诊免费）尚未提供，列入后续开发计划。
3575,,,按优惠后结算，不同患者绑定不同减免类型，结算时能够自动化计算优惠后金额，能够减免类型管控，拥有减免功能。 +------------------------------------------------------------------------------------------------------------------------------------------+,部分响应,平台当前结算按项目金额合计收取。本条所述减免类型管理、患者绑定减免类型及结算时自动计算优惠后金额的减免功能尚未提供，列入后续开发计划。
3576,,,拥有挂号费优惠能够设置功能，例如本院职工减免、临床试验减免、60岁以上老人挂号费减半等。 +------------------------------------------------------------------------------------------------------------------------------------------+ 退号换号 +--------,部分响应,平台当前提供按号别价目标准自动收取挂号费、并将挂号费自动纳入门诊收费队列结算的基础能力。本条所述本院职工减免、临床试验减免、六十岁以上老人挂号费减半等挂号费优惠规则的设置与结算时自动扣减尚未提供，列入后续开发计划。
3577,,,退号能够连续行为，能够退号处理操作。 +------------------------------------------------------------------------------------------------------------------------------------------+,正偏离/无偏离,门诊挂号台当日挂号列表每条记录均提供退号操作：退号时自动校验挂号状态，已收费的须先完成退费方可退号，未收费的挂号费单据自动作废，同时即时释放该时段号源。退号完成后列表自动刷新，可对多名患者连续办理退号，退号与号源回收形成闭环。
3578,,,能够换号处理操作，病人到医生站就诊前能够进行转科。 +------------------------------------------------------------------------------------------------------------------------------------------+ 挂号限制 +---------------------------,部分响应,平台当前提供门诊退号并即时释放号源、患者可随即重新挂号的基础能力。本条所述门诊换号处理操作，以及患者到医生站就诊前的门诊转科处理尚未提供，列入后续开发计划。
3579,,,能够专科做个性化挂号设置并在挂号中做限制，比如年龄、性别限制等。 +------------------------------------------------------------------------------------------------------------------------------------------+ 挂号检索 +--------------------,部分响应,平台当前挂号时提供同日同科重复挂号校验与号源余量控制。本条所述按专科设置个性化挂号规则、并在挂号环节按患者年龄、性别等条件进行限制尚未提供，列入后续开发计划。
3580,,,能够挂号员浏览今日挂号历史和挂号历史总体情况。 +------------------------------------------------------------------------------------------------------------------------------------------+,部分响应,已提供：挂号台自动加载并展示当日全部挂号记录，挂号员可随时浏览今日挂号情况；首页运营看板提供近期门诊挂号量与挂号收入的总体趋势。尚未提供：①挂号台按任意历史日期回看既往挂号记录；②挂号员本人工作量汇总。上述缺项列入后续开发计划。
3581,,,展示医院各科室、医生的简介、擅长领域、出诊时间、患者满意度等信息，方便患者选择。 +------------------------------------------------------------------------------------------------------------------------------------------+,部分响应,平台当前患者端提供按日期查询各科室号别、出诊班次、挂号费与剩余号源的能力，可支撑患者选号。本条所述医院及科室简介、医生简介与擅长领域、出诊医生信息、患者满意度等内容的对外展示尚未提供，列入后续开发计划。
3582,,,提供门诊排班表的查询功能，患者可以查看医生的出诊安排。 +------------------------------------------------------------------------------------------------------------------------------------------+,部分响应,已提供：患者端按日期查询门诊排班号源，展示科室、号别、上午/下午班次、挂号费与剩余号源；院内门诊排班表提供按周查看、含医生列的排班视图，可上下周切换。尚未提供：患者端排班信息中显示具体出诊医生姓名（当前患者侧仅到科室与班次）。上述缺项列入后续开发计划。
3583,,,实时显示各科室的号源剩余情况，方便患者了解就诊的紧张程度。 +------------------------------------------------------------------------------------------------------------------------------------------+,正偏离/无偏离,各科室号源剩余数由排班容量与已挂号数实时计算得出，院内挂号台号源列表与患者端号源卡片同步展示余号，余号为零时挂号按钮自动禁用。挂号与退号在数据层原子增减已挂号数，因此余号为实时读值而非定时快照，可如实反映各科室就诊紧张程度。
3584,★,,+-------------------------------+-----------------------------------------------------------------------------------------------------------------------------------------------------------------------,非参数行,文档转换产生的表格分隔残渣，不计入参数总数
3585,,,能够自动化调入患者就诊相关的费用数据资料，患者身份识别后，进行收费结算。 +------------------------------------------------------------------------------------------------------------------------------------------------------------------,正偏离/无偏离,门诊收费台提供待收费患者队列，收费员选定患者后系统自动带出该次就诊的全部未收费项目（含挂号费与门诊医生站开立的各类检查、检验、处方医嘱）及费用明细，并自动合计应收金额，无需人工逐条录单即可完成收费结算。
3586,,,能够统一账户管控能够信用就医业务流程，拥有患者信用额度的更新功能，在信用额度中。 +--------------------------------------------------------------------------------------------------------------------------------------------------------------,部分响应,平台当前住院侧提供预交金收取、押金台账与账户余额实时查看，门诊侧提供逐次就诊结算。本条所述患者统一账户管控、信用就医业务流程及患者信用额度的设置与更新尚未提供，列入后续开发计划。
3587,,,能够不同优惠类型，如临床试验、本院职工、义诊，能够在结算时扣减优惠金额结算。 +----------------------------------------------------------------------------------------------------------------------------------------------------------------,部分响应,平台当前门诊结算按该次就诊未收费项目金额自动合计并生成结算单据。本条所述临床试验、本院职工、义诊等优惠类型的设置，以及结算时按优惠类型扣减优惠金额后结算尚未提供，列入后续开发计划。
3588,,,能够医院优惠、现金、医保账户、储值金余额、微信等不同方式混合支付。 +---------------------------------------------------------------------------------------------------------------------------------------------------------------------,部分响应,平台当前门诊结算支持现金、微信、支付宝、医保四种支付方式，每次结算选择其中一种，医保结算自动完成医保分割。本条所述医院优惠、储值金余额等多来源与现金、医保账户、微信的混合支付（一次结算多笔支付分录）尚未提供，列入后续开发计划。
3589,,,能够多条就诊业务流程合并结算。 +---------------------------------------------------------------------------------------------------------------------------------------------------------------------------------------,部分响应,平台当前按单次就诊自动汇总其全部未收费项目一次性结算，多次就诊可分别结算。本条所述多条就诊业务流程合并为一张结算单一次结算尚未提供，列入后续开发计划。
3590,,,能够收费凭证、发票、指引单等多种单据的打印、补打、作废重打等。 +-----------------------------------------------------------------------------------------------------------------------------------------------------------------------,部分响应,已提供：挂号凭条与收费票据两类单据的打印版式（收费票据含费用明细行）；按患者、日期等条件检索历史收费单据进行补打，并显示已打印次数；每次打印自动写入打印日志留痕。尚未提供：①票据作废状态及作废后重打；②独立的就诊指引单版式；③挂号凭条的打印入口按钮。上述缺项列入后续开发计划。
3591,,,提供合规的电子发票对接。 +------------------------------------------------------------------------------------------------------------------------------------------------------------------------------------------,外部条件,平台提供完整的收费票据数据集与自印票据版式输出，票据抬头等要素可按医院实际配置，结算完成后即时生成票据数据并留存打印记录。合规电子发票（财政电子票据）须由当地财政部门票据管理系统提供接口规范与开票服务，医院取得电子票据开票资质与接口授权、由财政票据服务方完成开票、交付与查验；平台按其发布的接口规范完成对接联调。
3592,,,支持发票作废、重打等操作，并记录相关操作日志。 +-------------------------------------------------------------------------------------------------------------------------------------------------------------------------------,部分响应,已提供：收费票据重打（按条件检索历史单据补打），每次打印自动记录单据类型、单据编号、操作人与打印时间形成打印日志；退费另有完整操作留痕，记录退费时间与操作人。尚未提供：发票作废动作及其对应操作日志（当前收费单据状态仅有已收费与已退费两种）。上述缺项列入后续开发计划。
3593,,,四舍五入结算，当支付的总金额和应当缴款不相等时，差额要求审计记录货币误差，能够货币误差功能。 +--------------------------------------------------------------------------------------------------------------------------------------------------------,部分响应,平台当前门诊结算金额按未收费项目金额精确合计，收付金额一致入账。本条所述实收金额录入、四舍五入抹零处理，以及应收与实收差额的货币误差审计登记功能尚未提供，列入后续开发计划。
3594,,,且当所有窗口排队都空闲时能平均分配处方到发药窗口，能够药品费用收费时，自动化智能化分配处方到排队最少的发药窗口。 +----------------------------------------------------------------------------------------------------------------------------------------------,部分响应,平台当前提供药房待发药处方队列与顺序叫号，并已建立收费、采样、药房等窗口基础档案。本条所述药品费用收费后按各发药窗口排队情况智能分配处方、窗口均空闲时平均分配的调度逻辑尚未提供，列入后续开发计划。
3595,,,能够已结算的费用由门诊转入住院费用的功能。 +---------------------------------------------------------------------------------------------------------------------------------------------------------------------------------,部分响应,平台当前门诊收费与住院预交金各自独立记账，住院预交金可在入院登记时缴纳、住院期间随时补缴。本条所述门诊已结算费用转入住院费用账户的结转功能尚未提供，列入后续开发计划。
3596,,,给医院进行医保嵌入，予以完成医保结算，拥有医保连接。 +----------------------------------------------------------------------------------------------------------------------------------------------------------------------------,外部条件,平台提供医保结算的标准接入点与院内配套能力：门诊与住院结算的医保分支、医保甲乙丙类目分割、起付线与封顶线计算、退费与结算撤销时的自动冲正，以及医保模块启停开关，接口适配层可按当地规范替换为正式实现。医保联机结算本体依赖当地医保经办部门提供的接口规范、接口程序与专线、账号授权，须在医院取得定点资格并完成医保部门审批后开通；平台按医保部门发布的接口规范完成对接与联调。
3597,,,自动化扣减相应药房的财务库存。 +---------------------------------------------------------------------------------------------------------------------------------------------------------------------------------------,部分响应,已提供：发药环节自动扣减药品库存，库存不足自动拦截，扣减过程原子执行并写出库留痕；退药自动回补库存并记录退回流水。尚未提供：①按药房、库房分别记账的库存维度（当前为全院统一库存账）；②收费环节即预扣库存（当前在发药环节扣减）；③财务库存与实物库存分账。上述缺项列入后续开发计划。
3598,,,拥有全部退费和部分退费功能。 +----------------------------------------------------------------------------------------------------------------------------------------------------------------------------------------,部分响应,已提供：整单退费功能，含已发药须先退药、已执行项目不可退费等业务校验、并发抢占保护与医保单自动冲正，另有大额退费审批链。尚未提供：按费用明细行的部分退费（当前只能整单退费，需部分退时以先退药再整单退费重收的方式变通处理）。上述缺项列入后续开发计划。
3599,,,拥有当日和隔日退费功能。 +------------------------------------------------------------------------------------------------------------------------------------------------------------------------------------------,正偏离/无偏离,退费不受结算日期限制，当日结算单与隔日结算单均可办理退费；退费时间与退费操作人单独入账留痕。日结报表按「收款计入收款日、退款计入退费日」分别归集，隔日退费不会改动原结算日的日结数据，账务口径清晰。
3600,,,拥有退费业务规则控制功能，由医生发起申请，药房、医技科室审批后才能够退费。 +-----------------------------------------------------------------------------------------------------------------------------------------------------------------,部分响应,已提供：退费审批业务规则控制，含退费申请提交、待审批列表、审批通过与驳回，禁止自审自批，超过设定金额阈值的退费必须经审批方可办理；药房与医技侧的业务卡口体现为已发药须先退药、已执行项目不可退费。尚未提供：①由医生发起退费申请（当前由收费员发起）；②药房、医技科室两级审批角色（当前审批人为管理员角色）；③未达金额阈值的小额退费仍可直接办理，未强制进入审批流程。上述缺项列入后续开发计划。
3601,,,能够多种退款方式：医院优惠、储值金余额、医保账户、现金、支票、银行卡、支付宝、微信。 +------------------------------------------------------------------------------------------------------------------------------------------------------------,部分响应,已提供：现金、微信、支付宝、医保四种收付方式；退费按原结算单的支付方式办理，医保单自动走医保冲正退回。尚未提供：医院优惠、储值金余额、支票、银行卡四种退款方式，以及退费界面上的退款方式选择控件。上述缺项列入后续开发计划。
3602,,,也能够选择其他退款方式，能够默认按原发票付款路径退回。 +---------------------------------------------------------------------------------------------------------------------------------------------------------------------------,部分响应,已提供：退费默认按原发票的付款路径原路退回，原单支付方式沿用不变，医保结算单自动调用医保冲正原路退回。尚未提供：退费时另行选择其他退款方式（当前退费办理不含退款方式选择项）。上述缺项列入后续开发计划。
3603,,,能够结算后直接作废同时变更保险计划重新结算。 +--------------------------------------------------------------------------------------------------------------------------------------------------------------------------------,部分响应,已提供：结算单作废（整单退费）、患者参保计划在患者档案中维护、重新结算时按患者当前参保类型重新进行医保分割计算，三个动作串接可达成变更保险计划后重新结算的业务目的。尚未提供：作废、变更参保计划、重新结算一体化的操作流程，以及在收费台直接变更参保计划的入口（当前需切换至患者档案页维护）。上述缺项列入后续开发计划。
3604,,,收费数据资料包括收款数据资料、费用数据资料、票据数据资料；能够显示本次结账的挂号结算、挂号票据、收费结算、收费票据和储值金的明细数据资料；，对行为员当日的收费数据资料进行结账的功能，拥有按结账类型、起始终止时间，能够门诊个人结账检索。 +---------------------------------------------------------------------------------,部分响应,已提供：收费员个人结账（班结缴款单），按当前登录收费员自动汇总当日系统收款、退费与净额，支持预览、提交上交与财务确认，缴款记录可按日期与状态查询；收费票据与挂号凭条均有完整单据数据。尚未提供：①挂号结算与挂号票据单列，住院预交金与出院结算纳入结账口径；②储值金明细；③「结账类型」分类维度；④结账记录按起止时间区间检索（当前按单日）。上述缺项列入后续开发计划。
3605,,,能够门诊结账检索，能够按结账类型、起止时间检索门诊结账的明细数据资料。 +-------------------------------------------------------------------------------------------------------------------------------------------------------------------,部分响应,已提供：门诊结账明细检索，支持按起止日期区间、支付方式、项目类型查询，并可切换至费用明细行模式；班结缴款单列表支持按日期与结账状态查询。尚未提供：「结账类型」这一检索维度；班结缴款单列表按起止时间区间检索（当前为单日）。上述缺项列入后续开发计划。
3606,,,能够门诊汇总结账；能够按门诊收费部门、起止时间，检索挂号收费数据资料、应当收金额、账户数据资料等内容；能够按照储值金、现金、微信、支付宝、聚合支付、银行卡等类型分别汇总应当收金额。 +------------------------------------------------------------------------------------------------------------,部分响应,已提供：门诊收费日结汇总，按支付方式分别汇总应收金额与退款金额（收款计入收款日、退款计入退费日），页面查看并支持导出；挂号收费数据可按项目类型筛选查询。尚未提供：①按起止时间区间汇总（当前为单日）；②门诊收费部门汇总维度；③储值金、聚合支付、银行卡等支付类型（当前为现金、微信、支付宝、医保四类）；④账户资料汇总维度。上述缺项列入后续开发计划。
3607,,,能够门诊结账检索；能够按照结账类型、起止时间，进行结账时间和结账状态的检索。 +----------------------------------------------------------------------------------------------------------------------------------------------------------------,部分响应,已提供：门诊结账（班结缴款单）按结账状态（已提交、财务已确认）与日期检索，查询结果显示提交时间与财务确认时间。尚未提供：「结账类型」检索维度；结账时间按起止区间检索（当前只能选择单一日期）。上述缺项列入后续开发计划。
3608,,,能够结账作废和结账打印功能。 +----------------------------------------------------------------------------------------------------------------------------------------------------------------------------------------,部分响应,平台当前提供班结缴款单的提交与财务确认，缴款单记录可在线查询，页面提示已提交单据如需更正由财务处理。本条所述结账作废（撤销已提交结账）与结账单打印输出尚未提供，列入后续开发计划。
3609,,,通过后台功能予以完成，能够自动化结账模式。 +---------------------------------------------------------------------------------------------------------------------------------------------------------------------------------,部分响应,支付/结算闭环已有；门诊预交金账户为小型扩展（试点反馈后决定）
3610,★,,+-------------------------------+-----------------------------------------------------------------------------------------------------------------------------------------------------------------------,非参数行,文档转换产生的表格分隔残渣，不计入参数总数
3611,,,支持对普通床、监护床等床位类型进行配置管理，可快速检索空闲床位并完成床位分配与调度管理。 +----------------------------------------------------------------------------------------------------------------------------------------------------------,部分响应,已提供：按病区快速检索床位并显示空闲、占用状态及占用患者姓名；入院登记时选择空闲床位完成床位分配，非空闲床位自动置灰并有占床并发校验；床位调度（转床、转科）可办理并全程留痕。尚未提供：普通床、监护床等床位类型的配置管理（当前床位档案不含床位类型属性）。上述缺项列入后续开发计划。
3612,,,可自动记录押金金额、支付方式等关键信息，实现入院押金的规范化收取与全程管控。 +----------------------------------------------------------------------------------------------------------------------------------------------------------------,正偏离/无偏离,入院登记时录入的预交押金自动生成押金台账记录，金额、支付方式（现金、微信、支付宝）、经办人与缴纳时间四项自动落库；住院期间可随时补缴押金，全部押金明细与账户余额可在住院患者工作区与患者账户页随时调阅核对，实现押金收取的规范化与全程管控。
3613,,,提供入院患者信息查询与统计功能，支持按入院日期、所属科室等维度进行数据汇总。 +----------------------------------------------------------------------------------------------------------------------------------------------------------------,部分响应,已提供：在院患者信息查询，列表展示住院号、姓名、性别、所属科室、病区床号、入院诊断与入院时间。尚未提供：按入院日期、所属科室等维度的条件筛选与入院人次汇总统计报表。上述缺项列入后续开发计划。
3614,,,能够床位的即时状态监测，包括空闲、占用等状态。 +-------------------------------------------------------------------------------------------------------------------------------------------------------------------------------,正偏离/无偏离,床位状态按空闲、占用两态实时维护：占床与放床在数据层原子更新，床位查询即时返回每张床的状态与占用患者姓名。入院登记的床位选择界面、护理白板与运营看板的全院床位总数、占用床数及床位使用率均取自实时状态，实现床位即时状态监测。
3615,,,支持床位调换业务办理，可记录床位调换原因、调换时间等信息并形成审计追溯。 +------------------------------------------------------------------------------------------------------------------------------------------------------------------,正偏离/无偏离,住院医生站提供床位调换（转床、转科）办理：登记调换原因后原子完成占用新床与释放旧床，系统自动记录调出调入科室与床位、调换原因、经办人与调换时间，形成不可篡改的调换日志；调换历史可在同一页面列表回看，构成完整审计追溯。
3616,,,支持床位费用标准配置与管控，可针对不同床位类型单独设定收费价格。 +----------------------------------------------------------------------------------------------------------------------------------------------------------------------,部分响应,平台当前床位费可作为普通收费项目在收费价目表中维护并计费。本条所述床位类型分类、按不同床位类型单独设定收费价格及按床位类型自动计费的配置管控尚未提供，列入后续开发计划。
3617,,,可自动生成床位使用率、床位周转次数等统计报表，支持床位使用情况分析与数据处理。 +---------------------------------------------------------------------------------------------------------------------------------------------------------------,正偏离/无偏离,病案统计提供床位效率趋势报表，按科室与月份自动生成出院人次、平均住院日、占用床日、床位周转次数与床位使用率等指标，可在页面按科室对比分析床位使用情况。床位数口径取当前开放床位数，已在报表页与接口说明中明确标注。
3618,,,支持护士为住院患者办理转科登记业务。 +------------------------------------------------------------------------------------------------------------------------------------------------------------------------------------,部分响应,已提供：住院转科登记业务功能，可登记转出转入科室与床位、转科原因并全程留痕，护士角色在权限上具备办理该业务的资格。尚未提供：护士工作站的转科操作入口（当前转科办理界面位于住院医生站，护士角色菜单中未包含该页面）。上述缺项列入后续开发计划。
3619,,,支持录入转科原因及备注等相关信息。 +-------------------------------------------------------------------------------------------------------------------------------------------------------------------------------------,正偏离/无偏离,办理转科时可录入转科原因说明（备注信息与原因共用同一说明字段），随转出转入科室与床位、经办人、转科时间一并入库；转科原因与历次转科记录可在住院医生站以历史列表形式回查。
3620,,,支持医疗费用汇总核算、医保报销核算、个人自费金额核算，可完成患者出院结算业务。 +---------------------------------------------------------------------------------------------------------------------------------------------------------------,部分响应,已提供：出院结算的医疗费用汇总核算（按已执行医嘱实时汇总）、押金合计冲抵与应补应退金额计算；医保侧按甲乙丙类目分割，计算起付线、封顶线与基金支付、个人自付金额并留痕。尚未提供：①医保基金支付额回写出院结算（当前应补应退金额按费用全额减押金计算，未扣减统筹支付部分）；②出院结算界面展示医保报销额与个人自费额。上述缺项列入后续开发计划。
3621,,,支持出院手续一站式办理，包括出院证明打印、病历资料整理归档等操作。 +---------------------------------------------------------------------------------------------------------------------------------------------------------------------,部分响应,已提供：出院结算与出院小结打印在同一页面完成，出院小结含入出院日期、主要诊断与其他诊断、诊疗经过、出院带药，结算后自动打开打印页；病案资料另有归档处理功能与待归档工作队列。尚未提供：①出院证明单据（当前仅有出院小结）；②病案归档并入出院一站式办理流程（当前需另到病案首页页面操作）。上述缺项列入后续开发计划。
3622,,,可记录随访日期、随访内容等信息，实现出院患者随访全流程管理与追溯。 +---------------------------------------------------------------------------------------------------------------------------------------------------------------------,正偏离/无偏离,患者随访模块提供随访计划建立（随访日期、随访主题内容、随访方式）、按待随访与已随访状态查询、随访完成登记（随访结果说明与完成时间）。随访日期、随访内容、执行结果与完成时间全程留痕，可按状态追溯出院患者随访全流程。
3623,,,支持按出院日期、科室、疾病诊断等条件汇总数据，提供出院患者信息检索与统计功能。 +---------------------------------------------------------------------------------------------------------------------------------------------------------------,部分响应,已提供：按科室汇总出院人次、平均住院日与构成比；按疾病诊断汇总（出院主要诊断前二十位与 ICD 类目构成）；出院患者按住院号或姓名检索，结果带科室与出院时间。尚未提供：按出院日期区间的汇总统计（现有科室与诊断统计为全量聚合，不支持出院日期筛选）。上述缺项列入后续开发计划。
3624,,,支持护士为患者办理床位更换操作。 +--------------------------------------------------------------------------------------------------------------------------------------------------------------------------------------,部分响应,已提供：患者床位更换办理（可只换床不换科），原子完成占用新床与释放旧床并记录调换原因、经办人与时间，护士角色在权限上具备办理资格。尚未提供：护士工作站的换床操作入口（当前换床界面位于住院医生站，护士角色菜单中未包含该页面）。上述缺项列入后续开发计划。
3625,,,支持两名住院患者床位信息双向互换。 +-------------------------------------------------------------------------------------------------------------------------------------------------------------------------------------,部分响应,平台当前提供单个患者的床位更换，可将患者调整至空闲床位，目标床位被占用时自动拦截以防止重复占床。本条所述两名在院患者床位信息一次性双向互换尚未提供（当前须借助第三张空闲床位分两次转床完成），列入后续开发计划。
3626,,,支持维护主管医生、责任护士、护理类型、护理等级等信息，实现患者诊疗信息实时更新。 +--------------------------------------------------------------------------------------------------------------------------------------------------------------,部分响应,已提供：主管医生在入院登记时记录并在住院患者信息中展示；护理等级维护（四档等级校验，变更须填写原因并自动写入变更日志，护理白板同步展示当前等级）。尚未提供：①责任护士字段与维护；②护理类型（如一般护理、专科护理等）分类；③主管医生的变更维护（当前仅在入院登记时一次性记录）。上述缺项列入后续开发计划。
3627,,,支持护士对误入科室的患者执行取消入科操作。 +---------------------------------------------------------------------------------------------------------------------------------------------------------------------------------,部分响应,平台当前提供住院转科办理，误入科室的患者可转至正确科室并全程留痕。本条所述取消入科（撤销该次入科登记）操作尚未提供，列入后续开发计划。
3628,,,支持护士对不符合住院条件的患者执行取消入院操作。 +------------------------------------------------------------------------------------------------------------------------------------------------------------------------------,部分响应,平台当前入院登记后提供转科、转床与出院结算处理。本条所述对不符合住院条件患者执行取消入院（作废已办理的入院登记）操作尚未提供，列入后续开发计划。
3629,,,支持护士对已办理的转科登记执行撤销操作。 +----------------------------------------------------------------------------------------------------------------------------------------------------------------------------------,部分响应,平台当前转科登记全程留痕，转错科室可再次办理转科转回原科室，两次记录均可追溯查询。本条所述对已办理的转科登记执行撤销操作尚未提供，列入后续开发计划。
3630,,,支持护士直接为患者办理入院登记业务。 +------------------------------------------------------------------------------------------------------------------------------------------------------------------------------------,部分响应,已提供：住院入院登记功能，可录入患者、入院科室、病区、床位、入院诊断、主管医生与预交押金等全项信息，护士角色在权限上具备办理资格。尚未提供：护士工作站的入院登记菜单入口（当前住院登记菜单仅分配给管理员角色，护士账号登录后看不到该菜单）。上述缺项列入后续开发计划。
3631,,,支持护士为新生儿办理专属入院登记业务。 +-----------------------------------------------------------------------------------------------------------------------------------------------------------------------------------,部分响应,平台当前提供住院入院登记，新生儿可先建立个人患者档案后按常规流程办理入院。本条所述新生儿随母专属入院登记（母婴关联登记）尚未提供，列入后续开发计划。
3632,,,支持对各临床科室及护理单元的床位基础信息进行统一管理。 +---------------------------------------------------------------------------------------------------------------------------------------------------------------------------,部分响应,已提供：按病区批量建立床位基础信息（自动跳过重复床号，限管理员操作）与按病区查询床位及其使用状态。尚未提供：①床位基础信息管理的操作页面（当前批量建床作为实施配置工具使用）；②床位按临床科室归属管理（当前床位挂在护理单元/病区之下）；③单张床位的新增、改号、停用与删除。上述缺项列入后续开发计划。
3633,,,支持对床位位置、床位编制类型、床位使用状态等属性进行维护与更新。 +----------------------------------------------------------------------------------------------------------------------------------------------------------------------,部分响应,平台当前床位档案包含所属病区、床位编号与使用状态，使用状态随占床、放床自动实时维护。本条所述床位位置、床位编制类型两类属性，以及对床位属性的人工维护与更新操作尚未提供，列入后续开发计划。
3634,,,支持床位类型分类管理，并可配置与床位类型对应的收费标准及相关费用信息。 +-------------------------------------------------------------------------------------------------------------------------------------------------------------------,部分响应,平台当前床位费可作为收费项目在收费价目表中维护并计费。本条所述床位类型分类管理，以及床位类型与收费标准、相关费用信息的绑定配置尚未提供，列入后续开发计划。
3635,,,具备床位类型管理功能，并支持医疗机构内部床位类型使用权限分配。 +-----------------------------------------------------------------------------------------------------------------------------------------------------------------------,部分响应,平台当前提供基于角色的功能菜单权限分配，可按岗位控制床位相关操作的可见与可用范围。本条所述床位类型管理功能，以及按床位类型的使用权限分配尚未提供，列入后续开发计划。
3636,,,支持对住院患者入院预缴押金、中途补缴押金、退费冲红、日终结转等环节进行全流程规范化管理与动态监控，实现预交金从收取、登记、上交的全程可追溯、可管控，确保资金流向清晰、账务准确无误。 +------------------------------------------------------------------------------------------------------------,部分响应,已提供：入院预缴押金自动记账、住院期间中途补缴押金、押金台账逐笔记录金额与支付方式、经办人与时间，患者账户余额实时查看与欠费台账动态监控，预交金收取与登记环节全程可追溯。尚未提供：①预交金退费冲红（对错误交款记录冲销）；②预交金日终结转；③预交金上交环节（当前收费员班结缴款口径仅含门诊收费）。上述缺项列入后续开发计划。
3637,,,支持根据患者住院信息自动生成预交金缴纳凭证，并提供正式票据打印功能，满足财务入账、患者留存及医保核查等业务需求，保障票据管理规范统一。 +-----------------------------------------------------------------------------------------------------------------------------------,部分响应,平台当前缴纳预交金后自动生成押金台账记录，金额、支付方式、经办人与缴纳时间可随时在线查看核对。本条所述依据住院信息自动生成预交金缴纳凭证、并提供正式票据打印尚未提供，列入后续开发计划。
3638,,,支持预交金日终结算处理，可自动汇总当日预交金收支明细，生成规范的日结清单并支持打印输出，满足财务日清日结与对账管理要求。 +------------------------------------------------------------------------------------------------------------------------------------------,部分响应,平台当前提供门诊收费日结汇总报表与收费员班结缴款单，可完成门诊侧的日清日结。本条所述住院预交金日终结算处理、当日预交金收支明细自动汇总及日结清单打印输出尚未提供，列入后续开发计划。
3639,,,支持按收费员、缴费时间、科室、支付方式等多种统计维度对预交金数据进行分类汇总，生成对应汇总清单并提供打印功能，满足财务核算、数据统计与管理上报需求。 +----------------------------------------------------------------------------------------------------------------------------,部分响应,平台当前预交金台账逐笔记录收费员、缴费时间与支付方式，可按患者查看押金明细与余额。本条所述按收费员、缴费时间、科室、支付方式等维度对预交金分类汇总、生成汇总清单并打印输出尚未提供，列入后续开发计划。
3640,,,支持规范办理住院预约全流程，可完整录入患者基础信息（姓名、性别、年龄、身份证号等）及预约核心信息（预约时间等），确保预约信息可追溯、办理规范高效。 +-----------------------------------------------------------------------------------------------------------------------------,部分响应,平台当前提供门诊预约挂号全流程，以及住院入院登记（可录入姓名、性别、年龄、身份证号等患者基础信息）。本条所述住院预约业务（预约登记办理、预约时间等预约核心信息管理与预约记录追溯）尚未提供，列入后续开发计划。
3641,,,可依据入院证相关信息，合理安排患者预入院时间。 +-------------------------------------------------------------------------------------------------------------------------------------------------------------------------------,部分响应,平台当前入院登记以实际办理时间作为入院时间并自动记录。本条所述依据入院证信息登记并安排患者预入院时间尚未提供，列入后续开发计划。
3642,,,支持对已提交住院预约申请的患者执行床位预约与预约取消操作。 +-------------------------------------------------------------------------------------------------------------------------------------------------------------------------,部分响应,平台当前床位状态为空闲与占用两态，入院登记时可即时选择空闲床位完成分配。本条所述针对已提交住院预约申请患者的床位预约与预约取消操作（含床位预约中间状态）尚未提供，列入后续开发计划。
3643,,,支持住院患者运行情况统计，自动生成住院情况日报表，满足日常管理与数据上报需求。 +---------------------------------------------------------------------------------------------------------------------------------------------------------------,部分响应,已提供：住院患者运行情况统计，含在院人数、床位总数与占用床位、床位使用率、出院人次、平均住院日、均次费用与病组分析，以及按科室与月份的床位周转与使用率趋势。尚未提供：按日成表的住院情况日报表（当日入院、出院、转科与在院人数日报）。上述缺项列入后续开发计划。
3644,,,支持对住院登记患者信息进行综合查询、筛选与数据统计，便于科室及管理部门实时掌握入院情况。 +----------------------------------------------------------------------------------------------------------------------------------------------------------,部分响应,已提供：在院患者综合查询，列表展示住院号、姓名、性别、科室、病区床号、诊断与入院时间；病案侧另可按住院号或姓名模糊检索患者。尚未提供：住院登记信息的多条件筛选与分页查询，以及针对住院登记的数据统计功能。上述缺项列入后续开发计划。
3645,,,支持住院登记患者基本信息查询、浏览与核对，包括身份信息、入院信息、病区床位等核心内容。 +-----------------------------------------------------------------------------------------------------------------------------------------------------------,正偏离/无偏离,住院登记患者信息可随时查询、浏览与核对：身份信息含患者号、姓名、性别，入院信息含住院号、入院诊断、出院诊断、住院状态与入院时间，病区床位信息含病区名称与床号。在院患者一览、住院患者工作区与出院结算页均可查看，更完整的身份资料可在患者档案中调阅核对。
3646,,,提供病区日报数据的手工录入、编辑、保存与查看功能，实现病区日常运营数据的规范化管理。 +------------------------------------------------------------------------------------------------------------------------------------------------------------,部分响应,对应业务登记能力已实现，字段级差异逐条比对
3647,,,支持各类住院参保人员基本信息查询、参保状态核对及入出院明细查询，满足医保管理与结算要求。 +----------------------------------------------------------------------------------------------------------------------------------------------------------,部分响应,已提供：患者参保类型在患者档案中维护；住院医保结算分割记录查询（含甲乙丙分类、基金支付与个人自付），以及年度医保待遇累计与封顶线预警名单。尚未提供：①住院参保人员名单式基本信息查询（当前住院分割记录未带出患者姓名）；②参保状态在线核对（参保资格查询须由当地医保部门接口提供）；③入出院明细专项查询。上述缺项列入后续开发计划。
3648,★,,+-------------------------------+-----------------------------------------------------------------------------------------------------------------------------------------------------------------------,非参数行,文档转换产生的表格分隔残渣，不计入参数总数
3649,,,支持通过住院号快速提取并匹配住院患者基本信息，完成住院预交金的交款登记、核对与确认。 +------------------------------------------------------------------------------------------------------------------------------------------------------------,部分响应,已提供：住院预交金交款登记（收费员可办理），押金台账与患者账户余额可随时调阅核对，入院登记页与出院结算页均可办理缴纳。尚未提供：①按住院号快速提取匹配患者（当前从在院患者列表中点选，无住院号检索输入框）；②缴款完成后的确认凭据打印。上述缺项列入后续开发计划。
3650,,,支持住院预交金收款收据的打印与补打，满足财务票据管理要求。 +-------------------------------------------------------------------------------------------------------------------------------------------------------------------------,部分响应,平台当前门诊收费票据具备正常打印、按条件检索补打及打印次数与打印日志留痕的完整能力。本条所述住院预交金收款收据的打印与补打尚未提供，列入后续开发计划。
3651,,,支持预交金冲红操作，可对错误交款记录进行冲销处理，确保账务准确。 +----------------------------------------------------------------------------------------------------------------------------------------------------------------------,部分响应,平台当前预交金台账逐笔记录金额、支付方式、经办人与缴纳时间，明细可随时查询。本条所述预交金冲红操作（对错误交款记录进行冲销处理）尚未提供，列入后续开发计划。
3652,,,支持收费员对患者住院预交金进行上交登记、核对与确认等相关操作。 +-----------------------------------------------------------------------------------------------------------------------------------------------------------------------,部分响应,平台当前提供收费员班结缴款单的提交、核对与财务确认机制，口径覆盖门诊收费与退费。本条所述收费员对住院预交金的上交登记、核对与确认尚未提供，列入后续开发计划。
3653,,,支持展示预交金上交的明细记录及按条件汇总统计信息，便于账务核对与管理。 +-------------------------------------------------------------------------------------------------------------------------------------------------------------------,部分响应,平台当前预交金明细可按患者查询，含金额、支付方式、经办人与缴纳时间。本条所述预交金上交明细记录展示及按条件汇总统计尚未提供，列入后续开发计划。
3654,,,支持对预交金上交明细及汇总数据进行查询、预览与打印输出，满足财务存档与对账需求。 +--------------------------------------------------------------------------------------------------------------------------------------------------------------,部分响应,平台当前门诊收费日结汇总报表可在线查询、预览并导出。本条所述预交金上交明细及汇总数据的查询、预览与打印输出尚未提供，列入后续开发计划。
3655,,,支持按收费员、缴费时间段等条件进行精准查询，具备完善的预交金信息检索与筛选功能。 +--------------------------------------------------------------------------------------------------------------------------------------------------------------,部分响应,平台当前预交金台账已逐笔记录收费员与缴费时间，可按患者调阅明细。本条所述按收费员、缴费时间段等条件对预交金信息进行精准检索与筛选尚未提供，列入后续开发计划。
3656,,,能够交款报表的补打功能。 +------------------------------------------------------------------------------------------------------------------------------------------------------------------------------------------,部分响应,平台当前提供班结缴款单的在线查询，门诊收费票据具备打印与补打能力。本条所述交款报表（班结缴款单）的打印与补打尚未提供，列入后续开发计划。
3657,,,提供病人住院期间的中途结算和出院总结算，以及病人出院后再召回计算费用。 +-------------------------------------------------------------------------------------------------------------------------------------------------------------------,部分响应,已提供：住院中途结算（不办理出院、不释放床位，按未结算的已执行医嘱结算，历次中间结算单可回看）、出院总结算，以及出院后召回重新计费与重新结算（自动恢复在院状态、重新占床并完成医保冲正，召回后可继续开立医嘱并再次结算）。尚未提供：出院召回的前端操作入口（当前该功能仅在服务端提供）。上述缺项列入后续开发计划。
3658,,,支持出院结算发票的正常打印与补打，支持票据重打、补打日志留痕。 +-----------------------------------------------------------------------------------------------------------------------------------------------------------------------,部分响应,平台当前住院侧提供住院一日费用清单与出院小结的打印，门诊侧收费票据具备正常打印、补打与补打日志留痕。本条所述出院结算发票的正常打印、补打及重打补打日志留痕尚未提供，列入后续开发计划。
3659,,,支持出院结算明细清单与汇总清单的查询、预览及打印输出。 +---------------------------------------------------------------------------------------------------------------------------------------------------------------------------,部分响应,已提供：住院费用明细与汇总的在线查询与预览（全程医嘱费用明细、费用合计、押金合计、应补应退金额、历次中间结算），以及住院一日费用清单的打印输出。尚未提供：整次住院的出院结算明细清单与汇总清单打印件（当前清单打印按单日出具，出院小结不含费用清单）。上述缺项列入后续开发计划。
3660,,,支持患者完成出院结账后，按流程进行出院召回、重新结算等业务操作。 +----------------------------------------------------------------------------------------------------------------------------------------------------------------------,部分响应,已提供：患者出院结账后的出院召回与重新结算流程，含冲销原结算单、恢复在院状态并重新占床、医保额度回退与支付渠道冲正，任一环节失败整体回滚；召回后可继续开立医嘱并再次办理出院结算，并有回归测试覆盖。尚未提供：出院召回的前端操作入口（当前该流程仅在服务端提供）。上述缺项列入后续开发计划。
3661,,,支持新生儿诊疗费用随母亲住院账户统一合并结算，无需单独开立账户，简化结算流程，便于费用核对与出院一并办理。 +-------------------------------------------------------------------------------------------------------------------------------------------------,部分响应,平台当前住院费用按单个住院账户汇总核算与结算，押金与费用一一对应。本条所述新生儿诊疗费用随母亲住院账户统一合并结算、无需单独开立账户并一并办理出院尚未提供，列入后续开发计划。
3662,,,支持现金、银行卡、微信、支付宝、医保等多种支付方式结算。 +--------------------------------------------------------------------------------------------------------------------------------------------------------------------------,部分响应,已提供：出院结算支持现金结清与医保结算两种方式，医保结算自动触发医保分割与上传；住院预交金缴纳环节另支持现金、微信、支付宝。尚未提供：出院结算环节的银行卡、微信、支付宝支付方式（当前线上支付渠道仅对接门诊收费）。上述缺项列入后续开发计划。
3663,,,能够按收费员、结算时间、患者信息、结算方式、住院科室等多种筛选条件，对出院结账审计记录进行精准检索与查询。 +-------------------------------------------------------------------------------------------------------------------------------------------------,部分响应,平台当前出院结算记录可按患者调阅，并纳入运营统计与病案统计的汇总分析。本条所述按收费员、结算时间、患者信息、结算方式、住院科室等多条件对出院结账审计记录进行精准检索查询尚未提供，列入后续开发计划。
3664,,,支持对已完成结算的患者，提供发票补打、结算召回等相关业务处理。 +-----------------------------------------------------------------------------------------------------------------------------------------------------------------------,部分响应,已提供：已完成结算患者的结算召回与重新结算处理，含原结算单冲销、恢复在院、重新占床与医保冲正，服务端流程完整并有并发保护。尚未提供：①住院发票补打（当前补打检索与打印留痕仅覆盖门诊收费票据）；②结算召回的前端操作入口。上述缺项列入后续开发计划。
3665,,,支持收费员对出院结算款项进行核对、汇总与上交操作。 +-----------------------------------------------------------------------------------------------------------------------------------------------------------------------------,部分响应,已提供：收费员班结缴款单，可预览系统应收数、录入实点金额与差额说明后提交上交，由财务确认，缴款单可在线查询核对。尚未提供：出院结算款与住院预交金纳入班结核对口径（当前班结系统数仅汇总门诊收费与退费，住院结算款未进入收费员应收与上交环节）。上述缺项列入后续开发计划。
3666,,,能够打印上交明细数据资料。 +-----------------------------------------------------------------------------------------------------------------------------------------------------------------------------------------,部分响应,平台当前提供班结缴款单的在线查询、提交与财务确认，缴款明细可在页面查看。本条所述上交明细数据的打印输出尚未提供，列入后续开发计划。
3667,,,可按收费员、上交时间段、结算状态等多种条件，精准检索并查询结账上交记录。 +------------------------------------------------------------------------------------------------------------------------------------------------------------------,部分响应,已提供：结账上交记录按结账状态（已提交、财务已确认）与日期检索，管理员可查看全院记录并显示收费员列，收费员仅可查看本人记录。尚未提供：①上交时间按起止区间检索（当前为单一日期）；②按收费员筛选的查询条件。上述缺项列入后续开发计划。
3668,,,可对结账上交记录进行明细导出、汇总报表生成及批量打印，满足财务归档、内部核查与审计留痕需求。 +--------------------------------------------------------------------------------------------------------------------------------------------------------,部分响应,平台当前提供结账上交记录的在线列表查询与状态跟踪，门诊收费日结与科室月报具备数据导出能力。本条所述结账上交记录的明细导出、汇总报表生成与批量打印尚未提供，列入后续开发计划。
3669,,,能够检索汇总收费员住院结账明细审计记录，包括未上交和已上交。 +------------------------------------------------------------------------------------------------------------------------------------------------------------------------,部分响应,已提供：班结缴款单区分未上交（已提交待财务确认）与已上交（财务已确认）状态并可按状态检索；结账明细可按起止日期、支付方式与项目类型检索汇总。尚未提供：住院结账明细按收费员的归集与检索（当前班结口径与结账明细检索均针对门诊收费）。上述缺项列入后续开发计划。
3670,,,支持出院结算及相关结账记录的数据导出、明细查询与纸质打印功能，满足财务归档与核对管理要求。 +---------------------------------------------------------------------------------------------------------------------------------------------------------,部分响应,已提供：住院一日费用清单与出院小结的纸质打印，住院费用明细与历次中间结算的在线查询；门诊收费日结与科室月报支持数据导出。尚未提供：①出院结算单与结账记录的数据导出；②已出院患者的检索入口（当前住院患者列表仅显示在院患者）；③住院结算票据的打印。上述缺项列入后续开发计划。
3671,,,支持住院患者在住院期间办理中途结算业务。 +----------------------------------------------------------------------------------------------------------------------------------------------------------------------------------,正偏离/无偏离,由住院收费（出院结算）页面的「中间结算」功能提供：患者在院期间可对已发生费用办理中途结算，不办理出院、不释放床位；结算后可查看该患者历次中间结算记录（结算单号、金额、余额、时间）。统计口径已与出院结算区分，避免重复计费。
3672,,,可打印中途结算对应的正规发票及费用明细清单。 +--------------------------------------------------------------------------------------------------------------------------------------------------------------------------------,部分响应,平台当前提供住院一日清单（按日期列示费用明细）的打印基础能力。本条所述与中途结算单对应的费用明细清单打印，以及中途结算正规发票打印尚未提供，列入后续开发计划；其中正规发票需与财政电子票据平台对接，属外部条件。
3673,,,支持对已办理中途结算的患者进行结算召回与调整。 +-------------------------------------------------------------------------------------------------------------------------------------------------------------------------------,部分响应,已提供：中间结算整单冲销与出院结算召回的后台处理能力（冲销后释放相关医嘱结算标记）。尚未提供：①住院收费页面的中间结算冲销/召回操作入口（历次中间结算列表暂无冲销按钮）；②对已办中间结算的金额、项目调整功能（当前只能整单冲销后重新结算）。上述缺项列入后续开发计划。
3674,,,支持住院收费员对在院患者开展手工计费操作。 +---------------------------------------------------------------------------------------------------------------------------------------------------------------------------------,部分响应,平台当前住院费用统一来源于住院医生站医嘱台账，收费员在住院线承担预交金收取与结算职责。本条所述住院收费员对在院患者的手工计费操作尚未提供，列入后续开发计划。
3675,,,可手工录入诊疗项目、药品信息并完成费用计费。 +--------------------------------------------------------------------------------------------------------------------------------------------------------------------------------,部分响应,对应业务登记能力已实现，字段级差异逐条比对
3676,,,支持对已录入的手工计费项目进行移除与撤销。 +---------------------------------------------------------------------------------------------------------------------------------------------------------------------------------,部分响应,平台当前提供未执行医嘱作废的基础能力（由医生/护士在住院医生站、护士站操作）。本条所述收费员对手工计费项目的移除与撤销尚未提供，与手工计费功能一并列入后续开发计划。
3677,,,支持住院收费员为患者办理手工退费业务，实现费用调整与账务更正。 +-----------------------------------------------------------------------------------------------------------------------------------------------------------------------,部分响应,平台当前住院侧提供整单结算冲销（出院结算召回、中间结算冲销）作为资金冲正路径，门诊侧提供退费功能。本条所述住院收费员按费用项目办理手工退费、费用调整与账务更正尚未提供，列入后续开发计划。
3678,,,支持按实际退费项目，手工录入退费数量、单价及退费金额，确保退费精准可查。 +------------------------------------------------------------------------------------------------------------------------------------------------------------------,部分响应,平台当前退费金额记录至结算单级。本条所述住院退费按实际项目手工录入退费数量、单价及退费金额的明细台账功能尚未提供，列入后续开发计划。
3679,,,支持收费员按患者信息查询在院病人每日费用明细，并可打印正式费用清单。 +--------------------------------------------------------------------------------------------------------------------------------------------------------------------,部分响应,已提供：住院收费页面按患者查询在院病人每日费用明细，并可打印正式的住院一日费用清单（含当日各项费用、合计、押金与余额），相关查询与打印数据服务已向收费员角色开放。尚未提供：收费员角色菜单中的该页面入口（当前仅系统管理员菜单可进入）。上述缺项列入后续开发计划。
3680,,,支持收费员按科室、病区等条件查询欠费患者名单，实时掌握欠费情况。 +----------------------------------------------------------------------------------------------------------------------------------------------------------------------,部分响应,已提供：住院欠费台账页面，收费员可按欠费状态查询欠费患者名单，列表显示患者所在科室、欠费金额、补缴与催缴情况。尚未提供：①按科室、病区筛选欠费名单的查询条件；②在院患者实时欠费名单（当前欠费台账在出院结算余额为负时登记，在院期间余额为负的患者暂无全院级名单查询）。上述缺项列入后续开发计划。
3681,,,支持对欠费患者信息、欠费项目及欠费金额进行汇总打印，便于催缴与管理。 +--------------------------------------------------------------------------------------------------------------------------------------------------------------------,部分响应,已提供：住院欠费台账页面汇总显示欠费条数、欠费合计、已补缴与剩余应收，可逐条查看患者欠费明细、补缴流水与催缴记录。尚未提供：①欠费名单的汇总打印与导出；②欠费项目级明细（当前登记欠费总金额，不落具体费用条目）。上述缺项列入后续开发计划。
3682,,,支持收费员按时间、科室、患者等维度查询计费汇总金额，方便对账与统计。 +--------------------------------------------------------------------------------------------------------------------------------------------------------------------,部分响应,已提供：结账明细检索（按时间区间、支付方式、项目类型汇总门诊计费金额）、交款核对（按收费员、日期汇总收退款）、科室月报（按科室、月份汇总门诊与住院收入）。尚未提供：①按患者维度查询计费汇总；②住院侧按时间、科室、患者维度的计费汇总查询（现有汇总以门诊口径为主）。上述缺项列入后续开发计划。
3683,,,具备医保参保患者全流程住院业务处理功能，涵盖医保病人住院登记、出院登记、出院结算等核心操作，同时支持医保结算单的查询、预览、打印及补打，满足医保结算规范及患者留存需求。 +------------------------------------------------------------------------------------------------------------------,部分响应,已提供：医保患者住院登记、出院登记、出院结算全流程，出院结算时自动按医保对码结果进行费用甲乙丙分割与审核，分割结果可在医保管理页面查询。尚未提供：医保结算单的查询、预览、打印及补打（当前打印功能覆盖门诊票据及其补打，住院结算单/医保结算单的打印版式与补打留痕尚未提供）。上述缺项列入后续开发计划。
3684,,,具备医保病人住院期间费用统计功能，可按医保政策、费用类别、诊疗项目等维度，对医保患者住院费用进行精准统计、汇总，生成规范的医保费用统计报表，支撑医保对账与监管工作。 +--------------------------------------------------------------------------------------------------------------------,部分响应,已提供：费用报表页面按月、按费用类别汇总门诊与住院费用，可按参保类型（费别）过滤并导出报表。尚未提供：①按诊疗项目维度逐项汇总的医保费用报表；②在院医保患者期间费用的统计（当前住院侧口径为已出院结算患者）；③费别按结算时点快照取值（当前取患者当前参保类型）。上述缺项列入后续开发计划。
3685,,,具备医保药品厂家对码功能，支持医院药品信息与医保药品目录、药品生产厂家信息进行精准匹配、对码校准，确保医保药品报销合规，避免因对码错误影响医保结算。 +----------------------------------------------------------------------------------------------------------------------------,部分响应,已提供：医保目录对码维护，支持院内药品与医保药品目录逐条对码、批量导入、查询与修改，记录甲乙丙分类与乙类先行自付比例，对码结果直接用于医保结算分割。尚未提供：药品生产厂家维度的对码校准（当前药品字典与对码记录均不含生产厂家信息）。上述缺项列入后续开发计划。医保药品目录数据由医保部门提供后导入。
3686,,,具备诊疗项目对码功能，可实现医院内部诊疗项目与医保诊疗项目目录的对应、匹配及校准，支持对码记录查询、修改与维护，保障医保诊疗费用报销准确无误。 +-------------------------------------------------------------------------------------------------------------------------------,正偏离/无偏离,由医保管理页面的目录对码功能提供：支持院内诊疗项目与医保诊疗项目目录的对码新增、修改、查询与批量导入，记录医保编码、甲乙丙分类及乙类先行自付比例；对码结果直接驱动门诊与住院医保结算的费用分割。医保目录数据由院方/医保部门在实施期提供导入。
3687,,,具备住院病人费用自动上传功能，患者住院期间产生的各类医疗费用，可按医保政策及监管要求，自动同步上传至医保结算系统，无需人工手动录入，提升费用上传效率与准确性。 +-----------------------------------------------------------------------------------------------------------------------,外部条件,平台在住院出院结算环节提供医保费用上传的标准接入点（结算单级上传适配器接口）并记录接口报文日志。真实的医保费用上传须依据当地医保部门发布的接口规范与配套 SDK 在实施期接入，接口规范、SDK 及联调环境由医保部门提供；住院期间费用明细逐条自动上传的方式需依据当地医保接口规范确定，纳入接口接入工作范围。
3688,,,可按科室、病种、时间段等多维度对住院费用数据进行分类统计与分析。 +----------------------------------------------------------------------------------------------------------------------------------------------------------------------,部分响应,已提供：科室月报（按科室、月份统计门诊与住院收入、人次、均次费用，可导出）；病种维度提供按诊断分组的例数与均次费用统计，以及 DRG 分析中的病组费用与科室 CMI。尚未提供：病种与时间段的交叉统计（当前病种/病组费用分析为全量汇总，不支持按月或时间区间筛选）。上述缺项列入后续开发计划。
3689,,,提供住院患者费用清单查询与展示功能，可生成在院病人每日费用明细清单，清晰呈现当日各项医疗费用；同时支持查询、预览在院病人及出院病人的结账费用清单，涵盖费用明细、汇总金额等核心信息，满足患者对账及医院管理需求。 +----------------------------------------------------------------------------------------------,部分响应,已提供：在院患者每日费用明细清单的查询与打印（含当日各项费用、合计、押金、已发生费用与余额）；在院患者结账费用清单的查询预览（医嘱明细、押金、费用汇总）及历次中间结算记录。尚未提供：出院患者结账费用清单的检索与预览（当前住院收费页面患者列表仅列在院患者，患者出院后暂无查询入口）。上述缺项列入后续开发计划。
3690,,,具备科室工作量统计功能，可按月度、年度维度自动生成科室工作量统计报表，精准统计各科室住院诊疗、业务办理等相关工作量数据，支撑科室管理、绩效考核及医院整体运营分析需求。 +-------------------------------------------------------------------------------------------------------------------,部分响应,已提供：科室月报，按科室、月份统计门诊与住院收入、人次、均次费用，附医生工作量排行，可导出。尚未提供：①年度维度的科室工作量统计；②报表的定时自动生成与留存（当前为按需查询）。上述缺项列入后续开发计划。
3691,,,支持对当日患者预交金、新入院预缴费用、在院患者各项费用、出院结算金额及退费金额等数据进行统一汇总。 +-----------------------------------------------------------------------------------------------------------------------------------------------------,部分响应,平台当前提供门诊日结报表（按支付渠道汇总当日收款与退款）以及运营总览中的当日住院结算收入指标。本条所述将当日预交金、新入院预缴、在院患者各项费用、出院结算金额及退费金额统一汇总的住院日报尚未提供，列入后续开发计划。
3692,,,提供全方位费用查询及管理功能，支持患者费用明细查询、在院患者实时费用查询、住院预交金余额查询；同时支持计费员查看自身计费汇总数据，可精准查询全院欠费患者相关信息，并支持欠费患者清单的查询、预览及打印输出，满足财务对账、费用追缴及日常管理需求。 +-----------------------------------------------------------------------------,部分响应,已提供：患者费用明细查询；在院患者实时费用与预交金余额查询（含押金、已发生费用、余额与欠费标记，住院医生站与住院收费页面均可查看）；收费员本人班结汇总（按登录人自动汇总）；全院欠费患者台账查询与逐条明细查看。尚未提供：①欠费患者清单的预览与打印输出；②在院患者欠费的纳入（当前欠费台账覆盖出院挂账）；③收费员汇总的住院口径（当前为门诊收费口径）。上述缺项列入后续开发计划。
3693,★,,+-------------------------------+-----------------------------------------------------------------------------------------------------------------------------------------------------------------------,非参数行,文档转换产生的表格分隔残渣，不计入参数总数
3694,,,系统提供标本字典维护功能，支持对各类检验标本进行管理，包括标本代码、标本名称等基本信息。 +----------------------------------------------------------------------------------------------------------------+,部分响应,平台当前提供检验标本的采样、条码生成、核收与工作队列流转等标本实例管理能力。本条所述标本字典（标本代码、标本名称等基础信息的维护）尚未提供，列入后续开发计划。
3695,,,系统提供标本容器维护功能，可管理容器的代码、名称、颜色等属性，并支持将容器与对应的收费项目进行关联设置。 +----------------------------------------------------------------------------------------------------------------+,部分响应,本条所述标本容器维护（容器代码、名称、颜色属性，以及容器与收费项目的关联设置）当前版本未提供，列入后续开发计划。
3696,,,系统提供检验项目管理功能，支持对检验项目的编码、名称进行维护，并可配置该检验项目的各项属性参数。 +----------------------------------------------------------------------------------------------------------------+,部分响应,已提供：检验项目以收费项目字典承载，支持编码、名称、单位、单价的批量导入维护，费用类别与自费标记的属性维护、调价留痕，以及检验项目参考范围的维护页面。尚未提供：①检验项目的逐条新建与编码/名称在线编辑（当前通过批量导入维护）；②检验专属属性参数（方法学、标本类型、报告时限、危急值上下限等）。上述缺项列入后续开发计划。
3697,,,系统提供条码规则管理功能，支持根据容器、项目等维度设置条码的合并规则，优化条码打印和管理流程。 +----------------------------------------------------------------------------------------------------------------+,部分响应,平台当前提供检验申请单标本条码的自动生成（一个申请单对应一个条码）。本条所述按容器、项目维度设置条码合并规则的功能尚未提供，列入后续开发计划。
3698,,,系统提供费用规则管理功能，可设置收费项目与检验标本之间的对应关系和计费规则。 +----------------------------------------------------------------------------------------------------------------+,部分响应,平台当前计费在门诊收费与住院医嘱执行环节完成，与标本流转相互独立。本条所述收费项目与检验标本的对应关系及计费规则设置尚未提供，列入后续开发计划。
3699,,,系统提供门诊费用与执行科室维护功能，支持配置各项检验项目对应的执行科室信息。 +----------------------------------------------------------------------------------------------------------------+ 二、检查项目管理 +------------------------------------,部分响应,平台当前收费项目字典结构中已预留执行科室信息字段。本条所述检验项目执行科室的界面显示与维护功能尚未提供，列入后续开发计划。
3700,,,系统提供检查部位维护功能，可管理人体各检查部位的代码及名称等基础信息。 +----------------------------------------------------------------------------------------------------------------+,部分响应,本条所述检查部位维护（检查部位代码及名称等基础信息）当前版本未提供，列入后续开发计划。
3701,,,系统提供检查类别字典维护功能，支持设置检查类别的代码、名称以及该类别是否可以单独使用等信息。 +----------------------------------------------------------------------------------------------------------------+,部分响应,平台当前提供收费项目的固定类别划分（检验/检查/治疗/材料）与财务费用类别字典维护。本条所述检查类别字典（类别代码、名称、是否可单独使用）尚未提供，列入后续开发计划。
3702,,,系统提供禁忌条件内容维护功能，可管理各类检查项目的禁忌症等相关信息。 +----------------------------------------------------------------------------------------------------------------+,部分响应,平台当前提供用药侧的禁忌拦截（过敏史禁忌、年龄禁忌规则）。本条所述检查项目禁忌症内容的维护功能尚未提供，列入后续开发计划。
3703,,,系统提供检查子类维护功能，支持对检查项目进行更细粒度的分类管理。 +----------------------------------------------------------------------------------------------------------------+,部分响应,本条所述检查子类维护功能当前版本未提供，列入后续开发计划。
3704,,,系统提供检查项目维护功能，可全面管理检查项目的基本信息、使用范围说明以及相关备注信息。 +----------------------------------------------------------------------------------------------------------------+,部分响应,已提供：检查项目以收费项目字典承载，维护编码、名称、类别、单位、单价、费用类别、自费标记等基本信息，支持批量导入、属性维护与调价留痕。尚未提供：①使用范围说明与备注字段；②检查项目的逐条新建与在线编辑（当前通过批量导入维护）。上述缺项列入后续开发计划。
3705,,,系统提供检查绑定费用规则维护功能，支持设置检查项目与收费项目的关联规则。 +----------------------------------------------------------------------------------------------------------------+,部分响应,平台当前检查项目与收费项目采用同一字典维护，检查项目本身即为可计费项目。本条所述检查项目与收费项目之间的关联规则维护功能尚未提供，列入后续开发计划。
3706,,,系统提供检查子类与检查部位映射功能，可建立检查子类与具体检查部位之间的对应关系。 +----------------------------------------------------------------------------------------------------------------+ 三、诊疗项目管理 +----------------------------------,部分响应,本条所述检查子类与检查部位的映射功能当前版本未提供（检查子类、检查部位字典亦未提供），列入后续开发计划。
3707,,,系统提供诊疗项目维护功能，可管理诊疗项目的基本信息及其他相关属性参数。 +----------------------------------------------------------------------------------------------------------------+,部分响应,对应模块维护能力已实现（字典/参数/规则），细节逐条比对
3708,,,系统提供诊疗项目授权维护功能，支持对不同角色或科室进行诊疗项目的使用权限设置。 +----------------------------------------------------------------------------------------------------------------+,部分响应,平台当前提供按角色的菜单功能授权，以及医师抗菌药物分级处方权的授权维护。本条所述按角色或科室设置诊疗项目使用权限的功能尚未提供，列入后续开发计划。
3709,,,系统提供诊疗项目价格规则维护功能，可配置诊疗项目的定价策略和计费规则。 +----------------------------------------------------------------------------------------------------------------+,部分响应,对应模块维护能力已实现（字典/参数/规则），细节逐条比对
3710,,,系统提供诊疗项目包维护功能，支持将多个诊疗项目组合成项目包进行统一管理。 +----------------------------------------------------------------------------------------------------------------+,部分响应,对应模块维护能力已实现（字典/参数/规则），细节逐条比对
3711,,,系统提供诊疗项目包授权功能，可对项目包的使用权限进行配置和管理。 +----------------------------------------------------------------------------------------------------------------+ 四、医嘱项目管理 +------------------------------------------,部分响应,本条所述诊疗项目包及其授权配置功能当前版本未提供（体检套餐为体检域功能，不含授权配置），列入后续开发计划。
3712,,,系统提供医嘱项目维护功能，可管理医嘱项目的基本信息以及是否参与计费等业务属性。 +----------------------------------------------------------------------------------------------------------------+,部分响应,已提供：医嘱开立引用药品字典与收费项目字典，支持编码、名称、单位、单价的批量导入维护，费用类别、自费标记等属性维护及调价留痕。尚未提供：①独立的医嘱项目字典；②「是否参与计费」业务属性（当前医嘱项目一律按项目单价计费）。上述缺项列入后续开发计划。
3713,,,系统提供科室医嘱项目维护功能，支持各科室根据自身需求管理本科室的常用医嘱项目。 +----------------------------------------------------------------------------------------------------------------+,部分响应,平台当前门诊医生站与住院医生站开单采用全院药品与收费项目检索。本条所述科室常用医嘱项目的维护功能尚未提供，列入后续开发计划。
3714,,,系统提供科室输液费设置维护功能，可配置不同科室的输液费用标准。 +----------------------------------------------------------------------------------------------------------------+,部分响应,平台当前提供门诊输液执行与双人核对功能。本条所述科室输液费标准的配置功能尚未提供，列入后续开发计划。
3715,,,系统提供执行单对应途径维护功能，支持设置各类执行单对应的给药途径或执行方式。 +----------------------------------------------------------------------------------------------------------------+ 五、票据管理 +--------------------------------------,部分响应,对应模块维护能力已实现（字典/参数/规则），细节逐条比对
3716,,,系统具备票据分配、领用、审核等全流程管理功能，支持对票据的使用情况进行跟踪和控制。 +----------------------------------------------------------------------------------------------------------------+,部分响应,【二级证据评审建议，待项目组签字】收费票据打印数据集已备；票据号段领用管理为财务深化
3717,,,系统具备票据入库、退库及库存管理功能，可对票据的库存数量和流向进行精准管理。 +----------------------------------------------------------------------------------------------------------------+,部分响应,平台当前提供票据打印留痕（记录打印次数）与班结缴款单功能。本条所述票据号段的入库、退库及库存数量、流向管理功能尚未提供，列入后续开发计划。
3718,,,系统具备票据销账、票据补打、票据作废等异常处理功能，满足票据管理的各种业务场景需求。 +----------------------------------------------------------------------------------------------------------------+ 六、财务统计 +----------------------------------,部分响应,已提供：票据补打——收费台可按结算单号、患者号、姓名、日期检索历史单据进行补打，并记录打印次数留痕。尚未提供：票据销账与票据作废（当前未建立票据号段实体，不记录票号状态）。上述缺项列入后续开发计划。
3719,,,系统提供门诊收入统计表，可对门诊各渠道收入进行汇总统计和分析。 +----------------------------------------------------------------------------------------------------------------+,正偏离/无偏离,由财务日结报表提供：按支付渠道（现金、微信、支付宝、医保等）分别统计当日门诊收款与退款的笔数、金额并出合计，支持导出；另有科室月报按科室、月份汇总门诊收入。收款按收款日、退款按退费日归集，当日净额口径清晰。
3720,,,系统提供住院收入统计表，支持对住院患者的各项收入进行分类统计。 +----------------------------------------------------------------------------------------------------------------+,正偏离/无偏离,由科室月报与费用报表提供：科室月报按入院科室汇总住院结算收入（仅计出院结算，避免与中间结算重复计费）；费用报表按费用类别对住院收入分类汇总，各类别之和与住院收入一致，未挂类别的项目单列「未分类」；均支持导出。
3721,,,系统提供全院收入统计表，可全面统计医院整体的收入情况，支持多维度数据分析。 +----------------------------------------------------------------------------------------------------------------+,正偏离/无偏离,由运营总览与财务报表提供全院口径的多维度收入统计：科室月报（门诊+住院 × 科室 × 月，含人次与均次费用）、按费别汇总报表（笔数、金额、均次、占比、退费）、按费用类别汇总报表，以及当日全院运营指标总览；报表支持导出。
3722,,,系统提供全院收费明细查询功能，支持按条件检索全院各科室的收费明细记录。 +----------------------------------------------------------------------------------------------------------------+,部分响应,已提供：结账明细检索，按日期区间、支付方式、项目类型检索门诊收费明细（项目、数量、金额）。尚未提供：①按科室条件筛选；②住院收费明细的全院级检索（当前检索为门诊口径）。上述缺项列入后续开发计划。
3723,,,系统提供收费员收费汇总表，可对各收费员的工作量和收费金额进行汇总统计。 +----------------------------------------------------------------------------------------------------------------+,正偏离/无偏离,由交款核对报表提供：按收费员汇总收款笔数、收款金额、退款笔数、退款金额（收款按收款日、退款按退费日归集，按操作员账号归并，避免同名收费员混淆）；另有按收费员的班结缴款单列表。当前汇总为门诊收费口径。
3724,,,系统提供住院未结算收入统计表，支持对住院患者已产生但尚未结算的费用进行统计。 +----------------------------------------------------------------------------------------------------------------+,部分响应,平台当前提供单个在院患者已发生费用、押金与余额的实时查询。本条所述全院或按科室的住院未结算收入统计表（在院患者已计费未结算费用的汇总）尚未提供，列入后续开发计划。
3725,,,系统提供住院计费收入统计表，可对住院患者的已计费收入进行分类汇总。 +----------------------------------------------------------------------------------------------------------------+,部分响应,已提供：费用报表按费用类别对住院收入分类汇总（药品按药品费用类别、非药品按收费项目费用类别逐条归类），科室月报按科室汇总住院收入，均可导出。尚未提供：在院患者已计费未结算收入的纳入（当前口径为已出院结算患者）。上述缺项列入后续开发计划。
3726,,,系统提供医疗项目包查询功能，支持检索和查看各类诊疗项目包的详细信息。 +----------------------------------------------------------------------------------------------------------------+,部分响应,对应模块查询统计能力已实现，界面细节逐条比对
3727,,,系统提供医疗项目查询功能，可查询各医疗项目的基础信息、价格及使用情况。 +----------------------------------------------------------------------------------------------------------------+,部分响应,对应模块查询统计能力已实现，界面细节逐条比对
3728,,,系统提供住院病人费用清单，可为住院患者提供详细的费用明细清单。 +----------------------------------------------------------------------------------------------------------------+,正偏离/无偏离,由住院收费页面「打印日清单」提供：住院病人费用清单含患者姓名、住院号、科室、病区、床号，逐项列出项目、规格、数量、单价、金额与执行时间，附当日合计、押金、已发生费用、余额与欠费标记，提供专用打印版式。
3729,,,系统提供门诊病人费用清单，可为门诊患者提供详细的费用明细清单。 +----------------------------------------------------------------------------------------------------------------+,正偏离/无偏离,由门诊收费台提供：结算后打印门诊费用清单，含结算单号、金额、支付方式、患者信息及逐项明细（项目、规格、数量、单价、金额）；支持按结算单号、患者、日期检索历史单据补打。
3730,,,系统提供异常交款明细查询功能，支持对交款异常情况进行追踪和核查。 +----------------------------------------------------------------------------------------------------------------+,正偏离/无偏离,由交款核对报表的异常明细提供：汇总门诊退费、支付单撤销、住院结算冲销三类异常单据，按发生时间倒序展示，便于对交款异常进行追踪核查。
3731,★,,+-------------------------------+-----------------------------------------------------------------------------------------------------------------------------------------------------------------------,非参数行,文档转换产生的表格分隔残渣，不计入参数总数
3732,,,能够树形机构显示组织架构层级关系。 +--------------------------------------------------------------------------------------------------------------------------------------------------------------------------------+,部分响应,平台当前提供科室字典的平铺列表维护（名称、编码、类型、排序、状态），数据结构已预留上级科室关系。本条所述组织架构层级的树形显示与上下级关系的界面维护尚未提供，列入后续开发计划。
3733,,,能够对部门进行临床业务科室和临床护理单元的绑定映射。 +----------------------------------------------------------------------------------------------------------------------------------------------------------------------------,部分响应,平台当前科室字典按类型区分临床、医技、护理、行政科室，患者入院时分别选择科室与病区。本条所述临床业务科室与护理单元的绑定映射配置尚未提供，列入后续开发计划。
3734,,,能够直接浏览部门人员的变动审计记录。 +--------------------------------------------------------------------------------------------------------------------------------------------------------------------------------+ \(,部分响应,已提供：系统审计日志页面，可按操作人、时间区间查询操作记录，用户档案与角色变更已归入敏感操作留痕。尚未提供：①按部门维度浏览人员变动记录；②人事档案的科室变动登记与留痕（当前人事档案无更新操作）。上述缺项列入后续开发计划。
3735,,,档案数据资料管控。 +--------------------------------------------------------------------------------------------------------------------------------------------------------------------------------+,部分响应,已提供：人事档案建档与检索（支持按科室、姓名/工号），配套培训台账、工资、招聘、继续教育与考勤台账。尚未提供：①档案的修改、停用（离职）与删除维护；②档案附件、证件扫描件的存储。上述缺项列入后续开发计划。
3736,,,拥有人员创建及档案数据资料管控功能。 +--------------------------------------------------------------------------------------------------------------------------------------------------------------------------------+,部分响应,已提供：人事档案建档（工号唯一校验）与系统用户账号创建。尚未提供：①档案的修改维护；②建档界面的完整字段录入（当前界面录入工号、姓名、科室、职称、手机，性别、婚姻、出生日期、入职日期需补充到界面）；③人事档案与系统账号的关联。上述缺项列入后续开发计划。
3737,,,能够树形医院组织架构高效快速过滤人员列表。 +--------------------------------------------------------------------------------------------------------------------------------------------------------------------------------+,部分响应,已提供：人员列表按科室过滤与姓名/工号关键字检索的数据服务。尚未提供：组织架构树组件及树形点选过滤人员列表的界面（当前界面为关键字检索，科室过滤尚未接入界面）。上述缺项列入后续开发计划。
3738,,,能够按模版高效快速引入人员数据资料。 +--------------------------------------------------------------------------------------------------------------------------------------------------------------------------------+,部分响应,HR 员工/工资批量导入已有，通用模板导入为深度项
3739,,,能够按多种组合条件及自定义显示内容进行员工花名册的浏览、输出、打印。 +--------------------------------------------------------------------------------------------------------------------------------------------------------------------,部分响应,平台当前提供人事档案列表的姓名/工号关键字检索与固定列浏览。本条所述多条件组合查询、自定义显示列以及花名册的导出与打印尚未提供，列入后续开发计划。
3740,,,基本数据资料管控：包含工号、姓名、曾用名、证件类型、证件号码、有效期限、出生日期、标准照、年龄、性别、民族、籍贯、婚姻状况、手机号码、政治面貌等数据资料。 +-------------------------------------------------------------------------------------------------------------------------,部分响应,已提供：人事档案的工号、姓名、性别、出生日期（可推算年龄）、婚姻状况、手机号码字段。尚未提供：曾用名、证件类型、证件号码、证件有效期限、标准照、民族、籍贯、政治面貌字段；建档界面对性别、婚姻、出生日期的录入也需补充。上述缺项列入后续开发计划。
3741,,,工作相关数据资料管控：包含编制科室、行政管控职务、岗位类别、岗位等级、工资薪级、专业类别、技术职称、技术等级、双肩挑、到院时间、工龄开始日期、工龄、参加工作等数据资料。 +------------------------------------------------------------------------------------------------------------------,部分响应,已提供：人事档案的编制科室、职称/岗位、到院时间字段。尚未提供：行政管控职务、岗位类别、岗位等级、工资薪级、专业类别、技术等级、双肩挑、工龄开始日期、工龄、参加工作时间字段，以及技术职称与岗位的分别管控。上述缺项列入后续开发计划。
3742,,,工作其他数据资料：包含办公电话、是否卫生应当急专家、卫生应当急专家类别、卫生应当急专业、---级学科代码、是否规培生、聘用方式、来院方式、所学专业代码等数据资料。 +---------------------------------------------------------------------------------------------------------------------,部分响应,【二级证据评审建议，待项目组签字】HR 员工档案已备核心字段；执业注册/家庭成员等扩展字段为深化（hr_employee 可扩列）
3743,,,医务数据资料：包含资格证书编码、执业证书编码、执业范围、执业注册地、医师类别、是否多地点执业医师、第2执业单位代码、第3执业单位代码等数据资料。 +------------------------------------------------------------------------------------------------------------------------------,部分响应,【二级证据评审建议，待项目组签字】HR 员工档案已备核心字段；执业注册/家庭成员等扩展字段为深化（hr_employee 可扩列）
3744,,,护理数据资料：包含资格证书编码、执业证书编码、执业范围、执业注册地、母婴保健技术功能、培训取得专科资格的专业、参加培训时间(年)、培训基地名称(医疗机构名称)等数据资料。 +-----------------------------------------------------------------------------------------------------------------,部分响应,已提供：医务资质台账，可登记人员证书类型、证书编号、发证与到期日期并提供到期预警；培训台账可登记培训证书名称与编号。尚未提供：护理人员档案的执业范围、执业注册地、母婴保健技术、专科资格专业、参加培训年份、培训基地名称字段，以及资质台账与人事档案的关联。上述缺项列入后续开发计划。
3745,,,临床药师：包含取得临床药师资格、临床药师类别、普通药物处方调剂权、抗菌药物处方调剂权、麻醉药品、第---类精神药品处方权、抗肿瘤药物处方调剂权等数据资料。 +-------------------------------------------------------------------------------------------------------------------------,部分响应,平台当前提供医师抗菌药物分级处方权的维护与开单拦截。本条所述临床药师资格、类别及普通药物、抗菌药物、麻醉药品、第一类精神药品、抗肿瘤药物处方调剂权的数据维护尚未提供，列入后续开发计划。
3746,,,考核奖惩：包含年度、考核结果、备注、荣誉名称、颁发机构、获得时间、附件、处罚时间、处罚机构、处罚内容等数据资料。 +----------------------------------------------------------------------------------------------------------------------------------------------,部分响应,平台当前提供医务资质台账（含定期考核证书的编号与到期日期）。本条所述考核奖惩数据（年度、考核结果、荣誉名称、颁发机构、获得时间、附件、处罚时间、处罚机构、处罚内容等）的维护尚未提供，列入后续开发计划。
3747,,,教育经历：包含开始时间、结束时间、学校、所学专业、教育类别、学历、学位、学位获取时间、学制及证明人等数据资料。 +-----------------------------------------------------------------------------------------------------------------------------------------------,部分响应,【二级证据评审建议，待项目组签字】HR 员工档案已备核心字段；执业注册/家庭成员等扩展字段为深化（hr_employee 可扩列）
3748,,,职称职务：能够增加多条职称变动审计记录和职务变动审计记录。 +-------------------------------------------------------------------------------------------------------------------------------------------------------------------------,部分响应,平台当前人事档案记录人员当前的职称/岗位信息。本条所述职称变动、职务变动审计记录的多条登记与历史留痕尚未提供，列入后续开发计划。
3749,,,职务变动审计记录：能够增加多条职务变动审计记录。职务名称、任命时间、原职务名称及备注。 +-----------------------------------------------------------------------------------------------------------------------------------------------------------,部分响应,本条所述职务变动审计记录（职务名称、任命时间、原职务名称、备注）的登记功能当前版本未提供，列入后续开发计划。
3750,,,培训数据资料：包含培训类别、开始时间、结束时间、培训机构、培训内容、证书名称、证书编号数据资料的录入、更新、保存功能。 +-------------------------------------------------------------------------------------------------------------------------------------------,部分响应,已提供：培训台账登记，数据项含培训类别、开始时间、结束时间、培训机构、培训内容、证书名称、证书编号，可查询。尚未提供：①培训记录的更新修改；②界面录入项的补全（当前界面录入培训类别与证书名称，起止时间、培训机构、培训内容、证书编号需补充到界面）。上述缺项列入后续开发计划。
3751,,,家庭成员数据资料：包含与本人关系、姓名、工号、出生日期、政治面貌、单位/职务、电话、紧急联系人、本院职工等数据资料。 +--------------------------------------------------------------------------------------------------------------------------------------------,部分响应,【二级证据评审建议，待项目组签字】HR 员工档案已备核心字段；执业注册/家庭成员等扩展字段为深化（hr_employee 可扩列）
3752,,,员工经过权限分配后能够浏览自己档案数据资料。 +--------------------------------------------------------------------------------------------------------------------------------------------------------------------------------,部分响应,平台当前人事档案查询面向人事管理角色。本条所述员工经授权后自助浏览本人档案的功能（需人事档案与登录账号绑定）尚未提供，列入后续开发计划。
3753,,,审批后编辑个人档案并提交人事管控员审批同意后生效，员工能够对要求更新或更新的档案申请编辑，并一致化到人员档案数据资料。 +-------------------------------------------------------------------------------------------------------------------------------------------,部分响应,平台当前提供通用的办公审批流程（请假、用章、采购等类型）。本条所述员工申请编辑个人档案、经人事管理员审批后自动更新至人事档案的功能尚未提供，列入后续开发计划。
3754,,,包括入职、转正、调岗、退休、离职等，拥有对员工各种人事变动进行登记审批管控功能。 +--------------------------------------------------------------------------------------------------------------------------------------------------------------,部分响应,平台当前人事档案记录在职/离职状态。本条所述入职、转正、调岗、退休、离职等人事变动的登记与审批管控尚未提供，列入后续开发计划。
3755,,,拥有即将转正和即将退休员工预警功能。 +--------------------------------------------------------------------------------------------------------------------------------------------------------------------------------+,部分响应,本条所述即将转正、即将退休员工的预警功能当前版本未提供，列入后续开发计划。
3756,,,能够人事变动相关文件资料上传功能。 +--------------------------------------------------------------------------------------------------------------------------------------------------------------------------------+,部分响应,平台当前附件类信息以文件名登记方式记录。本条所述人事变动相关文件资料的上传与存储功能尚未提供，列入后续开发计划。
3757,,,拥有员工变动审计记录详情浏览功能。 +--------------------------------------------------------------------------------------------------------------------------------------------------------------------------------+ \(4,部分响应,本条所述员工变动审计记录详情浏览功能当前版本未提供，与人事变动登记功能一并列入后续开发计划。
3758,,,拥有对劳动合同、见习合同等进行新签、续签、启用、废弃等管控功能。 +----------------------------------------------------------------------------------------------------------------------------------------------------------------------,部分响应,【二级证据评审建议，待项目组签字】HR 招聘登记已备；合同新签续签台账为深化项
3759,,,能够合同附件上传。 +--------------------------------------------------------------------------------------------------------------------------------------------------------------------------------+,部分响应,本条所述劳动合同管理及合同附件上传功能当前版本未提供，列入后续开发计划。
3760,,,能够合同审计记录按模版批量引入和输出。 +--------------------------------------------------------------------------------------------------------------------------------------------------------------------------------+,部分响应,本条所述合同记录按模板批量导入与导出功能当前版本未提供，列入后续开发计划。
3761,,,合同到期前可以设置提醒。 +--------------------------------------------------------------------------------------------------------------------------------------------------------------------------------+,部分响应,平台当前提供供应商证照到期提醒的基础能力。本条所述劳动合同到期前提醒设置尚未提供，列入后续开发计划。
3762,,,能够按多种条件及能够设置合同到期日期进行筛选。 +-------------------------------------------------------------------------------------------------------------------------------------------------------------------------------,部分响应,对应模块维护能力已实现（字典/参数/规则），细节逐条比对
3763,,,拥有通过excel导入全院编制内、外全体员工的工资数据资料及查询功能。 +-------------------------------------------------------------------------------------------------------------------------------------------------------------------,部分响应,已提供：工资数据批量导入（按工号匹配、同员工同月覆盖，返回导入与未匹配结果）与按工号查询。尚未提供：①Excel 文件直接导入（当前为将表格内容粘贴为文本导入，列错位无校验）；②编制内/编制外口径的区分与统计。上述缺项列入后续开发计划。
3764,,,能够选择月份进行检索，能够员工个人浏览自己的个人工资。 +---------------------------------------------------------------------------------------------------------------------------------------------------------------------------,部分响应,已提供：工资查询数据服务支持按月份过滤。尚未提供：①查询界面的月份选择器；②员工个人自助浏览本人工资（当前工资查询面向人事管理角色，且人事档案与登录账号未绑定）。上述缺项列入后续开发计划。
3765,,,能够灵活性强设置考勤管控中要求使用的考勤项目。 +-------------------------------------------------------------------------------------------------------------------------------------------------------------------------------,部分响应,平台当前提供考勤打卡流水登记（上下班时间、正常/补卡类型）。本条所述考勤项目的灵活设置尚未提供，列入后续开发计划。
3766,,,能够考勤项目中设置扣款名称、扣款比例或扣款金额、夜班费。 +--------------------------------------------------------------------------------------------------------------------------------------------------------------------------,部分响应,平台当前工资台账含扣款汇总列（由导入填入）。本条所述考勤项目中扣款名称、扣款比例或扣款金额、夜班费的设置及其与薪资的计算联动尚未提供，列入后续开发计划。
3767,,,能够设置在考勤登记和考勤月报表中使用的考勤图形显示符。 +---------------------------------------------------------------------------------------------------------------------------------------------------------------------------,部分响应,本条所述考勤登记与考勤月报表使用的考勤图形显示符设置功能当前版本未提供，列入后续开发计划。
3768,,,能够灵活性强设置考勤管控中要求使用的班次。 +--------------------------------------------------------------------------------------------------------------------------------------------------------------------------------+,部分响应,已提供：护理班次字典维护（班次代码、名称、起讫时间，可新增修改）。尚未提供：①考勤登记与班次的关联（当前考勤打卡不引用班次）；②排班使用自定义班次（当前排班限定白/中/夜三种班次）。上述缺项列入后续开发计划。
3769,,,班次项目中能够设置上班起讫时间、班时等。 +--------------------------------------------------------------------------------------------------------------------------------------------------------------------------------+ ,部分响应,已提供：班次字典可设置班次代码、名称与上班起讫时间。尚未提供：班时（工时）设置及据此折算考勤工时。上述缺项列入后续开发计划。
3770,,,以周为排班周期，不以人员编制科室为限，引进排班科室的理念，予以完成灵活性强排班。 +--------------------------------------------------------------------------------------------------------------------------------------------------------------,部分响应,已提供：护理排班登记与按日查询（同人同日同班次冲突校验）。尚未提供：①以周为周期的排班视图与录入；②独立于编制科室的「排班科室」维度；③护理以外全院人员的排班。上述缺项列入后续开发计划。
3771,,,根据考勤要求能够自由设置工作日、休息和法定节假日。 +-----------------------------------------------------------------------------------------------------------------------------------------------------------------------------,部分响应,本条所述工作日、休息日与法定节假日的自由设置（工作日历）当前版本未提供，列入后续开发计划。
3772,,,能够设定考勤人员显示顺序，为方便考勤登记。 +--------------------------------------------------------------------------------------------------------------------------------------------------------------------------------+,部分响应,平台当前考勤人员按工号顺序显示。本条所述自定义考勤人员显示顺序的设置尚未提供，列入后续开发计划。
3773,,,简化图形登记考勤详情，自动化计算考勤数据资料并备注非出勤数据资料。 +---------------------------------------------------------------------------------------------------------------------------------------------------------------------,部分响应,平台当前提供逐人考勤登记与单日明细查询。本条所述图形化考勤登记、考勤数据自动计算与非出勤备注尚未提供，列入后续开发计划。
3774,,,考勤当日能够快捷为本科室人员一键考勤。 +--------------------------------------------------------------------------------------------------------------------------------------------------------------------------------+ 考,部分响应,平台当前考勤登记为逐人逐日录入。本条所述按科室一键考勤功能尚未提供，列入后续开发计划。
3775,,,汇总本科室人员考勤数据资料，通过科室考勤汇总浏览医院考勤详情。 +-----------------------------------------------------------------------------------------------------------------------------------------------------------------------,部分响应,平台当前提供当日考勤明细查询。本条所述按科室的考勤汇总及全院考勤汇总浏览尚未提供，列入后续开发计划。
3776,,,汇总月报检索对未考勤科室能够联系考勤员登记本科室考勤员登记。 +------------------------------------------------------------------------------------------------------------------------------------------------------------------------,部分响应,本条所述考勤月报检索、未考勤科室检出与联系考勤员催办的功能当前版本未提供，列入后续开发计划。
3777,,,包含岗位数据资料、任职要求、招聘人数、截止日期等，拥有各部门进行招聘计划的申请功能。 +------------------------------------------------------------------------------------------------------------------------------------------------------------,部分响应,平台当前招聘模块提供应聘者面试登记（候选人、岗位、面试日期、结果）。本条所述含岗位信息、任职要求、招聘人数、截止日期的部门招聘计划申请与审批尚未提供，列入后续开发计划。
3778,,,能够制定招聘计划时显示部门整体人员情况。 +--------------------------------------------------------------------------------------------------------------------------------------------------------------------------------+,部分响应,平台人事管理当前提供员工档案按科室查询与招聘面试登记基础能力。本条所述招聘计划编制，以及编制计划时展示部门编制数、在岗数、缺编数等部门整体人员情况，当前版本尚未提供，列入后续开发计划。
3779,,,能够招聘计划相关资料的上传。 +--------------------------------------------------------------------------------------------------------------------------------------------------------------------------------+ 计划推送 +,部分响应,平台人事管理当前提供招聘面试登记基础能力（应聘人、岗位、面试日期、结果处置）。本条所述招聘计划实体及计划相关资料附件上传、计划推送功能，当前版本尚未提供，列入后续开发计划。
3780,,,拥有对已审批通过的招聘计划进行推送登记的功能。 +-------------------------------------------------------------------------------------------------------------------------------------------------------------------------------,部分响应,平台人事管理当前提供招聘面试登记基础能力。本条所述招聘计划的审批流转，以及对审批通过的招聘计划进行推送登记的功能，当前版本尚未提供，列入后续开发计划。
3781,,,能够浏览招聘计划详情功能。 +--------------------------------------------------------------------------------------------------------------------------------------------------------------------------------+,部分响应,平台人事管理当前提供招聘面试登记列表，可查看应聘人、岗位、面试日期与结果。本条所述招聘计划详情浏览功能，当前版本尚未提供，列入后续开发计划。
3782,,,能够作废招聘计划及再次推送的功能。 +--------------------------------------------------------------------------------------------------------------------------------------------------------------------------------+ 简历填,部分响应,平台人事管理当前提供招聘面试登记及结果处置（通过/淘汰）基础能力。本条所述招聘计划作废与再次推送功能，以及简历填报功能，当前版本尚未提供，列入后续开发计划。
3783,,,拥有简历填写页面供应当聘者填写相关数据资料。 +--------------------------------------------------------------------------------------------------------------------------------------------------------------------------------,部分响应,【二级证据评审建议，待项目组签字】HR 招聘登记已备；合同新签续签台账为深化项
3784,,,并进行已读标记，拥有对应当聘者简历进行处理操作的功能。 +---------------------------------------------------------------------------------------------------------------------------------------------------------------------------,部分响应,【二级证据评审建议，待项目组签字】HR 招聘登记已备；合同新签续签台账为深化项
3785,,,能够将简历进行拒绝、备用以及进入下一业务流程科室审批等业务流程行为。 +--------------------------------------------------------------------------------------------------------------------------------------------------------------------,部分响应,平台人事管理当前提供招聘面试登记，可对应聘人作出通过或淘汰处置，淘汰可对应本条「拒绝」。本条所述简历管理、简历「备用」状态，以及进入科室审批等多级业务流程流转，当前版本尚未提供，列入后续开发计划。
3786,,,拥有对应当聘者面试数据资料进行登记处理操作的功能。 +-----------------------------------------------------------------------------------------------------------------------------------------------------------------------------,部分响应,平台人事管理已提供应聘者面试登记与处置：可登记应聘人、应聘岗位、面试日期、备注，并处置为通过或淘汰，登记列表可查。尚未提供：面试官、面试轮次、评分、面试意见等面试要素字段的登记，以及完整的面试登记表单录入界面。上述缺项列入后续开发计划。
3787,,,能够审计记录面试得分情况。 +--------------------------------------------------------------------------------------------------------------------------------------------------------------------------------+,部分响应,平台人事管理当前提供招聘面试登记与通过/淘汰处置基础能力。本条所述面试得分记录与得分留痕查询功能，当前版本尚未提供，列入后续开发计划。
3788,,,能够对面试后进行试岗、过会、公示、归档等业务流程的登记处理操作。 +----------------------------------------------------------------------------------------------------------------------------------------------------------------------,部分响应,平台人事管理当前提供招聘面试登记与通过/淘汰处置基础能力。本条所述面试后试岗、过会、公示、归档等后续业务环节的登记处理，当前版本尚未提供，列入后续开发计划。
3789,★,,+-------------------------------+-----------------------------------------------------------------------------------------------------------------------------------------------------------------------,非参数行,文档转换产生的表格分隔残渣，不计入参数总数
3790,,,支持连接打印机打印计划单详细信息。 +--------------------------------------------------------------------------------------------------------------------------+,部分响应,平台打印中心当前提供挂号单、结算单、检验报告、住院一日清单、出院小结、体温单、护理记录单等临床单据的打印。本条所述总务物资计划单及其详细信息打印，当前版本尚未提供，列入后续开发计划。
3791,,,生成计划单时，支持手动新增，同时也支持根据一定规则自动生成，例如可以设置最低库存，低于最低库存的按照申领基数生成。 +--------------------------------------------------------------------------------------------------------------------------+,部分响应,平台总务物资当前提供物资耗材建档与按数量的入库、出库登记及库存流水。本条所述计划单手动新增，以及按最低库存、申领基数等规则自动生成计划单的功能，当前版本尚未提供，列入后续开发计划。
3792,,,符合国家政策，能够按照政策要求区分临采与非临采。 +--------------------------------------------------------------------------------------------------------------------------+,部分响应,物资台账已有，采购类型标记为字段级扩展
3793,,,系统能显示申领各步骤完成进度。 +--------------------------------------------------------------------------------------------------------------------------+,部分响应,物资进销存流水已有（hrp_material_txn），科室二级库为深度扩展
3794,,,支持一级库按照申领转采购计划。 +--------------------------------------------------------------------------------------------------------------------------+ 总务计划汇总 +---------------------------------------------------,部分响应,物资进销存流水已有（hrp_material_txn），科室二级库为深度扩展
3795,,,多个采购申请可以利用此功能生成汇总单。 +--------------------------------------------------------------------------------------------------------------------------+,部分响应,平台当前提供采购备货单、退货单的建单、审核、验收、作废与还原，以及办公自动化中的采购申请事项登记。本条所述多个采购申请生成汇总单的功能，当前版本尚未提供，列入后续开发计划。
3796,,,误生成的汇总单，删除之后可以还原状态重新生成。 +--------------------------------------------------------------------------------------------------------------------------+,部分响应,平台当前提供采购备货单、退货单的作废与还原（作废后可还原为草稿重新处理）。本条所述采购汇总单及其误生成后删除、还原状态重新生成的功能，当前版本尚未提供，列入后续开发计划。
3797,,,汇总之后，若数量存在疑问，支持修改数量。 +--------------------------------------------------------------------------------------------------------------------------+,部分响应,平台当前提供采购备货单、退货单的单据管理，验收时可补录或调整发票号。本条所述采购汇总单及汇总后逐品目数量修改功能，当前版本尚未提供，列入后续开发计划。
3798,,,支持纸质汇总单的打印。 +--------------------------------------------------------------------------------------------------------------------------+,部分响应,平台打印中心当前提供挂号单、结算单、检验报告、住院一日清单、出院小结、体温单、护理记录单等临床单据的打印。本条所述采购汇总单纸质打印，当前版本尚未提供，列入后续开发计划。
3799,,,从汇总单能够看到申购明细。。 +--------------------------------------------------------------------------------------------------------------------------+ 总务订单管控 +----------------------------------------------------,部分响应,平台当前提供采购备货单、退货单管理，单据以摘要形式记录采购内容。本条所述采购汇总单及从汇总单下钻查看逐品目申购明细的功能，当前版本尚未提供，列入后续开发计划。
3800,,,订单可以通过计划汇总单快捷一键生成。 +--------------------------------------------------------------------------------------------------------------------------+,部分响应,平台当前提供采购备货单、退货单的建单与流转。本条所述采购订单管理，以及由计划汇总单一键生成订单的功能，当前版本尚未提供，列入后续开发计划。
3801,,,订误生成之后，若未审核，支持还原汇总单状态重新生成订单。 +--------------------------------------------------------------------------------------------------------------------------+,部分响应,平台当前提供采购备货单、退货单在草稿状态下的作废与还原。本条所述采购订单管理，以及订单误生成后未审核时还原汇总单状态重新生成订单的功能，当前版本尚未提供，列入后续开发计划。
3802,,,能够查看到供应商备货单完成情况。 +--------------------------------------------------------------------------------------------------------------------------+,部分响应,平台采购单据管理已提供供应商备货单的建单、审核、验收，单据列表显示供应商名称及草稿、已审核、已验收、已作废四种状态，可据此查看备货单整体完成情况。尚未提供：备货单逐品目明细行、到货数量与已交付数量的记录，以及按品目查看备货进度；采购单据与总务物资库存尚未打通。上述缺项列入后续开发计划。
3803,,,满足国家政策，订单可以分为临采和非临采。 +--------------------------------------------------------------------------------------------------------------------------+,部分响应,物资台账已有，采购类型标记为字段级扩展
3804,,,提供纸质单的打印功能。 +--------------------------------------------------------------------------------------------------------------------------+,部分响应,平台打印中心当前提供挂号单、结算单、检验报告、住院一日清单、出院小结、体温单、护理记录单等临床单据的打印。本条所述采购订单纸质单打印，当前版本尚未提供，列入后续开发计划。
3805,,,和系统后续功能联动，能够查看订单的入库清理。 +--------------------------------------------------------------------------------------------------------------------------+ 总务物资采购 +--------------------------------------------,部分响应,平台当前提供采购备货单验收登记与总务物资入库登记，入库时可填写关联单号备注。本条所述订单与后续入库环节的系统联动，以及由订单反查入库处理情况的功能，当前版本尚未提供，列入后续开发计划。
3806,,,打通相关系统之后，提供快捷入库功能，可以由备货单直接生成入库单。 +--------------------------------------------------------------------------------------------------------------------------+,部分响应,平台当前提供采购备货单管理与总务物资按数量的入库登记。本条所述入库单据体系及由备货单直接生成入库单的快捷入库功能，当前版本尚未提供，列入后续开发计划。
3807,,,能够通过包装码，条形码等其他信息快速检索物资。 +--------------------------------------------------------------------------------------------------------------------------+,部分响应,平台总务物资当前提供物资耗材建档（编码、名称、类别、单位、单价、库存）与列表查看。本条所述按包装码、条形码等信息快速检索物资的功能，以及物资名称模糊检索，当前版本尚未提供，列入后续开发计划。
3808,,,提供纸质单打印功能。 +--------------------------------------------------------------------------------------------------------------------------+,部分响应,平台打印中心当前提供挂号单、结算单、检验报告、住院一日清单、出院小结、体温单、护理记录单等临床单据的打印。本条所述总务物资入库纸质单打印，当前版本尚未提供，列入后续开发计划。
3809,,,系统对退库做了冲红功能，多余的可以退货 +--------------------------------------------------------------------------------------------------------------------------+ 总务物资出库 +-----------------------------------------------,部分响应,平台总务物资当前提供按数量的出库登记与库存流水记录，出库时校验库存充足。本条所述退库冲红及多余物资退货功能，当前版本尚未提供，列入后续开发计划。
3810,,,支持快捷出库，若有申领单，能够一键转化为出库单 +--------------------------------------------------------------------------------------------------------------------------+,部分响应,平台总务物资当前提供按数量的出库登记。本条所述科室申领单管理及申领单一键转化为出库单的快捷出库功能，当前版本尚未提供，列入后续开发计划。
3811,,,系统提供拒绝接受功能。拒绝之后，发申请给出库科室 +--------------------------------------------------------------------------------------------------------------------------+,部分响应,平台总务物资当前提供按数量的出库登记，出库即扣减库存。本条所述接收科室拒绝接受功能，以及拒绝后向出库科室发起申请的流转，当前版本尚未提供，列入后续开发计划。
3812,,,系统提供接受功能，必选接受才能使用。 +--------------------------------------------------------------------------------------------------------------------------+,部分响应,平台总务物资当前提供按数量的出库登记，出库即扣减库存并记录流水。本条所述接收科室确认接受、且必须接受后方可使用的门禁控制，当前版本尚未提供，列入后续开发计划。
3813,,,系统提供暂扣数量，锁定库存。 +--------------------------------------------------------------------------------------------------------------------------+,部分响应,平台总务物资当前提供物资库存数量的入库、出库登记。本条所述暂扣数量与锁定库存（库存预占）功能，当前版本尚未提供，列入后续开发计划。
3814,,,系统提供打印纸质单功能。 +--------------------------------------------------------------------------------------------------------------------------+,部分响应,平台打印中心当前提供挂号单、结算单、检验报告、住院一日清单、出院小结、体温单、护理记录单等临床单据的打印。本条所述总务物资出库纸质单打印，当前版本尚未提供，列入后续开发计划。
3815,,,快捷出库还支持将入库单转化成出库单。 +--------------------------------------------------------------------------------------------------------------------------+,部分响应,平台总务物资当前提供按数量的入库、出库登记。本条所述入库单、出库单单据体系及入库单转化为出库单的快捷出库功能，当前版本尚未提供，列入后续开发计划。
3816,,,系统对做了冲红功能，多余的可以退还。 +--------------------------------------------------------------------------------------------------------------------------+ 总务盘点业务 +------------------------------------------------,部分响应,平台总务物资当前提供入库、出库两类库存流水记录。本条所述冲红功能及多余物资退还功能，当前版本尚未提供，列入后续开发计划。
3817,,,系统提供科室盘点功能。 +--------------------------------------------------------------------------------------------------------------------------+,部分响应,平台药品库房当前提供盘点单生成、实盘数量录入、盈亏确认与盘点单作废的完整盘点流程。本条所述总务物资的科室盘点功能（含科室维度的盘点单），当前版本尚未提供，列入后续开发计划。
3818,,,系统提供纸质单的打印。 +--------------------------------------------------------------------------------------------------------------------------+,部分响应,平台打印中心当前提供挂号单、结算单、检验报告、住院一日清单、出院小结、体温单、护理记录单等临床单据的打印。本条所述盘点纸质单打印，当前版本尚未提供，列入后续开发计划。
3819,,,支持盘点时锁定库存，不可操作。 +--------------------------------------------------------------------------------------------------------------------------+,部分响应,平台药品库房盘点采用账面快照校验方式：生成盘点单时记录账面数，盘点期间发药、入库等业务照常进行，确认盘点时若账面库存已发生变化则整单提示重新盘点，以此保证盘点结果与账面一致并兼顾业务连续性，未采用锁定库存禁止操作的方式。总务物资盘点尚未提供。本条所述盘点期间锁定库存、不可操作的功能，列入后续开发计划。
3820,,,提供由管理员决定是否一个月可以多次盘点的功能。 +--------------------------------------------------------------------------------------------------------------------------+,部分响应,平台药品库房当前提供盘点单生成与确认流程，盘点次数不受限制。本条所述由管理员配置一个月内是否允许多次盘点的功能，当前版本尚未提供，列入后续开发计划。
3821,,,提供由管理员决定各科室是否运行盘点的功能。 +--------------------------------------------------------------------------------------------------------------------------+,部分响应,平台药品库房当前提供集中盘点流程。本条所述按科室开展盘点，以及由管理员决定各科室是否允许运行盘点的配置功能，当前版本尚未提供，列入后续开发计划。
3822,,,提供自动每月定时开启盘点功能。 +--------------------------------------------------------------------------------------------------------------------------+,部分响应,平台药品库房当前提供由库房人员手工发起的盘点单生成。本条所述每月定时自动开启盘点的功能，当前版本尚未提供，列入后续开发计划。
3823,,,提供报表查询，展示盈亏情况。 +--------------------------------------------------------------------------------------------------------------------------+,部分响应,平台药品库房盘点已提供盈亏展示：盘点单详情汇总盘盈行数、盘亏行数与净盈亏，并逐行显示每种药品的盈亏数量。尚未提供：跨期、跨库房的盈亏报表查询页面与统计口径；总务物资库房的盘点与盈亏。上述缺项列入后续开发计划。
3824,,,提供盈亏情况填写的功能。 +--------------------------------------------------------------------------------------------------------------------------+,部分响应,平台药品库房盘点已提供盈亏情况填写：按盘点单逐行录入实盘数量，确认后按实盘数与账面数自动计算盈亏并生成盘点调整流水。尚未提供：总务物资库房的盘点与实盘数录入。上述缺项列入后续开发计划。
3825,★,,+-------------------------------+-----------------------------------------------------------------------------------------------------------------------------------------------------------------------,非参数行,文档转换产生的表格分隔残渣，不计入参数总数
3826,,,提供维修评价功能。 +---------------------------------------------------------+,部分响应,平台设备管理当前提供维修工单报修、派工、完成登记（含维修结果说明）的闭环。本条所述报修科室对维修服务的评价功能，当前版本尚未提供，列入后续开发计划。
3827,,,提供故障登记作废功能。 +---------------------------------------------------------+,部分响应,平台设备管理当前提供故障报修登记、派工与完成登记，保养单与采购单据支持作废。本条所述故障登记（维修工单）作废功能，当前版本尚未提供，列入后续开发计划。
3828,,,提供院内维修，院外维修区分功能。 +---------------------------------------------------------+,正偏离/无偏离,由设备管理维修工单模块提供：报修时选择「院内维修」或「院外送修」两种维修方式并随工单保存，维修台账列表按方式区分显示院内/院外，可据此分别管理与统计。
3829,,,提供初步评估故障功能。 +---------------------------------------------------------+,部分响应,平台设备管理当前提供故障报修登记（故障描述）后直接派工的流程。本条所述派工前由工程师进行初步故障评估（故障等级、初判结论、预估工时或费用）的环节，当前版本尚未提供，列入后续开发计划。
3830,,,提供指派维修工程师功能。 +---------------------------------------------------------+,正偏离/无偏离,由设备管理维修工单模块提供：已报修的工单可在台账中点击「派工」，录入维修人员并记录派工时间，工单状态由已报修转为已派工，后续由维修人员登记完成结果。
3831,,,提供维修结果展示功能。 +---------------------------------------------------------+,部分响应,平台设备管理已提供维修完成登记，维修结果说明与完成时间随工单保存并可由系统查询。尚未提供：维修台账列表中的维修结果展示列或工单详情查看界面。上述缺项列入后续开发计划。
3832,,,提供记录维修费用功能。 +---------------------------------------------------------+ 保养管控 +---------------------------------------------------------+,部分响应,平台设备管理当前提供维修工单报修、派工、完成登记。本条所述维修费用（含配件费等）记录功能，当前版本尚未提供，列入后续开发计划。
3833,,,提供保养计划录入功能。 +---------------------------------------------------------+,正偏离/无偏离,由设备管理保养计划模块提供：可为资产建立保养计划，录入保养周期（天数）、下次保养日期与备注，计划保存后进入保养计划台账供跟踪执行。
3834,,,提供保养单修改作，废功能。 +---------------------------------------------------------+,部分响应,平台设备管理已提供保养单作废能力（已完成的保养记录可作废）。尚未提供：保养单内容修改功能；保养单列表及作废操作的前端操作界面。上述缺项列入后续开发计划。
3835,,,提供保养单初步计划展示功能。 +---------------------------------------------------------+,正偏离/无偏离,由设备管理保养计划模块提供：保养计划台账展示设备、保养周期、下次保养日期，并自动标记已到期的计划，便于按计划安排执行保养。
3836,,,提供调整保养单派工功能。 +---------------------------------------------------------+,部分响应,平台设备管理当前提供保养计划建立与保养执行登记，维修工单支持派工。本条所述保养单派工及调整派工功能，当前版本尚未提供，列入后续开发计划。
3837,,,提供保养单完全情况录入功能。 +---------------------------------------------------------+,正偏离/无偏离,由设备管理保养计划模块提供：对到期或待保养的计划点击「执行保养」，录入保养内容（完成情况）生成保养记录，并自动按周期顺延下次保养日期。
3838,,,提供快捷故障登记功能。 +---------------------------------------------------------+,正偏离/无偏离,由设备管理提供两处快捷故障登记入口：维修工单页首行填写资产、故障描述、维修方式后一键「报修」；资产台账行内亦可直接点击「报修」将设备置为维修状态。
3839,,,提供保养单基本信息录入功能。 +---------------------------------------------------------+,部分响应,平台设备管理已提供保养记录基本信息登记：执行保养时录入保养内容，系统自动记录关联计划、设备与保养日期。尚未提供：独立的保养单录入表单，保养人、耗时、更换配件、保养结论等字段，以及保养单列表页。上述缺项列入后续开发计划。
3840,,,提供指定保养人员功能。 +---------------------------------------------------------+ +---------------------------------------------------------+ 设备巡检 +---------------------------------------------------------+,部分响应,平台设备管理当前提供保养计划建立与保养执行登记。本条所述指定保养人员（保养人/班组）功能，当前版本尚未提供，列入后续开发计划。
3841,,,提供设备巡检计划的信息录入功能。 +---------------------------------------------------------+,部分响应,平台设备管理当前提供维修工单、保养计划与计量检定登记。本条所述设备巡检计划信息录入功能，当前版本尚未提供，列入后续开发计划。
3842,,,提供巡检人员的指派功能。 +---------------------------------------------------------+,部分响应,平台设备管理当前提供维修工单派工能力。本条所述设备巡检计划及巡检人员指派功能，当前版本尚未提供，列入后续开发计划。
3843,,,提供快速导入巡检设备的功能。 +---------------------------------------------------------+,部分响应,平台设备管理当前提供设备资产台账逐台登记。本条所述设备巡检模块及批量快速导入巡检设备的功能，当前版本尚未提供，列入后续开发计划。
3844,,,提供录入巡检开始和完成的信息功能。 +---------------------------------------------------------+,部分响应,平台设备管理当前提供维修与保养的执行登记。本条所述设备巡检开始与完成信息录入功能，当前版本尚未提供，列入后续开发计划。
3845,,,提供巡检过程中快捷报修功能。 +---------------------------------------------------------+,部分响应,平台设备管理当前提供从维修工单页与资产台账发起的快捷报修。本条所述设备巡检过程中一键报修的联动功能，当前版本尚未提供，列入后续开发计划。
3846,,,提供附件上传功能。 +---------------------------------------------------------+,部分响应,平台当前提供供应商证照的档案名登记。本条所述附件文件上传、存储与下载功能，当前版本尚未提供，列入后续开发计划。
3847,,,提供查看历史巡检记录功能。 +---------------------------------------------------------+,部分响应,平台设备管理当前提供维修台账与计量检定台账查询。本条所述设备历史巡检记录查看功能，当前版本尚未提供，列入后续开发计划。
3848,,,提供设备巡检信息的录入功能。 +---------------------------------------------------------+ 设备台账 +---------------------------------------------------------+,部分响应,平台设备管理当前提供维修、保养、计量三类信息录入。本条所述设备巡检信息录入功能，当前版本尚未提供，列入后续开发计划。
3849,,,提供设备基本台账信息的录入。 +---------------------------------------------------------+,正偏离/无偏离,由资产管理资产台账模块提供：可登记设备名称、类别、所属科室、原值、购置日期、折旧年限与备注，系统自动生成资产编号并纳入台账管理。
3850,,,提供设备标签打印功能。 +---------------------------------------------------------+,部分响应,平台当前提供消毒供应室消毒包条码生成，打印中心提供临床单据打印。本条所述设备标签（含条码/二维码）打印功能，当前版本尚未提供，列入后续开发计划。
3851,,,提供设备附件上传功能。 +---------------------------------------------------------+,部分响应,平台当前提供设备资产台账登记。本条所述设备附件文件上传、存储与下载功能，当前版本尚未提供，列入后续开发计划。
3852,,,提供台账检索功能。 +---------------------------------------------------------+ 设备计量 +---------------------------------------------------------+,部分响应,平台设备管理已提供维修台账检索，可按设备名称、故障描述关键字模糊查询。尚未提供：设备资产台账按资产编号、名称、科室、状态的检索与分页。上述缺项列入后续开发计划。
3853,,,提供设备计量信息录入功能。 +---------------------------------------------------------+,正偏离/无偏离,由设备管理计量检定模块提供：可为设备登记检定证书号、检定日期、有效期至与检定机构，计量台账按有效期自动标记有效、即将到期、已过期。
3854,,,提供批量录入功能。 +---------------------------------------------------------+,部分响应,对应业务登记能力已实现，字段级差异逐条比对
3855,,,提供新增计量计划时直接选择计划计量的设备的功能。 +---------------------------------------------------------+,部分响应,平台设备管理当前提供逐台设备的计量检定结果登记与有效期台账。本条所述计量计划编制及新增计划时批量勾选计划计量设备的功能，当前版本尚未提供，列入后续开发计划。
3856,,,提供计量结果录入功能。 +---------------------------------------------------------+ 提醒功能 +---------------------------------------------------------+,部分响应,平台设备管理已提供计量检定结果登记：录入检定证书号、检定日期、有效期至与检定机构，并在台账中按有效期标记状态。尚未提供：合格/不合格检定结论字段、检定项目与示值误差明细，以及不合格设备的停用联动。上述缺项列入后续开发计划。
3857,,,提供基本的单据过期提醒功能。 +---------------------------------------------------------+,部分响应,平台已提供到期提醒基础能力：供应商证照与设备计量检定按有效期自动标记即将到期（90天内）与已过期，药品效期由系统每日自动扫描预警。尚未提供：采购备货、退货等业务单据本身的时限设置与过期提醒，以及提醒到人的待办推送。上述缺项列入后续开发计划。
3858,★,,+-------------------------------+-----------------------------------------------------------------------------------------------------------------------------------------------------------------------,非参数行,文档转换产生的表格分隔残渣，不计入参数总数
3859,,,提供单据作废、修改功能。 +------------------------------------------------------------+,部分响应,平台采购单据管理已提供单据作废与还原：草稿状态的备货单、退货单可作废，作废单据可还原为草稿；验收时可补录或调整发票号。尚未提供：建单后对单据内容（采购品目、金额、供应商）的修改功能。上述缺项列入后续开发计划。
3860,,,提供纸质单打印功能。 +------------------------------------------------------------+,部分响应,平台打印中心当前提供挂号单、结算单、检验报告、住院一日清单、出院小结、体温单、护理记录单等临床单据的打印。本条所述采购单据纸质打印，当前版本尚未提供，列入后续开发计划。
3861,,,提供申领转库房计划单功能。 +------------------------------------------------------------+ 计划汇总 +------------------------------------------------------------+,部分响应,物资进销存流水已有（hrp_material_txn），科室二级库为深度扩展
3862,,,提供快捷生成汇总单功能，通过采购计划一键生成。 +------------------------------------------------------------+,部分响应,平台当前提供采购备货单、退货单管理及办公自动化采购申请事项登记。本条所述采购计划编制及由采购计划一键生成汇总单的功能，当前版本尚未提供，列入后续开发计划。
3863,,,提供纸质单打印功能。 +------------------------------------------------------------+,部分响应,平台打印中心当前提供挂号单、结算单、检验报告、住院一日清单、出院小结、体温单、护理记录单等临床单据的打印。本条所述采购汇总单纸质打印，当前版本尚未提供，列入后续开发计划。
3864,,,提供汇总数量修改功能。 +------------------------------------------------------------+ 订单管理 +------------------------------------------------------------+,部分响应,平台当前提供采购备货单、退货单管理。本条所述采购汇总单及汇总数量修改功能，当前版本尚未提供，列入后续开发计划。
3865,,,提供快捷生成订单功能，通过汇总单可以快捷生成订单。 +------------------------------------------------------------+,部分响应,平台当前提供采购备货单、退货单的建单、审核、验收流程。本条所述采购订单管理及由汇总单快捷生成订单的功能，当前版本尚未提供，列入后续开发计划。
3866,,,提供纸质单打印功能。 +------------------------------------------------------------+,部分响应,平台打印中心当前提供挂号单、结算单、检验报告、住院一日清单、出院小结、体温单、护理记录单等临床单据的打印。本条所述采购订单纸质打印，当前版本尚未提供，列入后续开发计划。
3867,,,提供订单追踪功能，能够查看其下一步备货入库的数量。 +------------------------------------------------------------+,部分响应,平台当前提供采购备货单状态跟踪（草稿、已审核、已验收、已作废）与药品入库登记，入库时可选填采购单号备注。本条所述采购订单追踪及查看订单下一步备货、入库数量的关联查询，当前版本尚未提供，列入后续开发计划。
3868,,,提供区分临采非临采功能。 +------------------------------------------------------------+ 采购业务 +------------------------------------------------------------+,部分响应,物资台账已有，采购类型标记为字段级扩展
3869,,,提供快捷入库功能，通过备货单生成入库单。 +------------------------------------------------------------+,部分响应,平台当前提供采购备货单管理与药品入库单逐条登记（药品、数量、批号，可选填采购单号）。本条所述由备货单直接生成入库单的快捷入库功能，当前版本尚未提供，列入后续开发计划。
3870,,,提供纸质单打印功能。 +------------------------------------------------------------+,部分响应,平台打印中心当前提供挂号单、结算单、检验报告、住院一日清单、出院小结、体温单、护理记录单等临床单据的打印。本条所述入库纸质单打印，当前版本尚未提供，列入后续开发计划。
3871,,,提供物资来源追溯功能。 +------------------------------------------------------------+ 材料调拨 +------------------------------------------------------------+,部分响应,平台药品库房已提供来源追溯：入库单记录批号、效期、供应商与采购单号，库存流水关联入库单号，可按药品查询流水并在入库验收页查看来源。尚未提供：总务物资/耗材的批号、供应商、来源单据记录，物资流水的前端查询入口，以及精确到批次的耗用追溯。上述缺项列入后续开发计划。
3872,,,提供快捷生成出库单功能，将入库单转化为出库单。 +------------------------------------------------------------+,部分响应,平台总务物资当前提供按数量的入库、出库登记，药品库房提供入库单登记。本条所述出库单单据体系及入库单转化为出库单的快捷生成功能，当前版本尚未提供，列入后续开发计划。
3873,,,提供将申领单转化为出库单功能。 +------------------------------------------------------------+,部分响应,平台总务物资当前提供按数量的出库登记。本条所述科室申领单管理及申领单转化为出库单的功能，当前版本尚未提供，列入后续开发计划。
3874,,,提供接受与拒绝接受功能。 +------------------------------------------------------------+,部分响应,平台当前提供资产科室间调拨（调拨即生效并留痕）、总务物资出库登记，以及药品入库验收的接受与拒收。本条所述材料调拨接收方的接受与拒绝接受功能，当前版本尚未提供，列入后续开发计划。
3875,,,提供纸质单打印功能。 +------------------------------------------------------------+ 库房盘点 +------------------------------------------------------------+,部分响应,平台打印中心当前提供挂号单、结算单、检验报告、住院一日清单、出院小结、体温单、护理记录单等临床单据的打印。本条所述调拨、出库纸质单打印，当前版本尚未提供，列入后续开发计划。
3876,,,提供盘点单生成功能。 +------------------------------------------------------------+,部分响应,平台药品库房已提供盘点单生成：按选定药品快照账面数生成盘点草稿单，支持实盘录入、确认与作废，并有专门的盘点页面。尚未提供：耗材/物资库房的盘点单生成与盘点流程。上述缺项列入后续开发计划。
3877,,,提供是否允许科室盘点功能。 +------------------------------------------------------------+,部分响应,平台药品库房当前提供集中盘点流程。本条所述科室二级库盘点及是否允许科室盘点的配置开关，当前版本尚未提供，列入后续开发计划。
3878,,,提供盘点单根据某种规则自定义排序功能。 +------------------------------------------------------------+ 备货验收 +------------------------------------------------------------+,部分响应,平台药品库房盘点单当前按固定顺序展示盘点明细行。本条所述按货位、类别、编码等规则自定义排序盘点单的功能，当前版本尚未提供，列入后续开发计划。
3879,,,提供纸质单打印功能。 +------------------------------------------------------------+,部分响应,平台打印中心当前提供挂号单、结算单、检验报告、住院一日清单、出院小结、体温单、护理记录单等临床单据的打印。本条所述备货、验收纸质单打印，当前版本尚未提供，列入后续开发计划。
3880,,,提供验收通过和不通过的记录功能。 +------------------------------------------------------------+,部分响应,已提供：药房药品入库验收支持「验收通过/拒收」双向记录，拒收须填写拒收原因并留痕，通过后方计入库存。尚未提供：采购备货单验收当前仅支持「验收通过」并补录发票，备货单验收不通过（拒收）的记录尚未提供。上述缺项列入后续开发计划。
3881,,,提供筛选功能。 +------------------------------------------------------------+ 备货管理 +------------------------------------------------------------+,部分响应,平台当前提供 HRP 采购管理「采购单据」台账列表，按开单时间倒序展示最近备货单/退货单。本条所述按单据类型、状态、供应商、日期等条件筛选备货单的功能当前版本未提供，列入后续开发计划。
3882,,,提供录入高值备货单功能。 +------------------------------------------------------------+,部分响应,已提供：HRP 采购管理提供备货单录入，可选择供应商、自动生成备货单号、填写物资摘要与整单金额，开单后进入草稿状态。尚未提供：（1）高值耗材专属属性（耗材类别/高值标识）；（2）逐条明细行录入（规格、批号、UDI/条码、单价、数量）。上述缺项列入后续开发计划。
3883,,,提供纸质单打印功能。 +------------------------------------------------------------+,部分响应,平台当前提供挂号凭条、收费票据、检验报告、住院一日清单、出院小结、体温单、护理记录单等单据的纸质打印基础能力。本条所述备货单纸质打印当前版本未提供，列入后续开发计划。
3884,,,提供价格核对功能。 +------------------------------------------------------------+,部分响应,平台当前提供备货单整单金额录入与物资台账单价维护基础能力。本条所述按耗材明细逐条与中标价/物资单价比对的价格核对功能当前版本未提供，列入后续开发计划。
3885,,,提供备货单审核功能。 +------------------------------------------------------------+,正偏离/无偏离,由 HRP 采购管理「采购单据」页面提供备货单审核功能：备货单开单后处于草稿状态，审核人在台账中点击「审核」，单据转为已审核状态，方可进入后续验收环节；状态流转经自动化测试覆盖。
3886,,,提供扫码备货功能。 +------------------------------------------------------------+ 备货验收 +------------------------------------------------------------+,部分响应,平台当前提供备货单手工录入以及消毒供应包条码管理基础能力。本条所述备货环节扫码录入（扫描耗材条码/UDI 生成备货明细）当前版本未提供，列入后续开发计划。
3887,,,提供备货单验收功能。 +------------------------------------------------------------+,正偏离/无偏离,由 HRP 采购管理「采购单据」页面提供备货单验收功能：备货单须先审核通过方可验收，验收时补录发票号，单据转为已验收状态；已验收单据支持再次修改发票号，状态流转经自动化测试覆盖。
3888,,,提供筛选功能。 +------------------------------------------------------------+ 退货管理 +------------------------------------------------------------+,部分响应,平台当前提供 HRP 采购管理「采购单据」台账列表，按开单时间倒序展示最近备货单/退货单。本条所述按单据类型、状态、供应商、日期等条件筛选退货单的功能当前版本未提供，列入后续开发计划。
3889,,,提供退货单录入功能。 +------------------------------------------------------------+,正偏离/无偏离,由 HRP 采购管理「采购单据」页面提供退货单录入功能：开单时选择「退货单」类型，系统自动生成退货单号，录入供应商、物资摘要与金额后进入草稿状态，与备货单共用同一审核、作废流程。
3890,,,提供纸质单打印功能。 +------------------------------------------------------------+,部分响应,平台当前提供挂号凭条、收费票据、检验报告、住院一日清单、出院小结、体温单、护理记录单等单据的纸质打印基础能力。本条所述退货单纸质打印当前版本未提供，列入后续开发计划。
3891,,,提供退货单审核功能。 +------------------------------------------------------------+,正偏离/无偏离,由 HRP 采购管理「采购单据」页面提供退货单审核功能：退货单开单后处于草稿状态，审核人在台账中点击「审核」，单据转为已审核状态，审核流程与备货单一致。
3892,,,提供扫码生成退货单明细功能。 +------------------------------------------------------------+ 追溯管理 +------------------------------------------------------------+,部分响应,平台当前提供退货单手工录入（物资摘要文本、金额）基础能力。本条所述扫码生成退货单明细行的功能当前版本未提供，列入后续开发计划。
3893,,,提供条码追溯功能。 +------------------------------------------------------------+,部分响应,平台当前提供消毒供应包条码追溯与检验标本条码管理基础能力。本条所述高值耗材条码追溯（主码/子码登记、扫码记录、追溯查询）当前版本未提供，列入后续开发计划。
3894,,,提供高值耗材全流程追溯信息显示功能。 +------------------------------------------------------------+,部分响应,平台当前在 HRP 物资台账中提供「高值耗材」类别标识及出入库流水记录基础能力。本条所述高值耗材从入库、备货、验收、消耗到结算的全流程追溯信息显示当前版本未提供，列入后续开发计划。
3895,,,提供追溯高值耗材厂商资质功能。 +------------------------------------------------------------+ 结算管理 +------------------------------------------------------------+,部分响应,平台当前提供供应商/生产商证照台账（生产许可、授权书等证照类型，含有效期预警）基础能力。本条所述由具体高值耗材反向追溯其厂商资质的关联查询当前版本未提供，列入后续开发计划。
3896,,,提供纸质单打印高值耗材使用汇总信息功能。 +------------------------------------------------------------+,部分响应,平台当前提供七类临床与收费单据的纸质打印基础能力。本条所述高值耗材使用汇总信息的纸质打印当前版本未提供（耗材使用记录与对应打印版式均未提供），列入后续开发计划。
3897,,,提供结算功能，区分未结算和已结算。 +------------------------------------------------------------+,部分响应,平台当前采购单据提供草稿/已审核/已验收/已作废的状态流转基础能力。本条所述耗材结算管理及未结算/已结算的区分当前版本未提供，列入后续开发计划。
3898,,,提供合并打印功能。 +------------------------------------------------------------+ 扫描计费 +------------------------------------------------------------+,部分响应,平台当前提供单张单据（票据、报告、病历文书等）的纸质打印基础能力。本条所述多张单据合并打印当前版本未提供，列入后续开发计划。
3899,,,对接his系统之后，支持his系统扫码计费。 +------------------------------------------------------------+,部分响应,平台当前提供门诊/住院收费与 HRP 物资库存两项基础能力。本条所述耗材扫码计费及与收费项目联动自动扣减库存的功能当前版本未提供，列入后续开发计划。
3900,,,提供扫码消耗功能。 +------------------------------------------------------------+ 报表统计 +------------------------------------------------------------+,部分响应,平台当前提供 HRP 物资台账手工出库（录入出库数量）基础能力。本条所述扫码消耗当前版本未提供，列入后续开发计划。
3901,,,提供报表展示使用记录功能。 +------------------------------------------------------------+,部分响应,已提供：物资出入库流水（类型、数量、结存、关联单号、时间）在后台完整留存并提供按物资查询的数据服务。尚未提供：（1）出入库流水的报表展示页面入口；（2）患者、科室、手术等使用记录维度。上述缺项列入后续开发计划。
3902,,,提供报表按供应商展示使用记录备货信息功能。 +------------------------------------------------------------+,部分响应,平台当前提供物资台账与供应商台账两项基础能力。本条所述按供应商维度汇总展示耗材使用记录与备货信息的报表当前版本未提供，列入后续开发计划。
3903,,,提供报表展示存量功能。 +------------------------------------------------------------+,部分响应,已提供：HRP 物资台账列表实时显示每项物资的当前库存数量。尚未提供：（1）按仓库、批次、效期、金额维度的存量报表及导出；（2）高值耗材专项存量维度。上述缺项列入后续开发计划。
3904,★,,+-------------------------------+-----------------------------------------------------------------------------------------------------------------------------------------------------------------------,非参数行,文档转换产生的表格分隔残渣，不计入参数总数
3905,,,支持通过扫码来实现高值耗材的备货登记，智能识别主码追溯码。,部分响应,平台当前提供备货单手工录入（供应商、物资摘要、金额）基础能力。本条所述扫码备货登记及主码/追溯码智能识别当前版本未提供，列入后续开发计划。
3906,,,支持打印高值耗材备货单。,部分响应,平台当前提供挂号凭条、收费票据、检验报告、住院一日清单、出院小结、体温单、护理记录单等单据的纸质打印基础能力。本条所述高值耗材备货单打印当前版本未提供，列入后续开发计划。
3907,,,支持核价功能。,部分响应,平台当前提供备货单整单金额录入基础能力。本条所述按耗材明细与中标价/挂网价比对的核价功能当前版本未提供，列入后续开发计划。
3908,,,支持对备货单进行审核的功能。 **备货验收**,部分响应,已提供：HRP 采购管理备货单审核，单据由草稿转为已审核状态，方可进入验收。尚未提供：（1）高值耗材明细行（耗材、规格、数量、追溯码）；（2）审核人留痕；（3）多级审批。上述缺项列入后续开发计划。
3909,,,具备对高值耗材备货审核通过的单据提供验收功能。,部分响应,已提供：审核通过的备货单方可验收，验收时补录发票号并转为已验收状态。尚未提供：（1）逐条耗材验收；（2）数量、批号、效期核对；（3）条码扫描核验；（4）验收人留痕。上述缺项列入后续开发计划。
3910,,,支持按单号、时间、状态进行验收记录的查询。 **退货管理**,部分响应,已提供：采购单据台账列表展示单号、状态、创建时间，按时间倒序排列。尚未提供：按单号、时间、状态的查询筛选条件。上述缺项列入后续开发计划。
3911,,,具备高值耗材退货登记管理功能。,部分响应,已提供：HRP 采购管理退货单登记（选择供应商、填写物资摘要与金额，自动生成退货单号）及审核。尚未提供：（1）高值耗材明细行、批号、追溯码；（2）退货原因分类；（3）退货与库存联动扣减。上述缺项列入后续开发计划。
3912,,,支持扫码或者手动输入条码来将货物退出支持回收导入。,部分响应,平台当前提供退货单手工登记基础能力。本条所述扫码或手工输入条码退货及回收导入当前版本未提供，列入后续开发计划。
3913,,,支持打印退货单。,部分响应,平台当前提供挂号凭条、收费票据、检验报告、住院一日清单、出院小结、体温单、护理记录单等单据的纸质打印基础能力。本条所述退货单打印当前版本未提供，列入后续开发计划。
3914,,,支持退货单审核功能。 **追溯管理**,部分响应,已提供：HRP 采购管理退货单审核，单据由草稿转为已审核状态。尚未提供：（1）审核人留痕；（2）多级/会签审批；（3）高值耗材明细维度。上述缺项列入后续开发计划。
3915,,,支持通过病人住院号和高值耗材主码追溯高值耗材的使用记录。,部分响应,平台当前提供物资出入库流水记录基础能力。本条所述按住院号与高值耗材主码追溯耗材使用记录的功能当前版本未提供（耗材消耗记录尚未与患者关联），列入后续开发计划。
3916,,,支持显示物资基础信息、供应商资质和生产商资质等信息。,部分响应,已提供：物资基础信息台账（编码、名称、类别、单位、单价、库存）；供应商/生产商证照台账（证照类型、有效期状态：有效/即将到期/已过期）。尚未提供：围绕某件耗材同屏关联显示其基础信息、供应商资质与生产商资质。上述缺项列入后续开发计划。
3917,,,支持显示耗材使用全流程信息。 **结算管理**,部分响应,平台当前提供物资出入库流水记录基础能力。本条所述耗材备货、验收、上架、请领、消耗、计费、结算全流程信息显示当前版本未提供，列入后续开发计划。
3918,,,通过高值耗材消耗生成的入库单，可以在这里显示并且打印。,部分响应,平台当前提供物资出库（消耗）流水记录与人工开具备货单基础能力。本条所述由高值耗材消耗自动生成入库单及其显示与打印当前版本未提供，列入后续开发计划。
3919,,,支持汇总打印，即多个高值耗材合并到一张单子上打印。,部分响应,平台当前提供单张单据的纸质打印基础能力。本条所述多个高值耗材合并到一张单据的汇总打印当前版本未提供，列入后续开发计划。
3920,,,支持验收功能，能够区分已结算和未结算。 **扫描计费**,部分响应,已提供：备货单验收功能（审核通过后验收、补录发票号、转为已验收状态）。尚未提供：已结算/未结算的区分与筛选。上述缺项列入后续开发计划。
3921,,,若对接了his系统，支持开通his扫码计费，系统自动生成计费记录以及减库存。,部分响应,平台当前提供门诊/住院收费与 HRP 物资库存两项基础能力。本条所述 HIS 扫码计费并自动生成计费记录、联动减库存的功能当前版本未提供，列入后续开发计划。
3922,,,支持仅仅在HRP系统消耗，产生消耗记录。 **报表统计**,部分响应,已提供：HRP 物资台账内手工出库（校验库存不足）并留存出库流水记录。尚未提供：（1）消耗单据（含科室/患者/手术关联、批号、追溯码）；（2）消耗记录查看页面入口。上述缺项列入后续开发计划。
3923,,,支持查询高值耗材各仓库的存放信息，能够展示并追溯耗材全流程数据。,部分响应,平台当前提供物资台账单一库存数量显示基础能力。本条所述多仓库/货位存放信息查询与耗材全流程数据追溯当前版本未提供，列入后续开发计划。
3924,,,支持查询高值耗材的消耗汇总支持查询高值耗材按供应商备货查询。,部分响应,平台当前提供物资台账与出入库流水基础能力。本条所述高值耗材消耗汇总查询及按供应商备货查询当前版本未提供，列入后续开发计划。
3925,★,,支持查询高值耗材的出入库记录。 +-------------------------------+-------------------------------------------------------------------------------------------------------------------------------------------------------,部分响应,已提供：高值耗材作为物资类别纳入 HRP 物资台账，入库/出库操作均留存完整流水（类型、数量、结存、单号、时间），后台提供按物资查询出入库记录的数据服务。尚未提供：（1）出入库记录的页面查询入口；（2）按「高值耗材」类别筛选。上述缺项列入后续开发计划。
3926,,,资产入库出库流程汇总展示 +--------------------------------------------------------------------------------+,部分响应,已提供：HRP「资产处置」页面一屏集成展示资产调拨/移交流水、报废审核台账、价值调整台账及房屋台账。尚未提供：固定资产入库单、出库单的汇总展示。上述缺项列入后续开发计划。
3927,,,支持以固定资产为基础的入库、出库、调拨、盘点、报废等相关单据的集成展示。 +--------------------------------------------------------------------------------+ 资产盘点 +--------------------------------------------------------------------------,部分响应,已提供：HRP「资产处置」页面集成展示固定资产调拨、报废单据（另含移交、价值调整）。尚未提供：入库、出库、盘点三类固定资产单据及其集成展示。上述缺项列入后续开发计划。
3928,,,提供基础盘点功能。 +--------------------------------------------------------------------------------+,部分响应,平台当前提供药房药品盘点基础能力（盘点单建立、实盘数录入、盘点确认）。本条所述固定资产盘点当前版本未提供，列入后续开发计划。
3929,,,提供移动端扫码盘点功能。 +--------------------------------------------------------------------------------+,部分响应,本条所述固定资产移动端扫码盘点功能当前版本未提供，列入后续开发计划。
3930,,,提供一键盘点功能。 +--------------------------------------------------------------------------------+,部分响应,本条所述固定资产一键盘点功能当前版本未提供，列入后续开发计划。
3931,,,提供按房间盘点功能。 +--------------------------------------------------------------------------------+,部分响应,平台当前资产台账以科室为资产归属维度。本条所述房间/位置维度及按房间盘点当前版本未提供，列入后续开发计划。
3932,,,提供盘点过程中快捷报修。 +--------------------------------------------------------------------------------+,部分响应,平台当前提供资产台账「报修」快捷操作及设备维修工单基础能力。因固定资产盘点流程尚未提供，本条所述盘点过程中快捷报修当前版本未提供，列入后续开发计划。
3933,,,提供查看盘点历史记录。 +--------------------------------------------------------------------------------+ 资产调拨 +--------------------------------------------------------------------------------+,部分响应,平台当前提供药房药品盘点历史查询基础能力。本条所述固定资产盘点历史记录查看当前版本未提供，列入后续开发计划。
3934,,,提供资产调拨功能。 +--------------------------------------------------------------------------------+,正偏离/无偏离,由 HRP「资产处置」页面提供资产调拨功能：选择资产并指定调入科室，系统校验资产存在且未报废后完成科室归属变更，同时写入调拨流水（调出科室、调入科室、时间），可在调拨/移交台账中查看。
3935,,,提供批量调拨功能。 +--------------------------------------------------------------------------------+,部分响应,平台当前提供单件资产逐条调拨基础能力。本条所述批量调拨当前版本未提供，列入后续开发计划。
3936,,,提供调拨单审核功能。 +--------------------------------------------------------------------------------+,部分响应,平台当前资产调拨为登记即生效并留存流水，资产报废单已具备审核环节。本条所述调拨单审核功能当前版本未提供，列入后续开发计划。
3937,,,提供调拨单纸质打印和查看功能。 +--------------------------------------------------------------------------------+ 资产借用 +--------------------------------------------------------------------------------+,部分响应,已提供：HRP「资产处置」页面调拨记录查看（资产名称、调出/调入科室、时间）。尚未提供：调拨单纸质打印。上述缺项列入后续开发计划。
3938,,,提供固定资产借用登记功能。 +--------------------------------------------------------------------------------+,部分响应,平台当前提供资产调拨与移交登记基础能力。本条所述固定资产借用登记当前版本未提供，列入后续开发计划。
3939,,,提供固定资产借用归还功能。 +--------------------------------------------------------------------------------+,部分响应,平台当前提供资产调拨与移交登记基础能力。本条所述固定资产借用归还当前版本未提供，列入后续开发计划。
3940,,,提供固定资产借用，归还审核功能。 +--------------------------------------------------------------------------------+,部分响应,平台当前提供资产调拨与移交登记基础能力。本条所述固定资产借用、归还审核当前版本未提供，列入后续开发计划。
3941,,,提供借用、归还历史查看功能。 +--------------------------------------------------------------------------------+ 资产移交 +--------------------------------------------------------------------------------+,部分响应,平台当前提供资产调拨/移交历史查看基础能力。本条所述借用、归还历史查看当前版本未提供，列入后续开发计划。
3942,,,提供资产移交登记功能。 +--------------------------------------------------------------------------------+,正偏离/无偏离,由 HRP「资产处置」页面提供资产移交登记功能：录入资产、移交人、接收人及备注，系统校验资产存在后写入移交流水，可在调拨/移交台账中查看。
3943,,,提供资产移交审核功能。 +--------------------------------------------------------------------------------+,部分响应,平台当前资产移交为登记即生效并留存流水，资产报废单已具备审核环节。本条所述资产移交审核功能当前版本未提供，列入后续开发计划。
3944,,,提供移交历史查看功能。 +--------------------------------------------------------------------------------+ 库存管理 +--------------------------------------------------------------------------------+,正偏离/无偏离,由 HRP「资产处置」页面的调拨/移交台账提供移交历史查看：「动作」列区分调拨与移交，「流向」列对移交记录显示移交人→接收人，并显示登记时间。
3945,,,提供入库单的创建功能。 +--------------------------------------------------------------------------------+,部分响应,已提供：药房库存管理提供药品入库单创建（药品、数量、批号、效期、供应商、采购单号），入库单先处于待验收状态，验收通过后计入库存。尚未提供：物资与固定资产的入库单据（物资入库当前为直接更新库存并留流水，不生成单据）。上述缺项列入后续开发计划。
3946,,,提供入库单按照不通类型创建的功能。 +--------------------------------------------------------------------------------+,部分响应,平台当前提供药品入库单创建基础能力。本条所述按采购入库、调拨入库、退货入库、盘盈入库等不同类型创建入库单的功能当前版本未提供，列入后续开发计划。
3947,,,提供附件上传功能。 +--------------------------------------------------------------------------------+,部分响应,平台当前提供资产附件与供应商证照的档案名登记基础能力（记录档案名称/档案柜编号）。本条所述附件文件上传、存储、下载与在线预览当前版本未提供，列入后续开发计划。
3948,,,提供纸质单打印功能。 +--------------------------------------------------------------------------------+ 出库管理 +--------------------------------------------------------------------------------+,部分响应,平台当前提供挂号凭条、收费票据、检验报告、住院一日清单、出院小结、体温单、护理记录单等单据的纸质打印基础能力。本条所述入库单纸质打印当前版本未提供，列入后续开发计划。
3949,,,提供出库单创建功能。 +--------------------------------------------------------------------------------+,部分响应,平台当前药品出库随药房发药自动生成出库流水，物资出库直接扣减库存并留存流水。本条所述独立出库单据（单头、明细行、状态）的创建当前版本未提供，列入后续开发计划。
3950,,,提供批量出库功能。 +--------------------------------------------------------------------------------+,部分响应,平台当前提供物资台账单品逐条出库基础能力。本条所述批量出库当前版本未提供，列入后续开发计划。
3951,,,提供纸质单打印功能。 +--------------------------------------------------------------------------------+,部分响应,平台当前提供挂号凭条、收费票据、检验报告、住院一日清单、出院小结、体温单、护理记录单等单据的纸质打印基础能力。本条所述出库单纸质打印当前版本未提供，列入后续开发计划。
3952,,,提供附件上传功能。 +--------------------------------------------------------------------------------+ 实时库存 +--------------------------------------------------------------------------------+,部分响应,平台当前提供资产附件与供应商证照的档案名登记基础能力。本条所述附件文件上传、存储、下载与在线预览当前版本未提供，列入后续开发计划。
3953,,,提供当前库存展示功能。 +--------------------------------------------------------------------------------+,正偏离/无偏离,药品当前库存由药房库存管理页面提供：药品选择时直接显示现存数量，并提供低库存药品清单；物资当前库存由 HRP 物资台账提供：列表「库存」列实时显示每项物资的当前库存数量。
3954,,,提供库存记录筛选功能。 +--------------------------------------------------------------------------------+ +--------------------------------------------------------------------------------+ 采购申请 +----------------,部分响应,已提供：药房库存流水查询，后台支持按药品筛选。尚未提供：（1）页面上的筛选控件入口；（2）按流水类型（入库/出库/调整）、日期区间、单号筛选。上述缺项列入后续开发计划。
3955,,,提供采购申请单创建功能。 +--------------------------------------------------------------------------------+,部分响应,已提供：OA 采购申请（填写标题与申请内容后提交审批）及 HRP 采购备货单开单。尚未提供：独立的采购申请单（申请明细行、数量、单价、预算科目、申请科室）。上述缺项列入后续开发计划。
3956,,,提供采购申请单作废功能。 +--------------------------------------------------------------------------------+,部分响应,已提供：HRP 采购备货单草稿状态作废及作废还原，状态流转经自动化测试覆盖。尚未提供：OA 采购申请的作废/撤回。上述缺项列入后续开发计划。
3957,,,提供采购申请单审核功能。 +--------------------------------------------------------------------------------+,部分响应,已提供：OA 采购申请批准/驳回（记录审批人与审批时间）；HRP 采购备货单审核。尚未提供：采购申请单的多级/会签审批流及审批意见留痕。上述缺项列入后续开发计划。
3958,,,提供纸质单打印功能。 +--------------------------------------------------------------------------------+ +--------------------------------------------------------------------------------+ 购置论证 +-----------------,部分响应,平台当前提供挂号凭条、收费票据、检验报告、住院一日清单、出院小结、体温单、护理记录单等单据的纸质打印基础能力。本条所述采购申请单纸质打印当前版本未提供，列入后续开发计划。
3959,,,提供根据申请金额设置是否进入论证环节功能。 +--------------------------------------------------------------------------------+,部分响应,OA 审批流已有，金额阈值触发论证为规则扩展
3960,,,提供论证记录的编辑功能。 +--------------------------------------------------------------------------------+,部分响应,OA 审批流已有，金额阈值触发论证为规则扩展
3961,,,提供论证基本结论的记录功能。 +--------------------------------------------------------------------------------+,部分响应,OA 审批流已有，金额阈值触发论证为规则扩展
3962,,,提供纸质打印功能。 +--------------------------------------------------------------------------------+ > 资产折旧 +--------------------------------------------------------------------------------+,部分响应,平台当前提供资产台账净值显示与价值调整台账查看基础能力。本条所述购置论证与资产折旧相关的纸质打印当前版本未提供，列入后续开发计划。
3963,,,提供资产自动折旧功能。 +--------------------------------------------------------------------------------+,部分响应,已提供：资产台账按直线法（残值率 5%、按月）自动计算并显示每项资产的当前净值。尚未提供：（1）按月计提折旧落账（折旧明细、计提任务）；（2）折旧凭证与期间台账；（3）按期间回看某月折旧额。上述缺项列入后续开发计划。
3964,,,提供多科室分摊折旧功能。 +--------------------------------------------------------------------------------+,部分响应,平台当前资产归属单一科室并按直线法自动计算净值。本条所述多科室按比例分摊折旧当前版本未提供，列入后续开发计划。
3965,,,提供折旧历史，明细查看功能。 +--------------------------------------------------------------------------------+,部分响应,平台当前提供资产当前净值显示以及价值调整（增值/折旧补录）流水查看基础能力。本条所述逐期折旧额与累计折旧的历史明细查看当前版本未提供，列入后续开发计划。
3966,,,提供折旧历史补录功能。 +--------------------------------------------------------------------------------+ 资产增值 +--------------------------------------------------------------------------------+,正偏离/无偏离,由 HRP「资产处置」页面「增值/折旧补录」功能提供折旧历史补录：选择资产、录入补录金额与原因，记录落入价值调整台账，台账表格可回看补录金额、原因与时间。
3967,,,提供资产增值录入功能。 +--------------------------------------------------------------------------------+,正偏离/无偏离,由 HRP「资产处置」页面「增值/折旧补录」功能提供资产增值录入：选择资产、录入增值金额与原因，系统校验资产存在及金额有效后落入价值调整台账，列表即时刷新。
3968,,,提供增值原因的记录和查看。 +--------------------------------------------------------------------------------+,正偏离/无偏离,资产增值录入时「原因」为必填项，随增值记录一并保存；HRP「资产处置」页面价值调整台账表格提供「原因」与「时间」列，可逐条查看增值原因。
3969,,,提供折旧自动按照增值后的价值进行计算功能。 +--------------------------------------------------------------------------------+ 资产报废 +--------------------------------------------------------------------------------+,部分响应,平台当前提供资产增值录入与按原值直线法自动计算净值基础能力。本条所述增值后自动以增值后价值作为折旧基数重新计算折旧的功能当前版本未提供，列入后续开发计划。
3970,,,提供资产报废录入功能。 +--------------------------------------------------------------------------------+,正偏离/无偏离,由 HRP「资产处置」页面提供资产报废录入：选择资产、填写报废原因提交报废申请，系统拦截同一资产的重复待审申请，形成报废台账（资产、原因、状态、操作）；资产台账页面另提供直接标记报废的快捷操作。
3971,,,提供附件上传功能。 +--------------------------------------------------------------------------------+,部分响应,平台当前提供资产附件档案名登记基础能力（不挂接于报废单）。本条所述报废单据附件文件（照片、审批单扫描件）上传当前版本未提供，列入后续开发计划。
3972,,,提供纸质打印功能。 +--------------------------------------------------------------------------------+,部分响应,平台当前提供挂号凭条、收费票据、检验报告、住院一日清单、出院小结、体温单、护理记录单等单据的纸质打印基础能力。本条所述资产报废单纸质打印当前版本未提供，列入后续开发计划。
3973,,,提供资产报废审核功能。 +--------------------------------------------------------------------------------+,正偏离/无偏离,由 HRP「资产处置」页面报废台账提供资产报废审核：审核人对待审报废申请执行通过/驳回并填写审核意见，系统记录审核意见与决策时间，审核通过后资产状态自动置为已报废。
3974,,,提供报废预警功能。 +--------------------------------------------------------------------------------+,部分响应,平台当前在 HRP 资产管理中提供资产台账登记与查询基础能力，台账含购置日期、折旧年限与使用状态。本条所述按折旧年限到期或长期处于维修状态自动触发的报废预警尚未提供，列入后续开发计划。
3975,,,提供报废历史查看功能。 +--------------------------------------------------------------------------------+ 国资报废管理 +--------------------------------------------------------------------------------+,正偏离/无偏离,由 HRP 资产管理「报废管理」页面提供：可查看全部报废申请历史记录，含资产编号、资产名称、报废原因、申请状态、审核意见与审核时间，按时间倒序展示。
3976,,,提供国资报废录入功能。 +--------------------------------------------------------------------------------+,部分响应,已提供：HRP 资产管理的资产报废申请录入（选择资产、填写报废原因），可用于国有资产报废的申请登记。尚未提供：国有资产专属字段（国资编号、主管部门批复文号、处置方式、残值收入、上报状态）以及按国资口径设计的专用录入表单。上述缺项列入后续开发计划。
3977,,,提供国资报废审核功能。 +--------------------------------------------------------------------------------+,部分响应,已提供：HRP 资产管理的报废申请单级审核（批准/驳回，记录审核意见与审核时间）。尚未提供：国有资产处置所需的多级审批与院外主管部门审批环节、批复文号回填、国资专项审核状态流转。上述缺项列入后续开发计划。
3978,,,提供国资报废编辑作废功能。 +--------------------------------------------------------------------------------+ 档案管理 +--------------------------------------------------------------------------------+,部分响应,平台当前提供资产报废申请的提交与审核基础能力。本条所述对已提交报废申请的编辑修改与作废撤回功能尚未提供，列入后续开发计划。
3979,,,提供上传各类型资产文档功能。 +--------------------------------------------------------------------------------+,部分响应,已提供：HRP 资产管理「附件登记」功能，可按资产登记附件名称与备注，形成资产附件台账。尚未提供：附件文件实体的在线上传与存储、附件文档类型分类字段。上述缺项列入后续开发计划。
3980,,,提供各业务上传的文档自动汇总同步到此处功能。 +--------------------------------------------------------------------------------+,部分响应,平台当前提供资产附件台账的手工登记基础能力。本条所述各业务环节（采购证照、设备维修等）产生的文档自动汇总同步至资产档案的功能尚未提供，列入后续开发计划。
3981,,,提供文档的查看，下载功能。 +--------------------------------------------------------------------------------+,部分响应,平台当前提供资产附件台账登记（登记附件名称）的基础能力。本条所述附件文档的在线查看与下载功能尚未提供（当前版本不存储文件实体），列入后续开发计划。
3982,,,提供文档分类，筛选功能。 +--------------------------------------------------------------------------------+ 统计分析 +--------------------------------------------------------------------------------+,部分响应,平台当前提供按资产查询附件台账记录的基础能力。本条所述文档分类及按分类、关键字筛选功能尚未提供，列入后续开发计划。
3983,,,提供数据上报报表。 +--------------------------------------------------------------------------------+,部分响应,平台当前提供资产台账明细查询基础能力。本条所述面向国有资产年报或卫生健康主管部门口径的资产数据上报报表尚未提供，列入后续开发计划。
3984,,,提供院内资产分析，财务分析报表。 +--------------------------------------------------------------------------------+,部分响应,平台当前提供资产台账明细（原值、购置日期、折旧年限、所属科室）的登记与查询基础能力。本条所述按类别、科室、使用年限的资产结构分析以及原值/净值/折旧口径的财务分析报表尚未提供，列入后续开发计划。
3985,,,提供院内数据汇总，整合报表。 +--------------------------------------------------------------------------------+ +--------------------------------------------------------------------------------+ 固定资产基础信息 +---------,部分响应,平台当前提供资产台账明细查询，以及经营侧的科室日报/月报基础能力。本条所述资产域院内数据汇总与整合报表尚未提供，列入后续开发计划。
3986,,,提供固定资产基础数据录入功能。 +--------------------------------------------------------------------------------+ 供应商信息管理 +--------------------------------------------------------------------------------+,正偏离/无偏离,由 HRP 资产管理「资产登记」页面提供：录入资产名称、类别、所属科室、原值、购置日期、折旧年限、使用状态与备注，系统自动生成资产编号并进行必填项校验，登记后进入资产台账。
3987,,,提供供应商基础信息维护功能。 +--------------------------------------------------------------------------------+,部分响应,已提供：HRP 运营管理「供应商」页签的供应商新增（名称、联系人、电话、供货范围）与列表查询。尚未提供：供应商信息的修改、停用/启用以及按名称检索。上述缺项列入后续开发计划。
3988,,,提供供应商基础资质录入功能。 +--------------------------------------------------------------------------------+ 生产商信息管理 +--------------------------------------------------------------------------------+,正偏离/无偏离,由 HRP 设备管理「供应商证照」页签提供：按证照类型（营业执照、经营许可证、生产许可证、授权书等）录入证照编号、附件名称与到期日期，系统自动标识有效/临期/过期状态。
3989,,,提供生产商基础信息维护功能。 +--------------------------------------------------------------------------------+,部分响应,对应模块维护能力已实现（字典/参数/规则），细节逐条比对
3990,,,提供生产商基础资质录入功能。 +--------------------------------------------------------------------------------+ 房屋建筑管理 +--------------------------------------------------------------------------------+,部分响应,平台当前提供供应商证照台账的录入与到期状态管理基础能力。本条所述独立的生产商信息维护及生产商资质录入功能尚未提供，列入后续开发计划。
3991,,,提供院内房屋建筑基本信息的录入功能。 +--------------------------------------------------------------------------------+,正偏离/无偏离,由 HRP 资产管理「房屋台账」提供：录入房屋编号、名称、用途、建筑面积与地址，房屋编号唯一并支持按编号更新，登记后在房屋台账表格中展示。
3992,,,提供房屋建筑的分类楼层等信息录入。 +--------------------------------------------------------------------------------+,部分响应,已提供：房屋台账中的用途分类（门诊/住院/行政/后勤）、建筑面积、地址等基本信息录入。尚未提供：楼层信息（层数、所在层、各层面积）、结构类型、建成年份、产权信息等字段。上述缺项列入后续开发计划。
3993,,,提供附件上传，下载功能。 +--------------------------------------------------------------------------------+,部分响应,平台当前提供房屋台账基本信息登记能力。本条所述房屋产权证、平面图等附件的上传与下载功能尚未提供，列入后续开发计划。
3994,★,,+-------------------------------+-----------------------------------------------------------------------------------------------------------------------------------------------------------------------,非参数行,文档转换产生的表格分隔残渣，不计入参数总数
3995,,,支持通过扫描或输入流程包条码进行回收登记。 +---------------------------------------------------------------------------------------------------------------------------------------------------------------------------------,部分响应,对应业务登记能力已实现，字段级差异逐条比对
3996,,,支持显示器械列表，并可记录丢失的器械信息。 +---------------------------------------------------------------------------------------------------------------------------------------------------------------------------------,部分响应,【二级证据评审建议，待项目组签字】CSSD 四环节追溯链已备（回收→清洗→灭菌→发放，越级拦截）；器械明细/丢失登记为深化项
3997,,,支持回收时扫描或输入工人条码。 +---------------------------------------------------------------------------------------------------------------------------------------------------------------------------------------,部分响应,【二级证据评审建议，待项目组签字】CSSD 四环节追溯链已备（回收→清洗→灭菌→发放，越级拦截）；器械明细/丢失登记为深化项
3998,,,支持外来器械接收管理。 +-------------------------------------------------------------------------------------------------------------------------------------------------------------------------------------------,部分响应,CSSD 包流转已闭环，外来器械接收可用打包环节登记（备注标识）
3999,,,具备待清洗列表和已清洗列表查询功能。 +------------------------------------------------------------------------------------------------------------------------------------------------------------------------------------,部分响应,对应模块查询统计能力已实现，界面细节逐条比对
4000,,,支持通过扫描或输入包条码进行清洗登记。 +-----------------------------------------------------------------------------------------------------------------------------------------------------------------------------------,部分响应,对应业务登记能力已实现，字段级差异逐条比对
4001,,,支持选择清洗设备与包进行关联。 +---------------------------------------------------------------------------------------------------------------------------------------------------------------------------------------,部分响应,【二级证据评审建议，待项目组签字】CSSD 四环节追溯链已备（回收→清洗→灭菌→发放，越级拦截）；器械明细/丢失登记为深化项
4002,,,支持外来器械清洗登记。 +-------------------------------------------------------------------------------------------------------------------------------------------------------------------------------------------,部分响应,CSSD 包流转已闭环，外来器械接收可用打包环节登记（备注标识）
4003,,,具备对已清洗的器械进行配包的功能。 +-------------------------------------------------------------------------------------------------------------------------------------------------------------------------------------,部分响应,CSSD 打包已实现，批量为界面操作深度
4004,,,支持批量配包功能。 +---------------------------------------------------------------------------------------------------------------------------------------------------------------------------------------------,部分响应,CSSD 打包已实现，批量为界面操作深度
4005,,,支持配包审核功能。 +---------------------------------------------------------------------------------------------------------------------------------------------------------------------------------------------,部分响应,CSSD 打包已实现，批量为界面操作深度
4006,,,具备对器械包进行灭菌记录的功能。 +--------------------------------------------------------------------------------------------------------------------------------------------------------------------------------------,正偏离/无偏离,由管理模块「消毒供应」页签提供：对已打包的器械包执行「灭菌」登记，记录灭菌批次号、灭菌时间与操作人，包状态更新为已灭菌，并在追溯链中留痕。
4007,,,支持扫描条码进行灭菌登记。 +-----------------------------------------------------------------------------------------------------------------------------------------------------------------------------------------,部分响应,已提供：器械包打包时自动生成包条码，灭菌登记以包条码为唯一标识驱动流转。尚未提供：灭菌登记页面的条码扫描输入框（当前为列表行操作按钮加弹窗录入批次号）。上述缺项列入后续开发计划。
4008,,,支持选择灭菌设备和包进行绑定。 +---------------------------------------------------------------------------------------------------------------------------------------------------------------------------------------,部分响应,平台当前提供灭菌登记时填写灭菌批次号的基础能力。本条所述灭菌设备（锅号）主数据维护及灭菌设备与器械包的绑定功能尚未提供，列入后续开发计划。
4009,,,支持历史灭菌记录的查询。 +------------------------------------------------------------------------------------------------------------------------------------------------------------------------------------------,部分响应,已提供：消毒供应页签的器械包列表，展示灭菌批次、灭菌时间与当前状态。尚未提供：按批次号、日期段、状态的查询条件，以及全量历史记录的翻页查询（当前仅展示最近记录）。上述缺项列入后续开发计划。
4010,,,具备高温灭菌审核的功能。 +------------------------------------------------------------------------------------------------------------------------------------------------------------------------------------------,部分响应,平台当前提供灭菌登记与流转留痕基础能力。本条所述高温灭菌结果（生物/化学监测）的审核环节尚未提供，列入后续开发计划。
4011,,,具备对消毒包进行发放登记的功能。 +--------------------------------------------------------------------------------------------------------------------------------------------------------------------------------------,正偏离/无偏离,由管理模块「消毒供应」页签提供：对已灭菌的消毒包执行「发放」登记，记录发放科室与发放时间，包状态更新为已发放并在追溯链中留痕，列表中展示发放科室。
4012,,,支持输入或扫描包条码并记录发放科室、交接人员等信息。 +----------------------------------------------------------------------------------------------------------------------------------------------------------------------------,部分响应,已提供：发放登记记录发放科室与登录操作人，以包条码作为发放操作的唯一标识。尚未提供：发放人/接收人双方交接人员字段，发放页面的条码扫描输入（当前为弹窗选择科室）。上述缺项列入后续开发计划。
4013,,,支持对历史发放记录进行查询，并显示消毒包状态。 +-------------------------------------------------------------------------------------------------------------------------------------------------------------------------------,部分响应,已提供：器械包列表展示发放科室及消毒包状态（已打包/已灭菌/已发放/已使用）。尚未提供：按科室、日期、状态的查询条件及全量历史记录翻页。上述缺项列入后续开发计划。
4014,,,具备对外来器械进行登记管理的功能，包括器械的新增、删除等。 +-------------------------------------------------------------------------------------------------------------------------------------------------------------------------,部分响应,CSSD 包流转已闭环，外来器械接收可用打包环节登记（备注标识）
4015,,,支持记录具体的使用病人及器械包的明细内容。 +---------------------------------------------------------------------------------------------------------------------------------------------------------------------------------,部分响应,【二级证据评审建议，待项目组签字】CSSD 四环节追溯链已备（回收→清洗→灭菌→发放，越级拦截）；器械明细/丢失登记为深化项
4016,,,具备科室进行需要使用的消毒包进行申请的功能。 +--------------------------------------------------------------------------------------------------------------------------------------------------------------------------------,部分响应,平台当前提供消毒供应室向科室发放消毒包的登记能力。本条所述科室端发起消毒包申请的功能尚未提供，列入后续开发计划。
4017,,,支持申请科室进行消毒包及数量的填写。 +------------------------------------------------------------------------------------------------------------------------------------------------------------------------------------,部分响应,本条所述申请科室填写消毒包品种及数量的功能当前版本未提供（依赖科室消毒包申请功能），列入后续开发计划。
4018,,,支持进行申请数量、回收数量、发放数量、状态等的查询。 +----------------------------------------------------------------------------------------------------------------------------------------------------------------------------,部分响应,对应模块查询统计能力已实现，界面细节逐条比对
4019,,,具备科室进行消毒包接收确认的功能。 +-------------------------------------------------------------------------------------------------------------------------------------------------------------------------------------,部分响应,平台当前提供消毒包的发放登记与使用登记。本条所述科室对消毒包的接收确认环节尚未提供，列入后续开发计划。
4020,,,接收确认记录具体的包信息、包数量以及交接人信息。 +------------------------------------------------------------------------------------------------------------------------------------------------------------------------------,部分响应,本条所述接收确认记录（包信息、包数量、交接人信息）当前版本未提供（依赖科室接收确认功能），列入后续开发计划。
4021,,,具备科室进行消毒包使用的记录。 +---------------------------------------------------------------------------------------------------------------------------------------------------------------------------------------,正偏离/无偏离,由管理模块「消毒供应」页签提供：对已发放的消毒包执行「使用登记」，记录使用时间与操作人，包状态更新为已使用并在追溯链中留痕。
4022,,,支持扫描包条码和住院号进行消毒包和使用病人的绑定。支持显示包信息及包配置明细内容。 +-------------------------------------------------------------------------------------------------------------------------------------------------------------,部分响应,平台当前提供消毒包使用登记基础能力。本条所述扫描包条码与住院号将消毒包与使用患者绑定，以及包信息与包配置明细展示功能尚未提供，列入后续开发计划。
4023,,,具备对器械包进行追溯查询的功能，支持输入包条码进行查询，支持查看包详情、物资信息、设备信息以及包使用流程。 +-------------------------------------------------------------------------------------------------------------------------------------------------,部分响应,已提供：按包条码查看器械包追溯链，展示打包、灭菌、发放、使用全流程各环节的操作人与时间。尚未提供：包内物资（器械/耗材）明细信息、灭菌设备信息、追溯页面的条码输入查询框（当前为列表行操作按钮触发）。上述缺项列入后续开发计划。
4024,,,患者信息追溯，具备对患者使用的器械包信息进行查询的功能。 支持按时间段、门诊号、住院号、患者姓名进行查询。支持查看每一个包的使用全流程信息。 +--------------------------------------------------------------------------------------------------------------------------------,部分响应,平台当前提供按包条码的器械包流程追溯。本条所述患者维度追溯（按时间段、门诊号、住院号、患者姓名查询患者使用的器械包及其全流程信息）尚未提供，列入后续开发计划。
4025,,,设备追溯，具备对消毒供应设备进行追溯查询功能，可查看设备的使用情况。可查看设备对应的锅次包信息。器械追溯，具备对器械进行追溯查询功能，可查看当前的器械包态等信息。支持查看器械包的详情信息。 +--------------------------------------------------------------------------------------------------------,部分响应,平台当前提供器械包级别的流程追溯。本条所述消毒供应设备追溯（设备使用情况、设备对应锅次包信息）及单件器械追溯（器械状态、器械包详情下钻）尚未提供，列入后续开发计划。
4026,★,,+-------------------------------+-----------------------------------------------------------------------------------------------------------------------------------------------------------------------,非参数行,文档转换产生的表格分隔残渣，不计入参数总数
4027,,,提供与院内物资信通基本信息互通功能。 +----------------------------------------------------------------+ +----------------------------------------------------------------+ 库存管理 +-----------------------------------------,部分响应,平台当前分别提供消毒供应器械包管理与院内物资主数据管理两项基础能力。本条所述消毒供应与院内物资基本信息互通功能尚未提供，列入后续开发计划。
4028,,,提供查看相关供应商库存内容的功能。 +----------------------------------------------------------------+,部分响应,平台当前提供供应商基础信息登记。本条所述查看供应商侧库存内容的功能尚未提供，列入后续开发计划。
4029,,,提供筛选功能。 +----------------------------------------------------------------+,部分响应,平台当前提供物资与供应商列表的全量查询。本条所述物资、供应商列表的筛选功能尚未提供，列入后续开发计划。
4030,,,提供库存预警功能。 +----------------------------------------------------------------+,部分响应,平台当前提供物资库存数量的登记与出入库更新。本条所述物资/耗材库存预警（安全库存阈值设置与低库存提示）尚未提供，列入后续开发计划。
4031,,,普通耗材二级库管理。 +----------------------------------------------------------------+,部分响应,平台当前提供全院级物资库存及出入库管理。本条所述普通耗材科室二级库管理尚未提供，列入后续开发计划。
4032,,,提供耗材使用记录汇总查看功能。 +----------------------------------------------------------------+,部分响应,已提供：物资出入库流水记录，以及按单品查询流水明细的数据接口。尚未提供：耗材使用记录的汇总统计及相应页面查看入口。上述缺项列入后续开发计划。
4033,,,提供耗材科室使用数量功能。 +----------------------------------------------------------------+ +----------------------------------------------------------------+ 普通耗材条码管理 +------------------------------------------,部分响应,平台当前提供物资出库流水记录（记录操作人与数量）。本条所述按科室统计耗材使用数量的功能尚未提供（出库记录未关联领用科室），列入后续开发计划。
4034,,,提供备货时录入或者生成条码的功能。 +----------------------------------------------------------------+,部分响应,平台当前提供备货单开单并自动生成单据号。本条所述备货时录入或生成耗材条码的功能尚未提供，列入后续开发计划。
4035,,,提供备货附件上传功能。 +----------------------------------------------------------------+,部分响应,平台当前提供备货单开单基础能力。本条所述备货附件上传功能尚未提供，列入后续开发计划。
4036,,,提供条码打印功能。 +----------------------------------------------------------------+ +----------------------------------------------------------------+ 供应商资质 +-------------------------------------------------,部分响应,平台当前提供挂号凭条、收费票据、检验报告、住院清单、体温单、护理记录单等打印能力。本条所述耗材条码/标签打印尚未提供，列入后续开发计划。
4037,,,提供供应商资质管控功能，包含资质日期，类型等。 +----------------------------------------------------------------+,正偏离/无偏离,由 HRP 设备管理「供应商证照」页签提供：按证照类型（营业执照、经营许可证、生产许可证、授权书）登记证照并设置到期日期，系统自动计算有效/临期（90 天内）/过期状态并按到期日排序展示，实现资质日期与类型的管控。
4038,,,提供资质审核功能。 +----------------------------------------------------------------+,部分响应,平台当前提供供应商证照录入与到期状态管理。本条所述资质审核环节尚未提供，列入后续开发计划。
4039,,,提供资质检索功能。 +----------------------------------------------------------------+ 产品资质 +----------------------------------------------------------------+,部分响应,平台当前提供供应商证照台账的全量展示。本条所述按条件检索资质的功能尚未提供，列入后续开发计划。
4040,,,提供产品资质按照类型不同录入功能。 +----------------------------------------------------------------+,部分响应,平台当前提供供应商证照按类型录入。本条所述产品（耗材/器械注册证等）资质按类型分档录入尚未提供，列入后续开发计划。
4041,,,提供资质与院内耗材的绑定功能。 +----------------------------------------------------------------+,部分响应,本条所述资质与院内耗材绑定功能当前版本未提供，列入后续开发计划。
4042,,,提供产品资质审核功能。 +----------------------------------------------------------------+ 合同管理 +----------------------------------------------------------------+,部分响应,本条所述产品资质审核功能当前版本未提供，列入后续开发计划。
4043,,,提供合同录入功能。 +----------------------------------------------------------------+,部分响应,对应业务登记能力已实现，字段级差异逐条比对
4044,,,提供合同绑定耗材功能。 +----------------------------------------------------------------+,部分响应,本条所述合同管理及合同绑定耗材功能当前版本未提供，列入后续开发计划。
4045,,,提供合同到期提醒功能。 +----------------------------------------------------------------+ 低值耗材备货 +----------------------------------------------------------------+,部分响应,平台当前提供供应商证照到期与医师资质到期提醒。本条所述合同到期提醒尚未提供（合同管理功能未提供），列入后续开发计划。
4046,,,提供根据订单快捷生成备货单功能。 +----------------------------------------------------------------+,部分响应,平台当前提供备货单手工开单。本条所述根据订单快捷生成备货单的功能尚未提供，列入后续开发计划。
4047,,,提供多次生成备货单功能，数量会根据上一个备货单自动计算。 +----------------------------------------------------------------+ 高值耗材备货 +----------------------------------------------------------------+,部分响应,平台当前提供备货单手工开单。本条所述多次生成备货单并按上一备货单自动计算数量的功能尚未提供，列入后续开发计划。
4048,,,提供供应商直接登陆系统备货功能。 +----------------------------------------------------------------+,部分响应,平台当前提供院内用户登录与患者端门户登录。本条所述供应商直接登录系统进行备货的供应商协同门户尚未提供，列入后续开发计划。
4049,,,提供扫码备货功能。 +----------------------------------------------------------------+,部分响应,平台当前提供备货单手工开单。本条所述扫码备货功能尚未提供，列入后续开发计划。
4050,,,提供附件上传功能。 +----------------------------------------------------------------+,部分响应,平台当前提供证照与资产附件的名称登记台账。本条所述附件文件的上传与存储功能尚未提供，列入后续开发计划。
4051,,,提供快速根据退货单生成备货单功能。 +----------------------------------------------------------------+ 高值耗材退货 +----------------------------------------------------------------+,部分响应,平台当前提供退货单与备货单的各自独立开单。本条所述根据退货单快速生成备货单的功能尚未提供，列入后续开发计划。
4052,,,提供高值耗材退货录入功能。 +----------------------------------------------------------------+,部分响应,已提供：HRP 设备管理采购单据页的退货单录入（供应商、品目摘要、金额、备注），系统自动生成退货单号。尚未提供：退货单耗材明细行（批号/序列号/UDI）、退货与库存的联动、高值耗材与退货单的关联。上述缺项列入后续开发计划。
4053,,,提供按照回收耗材一键生成退货单功能。 +----------------------------------------------------------------+,部分响应,平台当前提供退货单手工录入。本条所述耗材回收登记及按回收耗材一键生成退货单的功能尚未提供，列入后续开发计划。
4054,,,提供退货单审核功能。 +----------------------------------------------------------------+,正偏离/无偏离,由 HRP 设备管理采购单据页提供：对草稿状态的退货单执行「审核」操作，审核通过后单据状态更新为已审核，并进行单据状态流转校验。
4055,,,提供纸质单打印功能。 +----------------------------------------------------------------+,部分响应,平台当前提供挂号凭条、收费票据、检验报告、住院清单等打印能力。本条所述备货单/退货单纸质单打印尚未提供，列入后续开发计划。
4056,★,,+-------------------------------+-----------------------------------------------------------------------------------------------------------------------------------------------------------------------,非参数行,文档转换产生的表格分隔残渣，不计入参数总数
4057,,,能够直接行为进行办理，显示我的待办列表。 +----------------------------------------------------------------------------------------------------------------------------------------+,部分响应,已提供：HRP 运营管理「OA 审批」页签的待办列表（待审批申请置顶）及列表行内直接批准/驳回办理。尚未提供：按当前登录人过滤的个人待办视图（当前为具备审批权限人员可见的全院待审清单）、基于流程节点的待办分派。上述缺项列入后续开发计划。
4058,,,显示抄送给我的业务流程，能够直接行为进行浏览审批。 +----------------------------------------------------------------------------------------------------------------------------------------+ 个人办公 +-----------------------------,部分响应,平台当前提供 OA 申请的发起与审批。本条所述抄送给我的业务流程浏览与审批功能尚未提供，列入后续开发计划。
4059,,,包括：新建、转发、答复、抄送等功能，能够通用邮件功能，并能够能够上传多个附件，我的邮箱：予以完成单位内部工作人员之间的相互交流。 +--------------------------------------------------------------------------------------------------------------------------------------,配套产品响应,【二级证据评审建议，待项目组签字】流程设计器/公文/邮件属 OA 产品；平台 OA 已备审批流转、我发起的、制度文件库（/hrp/ops）
4060,,,通讯管控：包括：个人通讯录、公共通讯录管控功能。 +----------------------------------------------------------------------------------------------------------------------------------------+,部分响应,已提供：人力资源模块「通讯录」页签的公共通讯录，展示在职人员姓名、职称、电话、邮箱与科室。尚未提供：个人通讯录（个人联系人的新增/修改/删除）、公共通讯录的独立维护功能（当前数据来源于人事档案）。上述缺项列入后续开发计划。
4061,,,我的业务消息：个人站内业务消息收发及管控功能。 +----------------------------------------------------------------------------------------------------------------------------------------+,部分响应,本条所述个人站内业务消息收发及管理功能当前版本未提供，列入后续开发计划。
4062,,,我的计划：以日历形式、列表形式管控个人计划。 +----------------------------------------------------------------------------------------------------------------------------------------+,部分响应,本条所述个人计划（日历形式、列表形式）管理功能当前版本未提供，列入后续开发计划。
4063,,,会议室申请：包括会议室申请、会议室管控、会议室使用情况浏览功能。 +----------------------------------------------------------------------------------------------------------------------------------------+,配套产品响应,【二级证据评审建议，待项目组签字】流程设计器/公文/邮件属 OA 产品；平台 OA 已备审批流转、我发起的、制度文件库（/hrp/ops）
4064,,,考勤管控：包括打卡、补卡、外勤计划、考勤业务规则的制订、考勤汇总功能。 +----------------------------------------------------------------------------------------------------------------------------------------+,部分响应,已提供：人力资源模块「考勤」功能的打卡登记与补卡登记（补卡须填写说明），支持按日期查询考勤记录。尚未提供：外勤计划、考勤业务规则制订（班次与上下班时间规则配置）、考勤月度及科室汇总统计。上述缺项列入后续开发计划。
4065,,,我的附件：管控个人已上传到平台信息系统中的附件。 +----------------------------------------------------------------------------------------------------------------------------------------+ 我的业务流程 +----------------------------,部分响应,平台当前提供证照与资产附件的名称登记台账。本条所述「我的附件」（个人已上传附件的集中管理）尚未提供，列入后续开发计划。
4066,,,新建业务流程：对有权限的业务流程已经业务流程发起。 +----------------------------------------------------------------------------------------------------------------------------------------+,部分响应,已提供：HRP 运营管理「OA 审批」页签发起申请（请假、用印、采购、其他四类，填写标题与内容，自动记录申请人）。尚未提供：流程定义配置，以及按人员/角色授权可发起流程范围的权限模型（当前发起入口仅对管理与运营角色开放）。上述缺项列入后续开发计划。
4067,,,我的待办：要求行为人员进行审批的业务流程数据资料。 +----------------------------------------------------------------------------------------------------------------------------------------+,部分响应,已提供：OA 审批列表（待审批申请置顶）及列表内直接审批办理。尚未提供：按当前审批人过滤的「我的待办」视图与流程节点分派。上述缺项列入后续开发计划。
4068,,,我发起的业务流程：由当前行为人员发起的业务流程。 +----------------------------------------------------------------------------------------------------------------------------------------+,部分响应,平台当前提供 OA 申请列表（展示申请人）。本条所述按当前登录人筛选的「我发起的业务流程」视图尚未提供，列入后续开发计划。
4069,,,抄送给我的业务流程：业务流程选择抄送给当前行为人员的业务流程。 +----------------------------------------------------------------------------------------------------------------------------------------+,部分响应,【二级证据评审建议，待项目组签字】OA 审批流转已备；抄送/追回为流程引擎深化
4070,,,并且能够再次发起，我取回的业务流程：取回由行为人员发起的业务流程。 +----------------------------------------------------------------------------------------------------------------------------------------+ 公文管控 +---------------------,部分响应,【二级证据评审建议，待项目组签字】OA 审批流转已备；抄送/追回为流程引擎深化
4071,,,公文发文：公文发文业务流程管控。 +----------------------------------------------------------------------------------------------------------------------------------------+,配套产品响应,【二级证据评审建议，待项目组签字】流程设计器/公文/邮件属 OA 产品；平台 OA 已备审批流转、我发起的、制度文件库（/hrp/ops）
4072,,,公文收文：公文收文管控。 +----------------------------------------------------------------------------------------------------------------------------------------+,部分响应,平台当前提供制度文件库（分类、标题、正文、版本管理）基础能力。本条所述公文收文管理尚未提供，列入后续开发计划。
4073,,,设置管控：机关代字设置、公文模板管控。 +----------------------------------------------------------------------------------------------------------------------------------------+,部分响应,平台当前提供制度文件库基础能力。本条所述机关代字设置与公文模板管理尚未提供，列入后续开发计划。
4074,,,业务流程管控。 +----------------------------------------------------------------------------------------------------------------------------------------+,部分响应,平台当前提供 OA 申请的发起、审批/驳回与留痕（单级审批）。本条所述流程定义的配置与管理（多节点、分支流转、流程定义增删改）尚未提供，列入后续开发计划。
4075,,,业务流程设计：包括业务流程图设计、业务流程监听管控、业务流程表达式管控。 +----------------------------------------------------------------------------------------------------------------------------------------+,配套产品响应,【二级证据评审建议，待项目组签字】流程设计器/公文/邮件属 OA 产品；平台 OA 已备审批流转、我发起的、制度文件库（/hrp/ops）
4076,,,在线表单设计（以数据资料库表的形式生成表单），表单设计：包括业务流程表单的设计、业务流程表单模板的设计。 +----------------------------------------------------------------------------------------------------------------------------------------+,部分响应,本条所述在线表单设计（业务流程表单设计与表单模板设计）功能当前版本未提供，列入后续开发计划。
4077,,,业务流程实例：能够对当前未办结的业务流程进行挂起、关闭、委派其他人执行操作、跳转等行为。 +----------------------------------------------------------------------------------------------------------------------------------------+,配套产品响应,【二级证据评审建议，待项目组签字】流程设计器/公文/邮件属 OA 产品；平台 OA 已备审批流转、我发起的、制度文件库（/hrp/ops）
4078,,,动态生成表单所拥有的字段，业务流程表单检索：根据已有的表单，进行业务流程数据资料检索。 +----------------------------------------------------------------------------------------------------------------------------------------+,部分响应,对应模块查询统计能力已实现，界面细节逐条比对
4079,,,能够对未办结的业务流程进行作废、取回行为，历史业务流程：管控、浏览当前所有业务流程。 +----------------------------------------------------------------------------------------------------------------------------------------+ 平台信息系统管控 +--------,部分响应,已提供：OA 审批列表展示全部历史流程（含已办结记录、审批意见与办结时间），支持浏览当前所有业务流程。尚未提供：申请人对未办结流程的作废与取回操作。上述缺项列入后续开发计划。
4080,,,能够进行行为人员数据资料编辑、更新密码、移除、冻结等行为，行为人员管控：管控平台信息系统中的所有行为人员。 +----------------------------------------------------------------------------------------------------------------------------------------+,部分响应,已提供：系统管理「用户管理」的用户资料编辑、重置密码、停用/启用（冻结）。关于「移除」：平台对用户账号采用停用而非物理删除，以保证该账号历史操作记录留痕可追溯；账号物理移除功能当前未提供，列入后续开发计划。
4081,,,菜单管控：管控平台信息系统中的所有菜单，能够创建、编辑、移除等行为。 +----------------------------------------------------------------------------------------------------------------------------------------+,部分响应,平台当前提供菜单树的读取能力（用于角色授权配置）。本条所述菜单的创建、编辑、移除维护功能尚未提供，列入后续开发计划。
4082,,,部门管控：管控医院下所有部门基本数据资料，以及部门权限的管控。 +----------------------------------------------------------------------------------------------------------------------------------------+,部分响应,已提供：系统管理「部门管理」的部门基本资料维护（名称、编码、类型、排序、启停）。尚未提供：按部门维度的权限配置（当前权限模型为角色-菜单授权）。上述缺项列入后续开发计划。
4083,,,用于权限分配，角色管控：平台信息系统中所有角色管控。 +----------------------------------------------------------------------------------------------------------------------------------------+,部分响应,已提供：系统管理「角色管理」的角色列表与菜单授权树配置，按角色分配菜单权限（内置管理员角色受保护），满足权限分配主诉求。尚未提供：角色本身的新增、编辑、删除维护。上述缺项列入后续开发计划。
4084,,,机构管控：能够对平台信息系统中多机构的数据资料进行管控。 +----------------------------------------------------------------------------------------------------------------------------------------+,部分响应,机构参数化（sys_config）单院已实现，多院区为部署级扩展
4085,,,职务管控：对平台信息系统中所有职务数据资料进行管控。 +----------------------------------------------------------------------------------------------------------------------------------------+,部分响应,平台当前在人事档案中提供职称/职务文本字段。本条所述职务字典的维护管理功能尚未提供，列入后续开发计划。
4086,,,数据资料字典：数据资料字典的管控。 +----------------------------------------------------------------------------------------------------------------------------------------+,部分响应,已提供：主数据管理中的各业务字典维护，包括费用类别字典的新增/修改/删除，药品、收费项目、ICD-10 字典的查询与批量导入，以及药品/收费项目属性维护。尚未提供：平台级通用数据字典框架（字典类型+字典项的统一管控）。上述缺项列入后续开发计划。
4087,,,分类字典：平台信息系统中的分类管控。 +----------------------------------------------------------------------------------------------------------------------------------------+,部分响应,已提供：费用类别分类字典的完整维护（编码、名称、排序、启停、标准对照码），药品与收费项目的分类属性挂接。尚未提供：平台级跨业务的通用分类树管理。上述缺项列入后续开发计划。
4088,,,业务消息中心：包括业务消息管控、业务消息模板管控。 +----------------------------------------------------------------------------------------------------------------------------------------+,部分响应,本条所述业务消息中心（业务消息管理、业务消息模板管理）当前版本未提供，列入后续开发计划。
4089,,,平台信息系统通告：能够对指定人员或全员人员发送通告业务消息。 +----------------------------------------------------------------------------------------------------------------------------------------+,部分响应,本条所述面向指定人员或全员的系统通告发送功能当前版本未提供，列入后续开发计划。
4090,,,附件管控：管控平台信息系统中所有的附件数据资料。 +----------------------------------------------------------------------------------------------------------------------------------------+,部分响应,平台当前提供证照与资产附件的名称登记台账。本条所述平台级附件统一管理（所有附件对象的集中管控）尚未提供，列入后续开发计划。
4091,,,平台信息系统监测。 +----------------------------------------------------------------------------------------------------------------------------------------+,正偏离/无偏离,由运维中心提供：系统健康概览（数据库、磁盘、备份时效）、慢接口监测、告警联动、故障台账、巡检台账与备份记录六大板块，实现对平台运行状态的持续监测。
4092,,,审计记录管控：包括平台信息系统的登录审计记录和行为审计记录。 +----------------------------------------------------------------------------------------------------------------------------------------+,正偏离/无偏离,由系统管理－审计日志模块提供。平台对全部业务写操作及敏感数据读取自动记录行为审计（操作人、时间、接口、脱敏后的请求参数），用户登录成功、登录失败及匿名失败访问同样记入审计日志；管理员可在审计日志页面按用户名、敏感项、时间区间检索并分页查看，登录审计与行为审计统一留痕、统一可查。
4093,,,定时任务：管控平台信息系统中的定时任务。 +----------------------------------------------------------------------------------------------------------------------------------------+ 办公移动端 +---------------------------------,部分响应,平台当前的定时作业（运维健康巡检、药品效期预警等）以内置调度方式运行，并支持多实例部署下的任务互斥。本条所述在管控端对定时任务进行统一查看、启停及执行周期调整的任务管理功能尚未提供，列入后续开发计划。
4094,,,我的邮箱：包括写邮件、收件箱、发件箱、草稿箱、垃圾箱等功能。 +----------------------------------------------------------------------------------------------------------------------------------------+,配套产品响应,【二级证据评审建议，待项目组签字】流程设计器/公文/邮件属 OA 产品；平台 OA 已备审批流转、我发起的、制度文件库（/hrp/ops）
4095,,,通讯录：包括个人通讯录、公共通讯录数据资料。 +----------------------------------------------------------------------------------------------------------------------------------------+,部分响应,平台当前移动端为住院移动护理（体征录入、三级查房、医嘱执行），未提供办公移动端。本条所述办公移动端个人通讯录与公共通讯录功能当前版本未提供，列入后续开发计划。
4096,,,我的业务消息：包括oa平台信息系统中收到的业务消息。 +----------------------------------------------------------------------------------------------------------------------------------------+,部分响应,平台当前移动端为住院移动护理，未提供办公移动端，站内业务消息中心亦未提供。本条所述在办公移动端接收并查看业务消息的功能当前版本未提供，列入后续开发计划。
4097,,,会议室管控：包括会议室申请、会议室使用情况检索、会议签到。 +----------------------------------------------------------------------------------------------------------------------------------------+,部分响应,对应模块查询统计能力已实现，界面细节逐条比对
4098,,,考勤管控：包括打卡、补卡。 +----------------------------------------------------------------------------------------------------------------------------------------+,部分响应,平台人力资源模块提供员工打卡与补卡的基础能力，当前仅在 PC 端人事管理页面操作。本条所述办公移动端打卡、补卡功能尚未提供，列入后续开发计划。
4099,,,我的附件：对已上传的附件数据资料进行浏览。 +----------------------------------------------------------------------------------------------------------------------------------------+ （2） 我的流程 +-----------------------------,部分响应,平台当前未提供附件上传与附件库能力，亦未提供办公移动端。本条所述在移动端浏览已上传附件的功能当前版本未提供，列入后续开发计划。
4100,,,发起业务流程：发起业务流程申请，如：请假、外出、印章使用申请等。 +----------------------------------------------------------------------------------------------------------------------------------------+,配套产品响应,属设备配套软件/商用知识库/CA 等产品参数，平台已留标准接入点
4101,,,我的待办：对要求行为人员审批的业务流程进行审批。 +----------------------------------------------------------------------------------------------------------------------------------------+,部分响应,平台运营管理模块在 PC 端提供 OA 审批流程的待办审批能力。本条所述在办公移动端处理待办审批的功能尚未提供，列入后续开发计划。
4102,,,我发起的业务流程：检索由行为人员发起的业务流程申请数据资料。 +----------------------------------------------------------------------------------------------------------------------------------------+,部分响应,对应模块查询统计能力已实现，界面细节逐条比对
4103,,,且下一业务流程任务环节未执行操作的业务流程进行追回，业务流程追回：行为人员对已执行操作到下一业务流程任务环节。 +----------------------------------------------------------------------------------------------------------------------------------------+,部分响应,【二级证据评审建议，待项目组签字】OA 审批流转已备；抄送/追回为流程引擎深化
4104,,,抄送的业务流程：检索抄送给行为人员的业务流程数据资料。 +----------------------------------------------------------------------------------------------------------------------------------------+ （3） 公文管理 +-----------------------,部分响应,对应模块查询统计能力已实现，界面细节逐条比对
4105,,,收文列表：检索当前已发起的所有收文业务流程数据资料。 +----------------------------------------------------------------------------------------------------------------------------------------+,部分响应,本条所述收文列表及公文（收文、发文）业务流程当前版本未提供，列入后续开发计划。
4106,,,发文列表：检索当前已发起的所有发文业务流程数据资料。 +----------------------------------------------------------------------------------------------------------------------------------------+ （4） 基本信息 +------------------------,部分响应,对应模块查询统计能力已实现，界面细节逐条比对
4107,,,登录密码更新，平台信息系统版本检索，对个人的基本数据资料检索。 +----------------------------------------------------------------------------------------------------------------------------------------+,部分响应,平台当前未提供办公移动端；用户资料维护现由系统管理员在用户管理页面操作。本条所述移动端自助修改登录密码、查询系统版本、查看个人基本资料三项功能当前版本未提供，列入后续开发计划。
4108,★,,+-------------------------------+-----------------------------------------------------------------------------------------------------------------------------------------------------------------------,非参数行,文档转换产生的表格分隔残渣，不计入参数总数
4109,,,智能预问诊：通过拟人化问答形式，逐步采集患者基本信息、主诉、现病史、既往病史、过敏史、用药史等关键信息，生成标准化、规范化的预问诊报告，同步推送至接诊医师的信息系统，为医师诊疗提供初步参考，帮助医师快速了解患者病情，缩短医师接诊时间，提升诊疗效率。 +--------------------------------------------------------------------------,部分响应,平台患者服务门户提供智能导诊基础能力（按症状关键词推荐就诊科室）。本条所述以拟人化问答方式采集患者基本信息、主诉、现病史、既往史、过敏史、用药史，生成标准化预问诊报告并推送至接诊医师工作站的智能预问诊功能当前版本未提供，列入后续开发计划。
4110,,,智能客服：搭建7×24小时智能客服平台，整合常见就医咨询问题库（包括挂号缴费、就诊流程、检查检验、医保政策、医院科室介绍等），能够快速响应患者咨询，精准解答患者常见问题，提升患者咨询响应效率与解决率，减少患者咨询等待时间。 +---------------------------------------------------------------------------------------,部分响应,平台患者服务门户当前提供预约挂号、检验检查报告查询、在线缴费、智能导诊等自助服务。本条所述 7×24 小时智能客服平台及就医咨询问题库（挂号缴费、就诊流程、检查检验、医保政策、科室介绍等）当前版本未提供，列入后续开发计划。
4111,,,智能报告解读：整合医院LIS、PACS等系统的检查检验数据，对患者类检查检验报告进行智能化解读，用通俗易懂的语言解释报告结果、异常指标含义、可能的健康风险，同时提供针对性的健康建议与就医指引，帮助患者快速理解报告内容。 +-----------------------------------------------------------------------------------------,部分响应,已提供：医技模块提供检验结果辅助解读服务接口，可读取患者门诊检验结果并调用平台 AI 子服务给出指标解读，子服务不可用时自动降级不影响业务。尚未提供：①医生端与患者端均无该解读功能的页面入口；②影像（PACS）检查报告解读尚未接入；③当前解读为少量规则化判读，尚未形成面向患者的通俗化解释、健康风险提示与就医指引。上述缺项列入后续开发计划。
4112,,,门诊临床辅助决策：整合患者病史、检查检验结果、医嘱、病历、医学知识库等多维度数据，基于机器学习、知识图谱等AI技术，为门诊医师提供病情诊断建议、治疗方案推荐、用药提醒、并发症预警、预后评估等功能，辅助医师快速识别病情、制定科学合理的诊疗方案。 +-----------------------------------------------------------------------------,部分响应,已提供：门诊临床辅助决策模块提供处方前置审查能力，包括药物相互作用两两核对、疗程上限、年龄限制等规则，禁用组合拦截、慎用组合留痕，规则由医院自行维护，实现用药提醒。尚未提供：病情诊断建议、治疗方案推荐、并发症预警、预后评估，以及基于机器学习、知识图谱的推理能力（诊断与方案推荐通常需依托商用临床知识库）。上述缺项列入后续开发计划。
4113,,,门诊辅助病历生成：基于临床医患病情沟通通过自然语言处理技术，将语音自动转换为标准化、规范化的病历初稿。 +---------------------------------------------------------------------------------------------------------------------------------------------------,部分响应,平台门诊叫号大屏当前提供语音播报（文字转语音）能力。本条所述基于语音识别与自然语言处理、将医患沟通语音自动转写并生成规范化病历初稿的功能当前版本未提供，列入后续开发计划。
4114,,,病历内容质控：聚焦医院管理质控需求，建设病历质控系统，实现对病历质量的智能化、常态化管控。通过AI算法对门诊、住院病历进行自动化审核、质控、精准识别病历中的逻辑错误、内容缺失、格式不规范、术语错误等问题。 +------------------------------------------------------------------------------------------------,部分响应,已提供：住院病案质控体系，包括环节质控（病历时效性监测、病案工作队列）与终末质控（扣分项字典维护、按病历结构化缺项自动预填扣分、人工加扣分、甲乙丙定级），可自动识别缺入院记录、缺出院记录、出院记录未签名、病程记录不足、缺手术记录、缺术前小结、缺手术同意书等缺项。尚未提供：①基于 AI 算法识别病历逻辑错误、术语错误等内涵性问题（当前内涵质控由人工完成）；②门诊病历质控。上述缺项列入后续开发计划。
4115,★,,+-------------------------------+-----------------------------------------------------------------------------------------------------------------------------------------------------------------------,非参数行,文档转换产生的表格分隔残渣，不计入参数总数
4116,,,电子健康卡：主要用于在患者注册环节的实名认证。支持申领国家标准的电子健康卡，无需再办理医院就诊卡。即可实现一卡通用，完成院内线上线下的各个业务流程。支持上传身份证、户口本、出生证明等进行OCR识别，也支持在线的人脸识别注册。所有的用卡数据通过接口上传至对应的省卡管平台。 +---------------------------------------------------------------,外部条件,需医保局/省平台等外部环境开通后联调
4117,,,医生端输入身份证号和密码、验证码登录系统，通过医生APP，首次注册完成后需要绑定HIS的工号密码，用于验证医生的身份有效性。支持医生端自助找回密码。 +----------------------------------------------------------------------------------------------------------------------------,部分响应,平台当前提供院内工作站账号密码登录及患者服务门户登录，未提供医生移动端 APP。本条所述医生端身份证号加密码加验证码登录、首次注册绑定 HIS 工号、自助找回密码功能当前版本未提供，列入后续开发计划。
4118,,,能够更新个人资料（姓名、手机号、民族、职业、婚姻状况、家庭住址等），患者端输入姓名、证件号、证件类型、手机号、验证码等数据资料予以完成注册。首次注册完成后能够直接登录相应当的客户端使用功能。无需每次输入密码。 +----------------------------------------------------------------------------------------------,部分响应,平台患者服务门户当前以院内已建档患者号与建档手机号进行身份核验登录。本条所述患者自助注册（姓名、证件类型、证件号、手机号、验证码）、个人资料在线维护（民族、职业、婚姻状况、住址等）及注册后免密登录功能尚未提供，列入后续开发计划。
4119,,,医生排班查询：可根据日期、科室、诊室查询院内医生的排班情况。包括传统的线下挂号排班以及互联网医院的排班。其中互联网医院排班既可以在HIS端统一安排，也支持医生在APP上根据医生个人情况自助排班。 +-----------------------------------------------------------------------------------------------------,部分响应,已提供：门诊排班管理支持按日期、科室查询医生排班；患者服务门户按日期展示可约号源与余号。尚未提供：①按诊室维度查询；②互联网医院排班；③医生在 APP 端自助排班。上述缺项列入后续开发计划。
4120,,,在线问诊：用户通过患者端选择问诊医生，选择问诊方式（图文问诊、语音问诊、视频问诊），输入病情描述，提交问诊申请，在线支付问诊费用，等待医生接诊。医生接诊后，患者可以与医生进行文字、图片、语音或视频进行沟通交流。医生了解患者病情后，对于复诊患者在线开具检验检查申请、书写病历和开具处方。对于初诊患者医生只能开具处理建议。医生端开具处方后，用户可在线支付检验、检查费用、药品费用、处置项目费用，也可根据实,部分响应,平台当前提供院内门诊医生站开方、患者服务门户预约挂号与在线缴费等基础能力。本条所述互联网医院在线问诊（选择医生与图文/语音/视频问诊方式、提交申请并支付、医患在线沟通、复诊在线开具检验检查申请/病历/处方、初诊仅给处理建议、线上费用支付）当前版本未提供，列入后续开发计划。
4121,,,支持获取统一资源池相关号源信息并发布在患者端上，用户选择科室、医生，就诊日期后进行挂号预约，在线支付挂号费用，预约成功。未支付挂号费用的订单可以在10分钟内进行支付，超出10分钟订单自动失效，并释放号源。 +------------------------------------------------------------------------------------------------,部分响应,已提供：患者服务门户可查看科室号源与余号、按分时段预约或直接挂号，预约人身份取自登录凭据，复用院内挂号防超挂控制；在线缴费支持微信、支付宝出码支付。尚未提供：①未支付订单 10 分钟自动失效并释放号源的超时回收机制；②与区域统一号源资源池的对接（该项需区域平台提供接口）。上述缺项列入后续开发计划。
4122,,,互联网医院系统的在线挂号，跟线下挂号规则基本一致，患者选择科室、医生，根据医生排班的情况，选择在线问诊的方式（图文、语音、视频问诊）。医生接诊后，患者即可与医生在线沟通。 +-----------------------------------------------------------------------------------------------------------------,部分响应,平台患者服务门户当前提供普通门诊号源的在线预约挂号。本条所述互联网医院在线挂号（选择图文/语音/视频问诊方式、医生接诊后在线沟通）当前版本未提供，列入后续开发计划。
4123,,,候诊查询：通过患者端实时查询各个分诊台的叫号信息与队列情况，让病人无需长久在候诊室等待，通过手机即可了解当前叫号情况，同时使候诊室病人得到分流，改善病人就诊体验，并支持在就诊时间前提醒患者。 +-------------------------------------------------------------------------------------------------------,部分响应,平台门诊提供院内叫号引擎与候诊大屏（队列展示、叫号、重呼，并扩展至药房、检查、检验排队）。本条所述患者在手机端实时查询各分诊台叫号与队列情况、就诊前提醒的功能尚未提供，列入后续开发计划。
4124,,,就诊人管理需支持用户新增、修改、删除就诊人，通过绑定家庭成员可以为所有的家人进行在线医疗服务。 +-------------------------------------------------------------------------------------------------------------------------------------------------------,部分响应,平台患者服务门户当前一个账号对应一名患者本人。本条所述就诊人新增、修改、删除及绑定家庭成员代为就医的功能当前版本未提供，列入后续开发计划。
4125,,,能够查询就诊人员信息。 +-------------------------------------------------------------------------------------------------------------------------------------------------------------------------------------------,部分响应,对应模块查询统计能力已实现，界面细节逐条比对
4126,,,为用户提供健康教育、线下活动、相关政策等健康指导信息：如根据季节、天气变化等提供疾病预防相关提醒信息；针对孕妇、老人、儿童等特殊人群提供医疗卫生保健知识；针对高血压、糖尿病等慢性病患者提供健康行为、饮食运动等指导信息。 +-----------------------------------------------------------------------------------------,部分响应,本条所述健康教育、线下活动、政策资讯发布，以及面向季节天气、孕产妇/老人/儿童等特殊人群、高血压/糖尿病等慢病患者的健康指导信息功能当前版本未提供，列入后续开发计划。
4127,,,门诊签到：支持分诊扫码签到，可实时查询各个分诊台的排队信息，让病人无需长久在候诊室等待，通过手机即可了解当前排队情况。 +-------------------------------------------------------------------------------------------------------------------------------------------,部分响应,已提供：门诊预约签到，签到台可对已预约患者办理签到并自动生成挂号记录（不重复占号）。尚未提供：①患者扫码自助签到；②患者在手机端实时查询各分诊台排队信息。上述缺项列入后续开发计划。
4128,,,在线缴费：患者端可直接通过微信完成费用结算，不需要患者到收费处排队结算。不论是HIS医生站开具的处方，还是互联网医院系统开具的处方，支付结果能通过接口直接回传到HIS系统当中。目前支持门诊缴费、住院预交金和医生站预约挂号。若发生异常订单，支持24小时原路退费。 +--------------------------------------------------------------------,部分响应,已提供：患者服务门户门诊在线缴费闭环，包括按就诊查看待缴费账单、生成支付码（校验为本人挂号）、支付确认后实时回写院内收费结算；支付渠道预置微信、支付宝。尚未提供：①微信支付正式渠道对接（含签名与异步回调，当前为演示用模拟支付通道）；②住院预交金在线充值；③异常订单 24 小时原路退费。上述缺项列入后续开发计划。
4129,,,当日挂号默认不可以线上退款。预约挂号，就诊当日早8点以前可以在线退款。门诊缴费、住院预交金等，支持在HIS操作原路退款。在线挂号，可以支持只要未就诊，都允许随时在线退费。异常订单：扣费后HIS实际未计费，经医院确认后，一般操作原路退费。 +--------------------------------------------------------------------------------,部分响应,已提供：院内退费及大额退费审批链（审批阈值可配置，审批通过后一次性核销）；患者服务门户可自助取消预约并释放号源。尚未提供：①当日挂号不可退、预约挂号就诊当日 8 点前可退等退款时间窗规则；②患者端未就诊在线退费；③原路退款至支付渠道；④异常订单（扣费未计费）确认后原路退费的处置流程。上述缺项列入后续开发计划。
4130,,,根据医院需求可设置预约退号黑名单。如半年内超过3次取消预约，则拉入黑名单。若要恢复，需至医院现场办理。支持根据病人的预约挂号信息，面向患者提供诊前、诊中、诊后的各类提醒功能。 +---------------------------------------------------------------------------------------------------------------,部分响应,本条所述预约爽约黑名单（半年内取消超 3 次自动拉黑、到院现场解除）及诊前、诊中、诊后患者提醒功能当前版本未提供，列入后续开发计划。
4131,,,系统支持三种问诊方式，包括：图文、语音和视频问诊。 +-----------------------------------------------------------------------------------------------------------------------------------------------------------------------------,部分响应,本条所述图文、语音、视频三种在线问诊方式当前版本未提供（实时音视频通常需接入第三方云通信服务），列入后续开发计划。
4132,,,系统支持未接诊订单退单，按支付路径进行退费。 +--------------------------------------------------------------------------------------------------------------------------------------------------------------------------------,部分响应,平台当前未提供在线问诊订单。本条所述未接诊订单退单并按原支付路径退费的功能当前版本未提供，列入后续开发计划。
4133,,,系统支持医生主动结束问诊，若不主动结束，本次问诊在患者支付费用后24小时后自动结束。 +------------------------------------------------------------------------------------------------------------------------------------------------------------,部分响应,本条所述医生主动结束问诊及患者支付后 24 小时自动结束的问诊会话管理功能当前版本未提供，列入后续开发计划。
4134,,,问诊当前医生的问诊订单未结束时，不能发起该医师的新的问诊申请。 +-----------------------------------------------------------------------------------------------------------------------------------------------------------------------,外部条件,互联网医院在线诊疗须监管平台备案资质
4135,,,结束问诊后，患者可以对本次问诊进行评价。 +----------------------------------------------------------------------------------------------------------------------------------------------------------------------------------,部分响应,平台患者关怀模块提供由院内人员录入的满意度记录。本条所述患者在问诊结束后于患者端自助评价的功能当前版本未提供，列入后续开发计划。
4136,,,药品配送：通过互联网医院系统开具的处方，经药师在线审核通过后，用户可选择到院自取或在线配送。如果选择在线配送，则输入用户收货地址，在线支付药品费用。 +----------------------------------------------------------------------------------------------------------------------------,部分响应,平台药事模块提供院内门诊处方的药师审方。本条所述互联网医院处方到院自取/在线配送选择、收货地址填写及药品费用在线支付功能当前版本未提供，列入后续开发计划。
4137,,,可在线查看物流进度，用户在收到药品后，检查药品外包装完整性并确认收药。 +-------------------------------------------------------------------------------------------------------------------------------------------------------------------,部分响应,本条所述物流进度在线查看与患者确认收药功能当前版本未提供，列入后续开发计划。
4138,,,体检预约：系统提供体检须知、体检流程、体检套餐介绍等，用户可在线预约体检。根据患者性别，选择体检日期、体检套餐，在线支付后，系统生成相应体检注意事项，通过平台发送给用户；用户在预约的体检日期，持有效证件和订单条码到指定预约地点进行体检。 +--------------------------------------------------------------------------------,部分响应,平台体检模块提供院内体检套餐维护与体检登记。本条所述患者端体检须知、体检流程、套餐介绍展示，按性别在线预约、在线支付、注意事项推送及订单条码功能当前版本未提供，列入后续开发计划。
4139,,,.支持查看体检预约记录，可查询所有状态的体检预约。 +-----------------------------------------------------------------------------------------------------------------------------------------------------------------------------,部分响应,平台患者端当前未提供体检预约功能。本条所述查看各状态体检预约记录的功能当前版本未提供，列入后续开发计划。
4140,,,体检签到前可以在线退费，若已经进行了现场签到，则需到医院现场办理退费。 +-------------------------------------------------------------------------------------------------------------------------------------------------------------------,部分响应,平台体检登记当前仅有已登记、已完成两种状态。本条所述体检签到状态及签到前在线退费功能当前版本未提供，列入后续开发计划。
4141,,,体检报告：支持将病人体检信息推送给患者，可以查询患者及家庭成员的所有体检报告信息，以医院出具的报告做为模板，简化显示。同时支持在线预览PDF格式的体检报告，支持患者在线下载体检PDF报告。 +--------------------------------------------------------------------------------------------------------,部分响应,平台体检模块保存体检小结与异常摘要文本。本条所述体检报告推送患者、家庭成员报告查询、按医院报告模板简化展示及 PDF 在线预览与下载功能当前版本未提供，列入后续开发计划。
4142,,,检验/检查预约：支持医生通过医院HIS系统或者互联网医院系统，给患者开具相应的检验/检查项目；也支持用户自助开单，在线预约检查检验项目。支持用户选择在线支付缴费，支付成功可以预约检验/检查时间；患者在预约的时间段内，持有效证件和订单条码到医院职能科室进行签到并进行检验检查；签到前可选择退费，需到医院现场办理退费。 +-----------------------------------------,部分响应,已提供：院内医技预约，支持对已收费未预约的检查检验申请单进行预约、改约、取消，以及到检登记。尚未提供：患者端预约入口、患者自助开单、预约与在线支付联动、订单条码签到、签到前在线退费。上述缺项列入后续开发计划。
4143,,,查询检验/检查报告：将病人检验/检查报告信息推送给用户，用户可以查询本用户下的检验/检查报告信息，以医院出具的报告做为模板，简化显示。 +-----------------------------------------------------------------------------------------------------------------------------------,正偏离/无偏离,由患者服务门户「检验报告」「检查报告」页签提供。患者登录后可查询本人已审核的检验报告（含项目、结果、参考值与异常标志）及已审核的检查报告与病理报告（含检查所见与诊断意见），报告以结构化字段简化展示。
4144,,,支持对接云胶片系统，浏览当前患者的胶片影像。 +--------------------------------------------------------------------------------------------------------------------------------------------------------------------------------,配套产品响应,平台医技模块提供影像浏览接入点（返回影像浏览地址供业务页面调用）及检查报告短链分享。云胶片系统由影像云服务商作为配套产品提供，平台通过其提供的影像浏览接口或链接接入患者影像浏览，具体对接方式以影像云服务商接口规范为准。
4145,,,住院预约：医生通过HIS系统或者互联网医院系统，开具入院申请单。患者选择在线预约入院时间和床位类型。线下完成入院办理后，可以在线支付住院预交金。若需取消，请患者到医院现场办理取消及退费。 +---------------------------------------------------------------------------------------------------------,部分响应,平台患者服务门户提供住院信息查询（我的住院、每日费用清单、押金余额）。本条所述入院申请单、患者在线预约入院时间与床位类型、在线支付住院预交金功能当前版本未提供，列入后续开发计划。
4146,,,满意度调查：结合智慧医院建设指标，支持患者在线反馈就诊满意度，包括门诊满意度、住院满意度，调查内容包含：医德医风、导诊人员服务态度、挂号/收费人员服务态度、门诊医生服务态度、急诊医生服务态度、检验科人员服务态度、放射/超声/病理科人员服务态度、护士服务态度、住院环境、膳食、信息公开等。医院可自行维护问卷调查内容，统计并导出问卷调查结果。同时系统支持在业务环节中向患者推送满意度调查问卷。支持其他第三,部分响应,已提供：患者关怀模块的满意度调查记录（1–5 分评分与文字评价，按来源分类）、满意度统计（份数、均分、近期记录）及统计页面。尚未提供：患者端在线填写入口、医院自行维护问卷题目内容、门诊/住院分项指标（医德医风、各岗位服务态度、住院环境、膳食、信息公开等）、调查结果导出、业务环节自动推送问卷。上述缺项列入后续开发计划。
4147,,,服务评价：患者就诊后对专家评价，支持评分和主观文字评价，支持患者在线留言反馈和投诉；支持评分的统计，作为绩效依据。 +---------------------------------------------------------------------------------------------------------------------------------------------,部分响应,已提供：患者关怀模块的满意度评分与文字评价记录及统计。尚未提供：按医生（专家）维度的评价、患者端在线留言与投诉入口、评分结果与绩效考核的挂钩。上述缺项列入后续开发计划。
4148,,,住院预约：医生通过HIS系统或者互联网医院系统，开具入院申请单。患者选择在线预约入院时间和床位类型。线下完成入院办理后，可以在线支付住院预交金。若需取消，请患者到医院现场办理取消及退费。 +---------------------------------------------------------------------------------------------------------,部分响应,平台患者服务门户提供住院信息查询（我的住院、每日费用清单、押金余额）。本条所述入院申请单、患者在线预约入院时间与床位类型、在线支付住院预交金功能当前版本未提供，列入后续开发计划。
4149,,,费用查询：可查询个人门诊缴费信息、包含药品费用、治疗费、化验费等，并可查询费用明细。支持查询住院每日清单，查看当日住院费用及详情、总费用、入院天数等信息。 +-------------------------------------------------------------------------------------------------------------------------,部分响应,已提供：患者服务门户可查看门诊待缴费账单（按就诊分组、含项目名称）与历史结算单（单号、总额、支付方式、状态）；住院侧可查看每日费用清单（按日已执行医嘱明细与合计）及押金、已发生费用与余额。尚未提供：历史缴费单按药品费、治疗费、化验费等分类的费用明细钻取；住院天数展示。上述缺项列入后续开发计划。
4150,,,即时查询：可查询医院实时的床位信息，查看各个科室剩余床位数；可实时查询医院药品的单价；可实时查询医院诊疗项目的价格。 +--------------------------------------------------------------------------------------------------------------------------------------------,部分响应,平台院内提供床位管理与药品、诊疗项目价表维护。本条所述患者端实时查询各科室剩余床位、药品单价、诊疗项目价格的功能当前版本未提供，列入后续开发计划。
4151,,,个人中心：可查看个人账号，维护个人基础信息；支持管理个人及家庭成员就诊卡；查询订单（问诊订单、挂号订单、缴费订单）及支付记录，维护收货地址等。也可结合智慧医院，设置各类推送权限。可查询用户关注或问诊过的医生。 +----------------------------------------------------------------------------------------------,部分响应,平台患者服务门户当前登录后展示患者姓名与患者号，并可查询本人挂号、预约与结算记录。本条所述个人中心（个人基础信息维护、个人及家庭成员就诊卡管理、问诊/挂号/缴费订单与支付记录聚合、收货地址维护、推送权限设置、关注或问诊过的医生查询）当前版本未提供，列入后续开发计划。
4152,,,医院介绍：支持用户通过手机对医院相关情况进行查询，包含医院介绍、就医流程介绍等内容。 +------------------------------------------------------------------------------------------------------------------------------------------------------------,部分响应,本条所述医院介绍与就医流程介绍内容发布及手机端查询功能当前版本未提供，列入后续开发计划。
4153,,,科室介绍：支持用户通过手机对科室相关情况进行查询。 +-----------------------------------------------------------------------------------------------------------------------------------------------------------------------------,部分响应,平台科室字典当前仅维护编码、名称等基础信息。本条所述科室介绍内容维护及手机端查询功能当前版本未提供，列入后续开发计划。
4154,,,医生介绍：支持用户通过手机对医生信息进行查询。支持查阅医生擅长、排班等信息 +-----------------------------------------------------------------------------------------------------------------------------------------------------------------,部分响应,平台患者服务门户当前按科室展示号源，未展示出诊医生。本条所述医生介绍、擅长及排班信息的手机端查询功能当前版本未提供，列入后续开发计划。
4155,,,用户登录：医务人员（医生、药师）输入账号和密码登录系统（使用注册APP时填写的身份证和密码登录）。APP会自动根据用户类型展示对应的功能模块。 +-------------------------------------------------------------------------------------------------------------------------------,部分响应,平台当前移动端为住院移动护理（体征录入、三级查房记录），未提供医务人员 APP。本条所述医生、药师以身份证与密码登录 APP 并按用户类型展示对应功能模块的能力当前版本未提供，列入后续开发计划。
4156,,,在线问诊：患者提交问诊申请，医生接诊后，与患者进行在线的文字、图片、语音或视频沟通交流。医生了解患者病情后，对于常见病、慢性病的复诊患者，在线书写病历和开具处方，开具检验检查申请、处置项目。对于初诊患者医生只能提供咨询建议。医生、药师都能在线看到患者历次的就诊记录（线上线下）、检查检验报告记录等。系统支持引用病历模板和处方模板（个人、科室、全院），当前病历和处方可保存为模板供以后使用。 +----,部分响应,平台当前提供院内门诊医生站开方与药师审方。本条所述互联网医院在线问诊全流程（文字/图片/语音/视频沟通、复诊在线书写病历与开具处方、检验检查及处置、初诊仅提供咨询建议、医生药师调阅线上线下历次就诊记录与报告、病历与处方模板引用及保存为模板）当前版本未提供，列入后续开发计划。
4157,,,医生可以管理在线问诊的患者，可以在线接诊、在线开放等。患者列表分为待回复、已回复、已结束三个选项卡。在线问诊24小时内有效，问诊有效期内医生患者可以相互发消息，医生可以给患者编写病历，查看线下的门诊、住院病历，开具处方、检查、检验、处置项目，查看历次的检查检验报告，历次的线上线下就诊记录，开具入院证等。医生可以根据实际情况，主动结束问诊，也可以将当前患者加入黑名单。发生患者挂错号的情况时，医生可以,部分响应,本条所述医生端在线问诊患者管理（待回复/已回复/已结束列表、24 小时有效期内互发消息、在线书写病历、开具处方/检查/检验/处置/入院证、调阅线下门诊住院病历与报告、主动结束问诊、拉黑患者、挂错号处理）当前版本未提供，列入后续开发计划。
4158,,,消息模板：医生可以根据个人习惯，自主管理常用内容的消息模板。在问诊界面时可以快速通过模板消息，将一些常用语发送给患者，提高医生操作效率。 +----------------------------------------------------------------------------------------------------------------------------------,部分响应,本条所述医生消息模板（常用语）自主维护与问诊界面快捷发送功能当前版本未提供，列入后续开发计划。
4159,,,医生开具处方时，可以根据医院的实际情况，对接三方的合理用药、前置审方系统（需对接三方合理用药系统），进一步提升操作效率及安全性，减少人为操作失误的情况。 +--------------------------------------------------------------------------------------------------------------------------,配套产品响应,平台门诊医生站内置自研用药审查基础能力（过敏禁忌、同诊重复用药、抗菌药物分级处方权拦截）。本条所述第三方合理用药与前置审方系统属商用配套产品，由合理用药系统厂商提供知识库与审方服务；与医生站开方环节的对接按所选厂商接口规范实施。
4160,,,电子签章：互联网医院系统全业务流程对接了CA，主要起到数据留痕防篡改的作用。医生端需要先在手机上设置CA签名，申请CA证书，完成CA的认证。支持设置24小时内不再输入密码，方便医生操作。 +---------------------------------------------------------------------------------------------------------,配套产品响应,属设备配套软件/商用知识库/CA 等产品参数，平台已留标准接入点
4161,,,处方管理：医生管理所有在线开过的处方，可以显示处方的不同状态（新建、已审核、已驳回、已作废），可以查看处方详情，可以作废处方。也能查看线上排了互联网医院班次的药师，快速了解当前负责审核线上处方的人员安排。 +------------------------------------------------------------------------------------------------,部分响应,平台药事模块提供院内门诊处方的审核通过/驳回状态管理。本条所述互联网医院线上处方管理（新建/已审核/已驳回/已作废四态、处方详情、作废处方、查看当班互联网药师）当前版本未提供，列入后续开发计划。
4162,,,处方审核：互联网药师（中药师、西药师）对医生在线开具的处方进行审核，主要是审核通过和审核不通过，审核不通过时需要填写驳回理由。 +---------------------------------------------------------------------------------------------------------------------------------------,部分响应,已提供：药师审方工作站，包括待审处方队列、审核通过、审核不通过（必须填写驳回理由）及多药师并发抢占审核。尚未提供：互联网医院线上处方审核对象、中药师/西药师分工派单、与互联网药师排班的关联。上述缺项列入后续开发计划。
4163,,,在线排班：医生、药师均可以在APP上自助排互联网医院班次，根据自己的实际情况随时随地开展互联网医院问诊服务。医生排班时，自行设置开诊时间、结束时间，坐诊时长，当次预约人数上限、坐诊科室，号别，问诊类型（图文、语音、视频）。也可维护个人擅长，方便患者了解医生情况。首次使用需要自己排一次班，后续都可以通过复制排班，快速排线上班次。 +----------------------------------,部分响应,平台门诊排班由管理员在排班管理页面统一维护（建排班、启停、分时段维护）。本条所述医生、药师在 APP 端自助排互联网医院班次（自设开诊/结束时间、坐诊时长、预约上限、科室、号别、问诊类型）、维护个人擅长、复制排班功能当前版本未提供，列入后续开发计划。
4164,,,工作量统计：医生药师可以在手机上查看自己的工作量，医生端目前主要统计咨询人数和开方次数，药师端主要统计审核处方次数。 +--------------------------------------------------------------------------------------------------------------------------------------------,部分响应,已提供：经营管理报表中的医生工作量统计（接诊量、处方金额，取自科室月度经营报表）。尚未提供：手机端自助查看、互联网咨询人数统计、药师审核处方次数统计。上述缺项列入后续开发计划。
4165,,,黑名单管理：医生针对在线问诊的患者，可以根据实际情况对患者进行拉黑操作，也可以解除黑名单。 +---------------------------------------------------------------------------------------------------------------------------------------------------------,部分响应,本条所述医生对在线问诊患者拉黑与解除黑名单功能当前版本未提供，列入后续开发计划。
4166,,,问诊配置：查看医生和药师的互联网医院问诊权限配置等基础信息。 +------------------------------------------------------------------------------------------------------------------------------------------------------------------------,部分响应,本条所述互联网医院医生、药师问诊权限配置查看功能当前版本未提供，列入后续开发计划。
4167,,,消息通知：患者问诊后，互联网医院系统会给医生进行短信推送，APP消息提醒。医生端回复首次患者后，系统会向患者端推送一次提醒。医生开具处方后，系统会向对应的药师（中药师、西药师）推送短信提醒、APP推送。药师审核处方后（通过、驳回），系统会再通知医生，同时如果处方审核通过，系统会通知患者处方已开具。 +-------------------------------------------------,部分响应,平台当前未提供短信网关与 APP 推送通道。本条所述问诊、开方、审方各环节向医生、药师、患者的短信及 APP 消息通知当前版本未提供，列入后续开发计划。
4168,,,处方流转：通过互联网医院系统开具的处方，可以直接流转到与当前医院合作的第三方外部药房，方便患者结合自身情况，到院自取药品，由医院配送药品或者由合作的第三方药房进行物流配送药品，更大程度提升患者就医便捷性。 +------------------------------------------------------------------------------------------------,部分响应,平台药房发药模块处理院内处方发药。本条所述互联网医院处方向第三方合作药房流转及到院自取/医院配送/药房配送方式选择功能当前版本未提供，列入后续开发计划。
4169,,,我的医院：医生可以在这里查看绑定的医院，如果绑定了多个医院，也可以切换医院。 +----------------------------------------------------------------------------------------------------------------------------------------------------------------,配套产品响应,【二级证据评审建议，待项目组签字】互联网医院医生 APP 产品参数；平台移动工作台 /m 已提供院内 H5
4170,,,工号修改：医生HIS工号发生变化时，可以修改绑定的工号。 +--------------------------------------------------------------------------------------------------------------------------------------------------------------------------,配套产品响应,【二级证据评审建议，待项目组签字】互联网医院医生 APP 产品参数；平台移动工作台 /m 已提供院内 H5
4171,,,网络切换：根据医院情况，支持内外网切换。部分功能在内网下不可使用。 +---------------------------------------------------------------------------------------------------------------------------------------------------------------------,配套产品响应,【二级证据评审建议，待项目组签字】互联网医院医生 APP 产品参数；平台移动工作台 /m 已提供院内 H5
4172,,,指纹登录：首次账密登录后，医生可以在这里设置指纹，后续直接可以指纹登录，方便快捷（需要手机本身支持设置指纹）。 +-----------------------------------------------------------------------------------------------------------------------------------------------,部分响应,平台当前未提供医务人员 APP。本条所述指纹登录功能当前版本未提供，列入后续开发计划。
4173,,,清除未读消息：清除无效的未读消息提醒，避免造成医生误会。 +--------------------------------------------------------------------------------------------------------------------------------------------------------------------------,部分响应,平台当前未提供站内消息体系。本条所述清除未读消息提醒功能当前版本未提供，列入后续开发计划。
4174,,,基础数据维护：维护医院互联网系统基础参数，如物流参数、CA参数、平台参数等。 +----------------------------------------------------------------------------------------------------------------------------------------------------------------,部分响应,平台系统管理提供通用系统参数配置（键值方式维护平台级参数）。本条所述互联网医院物流参数、CA 参数等专项基础参数维护页面当前版本未提供，列入后续开发计划。
4175,,,操作留痕追溯：对互联网医院系统的日常操作，均记录了操作日志，方便追溯。同时对于医患之间产生的聊天记录，也可以随时查看，便于运营管理人员核对。 +--------------------------------------------------------------------------------------------------------------------------------,部分响应,平台提供统一安全审计与操作日志，覆盖院内各业务系统操作及登录留痕，可按用户、时间区间检索。本条所述互联网医院系统操作日志及医患聊天记录查看功能，因互联网医院模块当前版本未提供而尚未覆盖，列入后续开发计划。
4176,,,注册用户管理：对互联网医院系统注册的患者信息进行管理，如姓名、手机号、证件号、证件类型等，也可以对患者进行注销操作。 +--------------------------------------------------------------------------------------------------------------------------------------------,部分响应,已提供：患者主索引档案管理，可维护患者姓名、证件类型（身份证/护照/其他）、证件号、手机号及启用状态。尚未提供：互联网医院注册用户实体（患者端当前以院内建档信息核验登录，无自助注册流程）、患者注销操作。上述缺项列入后续开发计划。
4177,,,权限审核：维护互联网医院的医生、药师的处方、病历、中药、西药等操作权限。 +------------------------------------------------------------------------------------------------------------------------------------------------------------------,部分响应,已提供：院内医生处方权管控（处方权列表、抗菌药物分级授权调整及开方拦截）与医务资质台账（处方权、手术授权到期预警）。尚未提供：互联网医院医生、药师的线上处方、病历、中药、西药四类操作权限审核及中西药分权维度。上述缺项列入后续开发计划。
4178,,,财务管理：对系统产生的交易进行财务管理工作，可以在线对账，导出财务数据，处理异常订单等。 +----------------------------------------------------------------------------------------------------------------------------------------------------------,部分响应,已提供：院内支付流水查询、班结缴款单、按费别/费用类别的费用汇总报表及导出。尚未提供：互联网医院交易维度的财务管理、异常订单的查询与处理页面（当前仅记录支付差错）、与支付渠道的在线对账。上述缺项列入后续开发计划。
4179,,,订单管理（问诊、挂号、缴费、体检）：对互联网医院系统产生的订单进行管理，核对订单信息、患者信息，对线上订单进行对账管理，出现异常订单时可以在线退费。 +----------------------------------------------------------------------------------------------------------------------------,部分响应,已提供：缴费订单管理（出码、作废、支付流水）与院内退费及大额退费审批链。尚未提供：问诊订单与体检订单、线上订单与支付渠道对账、异常订单在线原路退费。上述缺项列入后续开发计划。
4180,,,运营数据统计分析：以报表的形式统计分析业务数据，跟踪医生药师的工作量，纳入考核指标。 +------------------------------------------------------------------------------------------------------------------------------------------------------------,部分响应,已提供：科室月度经营报表（科室/医生/合计）、医生工作量统计、费用报表导出。尚未提供：互联网医院业务数据统计、药师工作量统计、与考核指标的挂钩。上述缺项列入后续开发计划。
4181,,,医生信息展示：在屏幕上展示医生信息，引导线下患者快速关注医生，进行线上问诊。 +----------------------------------------------------------------------------------------------------------------------------------------------------------------,部分响应,本条所述院内屏幕医生信息展示与引导线下患者关注医生、发起线上问诊的功能当前版本未提供，列入后续开发计划。
4182,,,目前主要通过对接CA来实现互联网医院医生、药师的线上认证。医院在HIS系统维护医生、药师的基础信息（身份证号、姓名、手机号、职称、职业资格证书编号），医生药师通过医生APP完成CA证书、签名的设置，用于后续的业务环节CA签名。 +-------------------------------------------------------------------------------------,配套产品响应,医生、药师基础信息由平台用户管理与医务资质台账维护。CA 数字证书签发、证书与签名设置及业务环节的电子签名验签由 CA 服务厂商作为配套产品提供，平台按所选 CA 厂商接口规范完成签名调用对接。医生 APP 端的证书设置入口当前版本未提供，随医务人员移动端建设一并列入后续开发计划。
4183,★,,+-------------------------------+-----------------------------------------------------------------------------------------------------------------------------------------------------------------------,非参数行,文档转换产生的表格分隔残渣，不计入参数总数
4184,,,系统需支持便捷寻医功能，向患者提供一个多维度的寻医方式，患者可通过收藏的医生，选择自己希望前往的医院。为方便患者找到医院。在患者服务门户端，用户可以通过点击查询到医院地图，选择交通指引功能，系统支持跳转第三方地图服务，如高德地图、百度地图，实现患者所在位置到医院的定位导航。 +-------------------------------------------------------------,部分响应,本条所述便捷寻医（收藏医生、选择医院）、医院地图与交通指引及跳转高德/百度地图导航功能当前版本未提供，列入后续开发计划。
4185,,,切换医院：支持快速切换接入医院APP的医院，患者只需要注册一次，即可使用所有接入医院提供的线上服务。 +----------------------------------------------------------------------------------------------------------------------------------------------------,部分响应,平台当前为单机构模型。本条所述多医院接入与一次注册切换医院功能当前版本未提供，列入后续开发计划。
4186,,,预约挂号：支持按照院区、日期、科室（科室、诊室）、出诊医生进行挂号，也可通过历史预约功能快速找到预约过的医生。选择医生后，可以切换家庭成员，选择班次，选择就诊时间段。同时支持在挂号时填写婚姻状况、职业、民族家庭住址等基本信息。填写完基础信息后，选择支付方式，完成支付。所有的业务数据实时同步到HIS，患者凭有效证件或者成功支付的订单信息即可前往医院完成就诊流程；结合智慧医院的建设标准，支持分时段挂号,部分响应,已提供：患者服务门户按日期、科室查询号源，支持分时段预约（两级占号控制）与直接挂号、我的预约查询及自助取消，预约与挂号数据实时写入院内系统。尚未提供：按院区筛选、按出诊医生选择、历史预约快速复约、切换家庭成员、挂号时补填婚姻/职业/民族/住址信息、挂号费在线支付。上述缺项列入后续开发计划。
4187,,,需支持通过移动端向用户展示门诊就医流程指引，包括挂号、候诊、缴费、检查检验、取药流程。支持以卡片形式展示用户本人和家人的门诊待办事项，以便查看详情及快速完成服务。 +---------------------------------------------------------------------------------------------------------------------,部分响应,本条所述移动端门诊就医流程指引（挂号、候诊、缴费、检查检验、取药）及本人与家人门诊待办卡片功能当前版本未提供，列入后续开发计划。
4188,,,订单管理：所有在线支付的挂号、门诊缴费、住院预交金、体检套餐、互联网处方等，都会生成对应的订单。患者可以在该功能中查看订单的状态，挂号订单展示订单号、计费状态、医生信息、就诊日期、号源信息、就诊位置、票据号、订单条码等信息，缴费订单展示订单号、计费状态、缴费日期、费用信息、取药信息、订单条码等。 +--------------------------------------------------,部分响应,已提供：患者服务门户「我的挂号」（挂号号、就诊日期、科室、费用、状态）、「我的预约」与「我的结算单」（单号、金额、支付方式、状态）查询。尚未提供：统一订单中心（住院预交金、体检套餐、互联网处方订单）、票据号、订单条码、就诊位置、号源信息、取药信息展示。上述缺项列入后续开发计划。
4189,,,在线咨询：患者可根据科室、医生，选择医院排了网络班次的医生进行在线问诊，目前支持图片、文字、语音、视频等方式进行在线咨询。医院取得互联网医院牌照后，患者还可以在线缴纳医生开具的互联网医院处方费用，并根据实际情况选择药品到院自取还是物流配送到家。 +----------------------------------------------------------------------------,部分响应,平台患者服务门户当前提供预约挂号、在线缴费等服务。本条所述在线咨询（选择网络班次医生、图片/文字/语音/视频咨询、互联网处方在线缴费、药品到院自取或物流配送）当前版本未提供，列入后续开发计划。
4190,,,当日挂号默认不可以线上退款。预约挂号，就诊当日早8点以前可以在线退款。 门诊缴费、住院预交金等，支持在HIS操作原路退款。在线挂号，可以支持只要未就诊，都允许随时在线退费。异常订单：扣费后HIS实际未计费，经医院确认后，一般操作原路退费。 +-------------------------------------------------------------------------------,部分响应,平台院内提供收费退费（账面冲正）与大额退费审批。本条所述患者端在线退款时间窗规则（当日挂号不可退、预约挂号就诊当日 8 点前可退、未就诊随时可退）、门诊缴费与住院预交金原路退款、异常订单确认后原路退费当前版本未提供，列入后续开发计划。
4191,,,在线缴费：支持用户查看自己在当前医院的门诊处方、住院预交金、医生站预约挂号三种类型的待支付项目。选中支付项目后可以直接在线支付，无需到医院现场窗口排队缴费，从而节约了宝贵的时间。支付成功后计费结果实时同步至HIS，患者可以凭缴费订单或者有效证件直接到医院对应的位置完成诊疗，如取药、检查、检验等。支持微信、支付宝等多种支付方式。 +----------------------------------,部分响应,已提供：患者服务门户门诊处方待缴费查询与在线支付（微信、支付宝出码），支付确认后实时结算回写院内收费。尚未提供：住院预交金与医生站预约挂号两类待支付项目；微信、支付宝正式支付渠道对接（当前为演示用模拟支付通道，正式环境需完成渠道对接后方可启用）。上述缺项列入后续开发计划。
4192,,,检查报告：支持在线查看院内所有已经审核的检查报告及对应的报告详情。 +---------------------------------------------------------------------------------------------------------------------------------------------------------------------,正偏离/无偏离,由患者服务门户「检查报告」页签提供。患者可在线查看本人已审核的检查报告（含检查所见与诊断印象）及已诊断的病理报告详情，未审核报告不予展示。
4193,,,检验报告：支持在线查看院内所有已经审核的检验报告及对应的报告详情，可以展示检验项目结果，参考值，偏高还是偏低等指标。 +--------------------------------------------------------------------------------------------------------------------------------------------,正偏离/无偏离,由患者服务门户「检验报告」页签提供。患者可在线查看本人已出结果的检验报告，展示检验项目、结果、单位、参考值及偏高/偏低标识（以颜色区分）；危急值结果按安全策略以回院复诊提示替代直接展示。
4194,,,支持对接云胶片系统，在APP上浏览当前患者的胶片影像。 +---------------------------------------------------------------------------------------------------------------------------------------------------------------------------,配套产品响应,平台医技模块提供影像浏览接入点（返回影像浏览地址供业务页面调用）及检查报告短链分享。云胶片系统由影像云服务商作为配套产品提供，平台通过其提供的影像浏览接口或链接接入；患者 APP 端浏览入口当前版本未提供，随患者移动端建设一并列入后续开发计划。
4195,,,体检报告：支持在线查看院内所有已经审核或者总检的体检报告及对应的报告详情，可以分科展示对应的检查检验结果及对应的指标参考值。 +----------------------------------------------------------------------------------------------------------------------------------------,部分响应,平台体检模块保存体检小结与异常摘要。本条所述患者在线查看已审核或总检体检报告及分科检查检验结果与参考值功能当前版本未提供，列入后续开发计划。
4196,,,支持患者在线查看体检报告PDF，支持下载PDF文件。 +----------------------------------------------------------------------------------------------------------------------------------------------------------------------------,部分响应,本条所述患者在线查看与下载体检报告 PDF 功能当前版本未提供，列入后续开发计划。
4197,,,电子健康卡：支持申领国家标准的电子健康卡，无需再办理医院就诊卡。即可实现一卡通用，完成院内线上线下的各个业务流程。 +---------------------------------------------------------------------------------------------------------------------------------------------,外部条件,需医保局/省平台等外部环境开通后联调
4198,,,智能导诊：APP用户可通过智能导诊功能，选择性别（男、女、小孩）、身体部位或者症状，系统会自动为患者推荐对应的科室，方便患者在不确定的情况下，快速定位与患者相匹配的科室。 +-----------------------------------------------------------------------------------------------------------------,部分响应,已提供：患者服务门户「智能导诊」，按患者输入的症状关键词匹配导诊知识（如胸痛、咳嗽、发热等）推荐就诊科室并给出建议，导诊知识由医院维护。尚未提供：按性别（男/女/小孩）及身体部位逐级选择的结构化导诊路径。上述缺项列入后续开发计划。
4199,,,体检预约：APP用户可通过体检预约功能，查看体检须知，快速选择医院预置好的体检套餐，选择对应的体检日期并在线缴费。缴费成功之后直接到医院体检科凭有效证件或者缴费订单完成体检。 +---------------------------------------------------------------------------------------------------------------,部分响应,平台体检模块提供院内体检套餐维护与登记。本条所述患者端查看体检须知、选择套餐与日期、在线缴费的体检预约功能当前版本未提供，列入后续开发计划。
4200,,,检验预约：APP用户可通过检验预约功能，查看检验须知。针对已缴费的检验项目，可以选择具体的日期、时间段来医院完成检验，对于已经预约的项目，也可以取消预约重新预约。 +---------------------------------------------------------------------------------------------------------------------,部分响应,已提供：医技预约功能（院内预约工作站），针对已缴费且未预约的检验/检查申请单，可选择具体日期与时段预约，支持改约（叫号前）与批量取消重新预约。尚未提供：①患者端自助预约入口（当前由院内预约窗口代为操作）；②检验须知内容展示。上述缺项列入后续开发计划。
4201,,,预约入院：门诊医生给用户开具入院证之后，可以在APP端直接进行入院预约，选择意向入院时间、床位类型，提交后即完成住院预约。后续可以直接凭对应的预约记录到院办理入院。 +--------------------------------------------------------------------------------------------------------------------,部分响应,平台当前提供住院登记（到院办理占床、建立住院档案、收取首笔押金）及患者服务门户历次住院查询基础能力。本条所述门诊医生开具入院证、患者端在线预约入院（选择意向入院时间、床位类型）及凭预约记录到院办理入院的功能尚未提供，列入后续开发计划。
4202,,,手术查询：APP用户可以直接通过手术查询功能，查看自己及家庭成员的手术安排情况，以及实时查询手术的进度。 +--------------------------------------------------------------------------------------------------------------------------------------------------,部分响应,平台当前提供院内手术排程管理（手术安排登记、手术列表、手术完成登记）基础能力。本条所述患者端手术查询（本人及家庭成员的手术安排、手术进度实时查询）尚未提供，列入后续开发计划。
4203,,,每日清单：APP用户在住院期间，可以通过每日清单查看自己历次住院期间，每日的费用情况，如药品信息、诊疗项目信息及价格等，也可以看到退费情况。 +--------------------------------------------------------------------------------------------------------------------------------,部分响应,已提供：患者服务门户「我的住院」支持历次住院切换与每日费用清单查询，按日期展示药品/诊疗项目名称、规格、数量、单价、金额、类别及执行时间，并汇总当日合计。尚未提供：退费情况在每日清单中的展示。上述缺项列入后续开发计划。
4204,,,费用查询：APP用户可以通过该功能查询出在医院的每项费用分类和费用明细清单（门诊、住院）。同样用户也可以进行家庭成员的切换进行查询。 +------------------------------------------------------------------------------------------------------------------------------------,部分响应,已提供：住院侧每日费用明细清单与住院账户（押金、已发生费用、余额）查询；门诊侧结算记录（结算单号、金额、支付方式、状态）与待缴费明细查询。尚未提供：①门诊已缴费用的逐项明细清单与费用分类汇总；②家庭成员切换查询。上述缺项列入后续开发计划。
4205,,,病历查询：APP用户可以通过该功能查询自己的历史病历（门诊、住院）。病历查询分为列表和详情，可以查看处方信息、处置项目，检查检验项目，病历信息等。支持家庭成员的切换。 +-------------------------------------------------------------------------------------------------------------------,部分响应,已提供：患者服务门户可查询本人历史挂号记录、历次住院记录、检验报告（含结果明细）、检查报告与病理报告（含结论与详细描述），列表与明细展开查看。尚未提供：①门诊/住院病历正文查询；②历史处方信息查询；③处置项目清单；④家庭成员切换。上述缺项列入后续开发计划。
4206,,,门诊候诊查询：APP用户可以通过该功能查看到每个科室的病人候诊列表，能掌握好自己的排队顺序，实时了解候诊情况。 +-----------------------------------------------------------------------------------------------------------------------------------------------,部分响应,平台当前提供院内门诊候诊队列管理（叫号、过号、重呼）与候诊大屏显示基础能力。本条所述患者端按科室查看候诊列表、掌握本人排队顺序并实时了解候诊情况的功能尚未提供，列入后续开发计划。
4207,,,门诊排班查询：APP用户可以通过该功能直观的查看到医院的医生排班信息，支持按照科室、日期查询医生的所有班次，从而更加快捷精准的进行预约挂号。 +--------------------------------------------------------------------------------------------------------------------------------,部分响应,已提供：患者服务门户「预约挂号」按日期查询排班，展示科室、班次（上午/下午/全天）、号别（专家号/普通号）、挂号费与剩余号源，可直接挂号。尚未提供：①排班中出诊医生信息的展示；②按科室筛选查询。上述缺项列入后续开发计划。
4208,,,满意度调查：APP用户可以通过满意度调查对就诊医院的各个业务环节进行满意度打分，从而更好的提高医院的服务质量。医院可以在院内管理后台对满意度问卷进行维护管理，也可以统计每张问卷的调查结果并导出，可以将调查结果纳入绩效考核。结合智慧医院的建设标准，可以在对应的业务环节面向患者主动推送问卷调查，支持配合第三方渠道对接满意度调查系统。 +---------------------------------,部分响应,平台当前提供院内满意度评价登记与统计（单条评分、平均分与近期记录）基础能力。本条所述患者端满意度打分入口、问卷模板维护管理、按问卷汇总统计与导出、纳入绩效考核、业务环节主动推送问卷及第三方满意度系统对接尚未提供，列入后续开发计划。
4209,,,未注册查询：APP用户可以通过未注册查询功能，给未注册的用户（如老人、小孩）查询一些院内基础业务信息。 +---------------------------------------------------------------------------------------------------------------------------------------------------,部分响应,本条所述未注册用户（免登录）查询院内基础业务信息功能当前版本未提供，患者服务门户各项查询均需以患者本人身份登录后使用。列入后续开发计划。
4210,,,住院床位查询：APP用户需要住院治疗时，可以通过该功能查询选中医院当前剩余床位。避免到达医院后因为没有床位无法入院治疗。 +------------------------------------------------------------------------------------------------------------------------------------------,部分响应,平台当前提供院内床位管理（按病区查询床位及空床/占用状态）基础能力。本条所述患者端查询医院当前剩余床位的功能尚未提供，列入后续开发计划。
4211,,,住院床位查询：APP用户需要住院治疗时，可以通过该功能查询选中医院当前剩余床位。避免到达医院后因为没有床位无法入院治疗。 +------------------------------------------------------------------------------------------------------------------------------------------,部分响应,平台当前提供院内床位管理（按病区查询床位及空床/占用状态）基础能力。本条所述患者端查询医院当前剩余床位的功能尚未提供，列入后续开发计划。
4212,,,药品价格查询：APP用户可以通过该功能查询每项药品的价格，做到对院内药品价格心中有数。 +-----------------------------------------------------------------------------------------------------------------------------------------------------------,部分响应,平台当前提供院内药品字典（含药品单价）维护与价格调整管理基础能力。本条所述患者端药品价格查询功能尚未提供，列入后续开发计划。
4213,,,诊疗项目：APP用户可以通过该功能查询所选医院各种诊疗项目的价格。 +---------------------------------------------------------------------------------------------------------------------------------------------------------------------,部分响应,平台当前提供院内诊疗收费项目字典（含单价）维护与调价管理基础能力。本条所述患者端诊疗项目价格查询功能尚未提供，列入后续开发计划。
4214,,,账号信息：账号信息功能可以查看当前注册APP用户的身份证号码、姓名、性别、绑定的手机号。 +----------------------------------------------------------------------------------------------------------------------------------------------------------,部分响应,平台当前患者服务门户登录后显示患者姓名与患者编号。本条所述账号信息页（查看身份证号、姓名、性别、绑定手机号）尚未提供，列入后续开发计划。
4215,,,我的就诊卡：APP用户入院就诊办理就诊卡后，可以通过该功能绑定就诊卡。绑定就诊卡后就可以进行APP的其他功能使用。 +---------------------------------------------------------------------------------------------------------------------------------------------,部分响应,平台当前患者服务门户以院内建档患者编号与建档手机号完成身份认证后即可使用各项功能。本条所述就诊卡绑定功能当前版本未提供，列入后续开发计划。
4216,,,密码修改：APP用户通过该功能可以对登录密码进行修改。 +---------------------------------------------------------------------------------------------------------------------------------------------------------------------------,部分响应,平台当前患者服务门户采用患者编号与建档手机号认证登录，不设独立登录密码。本条所述患者端登录密码修改功能当前版本未提供，列入后续开发计划。
4217,,,权限设置：APP用户通过该功能设置是否能查看检查报告，是否能查看病历。从而很好的保护用户隐私。同时配合智慧医院建设，已经实现消息通知的分级管理，允许患者屏蔽非关键信息。 +------------------------------------------------------------------------------------------------------------------,部分响应,平台当前对患者端检验结果中的危急值统一以回院复诊提示替代展示，作为固定的隐私与安全保护措施。本条所述患者自助设置是否可查看检查报告/病历的隐私开关，以及消息通知分级管理（屏蔽非关键信息）尚未提供，列入后续开发计划。
4218,,,消息中心：消息中心包括了所有推送给用户的消息，比如家庭成员添加功能，就诊信息提醒等。可以设置已读未读，也可以根据消息类型进行对应的交互。 +----------------------------------------------------------------------------------------------------------------------------------,部分响应,本条所述患者端消息中心（消息推送、已读未读设置、按消息类型交互）当前版本未提供，列入后续开发计划。
4219,,,家庭成员：当APP用户需要为家人挂号，缴费、查看报告等功能时，就需要绑定家庭成员。在家庭成员列表双方可见互为家庭成员。医院APP所有的业务均支持切换家庭成员。 +-----------------------------------------------------------------------------------------------------------------------,部分响应,本条所述家庭成员绑定与切换功能当前版本未提供，患者服务门户各项业务（挂号、缴费、报告查询等）仅面向登录患者本人。列入后续开发计划。
4220,,,门诊就医指引：需支持通过移动端向用户展示门诊就医流程指引，包括挂号、候诊、缴费、检查检验、取药流程。支持以卡片形式展示用户本人和家人的门诊待办事项，以便查看详情及快速完成服务。 +--------------------------------------------------------------------------------------------------------------,部分响应,平台当前患者服务门户提供预约挂号、我的预约、挂号记录、检验报告、检查报告、缴费、我的住院、智能导诊等功能页签。本条所述门诊就医流程指引（挂号、候诊、缴费、检查检验、取药）展示及本人与家人门诊待办事项卡片尚未提供，列入后续开发计划。
4221,,,住院宣教：支持门诊患者和住院患者查看系统推送给患者的健康宣教内容。 +---------------------------------------------------------------------------------------------------------------------------------------------------------------------,部分响应,平台当前提供院内健康宣教记录台账（预防保健模块）基础能力。本条所述面向门诊/住院患者推送健康宣教内容并在患者端查看的功能尚未提供，列入后续开发计划。
4222,,,用户指南：APP用户可以通过用户指南功能进行APP的基本操作。功能等同本文档。 +---------------------------------------------------------------------------------------------------------------------------------------------------------------,部分响应,本条所述患者端用户指南（基本操作说明）页面当前版本未提供，列入后续开发计划。
4223,,,意见反馈：APP用户可以通过该功能反馈自己对医院和APP的一些建议和意见，我们会及时听取您的意见和建议，从而给APP用户带来更好的用户体验和人性化服务。结合智慧医院的建设标准，医院可以在对应的管理后台进行答复。 +---------------------------------------------------------------------------------------------,部分响应,本条所述患者端意见反馈功能（建议意见提交及管理后台答复）当前版本未提供，列入后续开发计划。
4224,★,,+-------------------------------+-----------------------------------------------------------------------------------------------------------------------------------------------------------------------,非参数行,文档转换产生的表格分隔残渣，不计入参数总数
4225,,,科室介绍：支持用户通过手机对科室相关情况进行查询。 +-----------------------------------------------------------------------------------------------------------------------------------------------------------------------------,部分响应,平台当前提供科室字典（名称、编码、类型、层级）维护基础能力。本条所述科室介绍（简介、特色、位置等）内容维护与患者端手机查询尚未提供，列入后续开发计划。
4226,,,医生介绍：支持用户通过手机对医生信息进行查询。支持查阅医生擅长、排班等信息。 +----------------------------------------------------------------------------------------------------------------------------------------------------------------,部分响应,平台当前提供医生基本信息（姓名、职称、所属科室）维护基础能力。本条所述患者端医生介绍查询（医生擅长、医生维度排班信息）尚未提供，列入后续开发计划。
4227,,,系统支持便捷寻医功能，向患者提供一个多维度的寻医方式，患者可选择自己希望前往的医院。为方便患者找到医院。在患者服务门户端，用户可以通过点击查询到医院地图，选择交通指引功能，系统支持跳转第三方地图服务，如高德地图、百度地图，实现患者所在位置到医院的定位导航。 +----------------------------------------------------------------------,部分响应,本条所述便捷寻医（多院区选择）、医院地图、交通指引及跳转高德/百度等第三方地图导航功能当前版本未提供，列入后续开发计划。
4228,,,支持查询医院各个楼层的室内静态平面图。方便患者按照自身就医需求寻找到对应的科室。 +--------------------------------------------------------------------------------------------------------------------------------------------------------------,部分响应,本条所述医院各楼层室内静态平面图查询功能当前版本未提供，列入后续开发计划。
4229,,,用户指南：用户可以通过用户指南功能进行医院微官网的基本操作。 +------------------------------------------------------------------------------------------------------------------------------------------------------------------------,部分响应,本条所述医院微官网及其用户指南功能当前版本未提供（患者端现为患者服务门户网页形态），列入后续开发计划。
4230,,,病案邮寄：支持患者出院后，在移动端办理出院病案复印申请、预约自提、快递邮寄、状态查询等业务。 +--------------------------------------------------------------------------------------------------------------------------------------------------------,部分响应,平台当前提供院内病案复印窗口受理流程（申请受理、登记、出件）基础能力。本条所述患者移动端出院病案复印申请、预约自提、快递邮寄及状态查询尚未提供，列入后续开发计划。
4231,,,意见反馈：用户可以通过该功能反馈自己的一些建议和意见，从而给用户带来更好的用户体验和人性化服务。 +------------------------------------------------------------------------------------------------------------------------------------------------------,部分响应,本条所述患者端意见反馈功能（建议意见提交）当前版本未提供，列入后续开发计划。
4232,,,结合智慧医院的建设标准，医院可以在对应的管理后台对反馈进行答复。 +----------------------------------------------------------------------------------------------------------------------------------------------------------------------,部分响应,本条所述管理后台对患者反馈进行答复的功能当前版本未提供（患者端意见反馈提交功能亦未提供），列入后续开发计划。
4233,,,用户可以通过满意度调查对就诊医院的各个业务环节进行满意度打分 +------------------------------------------------------------------------------------------------------------------------------------------------------------------------,部分响应,平台当前提供院内满意度评价登记（1-5 分评分与评语）基础能力，由院内工作人员录入。本条所述患者自助按各业务环节进行满意度打分的功能尚未提供，列入后续开发计划。
4234,,,能够对满意度问卷进行管控管控，也能够汇总每张问卷的调查结果并输出。 +---------------------------------------------------------------------------------------------------------------------------------------------------------------------,部分响应,平台当前提供满意度评价的总体统计（评价数量、平均分与近期记录）在线查询。本条所述满意度问卷模板管控（问卷、题目维护）与按问卷汇总调查结果并导出输出尚未提供，列入后续开发计划。
4235,,,结合智慧医院的建设标准，可以在对应的业务环节面向患者主动推送问卷调查。 +-------------------------------------------------------------------------------------------------------------------------------------------------------------------,部分响应,本条所述在对应业务环节面向患者主动推送问卷调查的功能当前版本未提供（问卷模板与患者消息推送通道均待建设），列入后续开发计划。
4236,,,能够向指定的管控者发送满意度调查的汇总结果。 +--------------------------------------------------------------------------------------------------------------------------------------------------------------------------------,部分响应,平台当前提供满意度统计结果的在线查询。本条所述向指定管控者定向发送满意度调查汇总结果的功能尚未提供，列入后续开发计划。
4237,,,用户注册：支持多种证件类型注册（居民身份证、港澳台来往大陆通行证、护照、出生证明、院内就诊卡、外国人永久居住证明）。 +--------------------------------------------------------------------------------------------------------------------------------------------,部分响应,平台当前由院内建档窗口为患者建档，证件类型支持居民身份证、护照及其他；患者服务门户凭建档患者编号与手机号登录。本条所述患者端自助注册，以及港澳台来往大陆通行证、出生证明、院内就诊卡、外国人永久居留证等证件类型尚未提供，列入后续开发计划。
4238,,,完成注册后用户信息实时同步到院内HIS系统，患者无需再去医院现场建卡。 +-------------------------------------------------------------------------------------------------------------------------------------------------------------------,部分响应,平台当前患者服务门户与院内共用同一患者主索引，院内建档信息即时可用于患者端登录。本条所述患者端自助注册后实时同步建档、无需现场建卡的功能尚未提供（当前需先在院内建档），列入后续开发计划。
4239,,,支持通过微信电子健康卡一键授权注册。 +------------------------------------------------------------------------------------------------------------------------------------------------------------------------------------,外部条件,需医保局/省平台等外部环境开通后联调
4240,,,公众号首次注册成功后，不需要每次都重新登录，会记住登录状态。用户也可以根据实际情况手动退出登录。 +------------------------------------------------------------------------------------------------------------------------------------------------------,部分响应,已提供：患者服务门户登录后保持登录状态，再次访问无需重新登录；页面提供「退出」按钮，用户可手动退出登录。尚未提供：微信公众号载体及微信授权登录（当前为网页版患者端）。上述缺项列入后续开发计划。
4241,,,"能够查看当前注册人员的身份证号码、姓名、性别、绑定的手机号、职业、民族、婚姻、家庭住址等。点击""编辑""能够更新用户绑定的手机号及对应当的数据资料。 +-----------------------------------------------------------------------------------------------------------------------------",部分响应,平台当前患者服务门户登录后显示患者姓名与患者编号。本条所述患者端查看身份证号、性别、绑定手机号、职业、民族、婚姻、家庭住址等资料及在线编辑更新手机号与资料的功能尚未提供（职业、民族、婚姻状况亦需补充患者档案项），列入后续开发计划。
4242,,,电子健康卡：主要用于在患者注册环节的实名认证。支持在微信公众号申领国家标准的电子健康卡，无需再办理医院就诊卡。即可实现一卡通用，完成院内线上线下的各个业务流程。 +----------------------------------------------------------------------------------------------------------------------,外部条件,需医保局/省平台等外部环境开通后联调
4243,,,支持上传身份证、户口本、出生证明等进行OCR识别。 +-----------------------------------------------------------------------------------------------------------------------------------------------------------------------------,外部条件,OCR 识别服务/电子健康卡实名体系
4244,,,支持在线的人脸识别注册。支持各个业务环境进行人脸识别的验证，起到身份核对和信息安全保护的作用。 +-------------------------------------------------------------------------------------------------------------------------------------------------------,部分响应,本条所述在线人脸识别注册与各业务环节人脸识别核验功能当前版本未提供，患者端现以患者编号与建档手机号完成身份认证。列入后续开发计划。
4245,,,能够绑定家庭成员，通过切换家庭成员为家人挂号、查看报告、缴费等。 +----------------------------------------------------------------------------------------------------------------------------------------------------------------------,部分响应,本条所述家庭成员绑定与切换功能当前版本未提供，患者服务门户各项业务（挂号、缴费、报告查询等）仅面向登录患者本人。列入后续开发计划。
4246,,,行为人员入院就诊办理就诊卡后，能够通过该功能绑定就诊卡。绑定就诊卡后就能够进行其他功能使用。 +--------------------------------------------------------------------------------------------------------------------------------------------------------,部分响应,平台当前患者服务门户以院内建档患者编号与建档手机号完成身份认证后即可使用各项功能。本条所述就诊卡绑定功能当前版本未提供，列入后续开发计划。
4247,,,支持按照院区、日期、科室（科室、诊室）、出诊医生进行挂号，也可通过历史预约功能快速找到预约过的医生。选择医生后，可以切换家庭成员，选择班次，选择就诊时间段。同时支持在挂号时填写婚姻状况、职业、民族家庭住址等基本信息。填写完基础信息后，选择支付方式（目前支持微信），完成支付。所有的业务数据实时同步到HIS，患者凭有效证件或者成功支付的订单信息即可前往医院完成就诊流程；结合智慧医院的建设标准，支持分时,部分响应,已提供：患者服务门户按日期查询排班（科室、班次、号别、挂号费、余号），支持直接挂号与分时段预约（选择就诊时间段并占用号源），可取消预约释放号源；门诊费用在线支付支持微信、支付宝渠道；挂号与预约数据与院内门诊系统同库实时一致。尚未提供：①院区、诊室维度筛选；②出诊医生选择与展示；③历史预约快速复约；④挂号时填写婚姻、职业、民族、家庭住址；⑤挂号费本身的在线支付；⑥家庭成员切换。上述缺项列入后续开发计划。
4248,,,可通过体检预约功能，查看体检须知，快速选择医院预置好的体检套餐，选择对应的体检日期并在线缴费。 +-------------------------------------------------------------------------------------------------------------------------------------------------------,部分响应,平台当前提供院内体检登记（体检套餐维护、个人登记、团检建档与汇总）基础能力。本条所述患者端体检须知查看、套餐自助选择、体检日期预约与在线缴费尚未提供，列入后续开发计划。
4249,,,支持缴费成功之后直接到医院体检科凭有效证件或者缴费订单完成体检。 +----------------------------------------------------------------------------------------------------------------------------------------------------------------------,部分响应,本条所述患者端体检在线缴费及凭缴费订单或有效证件到体检科完成体检的流程当前版本未提供（依赖患者端体检预约与在线缴费功能），列入后续开发计划。
4250,,,用户可通过医技预约功能，查看医技预约须知，针对已缴费的检查项目，可以选择具体的日期、时间段、设备来进行预约，对于已经预约的项目，也可以取消预约重新预约。 +--------------------------------------------------------------------------------------------------------------------------,部分响应,已提供：医技预约功能（院内预约工作站），针对已缴费且未预约的检查申请单，可选择具体日期与时段预约（同时段顺序排号），支持改约（叫号前）与取消重新预约，并生成预约队列。尚未提供：①患者端自助预约入口；②按设备维度选择预约；③医技预约须知展示。上述缺项列入后续开发计划。
4251,,,用户可通过检验预约功能，查看检验须知。针对已缴费的检验项目，可以选择具体的日期、时间段来医院完成检验，对于已经预约的项目，也可以取消预约重新预约。 +-----------------------------------------------------------------------------------------------------------------------------,部分响应,已提供：医技预约功能（院内预约工作站），针对已缴费且未预约的检验申请单，可选择具体日期与时段预约，支持改约（叫号前）与取消重新预约。尚未提供：①患者端自助预约入口（当前由院内预约窗口代为操作）；②检验须知内容展示。上述缺项列入后续开发计划。
4252,,,门诊医生给用户开具入院证之后，可以在微信端直接进行入院预约，选择意向入院时间、床位类型，提交后即完成住院预约。后续可以直接凭对应的预约记录到院办理入院。 +--------------------------------------------------------------------------------------------------------------------------,部分响应,平台当前提供住院登记（到院办理占床、建立住院档案、收取首笔押金）基础能力。本条所述门诊医生开具入院证、患者在微信端在线预约入院（选择意向入院时间、床位类型）及凭预约记录到院办理入院的功能尚未提供，列入后续开发计划。
4253,,,支持查看所有在线支付的挂号、门诊缴费、住院预交金、体检套餐等订单信息。 +-------------------------------------------------------------------------------------------------------------------------------------------------------------------,部分响应,已提供：患者服务门户可查看本人挂号记录、门诊结算记录（结算单号、金额、支付方式、状态）与住院押金合计。尚未提供：①统一的在线支付订单列表；②住院预交金逐笔订单记录；③体检套餐订单。上述缺项列入后续开发计划。
4254,,,支持在该功能中查看订单的状态，挂号订单展示订单号、计费状态、医生信息、就诊日期、号源信息、就诊位置、票据号、订单条码等信息，缴费订单展示订单号、计费状态、缴费日期、费用信息、取药信息、订单条码等。 +----------------------------------------------------------------------------------------------------,部分响应,已提供：患者服务门户挂号记录展示就诊日期、挂号序号、科室、挂号费及状态；缴费记录展示结算单号、金额、支付方式、状态与时间，可查看订单状态。尚未提供：挂号订单的医生信息、号源信息、就诊位置、票据号、订单条码；缴费订单的取药信息与订单条码。上述缺项列入后续开发计划。
4255,,,能够在拥有扫码运行环境的医院直接扫描患者订单上的条码来完成相关业务流程。 +------------------------------------------------------------------------------------------------------------------------------------------------------------------,部分响应,平台当前提供院内检验标本条码与消毒包条码的生成与扫码接收能力。本条所述患者订单条码生成及院内扫描患者订单条码办理业务流程的功能尚未提供，列入后续开发计划。
4256,,,患者可以在订单管理中进行退号退费的申请。 +----------------------------------------------------------------------------------------------------------------------------------------------------------------------------------,部分响应,平台当前患者服务门户支持取消分时段预约（释放号源）；退号退费由院内收费窗口办理，超阈值退费经审批流程。本条所述患者端在订单管理中自助提交退号退费申请的功能尚未提供，列入后续开发计划。
4257,,,退费需基于医院的退费规则范围和退费方式进行。 +--------------------------------------------------------------------------------------------------------------------------------------------------------------------------------,部分响应,已提供：退费规则控制——按医院配置的退费金额阈值，超阈值退费须先经审批通过方可执行，并防止重复提交；退费仅针对已支付结算单，退费方式沿用原结算支付方式（现金/微信/支付宝/医保）。尚未提供：①按项目类别、时限、执行状态等多维度可配置的退费范围规则；②退费方式策略（原路退回/改现金）可配置；③患者端退费申请。上述缺项列入后续开发计划。
4258,,,可通过智能导诊功能，选择性别（男、女、小孩）、身体部位或者症状，系统会自动为患者推荐对应的科室，方便患者在不确定的情况下，快速定位与患者相匹配的科室。 +---------------------------------------------------------------------------------------------------------------------------,部分响应,已提供：患者服务门户「智能导诊」按患者输入的症状关键词匹配导诊知识库，自动推荐就诊科室并给出就诊建议，无匹配时提示挂全科。尚未提供：①性别（男/女/小孩）维度选择；②身体部位选择（人体部位图/部位字典）。上述缺项列入后续开发计划。
4259,,,用户在线挂号后，系统支持主动提醒用户，录入用户症状、主诉、现病史、既往史等基础信息，录入完成后可实时同步至HIS医生站，方便医生在接诊时即可基本了解患者本次就诊的情况。 +------------------------------------------------------------------------------------------------------------------,部分响应,平台当前门诊医生站提供主诉、现病史、既往史等病历录入。本条所述挂号后主动提醒患者、患者端预问诊信息（症状、主诉、现病史、既往史）录入及实时同步至医生站的功能尚未提供，列入后续开发计划。
4260,,,患者可根据科室、医生，选择医院排了网络班次的医生进行在线问诊咨询。 +---------------------------------------------------------------------------------------------------------------------------------------------------------------------,部分响应,本条所述在线问诊咨询功能（网络班次排班、按科室/医生选择在线问诊）当前版本未提供，列入后续开发计划。
4261,,,支持图片、文字、语音、视频等方式进行在线咨询。 +-------------------------------------------------------------------------------------------------------------------------------------------------------------------------------,部分响应,本条所述图片、文字、语音、视频等方式的在线咨询功能当前版本未提供，列入后续开发计划。
4262,,,用户可在线自助预约政策支持的中药处方（例如中药汤剂），特定的西药（如疫苗），查看处方信息，注意事项等。并根据自己的情况选择配送方式（到院取药，在线配送）。 +-------------------------------------------------------------------------------------------------------------------------,部分响应,本条所述患者端在线自助预约中药处方/特定西药、查看处方信息与注意事项及选择到院取药或在线配送的功能当前版本未提供，列入后续开发计划。
4263,,,费用查询：用户可以通过该功能查询出在医院的每项费用分类和费用明细清单（门诊、住院）。同样用户也可以进行家庭成员的切换进行查询。 +---------------------------------------------------------------------------------------------------------------------------------------,部分响应,已提供：住院侧每日费用明细清单与住院账户（押金、已发生费用、余额）查询；门诊侧结算记录（结算单号、金额、支付方式、状态）与待缴费明细查询。尚未提供：①门诊已缴费用的逐项明细清单与费用分类汇总；②家庭成员切换查询。上述缺项列入后续开发计划。
4264,,,病历查询：用户可以通过该功能查询自己的历史病历（门诊、住院）。病历查询分为列表和详情，可以查看处方信息、处置项目，检查检验项目，病历信息等。支持家庭成员的切换。 +----------------------------------------------------------------------------------------------------------------------,部分响应,已提供：患者服务门户可查询本人历史挂号记录、历次住院记录、检验报告（含结果明细）、检查报告与病理报告（含结论与详细描述），列表与明细展开查看。尚未提供：①门诊/住院病历正文查询；②历史处方信息查询；③处置项目清单；④家庭成员切换。上述缺项列入后续开发计划。
4265,,,每日清单：用户在住院期间，可以通过每日清单查看自己历次住院期间，每日的费用情况，如药品信息、诊疗项目信息及价格等，也可以看到退费情况。 +-----------------------------------------------------------------------------------------------------------------------------------,部分响应,已提供：患者服务门户「我的住院」支持历次住院切换与每日费用清单查询，按日期展示药品/诊疗项目名称、规格、数量、单价、金额、类别及执行时间，并汇总当日合计。尚未提供：退费情况在每日清单中的展示。上述缺项列入后续开发计划。
4266,,,门诊排班查询：用户可以通过该功能直观的查看到医院的医生排班信息，支持按照科室、日期查询医生的所有班次，从而更加快捷精准的进行预约挂号。 +-----------------------------------------------------------------------------------------------------------------------------------,部分响应,已提供：患者服务门户「预约挂号」按日期查询排班，展示科室、班次（上午/下午/全天）、号别（专家号/普通号）、挂号费与剩余号源，可直接挂号。尚未提供：①排班中出诊医生信息的展示；②按科室筛选查询。上述缺项列入后续开发计划。
4267,,,门诊候诊查询：用户可以通过该功能查看到每个科室的病人候诊列表，能掌握好自己的排队顺序，实时了解候诊情况。 +--------------------------------------------------------------------------------------------------------------------------------------------------,部分响应,平台当前提供院内门诊候诊队列管理（叫号、过号、重呼）与候诊大屏显示基础能力。本条所述患者端按科室查看候诊列表、掌握本人排队顺序并实时了解候诊情况的功能尚未提供，列入后续开发计划。
4268,,,手术查询（需手术麻醉系统支持）：用户可以直接通过手术查询功能，查看自己及家庭成员的手术安排情况，实时查询手术的进度。手术状态变化时，推送消息提醒家属，方便家属了解患者的手术情况。 +-------------------------------------------------------------------------------------------------------------,部分响应,平台当前提供院内手术排程管理（手术安排登记、手术列表、手术完成登记）基础能力。本条所述患者端手术查询（本人及家庭成员）、手术过程进度实时查询及手术状态变化推送家属的功能尚未提供，列入后续开发计划。
4269,,,未注册检索：用户可以通过未注册查询功能，给未注册的用户（如老人、小孩）查询一些院内基础业务信息。 +------------------------------------------------------------------------------------------------------------------------------------------------------,部分响应,本条所述未注册用户（免登录）查询院内基础业务信息功能当前版本未提供，患者服务门户各项查询均需以患者本人身份登录后使用。列入后续开发计划。
4270,,,住院床位检索：微信用户需要住院治疗时，可以通过该功能查询选中医院当前剩余床位。避免到达医院后因为没有床位无法入院治疗。 +-------------------------------------------------------------------------------------------------------------------------------------------,部分响应,平台当前提供院内床位管理（按病区查询床位及空床/占用状态）基础能力。本条所述患者端查询医院当前剩余床位的功能尚未提供，列入后续开发计划。
4271,,,.出院带药：支持患者出院后，在移动端应用上查看历次出院带药的处方信息、药品服用方式等信息。 +---------------------------------------------------------------------------------------------------------------------------------------------------------,部分响应,平台当前住院出院小结（院内打印）包含出院带药信息（药品名称、规格、数量、用法、频次、单次剂量）。本条所述患者移动端查看历次出院带药处方与药品服用方式的功能尚未提供，列入后续开发计划。
4272,,,药品价格查询：微信用户可以通过该功能查询每项药品的价格，做到对院内药品价格心中有数。 +------------------------------------------------------------------------------------------------------------------------------------------------------------,部分响应,平台当前提供院内药品字典（含药品单价）维护与价格调整管理基础能力。本条所述患者端药品价格查询功能尚未提供，列入后续开发计划。
4273,,,诊疗项目：微信用户可以通过该功能查询所选医院各种诊疗项目的价格。 +----------------------------------------------------------------------------------------------------------------------------------------------------------------------,部分响应,平台当前提供院内诊疗收费项目字典（含单价）维护与调价管理基础能力。本条所述患者端诊疗项目价格查询功能尚未提供，列入后续开发计划。
4274,,,停诊查询：支持按照停诊日期、停诊科室查询医院医生的排班停诊情况，结合医生停诊的消息推送，能让患者更及时知晓医生停诊信息。 +------------------------------------------------------------------------------------------------------------------------------------------,部分响应,平台当前提供院内排班停诊操作，停诊后该排班自动从患者端可挂号列表中下架。本条所述按停诊日期、停诊科室查询医生停诊情况及停诊消息推送功能尚未提供，列入后续开发计划。
4275,,,专家出诊：支持按照医院配置好的规则（医院可自行配置哪些职称的专家、时间范围），面向患者提供查询一段时间内的专家出诊情况，所有数据与HIS实时同步。 +-----------------------------------------------------------------------------------------------------------------------------,部分响应,已提供：患者服务门户按日期查询排班，区分专家号/普通号并展示班次、挂号费与余号，可直接挂号或选择分时段预约；排班数据与院内门诊系统同库实时一致。尚未提供：①按时间区间查询一段时间内的专家出诊表；②出诊专家姓名展示；③医院自行配置专家职称范围与时间范围的规则项。上述缺项列入后续开发计划。
4276,,,支持在线查看院内所有已经审核的检查报告及对应的报告详情。 +--------------------------------------------------------------------------------------------------------------------------------------------------------------------------,正偏离/无偏离,由患者服务门户「检查报告」页签提供：患者在线查看本人已审核发布的检查报告，列表展示各次检查，可查看检查结论与详细描述；仅经审核发布的报告对患者可见。
4277,,,支持在线查看院内所有已经审核的检验报告及对应的报告详情，可以展示检验项目结果，参考值，偏高还是偏低等指标。 +-------------------------------------------------------------------------------------------------------------------------------------------------,正偏离/无偏离,由患者服务门户「检验报告」页签提供：按医嘱分组展示本人已审核的检验报告，明细列出检验项目、结果、单位与参考范围，异常结果高亮并标注偏高(H)/偏低(L)；危急值统一以回院复诊提示替代展示，作为安全保护措施。
4278,,,支持在线查看院内所有已经审核或者总检的体检报告及对应的报告详情，可以分科展示对应的的检查检验结果及对应的指标参考值。 +--------------------------------------------------------------------------------------------------------------------------------------------,部分响应,平台当前提供院内体检登记与总检结论（文字小结、异常标记）录入基础能力。本条所述患者端体检报告在线查看及分科展示检查检验结果与指标参考值的功能尚未提供，列入后续开发计划。
4279,,,支持患者在线查看体检报告PDF，支持下载PDF文件。 +----------------------------------------------------------------------------------------------------------------------------------------------------------------------------,部分响应,本条所述患者端体检报告 PDF 在线查看与下载功能当前版本未提供，列入后续开发计划。
4280,,,支持在线查看院内所有已经审核的病理报告及对应的报告详情。 +--------------------------------------------------------------------------------------------------------------------------------------------------------------------------,正偏离/无偏离,由患者服务门户「检查报告」页签提供：患者在线查看本人已完成诊断发布的病理报告，以「病理」标签区分，展示病理诊断结论与镜下描述；仅诊断发布后的病理报告对患者可见。
4281,,,支持用户查看自己在当前医院的门诊处方、住院预交金、医生站预约挂号三种类型的待支付项目。 +-----------------------------------------------------------------------------------------------------------------------------------------------------------,部分响应,已提供：患者服务门户「缴费」页签按就诊列出本人待支付项目，覆盖门诊处方、检查检验医嘱及预约挂号产生的挂号费。尚未提供：住院预交金在线补交（当前住院账户仅显示押金余额与欠费提示，预交金由院内窗口收取）。上述缺项列入后续开发计划。
4282,,,选中支付项目后可以直接在线支付，无需到医院现场窗口排队缴费，从而节约了宝贵的时间。 +-------------------------------------------------------------------------------------------------------------------------------------------------------------,部分响应,已提供：患者服务门户选中待支付项目后可在线发起支付，支持微信、支付宝两种渠道并展示支付二维码，无需到窗口排队。尚未提供：与微信/支付宝商户平台的正式对接及渠道异步支付通知的验签接收（当前为联调通道）。上述缺项列入后续开发计划；支付商户号由医院向支付渠道申请开通。
4283,,,支付成功后计费结果实时同步至HIS，患者可以凭缴费订单或者有效证件直接到医院对应的位置完成诊疗，如取药、检查、检验等。 +-------------------------------------------------------------------------------------------------------------------------------------------,正偏离/无偏离,由患者服务门户在线支付与门诊收费模块提供：支付确认后即时生成门诊结算单并与院内收费同库同事务记账，无需另行同步；缴费后医嘱即进入药房发药队列与医技执行队列，患者可凭号到药房取药或到医技科室完成检查检验；支付金额与应结金额不一致时自动转入差错处理。
4284,,,支持以模板消息的方式，配合院内各种业务系统（HIS、LIS、PACS、排队叫号、体检、住院）为患者进行符合智慧医院建设标准的信息推送。 +-----------------------------------------------------------------------------------------------------------------------------------,部分响应,本条所述面向患者的模板消息推送（配合 HIS、LIS、PACS、排队叫号、体检、住院等业务系统）当前版本未提供，患者目前通过登录患者服务门户主动查询相关信息。列入后续开发计划。
4285,,,可推送挂号、缴费、取药推送，检查检验注意事项、手术通知、检查检验报告推送，用药指导、出院带药等过程状态信息。 +------------------------------------------------------------------------------------------------------------------------------------------------,部分响应,平台当前各业务状态（挂号、缴费、取药、报告审核发布、手术安排、出院带药）均在相应业务模块中记录，患者可登录患者服务门户查询。本条所述以消息推送方式主动通知患者上述过程状态信息（含检查检验注意事项、用药指导）的功能尚未提供，列入后续开发计划。
4286,,,麻醉风险评估报当院内资源或信息发生变化时，可及时通知患者，如可住院床位变化/临时限号/医师停诊/检查设备故障等。 +----------------------------------------------------------------------------------------------------------------------------------------------,部分响应,本条所述院内资源变化（可住院床位变化、临时限号、医师停诊、检查设备故障）主动通知患者的功能当前版本未提供，列入后续开发计划。
4287,★,,+-------------------------------+-----------------------------------------------------------------------------------------------------------------------------------------------------------------------,非参数行,文档转换产生的表格分隔残渣，不计入参数总数
4288,,,新院机房到行政办公楼互联网专线2条，规格:600M。租赁服务期限36个月。,部分响应,本条为互联网专线线路租赁服务条款（2 条 600M 专线，服务期 36 个月），非本平台软件功能。将以运营商线路租赁服务承诺函及开通证明材料响应。
4289,,,120专线1条，规格：100M。租赁服务期限36个月。,非参数,【二级证据评审建议，待项目组签字】网络线路租赁属服务采购项，非软件参数
4290,,,电子政务外网1条，规格：100M。租赁服务期限36个月。,非参数,【二级证据评审建议，待项目组签字】网络线路租赁属服务采购项，非软件参数
4291,,,金财网1条，规格：100M。租赁服务期限36个月。,非参数,【二级证据评审建议，待项目组签字】网络线路租赁属服务采购项，非软件参数
4292,,,医保网1条，规格：100M。租赁服务期限36个月。,部分响应,本条为医保专网线路租赁服务条款（1 条 100M，服务期 36 个月），非本平台软件功能。将以运营商线路租赁服务承诺函及医保专网接入证明材料响应。
4293,★,,审计网1条，规格：100M。租赁服务期限36个月。 +-------------------------------+---------------------------------------------------------------------------------------------------------------------------------------------,部分响应,本条为审计网专线线路租赁服务条款（1 条 100M，服务期 36 个月），非本平台软件功能。将以运营商线路租赁服务承诺函及开通证明材料响应。
4295,★,,桌面型设备，配置≥5个千兆电口，≥1个千兆Combo接口；三层吞吐量≥3Gbps，应用层吞吐≥600Mbps ，并发连接数≥40万每秒新建连接数（HTTP）≥1.2万。,部分响应,本条为网络设备硬件规格条款（千兆电口数量、Combo 接口、三层吞吐量、应用层吞吐、并发连接数、每秒新建连接数），非本平台软件功能。将以拟投设备型号及厂商规格书/检测报告响应。
4296,,▲,①支持基于源地址、目标地址、服务、用户、应用、域名、时间表等进策略匹配，②支持基于最小延迟、最小抖动、最小丢包率、链路复制、轮询、加权轮询等链路算法。（投标人提供相关软件界面截图，并加盖投标人公章）,配套产品响应,本条为链路负载均衡/SD-WAN 网络设备功能（按源地址、目标地址、服务、用户、应用、域名、时间表进行策略匹配，最小延迟、最小抖动、最小丢包率、链路复制、轮询、加权轮询等链路算法），由配套网络设备厂商提供该产品，并出具其管理软件界面截图（加盖投标人公章）作为应答材料；本平台应用软件不涉及该设备功能。
4297,,▲,①支持WOC加速模板，②支持压缩和双边加速。（投标人提供相关软件界面截图，并加盖投标人公章）,配套产品响应,本条为广域网优化控制器（WOC）设备功能（加速模板、压缩与双边加速），由配套网络设备厂商提供该产品，并出具其管理软件界面截图（加盖投标人公章）作为应答材料；本平台应用软件不涉及该设备功能。
4298,★,▲,①支持对扫描资产进行展示，展示资产名、IP地址、MAC地址、厂商名称、OS等信息，②支持对资产的维护操作包括审批、删除、导入、导出已审批等。（投标人提供相关软件界面截图，并加盖投标人公章） +-------------------------------+------------------------------------------------------------------------,配套产品响应,本条为网络安全资产测绘设备管理软件功能（扫描资产展示资产名、IP 地址、MAC 地址、厂商名称、操作系统，以及资产审批、删除、导入、导出已审批等维护操作），由配套安全设备厂商提供该产品，并出具其管理界面截图（加盖投标人公章）作为应答材料。本平台 HRP 资产模块为医院固定资产台账管理，与本条所述网络资产不属同一范畴。
