序号,实质性★,重要▲,参数摘要,响应结论,响应说明
1,,,根据用户职责权限提供医保结算清单质控、修改、标记、上传及病例入组、盈亏排名及业务整体情况，提供清单未标记、质控未通过、可优化病例、超高/超低/未入组等情况汇总和一键直达相应功能并处理等功能。 <!-- -->,配套产品响应,属设备配套软件/商用知识库/CA 等产品参数，平台已留标准接入点
2,,,编码智能适配 <!-- -->,待复核,初评未匹配，须项目组逐条人工确认
3,,,医生AI小助手 <!-- -->,正偏离/无偏离,平台已实现（详见对应功能模块）
4,,,编码质控提醒：为医生提供编码质控服务，及时提醒医生编码中存在的问题，以保证入组率及入组准确率；,正偏离/无偏离,平台已实现（详见对应功能模块）
5,,,病组标杆提示：基于DRG入组预测结果，为医师提示乐山地区同等级医院该DRG病组费用标杆作为医生参考，包括但不限于次均费用、平均住院天数、药占比、耗占比等；,正偏离/无偏离,平台已实现（详见对应功能模块）
6,,,智能分组推荐：结合本地DRG付费政策规范，提供该病例除当前所入DRG组外其它可能入组情况，并根据诊疗过程数据进行该病例DRG入组推荐；,正偏离/无偏离,平台已实现（详见对应功能模块）
7,,,病案首页质控：展示当前病例的首页质控汇总结果及扣分项明细等信息；,正偏离/无偏离,平台已实现（详见对应功能模块）
8,,,结算清单质控：模拟生成医保结算清单并按照国家和地方清单质控规则进行分析，展示清单存在的基础问题、编码问题或逻辑问题明细等。 <!-- -->,配套产品响应,属设备配套软件/商用知识库/CA 等产品参数，平台已留标准接入点
9,,,DRG盈亏预警：实时监测全院各科室接诊病例医保支付逆差情况，并以不同颜色对各科室逆差严重程度进行梯次预警；,正偏离/无偏离,平台已实现（详见对应功能模块）
10,,,DRG入组管理：展示全院病例入组情况，支持对未入组病例及原因进行分析，支持全院入组、未入组病例关键指标的同环比分析；,正偏离/无偏离,平台已实现（详见对应功能模块）
11,,,DRG病组管理：提供对全院各科室病组覆盖、病组构成及所有病组的重要指标（如CMI、权重、时间/费用消耗指数等）的对比分析等，支持导出信息为Excel文件；,正偏离/无偏离,平台已实现（详见对应功能模块）
12,,,DRG分组控费：按照医保DRG分组政策支付标准，分别从全院、科室、医师、病种等角度对费用情况展开分析，分析维度包括总费用、例均费用、自费比例、费用消耗、区域DRG标杆、逆差测算、控费区间等；,外部条件,需医保局/省平台等外部环境开通后联调
13,,,非正常病例分析：提供从年度、月度及单个病例等角度，对全院各科室高倍率、低倍率、异常病例的构成情况、变化趋势以及病例指标进行对比分析；,正偏离/无偏离,平台已实现（详见对应功能模块）
14,,,DRG智能查漏：提供全院可优化DRG入组病例的智能查询并提供对应病例医保结算清单的便捷优化调整。 <!-- -->,配套产品响应,属设备配套软件/商用知识库/CA 等产品参数，平台已留标准接入点
15,,,质控规则管理：内置国家和地方制定的清单质控规则，支持结算清单质控规则的按需启用/停用等；,配套产品响应,属设备配套软件/商用知识库/CA 等产品参数，平台已留标准接入点
16,,,清单智能生成：从HIS/病案系统自动获取结算清单所需数据并自动生成对应病例的医保结算清单，支持查询、修改及归档等操作；,配套产品响应,属设备配套软件/商用知识库/CA 等产品参数，平台已留标准接入点
17,,,清单质控管理：调用结算清单质控规则对清单的完整性、逻辑性、规范性、入组合理性等方面进行智能校验，以便医务人员及时完善结算清单的填写；,配套产品响应,属设备配套软件/商用知识库/CA 等产品参数，平台已留标准接入点
18,,,清单质控分析：以图形化界面或表格等形式对质控结果进行汇总分析，帮助管理人员准确掌握清单问题情况及分布、排名等信息；,配套产品响应,属设备配套软件/商用知识库/CA 等产品参数，平台已留标准接入点
19,,,结算清单上传：清单经过医务人员优化调整并标记后，直接调用四川省医保信息平台相关接口进行上传，并提供上传结果的查询等。 <!-- -->,配套产品响应,属设备配套软件/商用知识库/CA 等产品参数，平台已留标准接入点
20,,,病例完整性校对：支持自定义条件查询病例完整性校对结果及错误分布情况并导出为Excel文件，支持透视查看指定病例完整质控信息；,正偏离/无偏离,平台已实现（详见对应功能模块）
21,,,病例逻辑性校对：支持自定义条件查询病例逻辑性校对结果及错误分布情况并导出为Excel文件，支持透视查看指定病例完整质控信息；,正偏离/无偏离,平台已实现（详见对应功能模块）
22,,,病例综合评分：支持自定义条件查询病例综合评分结果、评分结果排名TOP10、病例扣分情况、扣分原因等信息，支持将评分结果导出为Excel文件；,正偏离/无偏离,平台已实现（详见对应功能模块）
23,,,病案质控分析：以图形、表格等形式对院内病案质控情况进行分析，包括病案问题分布/排名、科室/医师排名等。 <!-- -->,正偏离/无偏离,平台已实现（详见对应功能模块）
24,,,全院分析：基于医保结算反馈数据实现对指定周期内全院超高及超低病案数、总费用、医保结算金额、医保付费差额等信息进行统计及分析；,正偏离/无偏离,平台已实现（详见对应功能模块）
25,,,科室/医生分析：监测全院各科室/医生DRG付费业务指标情况，DRG付费预测情况，并支持对各科室/医生下亏损/错误病例等进行分析；,正偏离/无偏离,平台已实现（详见对应功能模块）
26,,,病组/患者分析：结合医保按DRG结算反馈数据，实现对所有DRG病组/患者关键业务指标的分析，以及指定病种费用结构的多维度分析。 <!-- -->,正偏离/无偏离,平台已实现（详见对应功能模块）
27,,,提供对分组器管理、区域标杆管理、标准手术配置、中医优势病种以及系统功能权限等参数的配置管理；,外部条件,需医保局/省平台等外部环境开通后联调
28,,,提供数据权限配置、系统用户管理等的功能。 <!-- -->,正偏离/无偏离,平台已实现（详见对应功能模块）
29,★,,按照四川省医保部门下发的《定点医药机构接口规范（基线版）》开发系统接口，从院方相关系统内（如HIS系统、病案系统等）同步获取包括基本信息、诊断、手术、费用明细等DRG付费相关数据信息。 +-------------------------------+--------------------------------------------------------------------------,正偏离/无偏离,平台已实现（详见对应功能模块）
30,,,需提供数据抽取、数据治理、数据建模功能，为系统和各类报表分析功能提供实时可变动的数据服务。 数据质控,正偏离/无偏离,平台已实现（详见对应功能模块）
31,,,需提供数据质控功能，为系统内各项数据提供实时质控服务。 医保智能审核规则库 预警管理 规则库规则分级预警管理,正偏离/无偏离,平台已实现（详见对应功能模块）
32,,,需提供规则库规则分级预警管理入口，实现对规则库规则预警的3级配置：结算控制，报错控制，提醒控制。 规则管理 规则库预置,正偏离/无偏离,平台已实现（详见对应功能模块）
33,,,需提前预置省市医保审核规则规则库，提供医保费用审核规则，规则主要项目包括但不限于超适应症、药品超适应症、材料与治疗项目不符、项目超频次、项目内涵、药品限制天数、性别限制等。 规则查询,正偏离/无偏离,平台已实现（详见对应功能模块）
34,,,需支持按照规则类型、规则名称、规则分类、规则来源等维度进行规则查询。 规则库规则自定义,待复核,初评未匹配，须项目组逐条人工确认
35,,,需支持增加和补充规则库，可自定义医院提供医保相关违规规则或院内管理规则，需包括有限定范围、规则翻译、豁免设置、不同场景级别控制等配置自定义。 规则库规则启停管理,配套产品响应,属设备配套软件/商用知识库/CA 等产品参数，平台已留标准接入点
36,,,需支持对规则的生效状态进行开启/关闭管理。 > 飞检自查自纠,配套产品响应,属设备配套软件/商用知识库/CA 等产品参数，平台已留标准接入点
37,,,提供省级、市级飞检问题清单模板，可根据实际需求选择性针对重点项目进行历史数据自查自纠，统计自查结果，分析违规因素，给出改进方案、建议等服务。 > 医院医保智能审核管理 收费监督 实时收费监督,配套产品响应,属设备配套软件/商用知识库/CA 等产品参数，平台已留标准接入点
38,,,需支持在门诊诊间、开立医嘱、护士补记账费用、病人预出院等多种场景下，利用医疗费用监测规则库对病人的医嘱、费用进行医保合理性检查。并可通过控制级别对可疑、违规费用进行预警和控制。 个性化建议,配套产品响应,属设备配套软件/商用知识库/CA 等产品参数，平台已留标准接入点
39,,,需支持实时个性化建议功能，当实时收费监督进行提醒时，为临床提供个性化建议，帮助医生合理化操作。 钉钉消息,正偏离/无偏离,平台已实现（详见对应功能模块）
40,,,需支持钉钉消息功能，接入医院钉钉，可向临床每日定时推送违规汇总报告，提醒医护及时处理。 门诊费用审核,配套产品响应,属设备配套软件/商用知识库/CA 等产品参数，平台已留标准接入点
41,,,需定时对所有住院病人的费用进行审核。 住院费用审核,正偏离/无偏离,平台已实现（详见对应功能模块）
42,,,需定时对所有门诊病人的费用进行审核。 特批申请/审核,配套产品响应,属设备配套软件/商用知识库/CA 等产品参数，平台已留标准接入点
43,,,针对诊间提示收费异常的收费信息，需支持临床特批申请功能，支持医保科在线查看、审批功能。 费用批量审核,配套产品响应,属设备配套软件/商用知识库/CA 等产品参数，平台已留标准接入点
44,,,选定时间范围内的费用，利用医疗费用监测规则库对费用进行批量检查。 医保申诉反馈 疑点导入,配套产品响应,属设备配套软件/商用知识库/CA 等产品参数，平台已留标准接入点
45,,,需支持对省医保平台的疑点数据进行导入，与系统异常收费进行比对，核对一致率并展示结果。 申诉反馈,配套产品响应,属设备配套软件/商用知识库/CA 等产品参数，平台已留标准接入点
46,,,需支持对疑点进行批量申诉，已有的特批费用可自动进行申诉。 自动申诉,配套产品响应,属设备配套软件/商用知识库/CA 等产品参数，平台已留标准接入点
47,,,需支持自动申诉功能，提供维护针对具体项目或者某大类规则的自动申诉填写能力，自动申诉方式可以是自动延续上次理由。 处理方案,配套产品响应,属设备配套软件/商用知识库/CA 等产品参数，平台已留标准接入点
48,,,需支持违规申诉处理方案功能，为临床提供合理的处理方案建议，帮助临床正确处理违规。 统计分析管理 门诊违规统计与分析,配套产品响应,属设备配套软件/商用知识库/CA 等产品参数，平台已留标准接入点
49,,,可通过按科室、按规则大类等不同维度分析门诊收费过程中出现的可疑违规费用。通过违规次数排序，分析全院违规次数较多的规则。并展示分析结果。 科室违规统计与分析,配套产品响应,属设备配套软件/商用知识库/CA 等产品参数，平台已留标准接入点
50,,,可通过按科室等不同维度分析已出院的医保病人可疑违规费用。通过违规次数排序，分析全院违规次数较多的规则。并展示分析结果。 项目违规统计与分析,配套产品响应,属设备配套软件/商用知识库/CA 等产品参数，平台已留标准接入点
51,,,可通过按照收费项目编码等不同维度分析全院可疑违规费用。通过违规次数排序，分析全院违规次数较多的收费项目。并展示分析结果。 系统管理 菜单管理,配套产品响应,属设备配套软件/商用知识库/CA 等产品参数，平台已留标准接入点
52,,,可实现对菜单进行添加、修改、查询、删除等操作。 角色管理,正偏离/无偏离,平台已实现（详见对应功能模块）
53,,,可实现创建、更新角色、启用和禁用角色、删除角色等操作。 用户管理,正偏离/无偏离,平台已实现（详见对应功能模块）
54,★,,可实现添加用户、删除用户、停用用户等操作。 权限管理 可实现页面权限管理、操作权限管理、数据权限管理等操作。 +-------------------------------+----------------------------------------------------------------------------------------------------------------,正偏离/无偏离,平台已实现（详见对应功能模块）
55,,,需支持自动去骨，可自动进行血管命名与血管分段，能自动识别并提取血管中心线，选中血管时，影像可动态改变为最便于观察该血管的CPR角度，兼容颅内、颈部、头颈连扫的CTA数据，可切换显示冠/矢/轴位的厚层图像。 容积再现（VR）,配套产品响应,属设备配套软件/商用知识库/CA 等产品参数，平台已留标准接入点
56,,,需支持含主流工作站风格的不少于4种VR重建效果，可选择是否重建双侧颈外动脉和锁骨下动脉；提供多种体渲染VR类型，动态VR含可实时任意角度旋转且支持推送及打印的全景、颅内、反色、带骨、半透明带骨、带组织等样式，静态VR含12种方位切割的颅内带骨VR；颅内VR支持预设脑动脉颅外段起点，有基于真实体素数据的VR模型；可实时调整VR窗宽窗位，动态VR与动态反色VR支持单独显示左侧、右侧、前循环、后循环血管,配套产品响应,属设备配套软件/商用知识库/CA 等产品参数，平台已留标准接入点
57,,,需提供动态与静态两类VMIP。动态VMIP含可实时任意角度旋转且支持推送及打印的全景、颅内、全景去骨、全景反色、颅内反色样式，且动态VMIP与动态反色VMIP支持单独显示左侧、右侧、前循环、后循环血管及Willis环；静态VMIP含支持冠状位（A/P）、冠状位中间(A/P)、矢状位（L/R）、矢状位中间(L/R)、轴状位（S/I）、轴状位中间(S/I)共12种方位切割的颅内带骨VMIP；可实时调整,配套产品响应,属设备配套软件/商用知识库/CA 等产品参数，平台已留标准接入点
58,,,需支持显示断层图像，能重建并显示冠状位、矢状位图像；同时支持任意角度、层厚及层间距的最大密度投影重组、最小密度投影重组与平均密度投影重组。 曲面重组（CPR）,配套产品响应,属设备配套软件/商用知识库/CA 等产品参数，平台已留标准接入点
59,,,需支持自动创建血管的曲面重组图，预设颅内和颈部血管CPR图像的起点和终点。 曲面矫直图像（SCPR）,配套产品响应,属设备配套软件/商用知识库/CA 等产品参数，平台已留标准接入点
60,,,需支持360度查看每一支血管的曲面矫直图像，并显示血管分段信息。 血管横截面图像,正偏离/无偏离,平台已实现（详见对应功能模块）
61,,,需支持显示上下等距离取9个点的血管横截面图像，层间距可配置。 最大密度投影（MIP）\ 需支持预设MIP图像的层厚和间距，可自动生成冠状位、矢状位、轴位的去骨MIP图像与带骨MIP图像。 血管编辑,配套产品响应,属设备配套软件/商用知识库/CA 等产品参数，平台已留标准接入点
62,,,需支持在原始轴位图像上选点进行血管生长，能在动态VR上实时查看生长效果且支持选择不同生长阈值；支持多种裁剪功能，包括在动态VR图像上裁剪任意部分血管、裁剪任意部分血管后保留范围外VR的反向裁剪、裁剪任意血管分支的分支裁剪，以及在动态VR图像上裁剪含血管和其他组织在内任意部分的任意裁剪；还可在MPR图像上整体切割图像重建范围，并在VR图像上实时查看调整后的效果。 轨迹编辑,配套产品响应,属设备配套软件/商用知识库/CA 等产品参数，平台已留标准接入点
63,,,需支持在CPR图像上用点模式和线模式调整血管中心线轨迹，修改后CPR、拉直图、探针图等实时同步。 血管斑块智能分析,配套产品响应,属设备配套软件/商用知识库/CA 等产品参数，平台已留标准接入点
64,,,需支持检出可疑斑块并定位其所在血管分段，将血管斑块分为钙化、非钙化、混合三类；能在CPR图像上自动定位可疑斑块的起止点，同时自动标记当前分段的管腔最狭窄处。 血管狭窄智能评估,配套产品响应,属设备配套软件/商用知识库/CA 等产品参数，平台已留标准接入点
65,,,需支持对管腔狭窄程度进行分级评估，分为未见狭窄、轻度狭窄、中度狭窄、重度狭窄、完全闭塞5级，给出狭窄程度的百分数测量值；同时自动测量狭窄长度，并定位最狭窄处所在的血管分段。 支架分析,正偏离/无偏离,平台已实现（详见对应功能模块）
66,,,需支持检出支架并定位其所在的血管分段。 Willis环变异评估,正偏离/无偏离,平台已实现（详见对应功能模块）
67,,,需支持自动评估Willis环前/后循环的变异情况，可手动修改。 狭窄分级,正偏离/无偏离,平台已实现（详见对应功能模块）
68,,,颅内动脉和颈部动脉需具备两种狭窄分级选择，支持狭窄类型、狭窄类型＋百分比、狭窄类型＋百分比范围三种狭窄程度描述方式。 支架检出,正偏离/无偏离,平台已实现（详见对应功能模块）
69,,,需支持头颈血管支架的检出及定位，支持毫米和厘米两种长度单位。 颅内动脉瘤检出与定位,配套产品响应,属设备配套软件/商用知识库/CA 等产品参数，平台已留标准接入点
70,,,需支持自动检出可疑颅内动脉瘤，定位所在血管分段。 多角度展示动脉瘤,配套产品响应,属设备配套软件/商用知识库/CA 等产品参数，平台已留标准接入点
71,,,需支持自动生成MPR图像展示动脉瘤。 动脉瘤标记,配套产品响应,属设备配套软件/商用知识库/CA 等产品参数，平台已留标准接入点
72,,,需支持在VR、CPR、曲面矫直、MRP图像、原始轴位图像上标记动脉瘤的范围区域。,外部条件,需医保局/省平台等外部环境开通后联调
73,,,动脉瘤轮廓勾画 需支持在原始轴位图像上自动勾画动脉瘤轮廓。 显示/隐藏动脉瘤标记,配套产品响应,属设备配套软件/商用知识库/CA 等产品参数，平台已留标准接入点
74,,,需支持在VR、MPR、原始轴位图像上显示/隐藏动脉瘤标记。 动脉瘤参数测量,配套产品响应,属设备配套软件/商用知识库/CA 等产品参数，平台已留标准接入点
75,,,需支持自动测量可疑动脉瘤的参数，包括最大直径、体积、长径、短径、高度、宽度、瘤颈宽度、尺寸比、纵横比。 动脉瘤分析算法,配套产品响应,属设备配套软件/商用知识库/CA 等产品参数，平台已留标准接入点
76,,,需支持基于深度学习算法对动脉瘤分析。 动脉瘤参数测量,配套产品响应,属设备配套软件/商用知识库/CA 等产品参数，平台已留标准接入点
77,,,需支持自动测量可疑动脉瘤的最大直径、体积、高度、宽度、瘤颈宽度、长宽比、尺寸比、纵横比。 动脉瘤检出效能,配套产品响应,属设备配套软件/商用知识库/CA 等产品参数，平台已留标准接入点
78,,,颅内动脉瘤检出功能需经过临床验证，动脉瘤检出率≥95%。 <!-- -->,配套产品响应,属设备配套软件/商用知识库/CA 等产品参数，平台已留标准接入点
79,,,需支持图像多维交互操作，包括血管中心线可视化、图像四角注释显隐切换、反色显示、操作重置功能，以及原图/VR/VMIP/CPR/拉直图等模态的任意角度及层面截图能力，具备图像质量评估功能。 组合截图,配套产品响应,属设备配套软件/商用知识库/CA 等产品参数，平台已留标准接入点
80,,,需支持自动拼接VR、CPR、拉直图、探针图等多种图像不同组合方式的组合图并进行截图操作，支持不少于5种拼接方式的组合截图生成。 容积再现（VR）,配套产品响应,属设备配套软件/商用知识库/CA 等产品参数，平台已留标准接入点
81,,,需支持体渲染动态VR、动态反色VR、真实体素VR模型，可实时调整VR图像的阈值，持不少于3种VR配色方案。 自适应窗宽窗位,配套产品响应,属设备配套软件/商用知识库/CA 等产品参数，平台已留标准接入点
82,,,需支持根据造影剂注射情况自适应调节VMIP图像的窗宽窗位。 多平面重组（MPR）,配套产品响应,属设备配套软件/商用知识库/CA 等产品参数，平台已留标准接入点
83,,,需支持多平面重组（MPR），可显示断层图像，重建并显示冠状位、矢状位图像，实现心脏轴位MPR重建及显示心脏长、短轴位图像，支持任意角度、层厚及层间距的最大、最小、平均密度投影重组。 曲面重组（CPR）,配套产品响应,属设备配套软件/商用知识库/CA 等产品参数，平台已留标准接入点
84,★,,需支持显示冠脉球面视图和平面视图，自动创建曲面重组图、血管横截面图像，支持血管编辑。需支持自动将各类病灶诊断结果汇总展示。识别冠脉优势型，提示冠脉起源，检出可疑斑块并定位所在血管分段，将血管斑块分为钙化、非钙化、混合3类，将狭窄类型分为局限性、节段性、弥漫性3类，检出支架、心肌桥，自动将管腔狭窄程度分为6级，并自动计算狭窄率。 +-------------------------------+--,配套产品响应,属设备配套软件/商用知识库/CA 等产品参数，平台已留标准接入点
85,,,提前写入患者信息，患者佩戴当天可直接佩戴即可；,正偏离/无偏离,平台已实现（详见对应功能模块）
86,,,实时显示预约数量，佩戴数量。一个界面完成预约，佩戴，重背，录入等步骤；,正偏离/无偏离,平台已实现（详见对应功能模块）
87,,,软件支持预约、检查、诊断优先设置，针对紧急病人可以设置优先预约、优先检查以及优先诊断，系统具有高优先级病人记录的标注，醒目字体标识；,正偏离/无偏离,平台已实现（详见对应功能模块）
88,,,软件可直接打印预约登记检查单，自动生成条码信息及检查注意事项提示。 **二、信息录入系统**,正偏离/无偏离,平台已实现（详见对应功能模块）
89,,,采集端负责记录盒原始数据的录入。可独立于分析软件之外的数据录入系统，支持在医院进行科室分布式的设备安放；,正偏离/无偏离,平台已实现（详见对应功能模块）
90,,,采集端支持录入病人信息，后续分析环节无需重复录入；,待复核,初评未匹配，须项目组逐条人工确认
91,,,支持接入条形码扫描器进行扫描预约单录入信息，减少人工录入时间；,正偏离/无偏离,平台已实现（详见对应功能模块）
92,,,关键字查阅病人实时状态，亦可查阅病例的实时状态。 <!-- -->,待复核,初评未匹配，须项目组逐条人工确认
93,,,分析软件需免费兼容医院现有动态心电，动态血压设备，并以原始数据入网；,正偏离/无偏离,平台已实现（详见对应功能模块）
94,,,"分析软件部署在服务器上，支持WEB访问分析软件,不限制工作站点数量；",待复核,初评未匹配，须项目组逐条人工确认
95,,,全导联预分析，0时长等待，所有导联参与分析，无需选择导联，调整参数，自动分析完成后并以简单的文字报告结论形式提示当前心电数据分析情况；,配套产品响应,属设备配套软件/商用知识库/CA 等产品参数，平台已留标准接入点
96,,,分析软件提供多种人性化操作菜单，按照医生浏览、编辑、总结的操作习惯设置工具菜单，更加符合人机对话；,正偏离/无偏离,平台已实现（详见对应功能模块）
97,,,分析软件以模板为中心构建多种直方图、散点图、叠加图多画面同时互动，快速找到异常心电图提高编辑效率；,正偏离/无偏离,平台已实现（详见对应功能模块）
98,,,分析软件具有双导联叠加分析功能。便于进行复杂心电图分析；,配套产品响应,属设备配套软件/商用知识库/CA 等产品参数，平台已留标准接入点
99,,,分析软件具有一键房颤重分析功能，自动识别房颤；,配套产品响应,属设备配套软件/商用知识库/CA 等产品参数，平台已留标准接入点
100,,,分析软件具有QT间期分析、心电向量分析、心率震荡分析、T波电交替分析、心室晚电位分析、心率减速分析、睡眠窒息分析等多种高级工具分析；,正偏离/无偏离,平台已实现（详见对应功能模块）
101,,,分析软件具有一键自动起搏器分类分析；,配套产品响应,属设备配套软件/商用知识库/CA 等产品参数，平台已留标准接入点
102,,,分析软件具有房扑分析功能；,配套产品响应,属设备配套软件/商用知识库/CA 等产品参数，平台已留标准接入点
103,,,分析软件HR时域、频域分析等功能；,配套产品响应,属设备配套软件/商用知识库/CA 等产品参数，平台已留标准接入点
104,,,分析软件具有ST-T段，ST段分析可根据心率自适应分析调整；,配套产品响应,属设备配套软件/商用知识库/CA 等产品参数，平台已留标准接入点
105,,,分析软件具有T波分析及事件统计功能；,正偏离/无偏离,平台已实现（详见对应功能模块）
106,,,"分析软件具有一键""智能结论""功能，可自定义设置报告，自定义分析结论模板，自动按照分析情况生成报告结论，无需手动输入；",正偏离/无偏离,平台已实现（详见对应功能模块）
107,,,分析软件报告编辑按照报告处理的先后顺序排列菜单（最快心率、最慢心率、房早事件等顺序），医生可根据24小时心率趋势图的时间段进行实时图条保存。 **动态血压数据展示统计系统功能：**,正偏离/无偏离,平台已实现（详见对应功能模块）
108,,,提供血压脉搏波波形显示功能，辅助医生进行二次诊断；,正偏离/无偏离,平台已实现（详见对应功能模块）
109,,,智能识别病人测量状态，包括静止、心律失常、轻/中/重度运动等；,配套产品响应,属设备配套软件/商用知识库/CA 等产品参数，平台已留标准接入点
110,,,提供多种图表辅助分析工具，包括趋势图、相关图、饼图、直方图、昼夜规律图、比较图等；,待复核,初评未匹配，须项目组逐条人工确认
111,,,提供血压变异系数、夜间血压下降比、血压负荷、晨峰血压等分析指标；,配套产品响应,属设备配套软件/商用知识库/CA 等产品参数，平台已留标准接入点
112,,,提供血压负荷、白大衣性高血压、隐匿性高血压、昼夜节律、动态动脉硬化指数等自动分析结论；,配套产品响应,属设备配套软件/商用知识库/CA 等产品参数，平台已留标准接入点
113,,,支持双臂血压分析；,配套产品响应,属设备配套软件/商用知识库/CA 等产品参数，平台已留标准接入点
114,,,支持PDF报告打印，自定义模板报告，彩色打印等功能；,正偏离/无偏离,平台已实现（详见对应功能模块）
115,,,持EXCEL导出功能。 **四、科室管理系统**,正偏离/无偏离,平台已实现（详见对应功能模块）
116,,,软件具有医生排班系统，根据排版日历管理医生的工作日及工作量；,正偏离/无偏离,平台已实现（详见对应功能模块）
117,,,软件支持实时管理科室设备佩戴情况、患者预约登记情况 、数据录入及分析情况；,正偏离/无偏离,平台已实现（详见对应功能模块）
118,,,统计科室工作量，并导出EXCLE数据；,正偏离/无偏离,平台已实现（详见对应功能模块）
119,,,科室设备管理，实时显示科室设备状态，便于医生统一调度。 **五、报告管理及电子签名**,正偏离/无偏离,平台已实现（详见对应功能模块）
120,,,报告首页支持自动编辑和自定义编辑；,正偏离/无偏离,平台已实现（详见对应功能模块）
121,,,软件支持图片电子签名和CA认证电子签名；,正偏离/无偏离,平台已实现（详见对应功能模块）
122,,,软件支持打印预览，支持自定义打印调整，支持黑白彩色打印；,正偏离/无偏离,平台已实现（详见对应功能模块）
123,,,软件支持多种报告格式。系统可与医院现有集成平台进行对接，提供集成平台所需的检查状态、检查结论、检查报告等相关信息；,正偏离/无偏离,平台已实现（详见对应功能模块）
124,,,支持与电子病历系统集成，实现将心电图、动态心电、动态血压检查结果传输至电子病历系统。 **六、信息化及数据管理**,正偏离/无偏离,平台已实现（详见对应功能模块）
125,,,软件需与医院HIS等第三方信息集成平台进行数据对接；,正偏离/无偏离,平台已实现（详见对应功能模块）
126,,,软件系统提供多院区数据互联互通解决方案，医生在任意院区均可直接同步历史数据；,正偏离/无偏离,平台已实现（详见对应功能模块）
127,,,医院开放网络环境的情况下，软件系统支持直接开展远程诊断业务，无需再进行重复建设；,正偏离/无偏离,平台已实现（详见对应功能模块）
128,,,软件支持大容量存储，数据统一存储，随时调取便于管理和提供科研数据；,待复核,初评未匹配，须项目组逐条人工确认
129,,,在线存储全部动态心电资料；支持数据挖掘。提供各种格式的数据导出，对比，分析；,正偏离/无偏离,平台已实现（详见对应功能模块）
130,,,支持局域网内远程管理，便于日常运行维护及故障处理；,待复核,初评未匹配，须项目组逐条人工确认
131,★,,软件兼容国产操作系统。 +-------------------------------+-----------------------------------------------------------------------------------------------------------------------------------------------------------,待复核,初评未匹配，须项目组逐条人工确认
132,,,支持在医生开方阶段对处方/医嘱的用药合理性进行实时审查，并给予医生提示，对于严重的用药问题可以直接在医生端进行拦截；,正偏离/无偏离,平台已实现（详见对应功能模块）
133,,,支持对处方/医嘱中用法用量、相互作用、配伍禁忌、重复用药、禁忌症、适应症、特殊人群用药、妊娠期用药、哺乳期用药、过敏、给药途径等不合理用药情况进行自动审查。 干预配置功能,配套产品响应,属设备配套软件/商用知识库/CA 等产品参数，平台已留标准接入点
134,,,支持设置处方/医嘱用药问题提示的科室及提示信息的类型和等级；,正偏离/无偏离,平台已实现（详见对应功能模块）
135,,,支持门诊按处方或按患者提示医生用药问题，按患者提示即合并患者当日所有有效处方进行审核；,正偏离/无偏离,平台已实现（详见对应功能模块）
136,,,支持门诊跨就诊合并审查，例如合并审查过去7天（可设置）内患者在本院是否已开具过重复处方；,正偏离/无偏离,平台已实现（详见对应功能模块）
137,,,支持配置住院长期医嘱和临时医嘱之间是否开启重复用药审查；,正偏离/无偏离,平台已实现（详见对应功能模块）
138,,,支持配置门诊处方或住院医嘱特殊给药频率（如st、once）是否开启重复用药审查；,正偏离/无偏离,平台已实现（详见对应功能模块）
139,,,处方/医嘱干预结果查询；,正偏离/无偏离,平台已实现（详见对应功能模块）
140,,,支持处方/医嘱及干预结果的自动采集和保存，支持药师实时查看医生开具的处方/医嘱及发生的用药问题；,正偏离/无偏离,平台已实现（详见对应功能模块）
141,,,支持药师对具体审查结果对应的知识库规则进行确认/待查操作，或对知识库进行修改完善；,正偏离/无偏离,平台已实现（详见对应功能模块）
142,,,支持医生登入系统，查看本人的全部问题处方和处方审核结果；,正偏离/无偏离,平台已实现（详见对应功能模块）
143,,,支持科主任/医院管理人员登入系统，查看本科室或本院的全部问题处方/医嘱及审核结果；,正偏离/无偏离,平台已实现（详见对应功能模块）
144,,,干预效果分析；,待复核,初评未匹配，须项目组逐条人工确认
145,,,支持图表化展示实时干预效果（每小时更新）；,待复核,初评未匹配，须项目组逐条人工确认
146,,,实时统计当日处方数、干预处方数、拦截处方数、审查次数、干预率及拦截率；,正偏离/无偏离,平台已实现（详见对应功能模块）
147,,,实时统计当日住院患者数、干预患者数、拦截患者数、审查次数、干预率及拦截率；,正偏离/无偏离,平台已实现（详见对应功能模块）
148,,,支持展示干预效果趋势图；,待复核,初评未匹配，须项目组逐条人工确认
149,,,支持展示警示信息发生数柱状图；,待复核,初评未匹配，须项目组逐条人工确认
150,,,支持展示门诊/住院干预量科室前十名；,正偏离/无偏离,平台已实现（详见对应功能模块）
151,,,支持展示警示信息发生数药品前十名；,待复核,初评未匹配，须项目组逐条人工确认
152,,,支持干预效果分析统计；,正偏离/无偏离,平台已实现（详见对应功能模块）
153,,,支持按医院/科室/医生维度查看处方总数、审查次数、干预处方数、拦截处方数等指标；,正偏离/无偏离,平台已实现（详见对应功能模块）
154,,,支持按医院/科室维度查看住院患者总数、审查次数、干预患者数、拦截患者数等指标；,正偏离/无偏离,平台已实现（详见对应功能模块）
155,,,支持按医院/科室/医生维度查看医生对门诊问题处方的处理情况，包括更换药物、修正错误、忽略错误及删除处方的处方数及占比；,正偏离/无偏离,平台已实现（详见对应功能模块）
156,,,支持按医院/科室/医生查看门诊处方不同等级或类型警示信息的发生次数、发生处方数及占比；,正偏离/无偏离,平台已实现（详见对应功能模块）
157,,,支持按医院/科室查看住院患者不同等级或类型警示信息的发生次数、发生患者数及占比；,正偏离/无偏离,平台已实现（详见对应功能模块）
158,,,支持按医院/科室/医生查看不同等级或类型警示信息的发生次数、发生患者数及占比；,正偏离/无偏离,平台已实现（详见对应功能模块）
159,,,支持按药品展示不同类型或等级警示信息的发生次数、发生处方数、发生患者数及占比。 +-------------------------------+-------------------------------------------------------------------------------------------------------------------------------,正偏离/无偏离,平台已实现（详见对应功能模块）
160,★,,可查看各厂家已上市药品的完整说明书；,配套产品响应,属设备配套软件/商用知识库/CA 等产品参数，平台已留标准接入点
161,★,,优先展示用户自定义添加的药品说明书。 药物手册,配套产品响应,属设备配套软件/商用知识库/CA 等产品参数，平台已留标准接入点
162,★,,支持通过提取说明书提纲中内容的方式将说明书生成药品的药物手册；,配套产品响应,属设备配套软件/商用知识库/CA 等产品参数，平台已留标准接入点
163,★,,支持药物手册的查看和批量导出操作。 医药学公式,正偏离/无偏离,平台已实现（详见对应功能模块）
164,★,,"提供""心血管系统、呼吸系统、泌尿系统、内分泌系统、血液系统、肿瘤与应用、儿科学""7类医学相关计算公式的应用计算。 其他医药信息",待复核,初评未匹配，须项目组逐条人工确认
165,★,,可查询《国家基本药物处方集（2012版）》、《中华人民共和国药典(2020年版)》、《新编药物学（17版）》、《中国国家处方集（2010版）》、《国家基本药物临床应用指南（2012版）》、《临床注射药物应用指南(2014版)》、等书籍摘抄；,配套产品响应,属设备配套软件/商用知识库/CA 等产品参数，平台已留标准接入点
166,★,,可查询国家药品监督管理局发布的药品警戒快讯、说明书修订公告、药品不良反应信息通报；,配套产品响应,属设备配套软件/商用知识库/CA 等产品参数，平台已留标准接入点
167,★,,可查询国家卫健委和药品监督管理局发布的通知公告和法律法规。 自定义医院文献,待复核,初评未匹配，须项目组逐条人工确认
168,★,,支持用户自定义维护文献、杂志，参考文献等内容；,正偏离/无偏离,平台已实现（详见对应功能模块）
169,★,,自定义相关资料内容均支持自主查询。 自定义医院说明书,配套产品响应,属设备配套软件/商用知识库/CA 等产品参数，平台已留标准接入点
170,★,,支持用户对药品说明书内容进行自定义维护与更新；,配套产品响应,属设备配套软件/商用知识库/CA 等产品参数，平台已留标准接入点
171,★,,说明书查询时，优先展示自定义添加的说明书。 ### 审核规则库 系统提供的规则库,配套产品响应,属设备配套软件/商用知识库/CA 等产品参数，平台已留标准接入点
172,★,,系统提供1套药品说明书规则集，及3套来源于三甲医院临床应用规则集供用户进行参考、复制、引用操作。临床应用规则集名称分别为：三甲综合医院规则集、三甲儿童医院规则集和三甲中医院规则集；,配套产品响应,属设备配套软件/商用知识库/CA 等产品参数，平台已留标准接入点
173,★,,说明书规则集源于药品说明书标准维护，规则经过数百家医疗机构多年实践验证、累计优化；规则库覆盖用户全部药品及其它已上市药品的各项合理性审查内容；同时支持不同的问题审查结果，进行警示级别的区分；,配套产品响应,属设备配套软件/商用知识库/CA 等产品参数，平台已留标准接入点
174,★,,三甲综合医院规则集、三甲儿童医院规则集、三甲中医院规则集是基于医院自身对用药的理解维护的规则内容；,配套产品响应,属设备配套软件/商用知识库/CA 等产品参数，平台已留标准接入点
175,★,,三甲综合医院规则集自定义规则10000+条，其中涵盖8级规则21条、7级规则2500+条、6级规则3600+条；,配套产品响应,属设备配套软件/商用知识库/CA 等产品参数，平台已留标准接入点
176,★,,三甲儿童医院规则集自定义规则180+条，其中涵盖8级规则80+条；,配套产品响应,属设备配套软件/商用知识库/CA 等产品参数，平台已留标准接入点
177,★,,三甲中医院规则集自定义规则5400+条，其中涵盖8级规则400+条。 规则库的更新引导,配套产品响应,属设备配套软件/商用知识库/CA 等产品参数，平台已留标准接入点
178,★,,说明书规则集中的规则内容会根据说明书的修订进行新增、修改；,配套产品响应,属设备配套软件/商用知识库/CA 等产品参数，平台已留标准接入点
179,★,,3套三甲临床应用规则集会根据回收医院的规则使用进行及时新增、修改；,配套产品响应,属设备配套软件/商用知识库/CA 等产品参数，平台已留标准接入点
180,★,,当用户系统知识包更新后，系统可根据用户使用规则的引用情况对更新的内容做出更新提醒，用户可根据自身业务需求对更新的规则进行全部更新、部分更新、或不更新操作；,正偏离/无偏离,平台已实现（详见对应功能模块）
181,★,,当用户系统知识包更新后，系统可根据用户药品比对情况对新增的规则内容做出新增提醒，用户可根据自身业务需求对新增的规则进行全部更新、部分更新、或不更新操作。 ### 审查功能 审查问题的严重程度管理功能,正偏离/无偏离,平台已实现（详见对应功能模块）
182,★,,通过采用警示级别的设置，实现按严重程度对审查出的不合理问题进行区分： <!-- -->,待复核,初评未匹配，须项目组逐条人工确认
183,★,,"通过采用警示类型的设置，对审查出的不合理问题按照错误类型进行问题归类。支持审查的问题有""用药建议、用药提醒、管理规定、适宜性分析、规范性分析、超常性分析""等。支持自定义添加提示类型。 检验指标与用药的审查",正偏离/无偏离,平台已实现（详见对应功能模块）
184,★,,将检验指标与相关药品进行关联，实现检验指标在该药品用法用量、禁忌症、相互作用审查中的应用； <!-- -->,正偏离/无偏离,平台已实现（详见对应功能模块）
185,★,,系统支持结合患者诊断、检验指标、年龄等信息，实现对药品适应症、禁忌症的合理性审查；,正偏离/无偏离,平台已实现（详见对应功能模块）
186,★,,适应症：已覆盖除溶媒、肠内和肠外营养用药、疫苗、血浆制品和血浆代用品、止血药、造影剂以外的用户全部药品，及其他已上市药品；,配套产品响应,属设备配套软件/商用知识库/CA 等产品参数，平台已留标准接入点
187,★,,禁忌症：已覆盖所有存在禁忌症的用户全部药品，及其他已上市药品； 给药途径的审查,正偏离/无偏离,平台已实现（详见对应功能模块）
188,★,,实现处方/医嘱药品的给药途径的合理性的审查；,正偏离/无偏离,平台已实现（详见对应功能模块）
189,★,,对门急诊患者处方中使用的口服剂型药品（排除肠内营养制剂），审查其给药途径是否为鼻饲、造瘘管滴入，提醒用户可能存在给药途径不合理的问题。 用法用量的审查,正偏离/无偏离,平台已实现（详见对应功能模块）
190,★,,系统支持根据患者年龄、性别、体重、体表面积、孕产、诊断、各项检验指标，结合药品的给药途径等信息对药品剂量进行合理性审查；,正偏离/无偏离,平台已实现（详见对应功能模块）
191,★,,支持药嘱每次剂量、每平米每次剂量、每公斤每次剂量的审查；,配套产品响应,属设备配套软件/商用知识库/CA 等产品参数，平台已留标准接入点
192,★,,支持当前审查药嘱每天剂量、每平米每天剂量、每公斤每天剂量的审查；,配套产品响应,属设备配套软件/商用知识库/CA 等产品参数，平台已留标准接入点
193,★,,支持具体药品的累计日剂量、每平米累计日剂量、每公斤累计日剂量的审查；,配套产品响应,属设备配套软件/商用知识库/CA 等产品参数，平台已留标准接入点
194,★,,支持具体药品的累计剂量、每平米累计剂量、每公斤累计剂量的审查；,配套产品响应,属设备配套软件/商用知识库/CA 等产品参数，平台已留标准接入点
195,★,,支持当前药嘱相同成分的药品的成分累计剂量、成分每平米累计剂量、成分每公斤累计剂量的审查，避免同成分合并用药时判断为重复用药的假阳性；（如：复方制剂和单方制剂一起合用，但药品中各成分累计剂量符合最大用药剂量范围内，判定为合理的合并用药）；,配套产品响应,属设备配套软件/商用知识库/CA 等产品参数，平台已留标准接入点
196,★,,其中，支持长期医嘱和临时医嘱（st、once）的单次剂量的分别审查；,正偏离/无偏离,平台已实现（详见对应功能模块）
197,★,,系统支持根据患者年龄、性别、体重、体表面积、孕产、诊断、各项检验指标对药品给药频率、给药时机、进行合理性审查；,正偏离/无偏离,平台已实现（详见对应功能模块）
198,★,,实现儿童剂量多维度审查，儿童剂量符合参考标准中年龄和体重任一条件，均判断为合理的剂量；,待复核,初评未匹配，须项目组逐条人工确认
199,★,,实现缓释片、控释片、肠溶片等对分剂量服用有特定要求的药品，其每次给药剂量是否为合理的可分剂量的审查；,待复核,初评未匹配，须项目组逐条人工确认
200,★,,实现校正剂量（覆盖除肿瘤药品外的口服药品）的审查，通过对涉及体重、体表面积计算出的非整数剂量的校正，提高审查准确率（如某药品根据体重、体表面积计算出患者应使用0.98片，而医生实际开具1片，判断为合理的剂量）；,正偏离/无偏离,平台已实现（详见对应功能模块）
201,★,,实现异常剂量（覆盖除溶媒、疫苗、血浆成分及血浆代用品、造影、氨基酸、脂肪乳外的成品输液型药品、小容量注射剂和口服药品）的审查：80岁以上老年患者和14岁以下儿童患者，每次或每天剂量不得超过说明书常规剂量上限的1倍；其他患者，每次或每天剂量不得超过说明书常规剂量上限的2倍；14岁以上患者每次或每天剂量不得低于说明书常规剂量下限的1/5。 用药疗程的审查,配套产品响应,属设备配套软件/商用知识库/CA 等产品参数，平台已留标准接入点
202,★,,在门诊药嘱用药时，支持特定药品的用药疗程的管控，限制医生仅能在规定疗程内进行开药；,待复核,初评未匹配，须项目组逐条人工确认
203,★,,在住院医嘱用药时，支持按在用药品配置药品累计使用最大天数的管控；,正偏离/无偏离,平台已实现（详见对应功能模块）
204,★,,触发审查时，超出用药天数的限制，给予医生提醒。 相互作用的审查,正偏离/无偏离,平台已实现（详见对应功能模块）
205,★,,结合病人的具体情况【如：诊断、检验值、合用药品（剂量、频率、给药途径）】等信息，实现可根据不同药品名称在实际用药中是否存在不良相互作用的精准审查；,正偏离/无偏离,平台已实现（详见对应功能模块）
206,★,,实现含有乙醇的药品与特定药物不良相互作用的审查，提示可能存在双硫仑样反应；,正偏离/无偏离,平台已实现（详见对应功能模块）
207,★,,含有2个或2个以上乌头碱的中成药（如：虎力散制剂、强力天麻杜仲制剂、祛风止痛制剂、尪痹制剂、复方夏天无片等）进行相互作用的审查，提示可能存在毒性反应；,正偏离/无偏离,平台已实现（详见对应功能模块）
208,★,,实现治疗感冒的中成药与滋补性中成药的审查，可能存在不良相互作用。 重复用药的审查（重复开具、重复治疗）,正偏离/无偏离,平台已实现（详见对应功能模块）
209,★,,实现可根据不同药品名称、或药品成分在实际用药中重复治疗的审查，重复治疗审查提示处方/医嘱中的两个或多个药品（带给药途径）同属某个药物治疗分类（即具有同一种治疗目的），可能存在重复用药的问题（已覆盖西药与西药、中成药与西药的重复用药）；,正偏离/无偏离,平台已实现（详见对应功能模块）
210,★,,实现病人用药处方/医嘱中的同一个全身给药的药品（排除溶媒等药品）重复开具的审查。 配伍的审查,配套产品响应,属设备配套软件/商用知识库/CA 等产品参数，平台已留标准接入点
211,★,,实现注射剂在开具时，实现配伍审查，提示同组药嘱中是否存在溶媒用量、溶媒选择、稀释（小容量注射剂）、配伍、及钾离子浓度不合理的问题；,配套产品响应,属设备配套软件/商用知识库/CA 等产品参数，平台已留标准接入点
212,★,,实现《400种中西药注射剂临床配伍应用检索表》、《459种中西药注射剂临床配伍应用检索表》的应用；,配套产品响应,属设备配套软件/商用知识库/CA 等产品参数，平台已留标准接入点
213,★,,对于必须先用注射用水稀释的注射剂，实现其同组药嘱中是否添加注射用水的审查。 特殊人群用药审查,待复核,初评未匹配，须项目组逐条人工确认
214,★,,实现用药处方/医嘱中是否存在特殊人群（妊娠期妇女、哺乳期妇女、老年人、儿童等）中的禁用及慎用的药品；,正偏离/无偏离,平台已实现（详见对应功能模块）
215,★,,根据传入的患者检验及诊断数据判断患者肝功能状态，审查肝功能不全患者是否存在禁用和慎用的药品；,正偏离/无偏离,平台已实现（详见对应功能模块）
216,★,,通过结合病人的诊断、eGFR指标值（可选择公式： Cockcroft-Gault 公式和CKD-EPI 公式）、是否透析状态等指标，判断患者肾功能状态，审查肾功能不全患者是否存在禁用和慎用的药品。 过敏的审查,正偏离/无偏离,平台已实现（详见对应功能模块）
217,★,,在获取病人既往过敏原或过敏类信息的基础上，提示病人用药处方中是否存在与病人既往过敏药品、食物相关的、可能导致类似过敏反应的药品；,正偏离/无偏离,平台已实现（详见对应功能模块）
218,★,,在获取病人对乙醇过敏，提示病人用药处方中是否存在含有乙醇的药品。 不良反应提醒,正偏离/无偏离,平台已实现（详见对应功能模块）
219,★,,根据国家药品监督管理局发布的不良反应信息通报，提醒医生在使用相关药品时需要注意的问题。 其他提醒,正偏离/无偏离,平台已实现（详见对应功能模块）
220,★,,处方/医嘱中肿瘤注射药品需要避光输注、冲管的，提醒医生用药需要注意该问题；,正偏离/无偏离,平台已实现（详见对应功能模块）
221,★,,处方/医嘱中肿瘤注射药品有特殊的滴速、输注速度，告知医生其适宜的滴速、输注速度； 备注：在某类药品上直接编辑提示规则，不论医生对药品的使用正确与否，均给予提示。 中药饮片的审查,配套产品响应,属设备配套软件/商用知识库/CA 等产品参数，平台已留标准接入点
222,★,,实现饮片十八反、十九畏的配伍管控；,配套产品响应,属设备配套软件/商用知识库/CA 等产品参数，平台已留标准接入点
223,★,,审查毒性饮片用药剂量是否超过药典推荐的剂量上限范围；,配套产品响应,属设备配套软件/商用知识库/CA 等产品参数，平台已留标准接入点
224,★,,审查是否存在药典规定的孕期禁止使用的饮片；,配套产品响应,属设备配套软件/商用知识库/CA 等产品参数，平台已留标准接入点
225,★,,审查外用饮片与药典不匹配的给药途径；,配套产品响应,属设备配套软件/商用知识库/CA 等产品参数，平台已留标准接入点
226,★,,实现肾功能不全、肝功能不全谨慎使用与禁止作用的饮片管控。 抗菌药物管理,配套产品响应,属设备配套软件/商用知识库/CA 等产品参数，平台已留标准接入点
227,★,,提供规则模板，可按《抗菌药物临床应用指导原则(2015年版)》实现抗菌药物越权用药的管控；,正偏离/无偏离,平台已实现（详见对应功能模块）
228,★,,实现处方/医嘱中是否存在作用机制相同药品重复应用的审查（同重复用药）；,正偏离/无偏离,平台已实现（详见对应功能模块）
229,★,,精、麻、毒、放、高危等药品的审查；,待复核,初评未匹配，须项目组逐条人工确认
230,★,,对已上市精、麻、毒、放、高危药品，维护精神药品、麻醉药品、毒性药品、放射性药品、高危药品的属性标志，用户可采用属性进行规则自定义，实现相关药品的管控；,正偏离/无偏离,平台已实现（详见对应功能模块）
231,★,,提供一类、二类精神药品管控规则模板，可按《处方管理办法》实现用药疗程天数管控；,正偏离/无偏离,平台已实现（详见对应功能模块）
232,★,,提供麻醉药品提供管控规则模板，可按《处方管理办法》实现用药疗程天数的管控；,正偏离/无偏离,平台已实现（详见对应功能模块）
233,★,,对于麻醉药品缓控释制剂（如芬太尼贴剂、硫酸吗啡控释片、盐酸羟考酮缓释片、盐酸羟考酮控释片等），实现不同品种药品重复使用的审查。 TPN处方/医嘱审查,配套产品响应,属设备配套软件/商用知识库/CA 等产品参数，平台已留标准接入点
234,★,,支持三类肠外营养用药方案（仅含脂肪乳+氨基酸、仅含糖+氨基酸、仅含脂肪乳+糖+氨基酸）的自动识别和审查；,配套产品响应,属设备配套软件/商用知识库/CA 等产品参数，平台已留标准接入点
235,★,,实现氨基酸类、糖类、脂肪乳类、电解质类、水溶性维生素(复合)、脂溶性维生素(复合)、水溶性维生素(单方)、脂溶性维生素(单方)、微量元素类(复合)、微量元素类(单方)、其他类(如注射用水，胰岛素)共11类肠外营养用药用量和浓度的审查；,配套产品响应,属设备配套软件/商用知识库/CA 等产品参数，平台已留标准接入点
236,★,,支持根据根据患者年龄、体重、诊断及检验指标等特征实现对患者能量需求和补液量需求的审查；,正偏离/无偏离,平台已实现（详见对应功能模块）
237,★,,实现非蛋白热氮比、糖脂热量比、渗透压、液体量以及各营养物质比例等TPN特征参数的审核；,配套产品响应,属设备配套软件/商用知识库/CA 等产品参数，平台已留标准接入点
238,★,,支持TPN处方/医嘱在不同给药途径下渗透压是否符合要求的审查；,配套产品响应,属设备配套软件/商用知识库/CA 等产品参数，平台已留标准接入点
239,★,,支持营养液加入不允许添加药物的配伍提醒；,配套产品响应,属设备配套软件/商用知识库/CA 等产品参数，平台已留标准接入点
240,★,,支持营养液中仅含脂肪乳类和糖类，不含氨基酸类药物的配伍提醒。 自定义合理性审查规则,配套产品响应,属设备配套软件/商用知识库/CA 等产品参数，平台已留标准接入点
241,★,,支持用户自定义药品规则，能够对所有使用规则（包括引用自说明书规则集的规则和本院自定义的规则）进行新增、修改和删除，实现对用药适应症、禁忌症、用法用量、给药途径、相互作用、重复用药、特殊人群、配伍、过敏、不良反应等精准审查，规则审核后立即生效（不需要重启服务器）；,配套产品响应,属设备配套软件/商用知识库/CA 等产品参数，平台已留标准接入点
242,★,,提供150+判断条件，支持用户自定义编辑复杂规则判断，使药品的使用更加符合用户的实际用药情况；,正偏离/无偏离,平台已实现（详见对应功能模块）
243,★,,提供40+代表药品特点的属性（如单胺氧化酶抑制剂、磺胺结构类药品），支持用户在自定义规则中使用；,正偏离/无偏离,平台已实现（详见对应功能模块）
244,★,,支持用户自定义规则，可实现对q8h，q12h，q6h等特殊给药频率合理性的审查；,正偏离/无偏离,平台已实现（详见对应功能模块）
245,,▲,"①提供至少60个条件（如检验指标肌酐）的""为空""判断（即未获得病人的该类信息），②支持用户在自定义规则中使用，避免审查时存在缺陷；**（投标人提供相关软件界面截图，并加盖投标人公章）**",正偏离/无偏离,平台已实现（详见对应功能模块）
246,★,,提供中药颗粒目录，支持用户自定义规则，可以进行相应的管控；,正偏离/无偏离,平台已实现（详见对应功能模块）
247,★,,支持用户在自定义药品规则时，采用病人特征字典表达病人疾病情况。系统提供2500+个病人特征（如高血压、妊娠期妇女，已覆盖21个疾病）及其定义的规则，其规则可采用诊断、检验、手术等信息进行定义，已可基本满足已上市药品合理性审查（与西医诊断关联）时所需的病人特征；支持用户查看病人特征定义的规则，根据医院不同的管控需求，用户可对系统病人特征定义的规则进行修改或添加新的病人特征并自定义其规则。修改后，使用,正偏离/无偏离,平台已实现（详见对应功能模块）
248,★,,系统支持自定义规则审核后立即生效（不需要重启服务器）；可快速实现处方/医嘱的干预、查询、分析和统计。 自定义管理规则,正偏离/无偏离,平台已实现（详见对应功能模块）
249,★,,支持用户自定义管理规则，实现对整体用药的管控，包括门、急诊处方药品超多日用量、门诊输液审查（可限定科室、疾病）；药品品种（名称和品种数）、药品发药数量、处方金额、中药饮片帖数、中药饮片味数等（可限定患者病历号、处方时间、科室、来源（门诊、急诊或住院）等；,配套产品响应,属设备配套软件/商用知识库/CA 等产品参数，平台已留标准接入点
250,★,,"支持用户自定义单病种的用药审查，控制""指定疾病的药品""只能在指定疾病下才能使用；支持用户自定义医保结算管控规则，控制""指定疾病的医保药品""在未患该疾病患者使用医保结算的管控；例：肝移植患者使用医保结算来采购只限肾移植患者医保结算的药品时，系统支持非肾移植患者须自费使用的审查。 +-------------------------------+----------------------------",正偏离/无偏离,平台已实现（详见对应功能模块）
251,,,支持处方/医嘱每天自动导入合理用药管理系统，并支持全处方/出院医嘱的自动分析；,正偏离/无偏离,平台已实现（详见对应功能模块）
252,,,支持门诊按单张处方和按患者当天所有处方合并审查，出院按患者进行合并分析；,正偏离/无偏离,平台已实现（详见对应功能模块）
253,,,支持对处方/医嘱中存在的用法用量、相互作用、配伍禁忌、重复用药、禁忌症、适应症、特殊人群用药、妊娠期用药、哺乳期用药、过敏、给药途径等不合理用药情况进行自动分析。 分析结果查询,配套产品响应,属设备配套软件/商用知识库/CA 等产品参数，平台已留标准接入点
254,,,支持药师查看所有处方/医嘱，并可查看系统警示信息及个性化用药规则的分析结果；,正偏离/无偏离,平台已实现（详见对应功能模块）
255,,,支持科主任/医院管理人员登入系统，查看本科室/本院的处方/医嘱及分析结果；,正偏离/无偏离,平台已实现（详见对应功能模块）
256,,,支持医生登入系统，查看本人的处方和处方分析结果；,正偏离/无偏离,平台已实现（详见对应功能模块）
257,,,支持从门诊处方、门诊患者、出院患者维度查看所有处方/医嘱及分析结果；,正偏离/无偏离,平台已实现（详见对应功能模块）
258,,,对于门诊处方，提供日期、处方号、患者号、患者姓名、科室、医生、诊断、警示类型、警示等级、药品名称等检索条件，支持根据选择条件筛选并展示相关处方数据及其审查结果；,正偏离/无偏离,平台已实现（详见对应功能模块）
259,,,对于门诊患者，提供日期、患者号、患者姓名、科室、医生、警示类型、警示等级等检索条件，支持根据选择条件筛选并展示相关门诊患者数据及其审查结果；,正偏离/无偏离,平台已实现（详见对应功能模块）
260,,,对于出院患者，提供日期、住院号、患者号、患者姓名、病案号、科室、诊断、警示类型、警示等级、药品名称等检索条件，筛选出出院患者信息及审查结果；,正偏离/无偏离,平台已实现（详见对应功能模块）
261,,,支持药师结合医院的实际用药情况，对系统审查产生的警示信息进行确认、待查操作。 ### 抽样点评功能 点评项目创建,配套产品响应,属设备配套软件/商用知识库/CA 等产品参数，平台已留标准接入点
262,,,支持全处方点评和全医嘱点评；,配套产品响应,属设备配套软件/商用知识库/CA 等产品参数，平台已留标准接入点
263,,,支持特定条件下处方/医嘱的抽样点评；,配套产品响应,属设备配套软件/商用知识库/CA 等产品参数，平台已留标准接入点
264,,,支持通过自定义模板的方式保留抽取条件和分配方案，对处方/医嘱进行抽样点评；,配套产品响应,属设备配套软件/商用知识库/CA 等产品参数，平台已留标准接入点
265,,,支持对特定药品进行专项点评，如抗菌药物专项、基药专项等；,配套产品响应,属设备配套软件/商用知识库/CA 等产品参数，平台已留标准接入点
266,,,支持多维度的抽样筛选条件组合抽取，满足用户不同的抽样要求；,正偏离/无偏离,平台已实现（详见对应功能模块）
267,,,门急诊处方：提供年龄、患者号、处方号、处方来源（门急诊、门诊、急诊）、药品名称、药品品种数、药品属性、是否包含退药处方、是否注射给药、诊断、医生职称、处方类型（西药方、草药方、中成药方）、处方金额、抗菌药物类型、机评合理情况（全部、合理、不合理）、警示信息（按警示信息类型、状态、等级）、点评方式（按科室、按医生）、样本来源（全部、已抽取、未抽取）筛选条件；,配套产品响应,属设备配套软件/商用知识库/CA 等产品参数，平台已留标准接入点
268,,,住院医嘱：提供年龄、住院号、患者号、病案号、药品名称、药品属性、是否包含无用药患者、是否是出院带药患者、住院天数、诊断、医生职称、是否有手术信息患者、手术名称、手术等级、切口类型、用药金额、抗菌药物类型、机评合理情况、警示信息（按警示信息类型、状态、等级）、点评方式（按科室、按医生、按病区、按医疗组）、样本来源（全部、已抽取、未抽取）筛选条件；,配套产品响应,属设备配套软件/商用知识库/CA 等产品参数，平台已留标准接入点
269,,,针对药品名称，支持处方/医嘱中多个药品同时存在时才抽取的抽取方式（支持3个及以下药品的同时抽取）；,正偏离/无偏离,平台已实现（详见对应功能模块）
270,,,住院医嘱抽取时若存在药品名称筛选且按医生进行抽样时，支持将药品与开嘱医生关联；,正偏离/无偏离,平台已实现（详见对应功能模块）
271,,,支持在抽样时设置点评样本中需要显示的警示信息类型、状态和等级。支持只显示抽取药品名称、药品属性的警示信息；,配套产品响应,属设备配套软件/商用知识库/CA 等产品参数，平台已留标准接入点
272,,,支持通过自定义规则对应警示进行样本抽取（处方、医嘱），满足用户个性化的抽样要求；,正偏离/无偏离,平台已实现（详见对应功能模块）
273,,,支持多种样本抽取方式； > 门诊：,待复核,初评未匹配，须项目组逐条人工确认
274,,,提供全部抽取；,待复核,初评未匹配，须项目组逐条人工确认
275,,,提供随机按指定数量或百分比抽取；,待复核,初评未匹配，须项目组逐条人工确认
276,,,提供等间隔按指定数量抽取；,待复核,初评未匹配，须项目组逐条人工确认
277,,,提供每个机构/科室指定数量或百分比抽取；,正偏离/无偏离,平台已实现（详见对应功能模块）
278,,,提供按药品抽取，即当存在药品名称筛选条件时，支持按筛选药品指定数量抽取；,待复核,初评未匹配，须项目组逐条人工确认
279,,,提供按医生抽取，即当存在医生筛选条件时，支持设定满足筛选条件的医生指定人数或百分比人数，并支持设置单个医生指定数量或百分比进行组合抽取； > 住院：,正偏离/无偏离,平台已实现（详见对应功能模块）
280,,,提供全部抽取；,待复核,初评未匹配，须项目组逐条人工确认
281,,,提供随机按指定数量或百分比抽取；,待复核,初评未匹配，须项目组逐条人工确认
282,,,提供等间隔按指定数量抽取；,待复核,初评未匹配，须项目组逐条人工确认
283,,,提供每个机构/科室/病区/医疗组指定数量或百分比抽取；,正偏离/无偏离,平台已实现（详见对应功能模块）
284,,,提供按药品抽取，即当存在药品名称筛选条件时，支持按筛选药品指定数量抽取；,待复核,初评未匹配，须项目组逐条人工确认
285,,,提供按医生抽取，即当存在医生筛选条件时，支持按筛选医生指定数量或百分比抽取样本；,待复核,初评未匹配，须项目组逐条人工确认
286,,,提供按病区、医疗组、主管医生抽取，即当存在主管医生筛选条件时，支持按指定数量或百分比抽取病区、医疗组、主管医生，每个病区、医疗组、主管医生指定数量或百分比的样本；,待复核,初评未匹配，须项目组逐条人工确认
287,,,支持多方案抽取，在单项目中新增多个抽取方案，每个方案对应一份抽取条件，多份条件逐一抽取；,待复核,初评未匹配，须项目组逐条人工确认
288,,,支持提供住院病人特殊级抗菌药物(万古霉素等)专项点评模板及导出模板。 处方/医嘱人工点评,配套产品响应,属设备配套软件/商用知识库/CA 等产品参数，平台已留标准接入点
289,,,支持处方/医嘱点评项目的任务进行分配，将抽取的处方/医嘱分配给多个药师进行人工点评；,配套产品响应,属设备配套软件/商用知识库/CA 等产品参数，平台已留标准接入点
290,,,支持复核点评流程，所有点评药师完成点评后项目进入复核阶段，复评药师可查看点评药师的点评结果并对点评结果进行复核点评并保存复核结果；,配套产品响应,属设备配套软件/商用知识库/CA 等产品参数，平台已留标准接入点
291,,,支持点评药师查看并点评被分配的点评项目及具体点评任务，点评任务列表页面提供时间、患者姓名、是否合理、机评结果、警示类型、警示等级、点评状态、审阅状态、科室、选择药品筛选条件；,配套产品响应,属设备配套软件/商用知识库/CA 等产品参数，平台已留标准接入点
292,,,支持对处方/医嘱自动点评，支持点评药师在点评处方/医嘱时，对系统点评产生的警示信息内容进行忽略或恢复，并支持人工添加点评意见，填写人工点评意见时支持选择问题代码及药品名称，同时点评任务列表页支持处方/医嘱的批量点评，包括批量确认机评结果和批量忽略机评结果；,配套产品响应,属设备配套软件/商用知识库/CA 等产品参数，平台已留标准接入点
293,,,支持按警示类型自动配置问题代码，同时支持药师点评时选择问题代码、药品名称或直接填写人工点评内容；,配套产品响应,属设备配套软件/商用知识库/CA 等产品参数，平台已留标准接入点
294,,,"支持人工点评意见标记展示，点评药师人工添加的人评意见展示""人评""标记；",配套产品响应,属设备配套软件/商用知识库/CA 等产品参数，平台已留标准接入点
295,,,支持机评警示信息、点评意见、复核意见和最终点评意见单独存储；,配套产品响应,属设备配套软件/商用知识库/CA 等产品参数，平台已留标准接入点
296,,,点评任务列表页支持处方/医嘱的批量点评，包括批量确认机评结果和批量忽略机评结果；,配套产品响应,属设备配套软件/商用知识库/CA 等产品参数，平台已留标准接入点
297,,,点评项目列表页面支持配置显示样本开始时间、样本结束时间、项目创建时间、项目结束时间、项目入库时间、项目推送时间；,配套产品响应,属设备配套软件/商用知识库/CA 等产品参数，平台已留标准接入点
298,,,复核停用时，支持在点评阶段，将点评任务填写转办理由并将任务转办至指导专家处进行点评，指导专家可在样本详情页查看样本的转办理由。复核启用时，支持在复核阶段，将复核任务填写转办理由并将任务转办至指导专家处进行复核，指导专家可在该样本详情页查看样本的转办理由；支持复核及转办均开启时，点评药师可对点评任务进行存疑操作并填写存疑理由，复核专家可在该样本详情页面查看样本的存疑理由；,配套产品响应,属设备配套软件/商用知识库/CA 等产品参数，平台已留标准接入点
299,,,支持查看样本的历史点评记录，并支持历史点评结果引用。 处方/医嘱界面展示,配套产品响应,属设备配套软件/商用知识库/CA 等产品参数，平台已留标准接入点
300,,,支持处方/医嘱明细页面一体化展示患者信息、处方/医嘱信息、检查检验信息、手术信息、电子病历信息及系统自动分析结果；,正偏离/无偏离,平台已实现（详见对应功能模块）
301,,,对于门诊处方，支持查看患者当日所有处方；,正偏离/无偏离,平台已实现（详见对应功能模块）
302,,,对于住院医嘱，支持按医嘱类型、药品属性、药品名称、科室、医生进行医嘱明细信息筛选；,正偏离/无偏离,平台已实现（详见对应功能模块）
303,,,支持点击警示信息后，左侧药品区域只展示存在该警示信息的问题药品；,外部条件,需医保局/省平台等外部环境开通后联调
304,,,支持点击药品后，右侧警示信息栏只显示该药品相关的警示信息；,待复核,初评未匹配，须项目组逐条人工确认
305,,,支持在药师点评详情页面，展示干预阶段或审方阶段医生双签名确认时填写的理由；,配套产品响应,属设备配套软件/商用知识库/CA 等产品参数，平台已留标准接入点
306,,,支持用户自定义设置患者信息显示的字段；,正偏离/无偏离,平台已实现（详见对应功能模块）
307,,,支持用户自定义设置药品明细页面展示的字段，并可设置字段排序，方便药师关注信息的优先展示；,正偏离/无偏离,平台已实现（详见对应功能模块）
308,,,提供处方/医嘱明细页警示等级按钮，点击对应等级即可显示或隐藏对应等级的警示信息；,正偏离/无偏离,平台已实现（详见对应功能模块）
309,,,支持处方/医嘱点评详情页面外链跳转功能；,配套产品响应,属设备配套软件/商用知识库/CA 等产品参数，平台已留标准接入点
310,,,支持住院点评详情页展示时序图功能。 问题代码设置功能,配套产品响应,属设备配套软件/商用知识库/CA 等产品参数，平台已留标准接入点
311,,,系统支持用户自定义问题代码与警示类型的对应关系，同时支持按对应关系自动生成问题代码；,正偏离/无偏离,平台已实现（详见对应功能模块）
312,,,支持问题代码在的点评界面展示和项目报表中导出。 项目报表生成及导出,配套产品响应,属设备配套软件/商用知识库/CA 等产品参数，平台已留标准接入点
313,,,门诊处方点评项目结束后，支持按机构、按科室、按医生、按科室-医生生成项目报表，包括点评处方数、处方人次数、用药品种数、抗菌药物品种数、基药品种数、抗菌药物总金额、基药使用人次数、基药使用人次百分率、抗菌药物金额百分率、抗菌药物品种数百分率、不合理处方数等指标等统计指标，满足处方点评的要求；,配套产品响应,属设备配套软件/商用知识库/CA 等产品参数，平台已留标准接入点
314,,,住院医嘱项目结束后，支持按机构、按科室、按医疗组、按科室-主管医生生成项目报表，包括出院患者人次数、用药品种数、抗菌药物品种数、基药品种数、抗菌药物使用百分率(%)、合理医嘱百分率(%)、抗菌药物总金额、抗菌药物金额百分率、抗菌药物品种数百分率、不合理医嘱数等统计指标；满足医院医嘱点评的要求；,配套产品响应,属设备配套软件/商用知识库/CA 等产品参数，平台已留标准接入点
315,,,支持项目报表、处方/医嘱样本数据导出成excel文件；,正偏离/无偏离,平台已实现（详见对应功能模块）
316,,,支持用户自定义设置样本导出方案，提供可选择的处方或医嘱点评样本导出字段（系统提供80+待选字段），满足用户的个性化导出要求；,配套产品响应,属设备配套软件/商用知识库/CA 等产品参数，平台已留标准接入点
317,,,门诊处方项目导出时支持导出全部药品、抽取药品、抗菌药物、问题药品的数据；,正偏离/无偏离,平台已实现（详见对应功能模块）
318,,,住院医嘱项目导出时支持导出全部药品、抽取药品、抗菌药物、问题药品、出院带药、抽取医生的数据；,正偏离/无偏离,平台已实现（详见对应功能模块）
319,,,支持将结束后项目中的数据进行汇总统计，支持按日期、机构、样本类型、处方来源、科室范围进行样本统计；,正偏离/无偏离,平台已实现（详见对应功能模块）
320,,,支持自定义配置用户项目报表查看和导出的权限；,正偏离/无偏离,平台已实现（详见对应功能模块）
321,,,提供点评统计功能。 > 样本统计,配套产品响应,属设备配套软件/商用知识库/CA 等产品参数，平台已留标准接入点
322,,,门诊处方：处方总数、抽取数、抽取率、点评数、点评率、合理数、不合理数、合理率、处方总人次数、点评人次数、点评率（人次）、合理人次数、不合理人次数、合理率（人次）的数据统计；,配套产品响应,属设备配套软件/商用知识库/CA 等产品参数，平台已留标准接入点
323,,,住院医嘱：出院患者人次数、抽取数、抽取率、点评数、点评率、合理数、不合理数、合理率的数据统计；,配套产品响应,属设备配套软件/商用知识库/CA 等产品参数，平台已留标准接入点
324,,,药师统计：点评药师、分配数、合理数、不合理数、合理率、点评数、点评合理数、点评不合理数、点评合理率、完成率、点评项目及数量的数据统计。 > 医生统计,配套产品响应,属设备配套软件/商用知识库/CA 等产品参数，平台已留标准接入点
325,,,门诊处方：处方数、被选中处方数、合理处方数、不合理处方数、合理率、不合理原因、问题代码的数据统计；,正偏离/无偏离,平台已实现（详见对应功能模块）
326,,,问题代码的数据统计；,正偏离/无偏离,平台已实现（详见对应功能模块）
327,,,药品统计：西药、中成药、中药饮片、质子泵抑制剂、注射剂、抗菌药物、特殊级、限制级、非限制级、国家基本药物等标准属性的处方数/出院患者人次数、使用率、点评数、点评率、合理处方/医嘱数、不合理处方/医嘱数、合理率的数据统计；,配套产品响应,属设备配套软件/商用知识库/CA 等产品参数，平台已留标准接入点
328,,,专项统计：按模板统计抽取数、点评数、合理数、不合理数、合理率的数据；,配套产品响应,属设备配套软件/商用知识库/CA 等产品参数，平台已留标准接入点
329,,,支持在项目结束前项目报表统计、导出方案设置及导出。 点评结果查看,配套产品响应,属设备配套软件/商用知识库/CA 等产品参数，平台已留标准接入点
330,,,支持科主任/医院管理人员登入系统，查看管理科室/管理机构的处方/医嘱及点评结果；选中处方数、合理处方数、不合理处方数、合理率、不合理原因、问题代码的数据统计；,配套产品响应,属设备配套软件/商用知识库/CA 等产品参数，平台已留标准接入点
331,,,住院医嘱（支持主管医生）：出院患者人次数、被选中数、合理数、不合理医数、合理率、不合理原因；,正偏离/无偏离,平台已实现（详见对应功能模块）
332,,,支持医生登入系统查看本人的不合理处方或医嘱，在点评项目未结束时可对药师的点评结果进行申述，填入申述理由，并支持支持上传附件。,配套产品响应,属设备配套软件/商用知识库/CA 等产品参数，平台已留标准接入点
333,★,,点评结果推送 支持将药师点评为不合理的处方推送至相应的开方医生，支持医生在收到点评结果提醒后，免密登录合理用药系统查看具体不合理处方并进行申述；支持将药师点评为不合理的医嘱推送至患者相关医生，或仅推给有问题药品的开嘱医生（非药品问题的医嘱会推送给主管医生），支持医生收到点评结果提醒后，免密登录合理用药系统查看具体不合理医嘱并进行申述。 +------------------------------,配套产品响应,属设备配套软件/商用知识库/CA 等产品参数，平台已留标准接入点
334,,,提供78张统计报表供医院使用，覆盖医院用药数据统计的各种维度，包括按机构、按科室、按医疗组、按病区、按医生统计，按药品统计、按手术统计、按问题类型统计等。 此外还提供了不同统计类型的报表，包括出院科室统计、实际使用科室统计、含在院使用统计；,正偏离/无偏离,平台已实现（详见对应功能模块）
335,,,常用上报报表（6张）；,正偏离/无偏离,平台已实现（详见对应功能模块）
336,,,概述：涵盖6张国家要求上报报表。 指标：,正偏离/无偏离,平台已实现（详见对应功能模块）
337,,,按照阳光用药上报相关政策，支持国家基药目录品种使用金额比例(%)、抗菌药物占药品使用比例(%)等指标的统计。\ 按照《国家三级公立医院绩效考核操作手册（2023版）》相关要求，支持点评处方占处方总数的比例、点评处方数、处方总数等合理用药相关指标的统计；,配套产品响应,属设备配套软件/商用知识库/CA 等产品参数，平台已留标准接入点
338,,,按照《国家三级公立中医机构绩效考核操作手册（2023版）》相关要求，支持点评处方占处方总数的比例、点评处方数、处方总数等合理用药相关指标的统计；,配套产品响应,属设备配套软件/商用知识库/CA 等产品参数，平台已留标准接入点
339,,,按照《国家二级公立医院绩效考核操作手册（2022版）》相关要求，支持抗菌药物使用强度（DDDs）、住院患者抗菌药物消耗量（累计DDD数）、同期收治患者人天数等合理用药相关指标的统计；,正偏离/无偏离,平台已实现（详见对应功能模块）
340,,,按照《国家卫生健康委办公厅关于印发药事管理和护理专业医疗质量控制指标（2020年版）的通知》，支持统计住院患者抗菌药物使用率、住院患者抗菌药物使用强度、住院患者特殊使用级抗菌药物使用量占比等合理用药相关指标的统计；,正偏离/无偏离,平台已实现（详见对应功能模块）
341,,,按照《抗菌药物临床应用指导原则2015版》相关要求，支持抗菌药物品种数、同一通用名称抗菌药物-注射剂型、同一通用名称抗菌药物-口服剂型等相关指标的统计。 报表清单：,正偏离/无偏离,平台已实现（详见对应功能模块）
342,,,三级公立医院绩效考核指标统计表；,正偏离/无偏离,平台已实现（详见对应功能模块）
343,,,三级公立中医医院绩效考核指标统计表；,正偏离/无偏离,平台已实现（详见对应功能模块）
344,,,二级公立医院绩效考核指标统计表；,正偏离/无偏离,平台已实现（详见对应功能模块）
345,,,药事管理专业医疗质量控制指标（2020版）；,正偏离/无偏离,平台已实现（详见对应功能模块）
346,,,抗菌药物临床应用管理评价指标（2015版）； 抗菌药物专项（5张） 概述： 提供门诊及住院抗菌药物使用情况的统计，包括抗菌药物处方数、人次数、抗菌药物总金额、使用强度等指标。 指标：,正偏离/无偏离,平台已实现（详见对应功能模块）
347,,,支持按照机构/科室/医生维度查看门诊抗菌药物总金额、品规数、处方数、处方人次数等指标；,正偏离/无偏离,平台已实现（详见对应功能模块）
348,,,支持按照机构/科室/病区/医疗组查看住院抗菌药物人次数、非限制级、限制级、特殊级抗菌药物使用人次占比(%)、抗菌药物使用强度等指标；,正偏离/无偏离,平台已实现（详见对应功能模块）
349,,,支持按照机构/科室/病区/医疗组查看住院抗菌药物送检人次、抗菌药物治疗使用送检人次、非限制级、限制级、特殊级抗菌药物治疗使用送检人次等指标；,正偏离/无偏离,平台已实现（详见对应功能模块）
350,,,支持按药品查看门诊抗菌药物的使用人次、使用数量、使用金额、消耗总克数、使用量（DDDs）等指标；,正偏离/无偏离,平台已实现（详见对应功能模块）
351,,,支持按药品查看住院抗菌药物的使用人次、使用数量、使用金额、消耗总克数、使用量（DDDs）等指标。 报表清单：,正偏离/无偏离,平台已实现（详见对应功能模块）
352,,,门诊抗菌药物使用情况汇总；,正偏离/无偏离,平台已实现（详见对应功能模块）
353,,,住院抗菌药物使用情况汇总；,正偏离/无偏离,平台已实现（详见对应功能模块）
354,,,住院抗菌药物送检情况分析；,正偏离/无偏离,平台已实现（详见对应功能模块）
355,,,门诊抗菌药物使用分析；,正偏离/无偏离,平台已实现（详见对应功能模块）
356,,,住院抗菌药物使用分析。 基本药物专项（4张） 概述: 提供基药及省基药的使用情况统计，包括基本药物处方数、总金额、人次数等指标。 指标：,正偏离/无偏离,平台已实现（详见对应功能模块）
357,,,支持按照机构/科室/医生维度查看门诊基本药物处方数、处方人次、基本药物总金额等指标；,正偏离/无偏离,平台已实现（详见对应功能模块）
358,,,支持按照机构/科室/医生维度查看门诊省级基本药物处方数、处方人次、基本药物总金额等指标；,正偏离/无偏离,平台已实现（详见对应功能模块）
359,,,支持按照机构/科室/病区/医疗组维度查看住院基本药物累计品规数、总金额、人次数等指标；,正偏离/无偏离,平台已实现（详见对应功能模块）
360,,,支持按照机构/科室/病区/医疗组维度查看住院省级基本药物累计品规数、总金额、人次数等指标。 报表清单：,正偏离/无偏离,平台已实现（详见对应功能模块）
361,,,门诊基本药物使用情况汇总；,待复核,初评未匹配，须项目组逐条人工确认
362,,,门诊省基本药物使用情况汇总；,待复核,初评未匹配，须项目组逐条人工确认
363,,,住院基本药物使用情况汇总；,正偏离/无偏离,平台已实现（详见对应功能模块）
364,,,住院省基本药物使用情况汇总。 输液药物专项（4张） 概述： 提供门诊及住院静脉输液药品、抗菌药物静脉输液药品的使用情况统计，包括输液药物总金额、静脉输液使用量（瓶/袋）、抗菌药物输液处方数等指标。 指标：,正偏离/无偏离,平台已实现（详见对应功能模块）
365,,,支持按照机构/科室/医生维度查看门诊输液药物处方数、总金额、静脉输液使用量（瓶/袋）、输液处方人次（≥14岁）、输液处方人次（＜14岁）等指标；,正偏离/无偏离,平台已实现（详见对应功能模块）
366,,,支持按照机构/科室/医生维度查看门诊抗菌药物输液处方数、处方人次、抗菌药物输液使用量（累计DDD数）等指标；,正偏离/无偏离,平台已实现（详见对应功能模块）
367,,,支持按照机构/科室/病区/医疗组维度查看住院输液药物人次、总金额、静脉输液使用量（瓶/袋）、输液人次（≥14岁）、输液人次（＜14岁）等指标；,正偏离/无偏离,平台已实现（详见对应功能模块）
368,,,支持按照机构/科室/病区/医疗组维度查看住院抗菌药物输液人次、抗菌药物输液使用量（累计DDD数）、非限制级、限制级及特殊级抗菌药物输液人次等指标。 报表清单：,正偏离/无偏离,平台已实现（详见对应功能模块）
369,,,门诊输液药物使用情况汇总；,正偏离/无偏离,平台已实现（详见对应功能模块）
370,,,门诊抗菌药物输液情况汇总；,正偏离/无偏离,平台已实现（详见对应功能模块）
371,,,住院输液药物使用情况汇总；,正偏离/无偏离,平台已实现（详见对应功能模块）
372,,,住院抗菌药物输液情况汇总。 质子泵专项（2张） 概述： 提供门诊及住院质子泵抑制剂的使用情况统计，包括质子泵抑制剂处方数、人次数、总金额等指标。 指标：,正偏离/无偏离,平台已实现（详见对应功能模块）
373,,,支持按照机构/科室/医生维度查看门诊质子泵抑制剂累计品规数、处方数、总金额等指标；,正偏离/无偏离,平台已实现（详见对应功能模块）
374,,,支持按照机构/科室/病区/医疗组维度查看住院质子泵抑制剂累计品规数、人次数、总金额等指标。,正偏离/无偏离,平台已实现（详见对应功能模块）
375,,,支持按照机构/科室/医生维度查看全院质子泵抑制剂累计品规数、处方数、总金额等指标。,正偏离/无偏离,平台已实现（详见对应功能模块）
376,,,门诊质子泵抑制剂使用情况汇总；,待复核,初评未匹配，须项目组逐条人工确认
377,,,住院质子泵抑制剂使用情况汇总。 中药使用专项（2张） 概述： 提供中药饮片使用情况相关统计，包括处方数、药品金额、帖数、中药注射剂处方数等指标。 指标:,配套产品响应,属设备配套软件/商用知识库/CA 等产品参数，平台已留标准接入点
378,,,支持按照机构/科室/医生维度查看门诊中药饮片处方数、处方人次、中药饮片总金额、中药饮片总帖数、帖均费用等指标；,配套产品响应,属设备配套软件/商用知识库/CA 等产品参数，平台已留标准接入点
379,,,支持按照机构/科室/病区/医疗组维度查看住院中药饮片人次数、中药饮片总金额、中药注射剂人次数等指标。 报表清单：,配套产品响应,属设备配套软件/商用知识库/CA 等产品参数，平台已留标准接入点
380,,,门诊中药使用情况汇总；,待复核,初评未匹配，须项目组逐条人工确认
381,,,住院中药使用情况汇总。 重点监控药品（4张） 概述： 提供国家级、省级重点监控药品相关统计，包括药品总金额、处方数、处方人次等指标。 指标：,正偏离/无偏离,平台已实现（详见对应功能模块）
382,,,支持按照机构/科室/医生维度查看门诊国家重点监控药品处方数、处方人次数、用药总金额等指标；,正偏离/无偏离,平台已实现（详见对应功能模块）
383,,,支持按照机构/科室/医生维度查看门诊省重点监控药品省重点监控药品处方数、处方人次数、用药总金额等指标；,正偏离/无偏离,平台已实现（详见对应功能模块）
384,,,支持按照机构/科室/病区/医疗组维度查看住院国家重点监控药品省重点监控药品人次数、用药总金额等指标；,正偏离/无偏离,平台已实现（详见对应功能模块）
385,,,支持按照机构/科室/病区/医疗组维度查看住院省重点监控药品省重点监控药品人次数、用药总金额等指标。 报表清单：,正偏离/无偏离,平台已实现（详见对应功能模块）
386,,,门诊国家重点监控药品使用情况汇总；,正偏离/无偏离,平台已实现（详见对应功能模块）
387,,,门诊省重点监控药品使用情况汇总；,正偏离/无偏离,平台已实现（详见对应功能模块）
388,,,住院国家重点监控药品使用情况汇总；,正偏离/无偏离,平台已实现（详见对应功能模块）
389,,,住院省重点监控药品使用情况汇总。 手术用药专项（2张） 概述： 提供I类切口手术预防使用抗菌药物情况的相关统计。 指标：,正偏离/无偏离,平台已实现（详见对应功能模块）
390,,,支持按照医院/科室/病区/医疗组查看I类切口手术预防使用抗菌药物例次、原则上不需要预防使用抗菌药物的I类切口手术例次、I类切口手术预防使用抗菌药物品种选择合理例次等指标；,正偏离/无偏离,平台已实现（详见对应功能模块）
391,,,支持按照I类切口手术维度查看手术例数、预防用抗菌药物例数、术前24h内使用抗菌药物例数等指标。 报表清单：,正偏离/无偏离,平台已实现（详见对应功能模块）
392,,,围手术期抗菌药物使用情况表；,正偏离/无偏离,平台已实现（详见对应功能模块）
393,,,I类切口手术汇总表。 药品使用分析（5张） 概述： 提供药品使用情况统计，包括处方总数、处方总金额、平均处方金额、出院患者总人次、出院患者用药总金额等指标。 指标：,正偏离/无偏离,平台已实现（详见对应功能模块）
394,,,支持查看全院用药总金额、全院基本药物总金额、基本药物金额占比(%)、全院抗菌药物总金额、全院抗菌药物金额占比(%)等指标；,正偏离/无偏离,平台已实现（详见对应功能模块）
395,,,支持按照机构/科室/医生维度查看门诊总处方数、总处方人次、平均处方药品品规数、人均药品品规数、处方数（不含中药饮片）、处方人次（不含中药饮片）等指标；,配套产品响应,属设备配套软件/商用知识库/CA 等产品参数，平台已留标准接入点
396,,,支持按照机构/科室/病区/医疗组维度查看住院出院患者总人次、出院患者住院总天数、平均住院天数、人均药品品规数、抗菌药物人次等指标；,正偏离/无偏离,平台已实现（详见对应功能模块）
397,,,支持按照机构/科室/医生维度查看门诊总费用、处方总金额、处方总金额（不含中药饮片）、用药总金额、用药总金额（不含中药饮片）、人均药品费用等指标；,配套产品响应,属设备配套软件/商用知识库/CA 等产品参数，平台已留标准接入点
398,,,支持按照机构/科室/病区/医疗组维度查看出院患者用药总金额、平均每床日费用、平均出院患者费用、平均出院患者药品费用等指标。 报表清单：,正偏离/无偏离,平台已实现（详见对应功能模块）
399,,,全院药品使用分析；,待复核,初评未匹配，须项目组逐条人工确认
400,,,门诊药品用量分析；,待复核,初评未匹配，须项目组逐条人工确认
401,,,住院药品用量分析；,正偏离/无偏离,平台已实现（详见对应功能模块）
402,,,门诊药品金额分析；,待复核,初评未匹配，须项目组逐条人工确认
403,,,住院药品金额分析。 药品适宜性分析报表（6张） 概述： 提供药品适宜性分析，系统默认提供四级、五级、六级、七级不同类型的警示信息统计分析。 指标：,正偏离/无偏离,平台已实现（详见对应功能模块）
404,,,支持按照机构/科室/医生维度查看门诊处方合格率、不规范处方数、不规范处方占比(%)、不适宜问题发生数等指标；,正偏离/无偏离,平台已实现（详见对应功能模块）
405,,,支持按照问题维度查看不同类型警示信息的发生数、四级、五级、六级、七级警示信息发生的处方数以及处方占比等指标；,正偏离/无偏离,平台已实现（详见对应功能模块）
406,,,支持按照机构/科室/病区/医疗组维度查看不适宜问题发生数、四级、五级、六级、七级警示的人次数、人次占比(%)等指标；,正偏离/无偏离,平台已实现（详见对应功能模块）
407,,,支持按照问题维度查看不同类型警示信息四级、五级、六级、七级警示的人次数、人次占比(%)等指标；,正偏离/无偏离,平台已实现（详见对应功能模块）
408,,,支持查看门诊药品不适宜问题发生数、不同类型警示信息的发生数、发生数占比(%)等指标；,正偏离/无偏离,平台已实现（详见对应功能模块）
409,,,支持查看住院药品不适宜问题发生数、不同类型警示信息的发生数、发生数占比(%)等指标。 报表清单：,正偏离/无偏离,平台已实现（详见对应功能模块）
410,,,门诊用药适宜性分析；,待复核,初评未匹配，须项目组逐条人工确认
411,,,门诊用药适宜性一览表；,待复核,初评未匹配，须项目组逐条人工确认
412,,,住院用药适宜性分析；,正偏离/无偏离,平台已实现（详见对应功能模块）
413,,,住院用药适宜性一览表；,正偏离/无偏离,平台已实现（详见对应功能模块）
414,,,门诊药品用药问题统计；,正偏离/无偏离,平台已实现（详见对应功能模块）
415,,,住院药品用药问题统计。 药品使用排名（2张） 概述： 提供全院药品使用及医生用药情况排名。 指标：,正偏离/无偏离,平台已实现（详见对应功能模块）
416,,,支持按药品查看使用人次、使用频次、使用数量及使用金额，同时支持查看药品使用的医院明细及科室明细；,正偏离/无偏离,平台已实现（详见对应功能模块）
417,,,支持按医生查看用药数量、抗菌药物使用数量、抗菌药物使用数量占药品使用比例(%)、用药总金额等指标。 报表清单：,正偏离/无偏离,平台已实现（详见对应功能模块）
418,,,全院药品使用排名；,待复核,初评未匹配，须项目组逐条人工确认
419,,,全院医生用药排名。 药费增长趋势（2张） 概述： 提供门诊及住院费用增长情况的同比分析指标。 指标：,正偏离/无偏离,平台已实现（详见对应功能模块）
420,,,支持按照机构/科室/医生维度查看门诊就诊总人次、就诊人次数同比增长(%)、次均费用、次均费用同比增长比率(%)、次均药费、次均药费同比增长比率(%)等指标；,正偏离/无偏离,平台已实现（详见对应功能模块）
421,,,支持按照机构/科室/病区/医疗组维度查看出院患者总人次、平均住院天数、平均住院天数同比增长比率(%)、次均费用、次均费用同比增长比率(%)、次均药费、次均药费同比增长比率(%)等指标。 报表清单：,正偏离/无偏离,平台已实现（详见对应功能模块）
422,,,门诊药费增长分析表；,待复核,初评未匹配，须项目组逐条人工确认
423,,,住院药费增长分析表； 国家卫生计生委抗菌药物临床应用管理数据上报（13张） 概述： 涵盖国家卫生计生委抗菌药物临床应用管理数据上报要求的13张报表。\ 指标：,正偏离/无偏离,平台已实现（详见对应功能模块）
424,,,按照国家卫生计生委抗菌药物临床应用管理数据上报相关要求，支持床位使用率（%）、门诊量（人次）、急诊量（人次）、I类切口手术病人出院人次、抗菌药物使用率、抗菌药物使用强度（100人/日）、接受抗菌药物治疗的住院患者抗菌药物使用前微生物检验样本送检率（%）等指标的统计。 报表清单：,配套产品响应,属设备配套软件/商用知识库/CA 等产品参数，平台已留标准接入点
425,,,医疗机构一般情况调查；,待复核,初评未匹配，须项目组逐条人工确认
426,,,临床科室指标持续改进情况；,正偏离/无偏离,平台已实现（详见对应功能模块）
427,,,住院患者抗菌药物使用量排名前10种品种；,正偏离/无偏离,平台已实现（详见对应功能模块）
428,,,抗菌药物分级管理目录；,正偏离/无偏离,平台已实现（详见对应功能模块）
429,,,临床微生物标本送检率；,配套产品响应,属设备配套软件/商用知识库/CA 等产品参数，平台已留标准接入点
430,,,医疗机构药品经费使用情况调查表；,正偏离/无偏离,平台已实现（详见对应功能模块）
431,,,医疗机构抗菌药物品种、规格和使用量统计调查表；,正偏离/无偏离,平台已实现（详见对应功能模块）
432,,,医疗机构抗菌药物临床应用指标数据上报表；,正偏离/无偏离,平台已实现（详见对应功能模块）
433,,,医疗机构I类切口手术用药情况调查表（综合医院）；,正偏离/无偏离,平台已实现（详见对应功能模块）
434,,,医疗机构I类切口手术用药情况调查表（儿科医院）；,正偏离/无偏离,平台已实现（详见对应功能模块）
435,,,医疗机构I类切口手术用药情况调查表（妇产科医院）；,正偏离/无偏离,平台已实现（详见对应功能模块）
436,,,医疗机构I类切口手术用药情况调查表（口腔医院）；,正偏离/无偏离,平台已实现（详见对应功能模块）
437,,,医疗机构I类切口手术用药情况调查表（肿瘤医院）。 抗肿瘤药物专项（2张） 概述： 提供门诊及住院抗肿瘤药物使用情况的统计指标，包括抗肿瘤药物总金额、抗肿瘤药物处方数、出院患者抗肿瘤药物使用人次数等统计指标。\ 指标：,正偏离/无偏离,平台已实现（详见对应功能模块）
438,,,支持按照机构/科室/医生维度查看门诊抗肿瘤药物总金额、抗肿瘤药物金额占比(%)、普通使用级抗肿瘤药物使用金额、普通使用级抗肿瘤药物使用金额占比(%)等指标；,正偏离/无偏离,平台已实现（详见对应功能模块）
439,,,支持按照机构/科室/病区/医疗组维度查看住院抗肿瘤药物使用总金额、抗肿瘤药物使用总金额占比（%）、人均抗肿瘤药物费用、普通使用级抗肿瘤药物使用金额等指标。 报表清单：,正偏离/无偏离,平台已实现（详见对应功能模块）
440,,,门诊抗肿瘤药物临床使用情况汇总；,待复核,初评未匹配，须项目组逐条人工确认
441,,,住院抗肿瘤药物临床使用情况汇总。 清单报表（2张） 概述： 按照国家卫生计生委办公厅关于进一步加强抗菌药物临床应用管理遏制细菌耐药的通知，提供碳青霉烯、替加环素及含酶抑制剂使用情况清单报表。 指标：,正偏离/无偏离,平台已实现（详见对应功能模块）
442,,,支持统计并展示门急诊处方及出院患者使用碳青霉烯、替加环素及含酶抑制剂的使用情况，包括姓名、病历号、用药主要诊断等指标。 报表清单：,正偏离/无偏离,平台已实现（详见对应功能模块）
443,,,碳青霉烯类抗菌药物及替加环素使用情况信息表；,正偏离/无偏离,平台已实现（详见对应功能模块）
444,,,含酶抑制剂复合制剂使用情况表。 实际使用统计（3张） 概述： 支持根据出院患者的实际药品开具科室进行相关数据统计。 指标：,正偏离/无偏离,平台已实现（详见对应功能模块）
445,,,支持按照机构/科室/病区/医疗组维度查看根据药品实际开具科室统计并展示出院患者的用药情况，包括用药人次、用药总金额、国家基药品种数等指标；,正偏离/无偏离,平台已实现（详见对应功能模块）
446,,,支持查看全院范围内患者是药品使用情况，包括使用数量、使用金额、使用量（DDDs）等指标；,正偏离/无偏离,平台已实现（详见对应功能模块）
447,,,支持按照机构/科室/病区维度查看根据药品实际开具科室统计并展示出院患者的药品使用情况，包括具体药品的使用人次、使用数量、使用金额、使用量（DDDs）等指标。 报表清单：,正偏离/无偏离,平台已实现（详见对应功能模块）
448,,,住院药品使用分析；,正偏离/无偏离,平台已实现（详见对应功能模块）
449,,,全院药品使用情况分析；,待复核,初评未匹配，须项目组逐条人工确认
450,,,住院药品使用情况分析。 含在院使用统计（5张） 概述： 支持根据业务实际发生日期的收费数据统计医疗机构内的药品使用相关数据。 指标：,正偏离/无偏离,平台已实现（详见对应功能模块）
451,,,支持根据业务实际发生日期的收费数据统计并展示全院的用药总金额、药品品种数、国家基药品种数、国家基药品种数占比（%）、国家基药金额等指标；,正偏离/无偏离,平台已实现（详见对应功能模块）
452,,,支持根据业务实际发生日期的收费数据统计，按照机构/科室/病区/医疗组维度查看，包括国家基药品种数、国家基药累计品种数、国家基本药物金额等指标；,正偏离/无偏离,平台已实现（详见对应功能模块）
453,,,支持根据业务实际发生日期的收费数据统计并查看全院范围内患者药品使用情况，包括使用数量、使用金额、使用量（DDDs）等指标；,正偏离/无偏离,平台已实现（详见对应功能模块）
454,,,支持根据业务实际发生日期的收费数据统计，按照机构/科室/病区维度查看，包括使用数量、使用金额、使用量（DDDs）等指标；,正偏离/无偏离,平台已实现（详见对应功能模块）
455,,,支持根据业务实际发生日期的收费数据统计，按医生查看用药数量、抗菌药物使用数量、抗菌药物使用数量占药品使用比例(%)、用药总金额等指标。 报表清单：,正偏离/无偏离,平台已实现（详见对应功能模块）
456,,,全院药品使用分析（含在院）；,待复核,初评未匹配，须项目组逐条人工确认
457,,,住院用药使用分析（含在院）；,正偏离/无偏离,平台已实现（详见对应功能模块）
458,,,全院药品使用情况分析（含在院）；,待复核,初评未匹配，须项目组逐条人工确认
459,,,住院药品使用情况分析(含在院)；,正偏离/无偏离,平台已实现（详见对应功能模块）
460,,,全院医生用药排名(含在院)。 住院患者静脉输液使用监测指标调查表（2张） 概述： 按照关于开展住院患者静脉输液使用情况抽样调查的函-国卫医质控便函（2022）8号文件，支持使用静脉输液的住院患者数、住院患者使用静脉输液床日数等指标的统计。 指标：,正偏离/无偏离,平台已实现（详见对应功能模块）
461,,,支持根据患者出院日期按科室统计并展示使用静脉输液的住院患者数、住院患者使用静脉输液床日数、住院患者使用静脉输液的数量（袋/瓶）、住院患者使用静脉输液的体积（L）等指标；,正偏离/无偏离,平台已实现（详见对应功能模块）
462,,,支持根据患者出院日期按病种统计并展示使用静脉输液的住院患者数、住院患者使用静脉输液床日数、住院患者使用静脉输液的数量（袋/瓶）、住院患者使用静脉输液的体积（L）等指标。 报表清单：,正偏离/无偏离,平台已实现（详见对应功能模块）
463,,,（科室）住院患者静脉输液使用监测指标调查表；,正偏离/无偏离,平台已实现（详见对应功能模块）
464,,,（病种）住院患者静脉输液使用监测指标调查表。 自定义报表功能,正偏离/无偏离,平台已实现（详见对应功能模块）
465,,,支持用户选择按机构、按药品、按问题类型、按手术新增自定义报表，覆盖医院用药数据统计的所需维度。,正偏离/无偏离,平台已实现（详见对应功能模块）
466,,,系统提供出院、实际、含在院三个统计维度，支持用户设定自定义报表的数据统计维度。出院维度：根据出院患者的出院科室统计用药数据；实际维度：根据出院患者的药嘱开具科室统计用药数据；含在院：根据业务发生日期的收费数据统计相关的用药数据。,正偏离/无偏离,平台已实现（详见对应功能模块）
467,,,系统提供全院、门急诊、住院三个维度，支持用户设定自定义报表的统计数据来源，覆盖医院用药数据统计的来源选择；门急诊维度：统计数据来源为门诊或急诊的患者用药数据；住院维度：当统计维度为出院及含在院时则统计数据来源是出院患者的用药数据，当统计维度为含在院则统计收费数据中来源为住院的用药数据。,正偏离/无偏离,平台已实现（详见对应功能模块）
468,,,系统提供月、季、年三个报表自动生成周期，支持用户设定自定义报表的自动生成周期，还支持手动选择时间范围生成报表数据，满足医院用药数据统计的时间范围选择。,正偏离/无偏离,平台已实现（详见对应功能模块）
469,,,支持用户预览、修改、删除、复制、移动自定义报表，并支持对自定义报表分类管理。,正偏离/无偏离,平台已实现（详见对应功能模块）
470,,,系统提供标准出厂指标，用户可直接选择出厂指标组合成新的自定义报表，同时系统支持用户自定义常用维度的统计指标、计算指标、手工指标。,正偏离/无偏离,平台已实现（详见对应功能模块）
471,,,统计指标：支持用户个性化设定药品属性、药品分类、问题类型条件，用于筛选并统计满足条件的处方数、处方人次、出院人次、用药人次、问题发生数、处方金额、药品金额、品规数、累计品规数、品种数、累计品种数、医嘱条目数、使用量（DDDS）。,正偏离/无偏离,平台已实现（详见对应功能模块）
472,,,计算指标：支持用户选择多个相同数据来源的指标进行运算，实现个性化配置所需的计算指标。,正偏离/无偏离,平台已实现（详见对应功能模块）
473,,,手工指标：支持用户增加手工指标，用于展示无法统计或计算的相关内容，提供手工指标页面输入结果数据功能。,正偏离/无偏离,平台已实现（详见对应功能模块）
474,,,支持编辑调整自定义报表的格式，可设置表头、表尾、单元格合并及指标排序。 其他功能,正偏离/无偏离,平台已实现（详见对应功能模块）
475,,,支持报表按机构》科室》医生（或医疗组）的下钻展示，并支持按条件筛选报表统计结果。,正偏离/无偏离,平台已实现（详见对应功能模块）
476,,,支持按月、季度、年自动生成周期性报表，同时支持用户手动生成非周期性报表数据。,正偏离/无偏离,平台已实现（详见对应功能模块）
477,,,支持在线调整报表的显示内容，包括显示哪些指标及指标显示顺序。,正偏离/无偏离,平台已实现（详见对应功能模块）
478,,,支持具体指标统计结果的点击排序。,正偏离/无偏离,平台已实现（详见对应功能模块）
479,,,支持点评数据有变化时，提醒用户重新生成报表。,配套产品响应,属设备配套软件/商用知识库/CA 等产品参数，平台已留标准接入点
480,★,,支持报表导出，导出格式为excel格式，支持配置报表查看、报表生成、报表管理、报表填写的用户权限。 +-------------------------------+---------------------------------------------------------------------------------------------------------------------,正偏离/无偏离,平台已实现（详见对应功能模块）
481,,,系统提供审方药师门诊审方工作平台，支持审方药师在患者缴费前完成门诊处方的实时审查。,正偏离/无偏离,平台已实现（详见对应功能模块）
482,,,系统提供审方药师住院审方工作平台，支持审方药师在医嘱调剂前完成住院医嘱的实时审查。,正偏离/无偏离,平台已实现（详见对应功能模块）
483,,,系统按照预设的合理用药规则对处方/医嘱进行自动审查，包括过敏、禁忌症、适应症、特殊人群、配伍、相互作用、重复用药、给药途径、给药时机、给药剂量、给药频率、疗程审查等；再交由药师可选取全部或部分处方/医嘱进行人工审核；审方药师可将审核不合理的处方/医嘱打回到医生端，由医生进行双签或修改，直到处方/医嘱审核通过，进入调剂环节，实现审方药师的实时审方。 审方方案模式、权限设置,配套产品响应,属设备配套软件/商用知识库/CA 等产品参数，平台已留标准接入点
484,,,支持筛选需要审方药师人工审查的处方/医嘱：可按照院区、科室、病区、医生、药品、药品属性、诊断、警示信息等条件设置一个或多个审方方案，用于待审核处方/医嘱的过滤，确定待人工审核处方/医嘱任务；对于不符合方案设置的处方/医嘱，支持处方/医嘱自动通过审核。,正偏离/无偏离,平台已实现（详见对应功能模块）
485,,,支持根据患者年龄、患者病情严重状态设置筛选方案。,正偏离/无偏离,平台已实现（详见对应功能模块）
486,,,支持设置只审核静配医嘱。,正偏离/无偏离,平台已实现（详见对应功能模块）
487,,,支持医院自定义特殊管控药品审方方案，例如重点监控药品、精麻药品等，必须经过人工审核才允许执行，不受超时时间限制。,正偏离/无偏离,平台已实现（详见对应功能模块）
488,,,支持在审方方案中设置药师工作日和具体工作时间，对于非药师工作时间的处方/医嘱，可自动通过审核，不影响处方/医嘱的执行；支持设置不同药师排班管理，以及对应工作时间提醒。,正偏离/无偏离,平台已实现（详见对应功能模块）
489,,,支持设定等级的处方/医嘱自动驳回要求医生双签；支持设置需要审核医嘱但没有可审核药师时设置是否要求双签等。,正偏离/无偏离,平台已实现（详见对应功能模块）
490,,,门急诊支持可选择：按单张处方按患者合并当日所有处方或跨天跨就诊合并患者所有处方审查医生用药问题。,正偏离/无偏离,平台已实现（详见对应功能模块）
491,,,住院支持按患者审查或按组拆分审查，按患者审查即患者一次传入的医嘱为一个审查任务，按组拆分审查即患者一次传入的医嘱按组号拆分为多个审查任务，便于医院根据实际需要合理安排审方工作。,正偏离/无偏离,平台已实现（详见对应功能模块）
492,,,支持设置药师的审方权限，可按照院区、科室、病区、处方类型、诊断、药品、属性等条件设置药师的审方权限，系统可根据药师权限将待审核处方/医嘱任务分配给有权限的审方药师。 审方页面展示,正偏离/无偏离,平台已实现（详见对应功能模块）
493,,,支持审方页面一体化展示患者信息、处方/医嘱信息、检查检验信息、手术信息、电子病历信息、生命体征趋势图及系统自动审查结果。,正偏离/无偏离,平台已实现（详见对应功能模块）
494,,,支持在药师审核任务时，展示干预阶段医生预先填写的特别用药理由。,待复核,初评未匹配，须项目组逐条人工确认
495,,,支持药品使用监护点的突出展示，药品使用监护点即药师在审核某个药品的过程中需要重点关注信息，包括与药品适应症、疗效、禁忌症、不良反应等相关的检验指标、检查、生命体征和手术信息；支持查看检验指标趋势图，并支持异常检验指标的突出展示；有助于药师快速、全面、精准的审核处方/医嘱。,正偏离/无偏离,平台已实现（详见对应功能模块）
496,,,支持实时展示给审方药师，待审核处方/医嘱任务总量和分配给该药师的待审处方/医嘱任务数量。,正偏离/无偏离,平台已实现（详见对应功能模块）
497,,,支持处方/医嘱审核历史信息的查看，包括处方/医嘱审核状态、审方药师审核意见及医生对打回处方/医嘱的处理结果。,正偏离/无偏离,平台已实现（详见对应功能模块）
498,,,支持用户自定义设置处方/医嘱明细页面展示的字段，并可设置字段排序，方便药师关注信息的优先展示。,正偏离/无偏离,平台已实现（详见对应功能模块）
499,,,支持处方/医嘱审核时通过链接跳转到HIS电子病历页面。,正偏离/无偏离,平台已实现（详见对应功能模块）
500,,,支持TPN药嘱计算结果展示，如渗透压、离子浓度、液体量、氨基酸浓度、葡萄糖浓度、氨基酸量、糖脂比、热氮比等（需开启TPN审查功能）。,配套产品响应,属设备配套软件/商用知识库/CA 等产品参数，平台已留标准接入点
501,,,支持系统审查结果快速跳转到规则设置页面。,待复核,初评未匹配，须项目组逐条人工确认
502,,,支持特殊药品标识，如静配、高警示药品、麻醉药品、精神类药品、毒性药品及放射性药品等；并可根据医院需求自定义样式标识，如易跌倒、特殊管控药品等，以实现系统间同质化展示。,正偏离/无偏离,平台已实现（详见对应功能模块）
503,,,支持特定警示信息突出展示，缩短审核时间。 处方/医嘱人工审查,正偏离/无偏离,平台已实现（详见对应功能模块）
504,,,支持审方任务自动分配，并支持任务来临时自动页面消息及提示音提示；提示音模式支持设置减少打扰；,正偏离/无偏离,平台已实现（详见对应功能模块）
505,,,支持设置药师最大接收任务数；,待复核,初评未匹配，须项目组逐条人工确认
506,,,支持审方药师查看待审核处方/医嘱任务总量及分配给自己的待审处方/医嘱任务；门急诊可按科室、医生、处方号进行任务筛选；住院可按病区、医嘱类型、患者号进行任务筛选；,正偏离/无偏离,平台已实现（详见对应功能模块）
507,,,支持先开具处方/医嘱、传入带紧急标记的处方/医嘱、特殊给药途径/给药频率处方/医嘱的优先审核；,正偏离/无偏离,平台已实现（详见对应功能模块）
508,,,支持审方药师选择多张处方/医嘱，批量审核通过；,正偏离/无偏离,平台已实现（详见对应功能模块）
509,,,支持审方药师在审核处方/医嘱时，对系统根据处方/医嘱跑出的警示信息内容进行确认，并支持人工输入审核意见及用药建议；人工输入时支持一键复制药品名称；,正偏离/无偏离,平台已实现（详见对应功能模块）
510,,,对于人工输入的内容，支持药师自定义审核意见模板，便于药师在审核时进行选择及快速回复；,正偏离/无偏离,平台已实现（详见对应功能模块）
511,,,支持审方药师根据问题的严重程度选择是否强制要求医生修改处方/医嘱；,正偏离/无偏离,平台已实现（详见对应功能模块）
512,,,支持待审处方/医嘱超过规定时间，自动超时通过，并支持用户自定义超时时间；,正偏离/无偏离,平台已实现（详见对应功能模块）
513,,,支持页面展示审方倒计时，并支持设置是否突出展示；,正偏离/无偏离,平台已实现（详见对应功能模块）
514,,,支持处方/医嘱打回后，当医生超过一定时间未处理时提示给药师，且可以对医生超时未处理的时间进行设置；,正偏离/无偏离,平台已实现（详见对应功能模块）
515,,,支持处方/医嘱打回后，当医生对打回的处方/医嘱进行双签后，在药师界面显示双签理由并通过任务；,正偏离/无偏离,平台已实现（详见对应功能模块）
516,,,支持处方/医嘱打回后，当医生跟药师沟通后，且审方药师认同医生的用药方案时，支持审方药师修改处方/医嘱的审核结果，将打回的审核结果修改为通过并支持输入通过理由；,正偏离/无偏离,平台已实现（详见对应功能模块）
517,,,支持处方/医嘱的收藏，并可设置收藏分类，用于经典案例回顾等；,正偏离/无偏离,平台已实现（详见对应功能模块）
518,,,"支持在处方/医嘱审核任务上添加备注信息用于审方过程的记录，如""跟医生沟通需要审核通过""等；",正偏离/无偏离,平台已实现（详见对应功能模块）
519,,,支持在药房发药或后续执行时，根据返回的重要警示信息，对自动通过或超时通过的医嘱，进行再次审核；,正偏离/无偏离,平台已实现（详见对应功能模块）
520,,,支持定时对住院患者当前所有有效医嘱进行合并审查，对存在超用药疗程或因检验指标、生命体征、诊断、手术等信息发生变化，而产生新的用药问题时，提示药师关注处理。 审查结果查看,正偏离/无偏离,平台已实现（详见对应功能模块）
521,,,支持查看进入审方系统的全部处方或医嘱，包括人工审核通过及打回的处方/医嘱、系统自动通过、超时通过的处方/医嘱；,正偏离/无偏离,平台已实现（详见对应功能模块）
522,,,支持处方/医嘱审核历史的查看和导出，包括审方药师审核意见及医生处理结果；,正偏离/无偏离,平台已实现（详见对应功能模块）
523,,,支持按日期、科室、警示类型、药品分类、药品名称、审方药师、审核状态、处方号、患者号、给药途径、给药频率、给药剂量、药品属性等条件筛选处方/医嘱；,正偏离/无偏离,平台已实现（详见对应功能模块）
524,,,支持药师已收藏案例的筛选查看；,待复核,初评未匹配，须项目组逐条人工确认
525,,,支持用户自定义设置列表页面展示字段。 审方质量评价,正偏离/无偏离,平台已实现（详见对应功能模块）
526,,,支持根据日期、来源、审方药师、药品名称等条件，全部或随机抽取已审核处方/医嘱供药学管理人员进行回顾性分析评价，并可根据评价结果生成评价报表；,正偏离/无偏离,平台已实现（详见对应功能模块）
527,,,支持审方药师登入系统查看本人的审方评价结果。 统计分析,正偏离/无偏离,平台已实现（详见对应功能模块）
528,,,从机构、科室、医生、处方类型等角度统计处方/医嘱数量及审查概况，包括自动通过处方数/医嘱组数、药师打回、药师通过处方数/医嘱组数等指标；支持机构、科室下钻展示统计数据；,正偏离/无偏离,平台已实现（详见对应功能模块）
529,,,统计各审方药师审核的处方数/医嘱组数、审核通过、审核打回的处方数/医嘱组数等指标；,正偏离/无偏离,平台已实现（详见对应功能模块）
530,,,从机构、科室、医生、药师等维度统计处方/医嘱打回后医生对打回处方/医嘱的处理情况，包括医生双签、医生修改处方数/医嘱组数等指标；,正偏离/无偏离,平台已实现（详见对应功能模块）
531,,,从机构、科室、医生、药师等角度统计药师审方的效率及医生处理的效率，包括药师审核耗时、医生处理耗时等指标；,正偏离/无偏离,平台已实现（详见对应功能模块）
532,,,统计药师审核的处方/医嘱中各问题类型的发生的情况，包括打回处方数/医嘱组数、医生双签、医生修改处方数/医嘱组数等指标。 审方消息沟通,正偏离/无偏离,平台已实现（详见对应功能模块）
533,,,支持审方药师打回处方/医嘱后，可通过审方消息沟通工具将打回信息及打回原因提示给医生，医生和药师可以在客户端就用药方案实时交流；,正偏离/无偏离,平台已实现（详见对应功能模块）
534,,,支持医生登录医生工作站时自动登录审方消息客户端；,正偏离/无偏离,平台已实现（详见对应功能模块）
535,,,支持医生在通知中进行双签名操作；,正偏离/无偏离,平台已实现（详见对应功能模块）
536,,,支持医生查看消息通知和消息推送历史；,正偏离/无偏离,平台已实现（详见对应功能模块）
537,,,支持医生回复审方打回的内容，并支持审方药师查看医生回复内容；,正偏离/无偏离,平台已实现（详见对应功能模块）
538,,,支持医生离线时消息的存储，并支持医生在线时的消息推送；,正偏离/无偏离,平台已实现（详见对应功能模块）
539,,,对于门诊处方，支持设置消息推送给当前处方医生或处方科室所有医生；对于住院医嘱，支持设置消息推送给当前医嘱医生、所在病区所有医生或所在科室所有医生，以便及时处理。 > 审方大屏,正偏离/无偏离,平台已实现（详见对应功能模块）
540,,,支持当天处方审核量、打回/通过、医生处理数据展示；,正偏离/无偏离,平台已实现（详见对应功能模块）
541,★,,支持实时更新展示审方工作效率情况及药师排名，支持门诊住院各科室审方任务量排名、问题种类排名。 +-------------------------------+------------------------------------------------------------------------------------------------------------------------,正偏离/无偏离,平台已实现（详见对应功能模块）
542,,,支持对接入应用的授权管理，支持可视化的用户管理、证书管理，实现数字证书得申请、更新、吊销等。,正偏离/无偏离,平台已实现（详见对应功能模块）
543,,,提供restful API的形式接口与业务系统对接，产品提供对业务系统请求报文的真实性完整性校验。,正偏离/无偏离,平台已实现（详见对应功能模块）
544,,,产品支持基于数字证书的安全认证登录管理功能，能实现多种角色管理，包括但不限于管理员、操作员、审计员等。,正偏离/无偏离,平台已实现（详见对应功能模块）
545,,,支持基于服务端的签名任务发起和签名结果获取；基于协同密钥技术来实现移动端用户私钥的生成和使用。,配套产品响应,属设备配套软件/商用知识库/CA 等产品参数，平台已留标准接入点
546,,,支持在统一页面实现对用户的集中管理，包括用户导入、用户新增、用户照片和签章图片导入、单个冻结和批量冻结、单个删除和批量删除、批量导出、签章样式自定义编辑等功能。,配套产品响应,属设备配套软件/商用知识库/CA 等产品参数，平台已留标准接入点
547,,,支持在线、离线证书签发模式、日志及审计功能；支持用户量、签名量、证数量的统计分析。,正偏离/无偏离,平台已实现（详见对应功能模块）
548,,,支持管理员一键授权管理：能够在单一页面实现自由勾选功能模块对管理员进行权限分配，包括对用户管理功能的授权、对证书验证管理的授权、CSS高级配置的授权、系统设置的授权、日志的授权、配置管理的授权等。,正偏离/无偏离,平台已实现（详见对应功能模块）
549,,,支持一人多设备、一设备多人的应用场景；支持授权签名：用户只需要使用手机在PC端完成一次授权即可多次签名，并可以关闭授权；支持推送签名：用户以推送的方式发起签名，签名者在手机端收到推送后直接完成签名；支持在签名任务中添加签名描述信息。,正偏离/无偏离,平台已实现（详见对应功能模块）
550,,,支持通过系统唯一用户标识绑定用户身份；支持通过接口添加用户信息，支持CRL配置和根证书配置，支持标准签名验证，能够与USBKey签名互通，支持证书有效性验证。,配套产品响应,属设备配套软件/商用知识库/CA 等产品参数，平台已留标准接入点
551,,,支持基于SM2密钥分割技术和协同签名技术实现电子签名功能。,配套产品响应,属设备配套软件/商用知识库/CA 等产品参数，平台已留标准接入点
552,,,支持扫码签名、推送签名、自动签名、授权自动签名功能。,正偏离/无偏离,平台已实现（详见对应功能模块）
553,,,支持基于数字证书的个人电子签章、扫码签章、网页签章、PDF签章，支持移动端和管理端自定义配置签章图片功能。,配套产品响应,属设备配套软件/商用知识库/CA 等产品参数，平台已留标准接入点
554,,,移动端兼容APP（Android/IOS/鸿蒙）、SDK、微信小程序、企业微信、钉钉小程序、小程序。,正偏离/无偏离,平台已实现（详见对应功能模块）
555,,,提供证书签发、签名统计、统计报表功能，支持按时间/证书类型/科室/姓名进行查看、检索和导出功能。,正偏离/无偏离,平台已实现（详见对应功能模块）
556,,,移动签名专用设备的服务端密码模块满足密码模块安全等级第二级相关要求。 **移动端密码模块（协同签名APP/SDK）**,正偏离/无偏离,平台已实现（详见对应功能模块）
557,,,移动端提供SDK和APP两种形态模块。,正偏离/无偏离,平台已实现（详见对应功能模块）
558,,,移动端支持基于激活码下载证书和扫码下载证书。,正偏离/无偏离,平台已实现（详见对应功能模块）
559,,,移动端支持基于签名任务id和扫码签名。,正偏离/无偏离,平台已实现（详见对应功能模块）
560,,,移动端APP支持扫码签名、推送签名。,正偏离/无偏离,平台已实现（详见对应功能模块）
561,,,移动端APP支持通过扫码或手动方式配置服务端。,正偏离/无偏离,平台已实现（详见对应功能模块）
562,,,"移动端APP要能够在Android应用市场和苹果AppStore中已经发布,支持安卓、鸿蒙、IOS主流操作系统。",正偏离/无偏离,平台已实现（详见对应功能模块）
563,,,移动端SDK支持集中显示待签名文件列表，并且支持批量勾选文件进行签署。,正偏离/无偏离,平台已实现（详见对应功能模块）
564,,,移动端SDK支持传PIN码签名：支持通过传入PIN码的方式进行签名。,正偏离/无偏离,平台已实现（详见对应功能模块）
565,,,移动端支持通过PIN码或指纹进行认证后签名。,正偏离/无偏离,平台已实现（详见对应功能模块）
566,,,移动端SDK支持开启和关闭指纹。,正偏离/无偏离,平台已实现（详见对应功能模块）
567,,,支持Android4.4及以上版本，iOS8.0及以上版本，鸿蒙等操作系统。,待复核,初评未匹配，须项目组逐条人工确认
568,,,移动端APP须在Android应用市场和苹果AppStore中已经发布。,正偏离/无偏离,平台已实现（详见对应功能模块）
569,,,移动端密码模块需同时具备IOS和Android两个版本且满足密码模块安全等级第二级相关要求。 **时间戳服务器**,配套产品响应,属设备配套软件/商用知识库/CA 等产品参数，平台已留标准接入点
570,,,"支持管理员配置功能，管理员配置支持基于数字证书的方式配置""超级管理员模式""和""三权分立模式""。",配套产品响应,属设备配套软件/商用知识库/CA 等产品参数，平台已留标准接入点
571,,,支持多种时间戳服务接口，支持应用接口包含但不限于Java、C、COM。,配套产品响应,属设备配套软件/商用知识库/CA 等产品参数，平台已留标准接入点
572,,,支持可信时间发布功能，支持时间同步机制。,正偏离/无偏离,平台已实现（详见对应功能模块）
573,,,支持各类应用开发平台调用，支持应用平台包括但不限Windows server、 Linux、AIX、Solaris、Unix。,正偏离/无偏离,平台已实现（详见对应功能模块）
574,,,支持算法标准：SM2、SM3。,待复核,初评未匹配，须项目组逐条人工确认
575,,,提供备份恢复功能，可通过界面备份当前所有配置，保证系统瘫痪时的快速恢复，支持通过证书对备份数据进行加密，通过验证证书口令解密实现备份数据恢复。,正偏离/无偏离,平台已实现（详见对应功能模块）
576,,,提供时间源管理。,待复核,初评未匹配，须项目组逐条人工确认
577,,,支持时间戳的签发及验证功能，提供时间戳服务接口，时间戳结构满足RFC3161/RFC2630/GM0033规范要求。,配套产品响应,属设备配套软件/商用知识库/CA 等产品参数，平台已留标准接入点
578,,,可配置多CA签发的根证书，验证多CA签发的时间戳，支持CRL/LDAP验证方式。,配套产品响应,属设备配套软件/商用知识库/CA 等产品参数，平台已留标准接入点
579,,,支持时间源同步机制，支持NTP、SNTP同步方式，既支持以自身时间源为基准进行时间同步，同时也支持以外置时间源为基准进行时间同步。,正偏离/无偏离,平台已实现（详见对应功能模块）
580,,,支持分级权限管理模式，分为管理员、操作员、审计员三级，分别赋予不同权限。,正偏离/无偏离,平台已实现（详见对应功能模块）
581,,,支持通过管理界面进行应用管理、证书管理、系统配置以及日志查询等管理操作，支持通过web管理页面直接升级系统。,待复核,初评未匹配，须项目组逐条人工确认
582,,,支持一键检测功能，包括服务接口检测（包含初始化获取随机数接口、创建时间戳请求接口、创建时间戳接口、验证时间戳接口）、加密卡检测和时间源检测，保证设备处于正常工作状态。,配套产品响应,属设备配套软件/商用知识库/CA 等产品参数，平台已留标准接入点
583,,,提供备份恢复功能，可通过界面备份当前所有配置，保证系统瘫痪时的快速恢复，支持通过证书对备份数据进行加密，通过验证证书口令解密实现备份数据恢复。,正偏离/无偏离,平台已实现（详见对应功能模块）
584,,,备份恢复：将服务器配置信息备份到PC端，也可以将PC端的备份文件恢复到系统，方便出问题时尽快恢复。,正偏离/无偏离,平台已实现（详见对应功能模块）
585,,,业务日志管理：签发时间戳的时候记录业务日志，可以选择开启或关闭业务日志。,配套产品响应,属设备配套软件/商用知识库/CA 等产品参数，平台已留标准接入点
586,,,产品满足密码模块安全等级第二级相关要求。 **个人数字证书**,正偏离/无偏离,平台已实现（详见对应功能模块）
587,,,标示个人用户网络身份；,正偏离/无偏离,平台已实现（详见对应功能模块）
588,,,证书格式标准遵循x．509v3标准；,配套产品响应,属设备配套软件/商用知识库/CA 等产品参数，平台已留标准接入点
589,,,支持自定义证书扩展域管理；,待复核,初评未匹配，须项目组逐条人工确认
590,,,证书包含一年有效期。 **设备证书**,正偏离/无偏离,平台已实现（详见对应功能模块）
591,,,标示设备用户网络身份；,正偏离/无偏离,平台已实现（详见对应功能模块）
592,,,证书格式标准遵循x．509v3标准；,配套产品响应,属设备配套软件/商用知识库/CA 等产品参数，平台已留标准接入点
593,,,支持自定义证书扩展域管理；,待复核,初评未匹配，须项目组逐条人工确认
594,★,,证书包含一年有效期。 +-------------------------------+------------------------------------------------------------------------------------------------------------------------------------------------------------,正偏离/无偏离,平台已实现（详见对应功能模块）
595,,,予以完成各业务信息系统之间的解耦互联（拥有高效率的数据资料获取、转换和加载（数据资料抽取转换加载）功能，确保数据资料的精确性和完整性性），拥有全院级集成化应当用的企业级服务功能总线信息系统架构，基于内容的智能化分发，拥有基于事件触发工作机制的信息系统对接，予以完成信息格式适配转换与数据资料传递。,正偏离/无偏离,平台已实现（详见对应功能模块）
596,,,业务流程维护管理；字典同步更新引擎：协同更新服务功能，使多个信息系统同步予以完成同一工作业务流程带来的数据资料更新；数据资料库连接参数配置，内部数据资料交换，业务消息路由；拥有IDE运行环境，拥有集成的几大引擎工作机制：执行操作引擎：拥有引擎的服务功能创建与管控，业务流程定义，业务消息映射，数据资料映射与转换的自动化化。,正偏离/无偏离,平台已实现（详见对应功能模块）
597,,,能够基于事件触发的业务消息传输工作机制，能够功能的推送和接收。,正偏离/无偏离,平台已实现（详见对应功能模块）
598,,,以制定适合我国医疗卫生运行环境下的卫生行业业务消息交互规范，基于平台信息系统的数据资料交换标准化，同时结合我国医疗卫生实际情况，对HL7V3交互服务功能进行本土化约束和适当扩展，业务消息规范借鉴国际上已有的成熟业务消息标准ISO/HL7V3。,正偏离/无偏离,平台已实现（详见对应功能模块）
599,,,能够热备高能够用性性部署，备机能够在不应当人工干预的情况下自动化启动，当主机修复后，业务消息在备机中继续运行，当主机发生故障时，主备机之间设置、业务消息库能够即时一致化，业务消息会转回主机中继续处理操作。,正偏离/无偏离,平台已实现（详见对应功能模块）
600,,,能够按需免费扩展，无接入通讯点数量限制。,待复核,初评未匹配，须项目组逐条人工确认
601,,,能够多种用于主流信息交互方式的适配器：数据资料库适配器、文件适配器、WebService适配器、socket适配器、队列适配器等。,正偏离/无偏离,平台已实现（详见对应功能模块）
602,,,拥有图形化集成服务功能及业务流程定义工具，借助IDE运行环境。,正偏离/无偏离,平台已实现（详见对应功能模块）
603,,,基于内容的路由、广播路由、聚合路由、拆分路由、排序路由、自定义中介器、XML信息格式适配转换器。,正偏离/无偏离,平台已实现（详见对应功能模块）
604,,,通过参数而非编程的方式，能够对接各类异构信息系统而无论其底层技术栈何种技术，如JMS、Web服务功能、JDBC、HTTP、File、FTP、及其它等80多种协议。,待复核,初评未匹配，须项目组逐条人工确认
605,,,拥有多种协议转换的转换器（Transformer），如httpTransformer。,待复核,初评未匹配，须项目组逐条人工确认
606,,,拥有文件格式适配的转换器（Transformer）。如：xml格式适配json格式，能够多种文件格式适配，xml格式适配String格式等。,待复核,初评未匹配，须项目组逐条人工确认
607,,,准许通过XSLT能够予以完成对XML格式的转换，能够XML标准定义。,待复核,初评未匹配，须项目组逐条人工确认
608,,,能够用业务消息中的属性数据资料进行业务消息的分发，且路由业务规则通过设置方式予以完成，过滤，予以完成不同业务规则的动态路由。,正偏离/无偏离,平台已实现（详见对应功能模块）
609,,,编写Java程序通过JMSSubscriber来订阅不同主题的业务消息，通过请求的数据资料内容的关键值进行主题发布。,正偏离/无偏离,平台已实现（详见对应功能模块）
610,,,能够对已有功能业务流程的重新编排，然后组合生成新的业务流程。,待复核,初评未匹配，须项目组逐条人工确认
611,,,能够如下主流数据资料存储的对接，MySql、SqlServer、Oracle等。,待复核,初评未匹配，须项目组逐条人工确认
612,,,其他数据资料库连接能够采用自定义方式连接。,待复核,初评未匹配，须项目组逐条人工确认
613,,,能够HTTP协议与HTTPS安全稳定能够靠能够靠协议组件。,待复核,初评未匹配，须项目组逐条人工确认
614,,,包括C#、JAVA、Groovy、python等，能够多种编程语言对平台信息系统的调用。 **（二）平台监控** （1）平台综合监控,正偏离/无偏离,平台已实现（详见对应功能模块）
615,,,即时监测业务消息发送相关数据资料，自动化产生审计记录连接状态审计记录及行为审计记录；即时刷新各个业务业务消息的流动状态；更新监测结果，审计记录平台信息系统审计记录；即时监测业务消息发送失败相关数据资料；拥有基于业务条件的监测检索；即时地显示集成平台信息系统的功能器系统资源监测结果，包括监测概况、队列积压情况、功能器系统资源监测；即时对第三方数据资料交换连接状态、第三方应当用平台信息系统的运行状态和,正偏离/无偏离,平台已实现（详见对应功能模块）
616,,,接入平台信息系统总数，予以完成各类汇总功能：包括启用功能总数，今日功能调用次数，功能调用总数，业务消息通道业务消息数等汇总分析处理操作功能。,正偏离/无偏离,平台已实现（详见对应功能模块）
617,,,检索设定日期内特定名称和类别的告警数据资料，对告警条件的增、改、删及启用、停用等行为，设置告警项。,正偏离/无偏离,平台已实现（详见对应功能模块）
618,,,能够运行监测审计记录输出功能。 > （2）ESB(企业服务总线的监控),正偏离/无偏离,平台已实现（详见对应功能模块）
619,,,能够监测业务消息发送相关数据资料，更新监测结果，即时审计记录各个业务业务消息的流动状态。,正偏离/无偏离,平台已实现（详见对应功能模块）
620,,,能够显示企业级服务功能总线信息系统架构的监测结果，包括服务功能器系统资源情况、Flow（服务功能业务流程）情况监测、部署情况监测。,待复核,初评未匹配，须项目组逐条人工确认
621,,,能够第三方数据资料交换连接状态、第三方应当用平台信息系统的运行状态和行为人员关键性行为的跟踪审计记录功能。,正偏离/无偏离,平台已实现（详见对应功能模块）
622,★,,能够监测总线部署的业务应当用及flow的执行操作时间。能够通过开启flow监测，监测Flow中执行操作的业务消息内容、各个组件的输出业务消息内容等。 +-------------------------------+--------------------------------------------------------------------------------------------,正偏离/无偏离,平台已实现（详见对应功能模块）
623,,,依托ETL工具构建定时任务与事件驱动双重数据采集模式，通过与各业务系统接口的标准化交互对接，将院内患者全流程诊疗及临床业务数据，统一归集至平台数据库，实现多源业务数据的自动化汇聚与整合。 数据集成,正偏离/无偏离,平台已实现（详见对应功能模块）
624,,,数据中心集成整合院内多维度核心医疗数据，涵盖患者主索引、患者基础服务信息、门诊处方、临床诊断结果、住院病历、住院医嘱、输血相关记录、血液配发信息、血型鉴定报告、手术麻醉记录、检验与检查申请单据、门诊病历、生命体征记录、检验报告、检查报告、病理报告等全品类临床业务数据。 数据浏览,正偏离/无偏离,平台已实现（详见对应功能模块）
625,★,,提供数据集浏览功能，可实时查看各数据集的数据采集状态与数据校验结果；支持临床数据中心全局概览展示，同时可对临床数据库中的标准数据集进行统一查阅与浏览。 +-------------------------------+-------------------------------------------------------------------------------------------,正偏离/无偏离,平台已实现（详见对应功能模块）
626,,,采用多样化的数据抽取工具，构建高效、稳定的运营数据采集链路，将医院各业务场景下产生的各类运营数据，精准、快速抽取至数据中心数据库，为后续数据统计分析提供基础支撑。 （2）数据存储,正偏离/无偏离,平台已实现（详见对应功能模块）
627,,,结合医院实际数据规模、硬件资源配置等情况，制定差异化运营数据抽取策略，优先将各类运营数据抽取至数据仓库进行存储管理。 （3）数据清洗,待复核,初评未匹配，须项目组逐条人工确认
628,,,依据各项业务指标及数据分析需求，对数据仓库内的运营数据开展系统性清洗与标准化转换操作；过程中严格对照主数据映射规则，对不符合规则的数据予以筛选舍弃，对未纳入主数据标准范围的数据进行合规性转换处理，并通过调度任务设置定时执行机制，实现数据清洗与转换工作的自动化、常态化运行，保障数据质量达标。 （4）数据模型,正偏离/无偏离,平台已实现（详见对应功能模块）
629,★,,结合医院实际业务形态、业务场景特点及各类数据分析指标的核心要求，构建符合大数据标准的规范化仓库模型，所有模型数据均采用经过前置清洗、转换处理后的合规数据，并统一存储于ClickHouse数据库中，保障数据存储的高效性与分析的准确性。该仓库模型涵盖多层级架构，各层级功能明确、各司其职，具体包括但不限于以下三层： > DWD层（数据明细层）：聚焦原始数据的标准化处理，针对清洗转换后的明细数据执行容错修,正偏离/无偏离,平台已实现（详见对应功能模块）
630,,,提供数据质量规则可视化创建功能，支持按需选择不同数据源、目标数据表及具体字段，灵活配置标准化质量校验规则，涵盖空值核查、值域合法性校验、重复数据去重检查、数据及时性审核、跨维度数据一致性校验等核心场景；同时支持自定义SQL脚本编写，满足复杂业务场景下的个性化、精细化质量检查需求，全方位筑牢数据质量防线。,正偏离/无偏离,平台已实现（详见对应功能模块）
631,,,具备同类质量规则智能校验与提醒机制，系统可自动识别当前创建的规则与已存在的同类需求规则，及时触发冗余提醒，避免重复创建；支持将创建的质量规则与对应业务分类进行关联绑定，实现规则的分类归档与高效检索，同时可自动生成该质量规则对应的SQL执行语句，省去手动编写成本，提升规则落地效率。,正偏离/无偏离,平台已实现（详见对应功能模块）
632,,,支持已创建数据质量规则的全流程运维管理，可根据业务需求变化、数据标准更新，对现有质量规则的检查条件、参数配置等进行灵活修改；同时支持对过期、无用、冗余的质量规则进行删除操作，确保质量规则体系的简洁性、时效性与适用性，适配业务动态发展需求。 （2）业务分类管理,正偏离/无偏离,平台已实现（详见对应功能模块）
633,,,用户可创建不同的业务规则，通过质量规则与业务分类进行关联配置，最终自动生成对应业务场景下的质量报告。 （3）调度任务管理,正偏离/无偏离,平台已实现（详见对应功能模块）
634,,,支持选取已配置完成的质量规则，自定义设置业务任务的执行时段与调度频次，系统将依据设定自动执行任务；同时支持手动触发执行，并可对任务执行结果与历史状态进行查询查看。 （4）数据质量监控,正偏离/无偏离,平台已实现（详见对应功能模块）
635,,,支持对数据质量进行全方位监控展示，涵盖业务规则总量、质量规则总量、规则调用总次数、执行成功次数、执行失败次数，并可统计展示各业务分类、各数据表的质量问题排行。,正偏离/无偏离,平台已实现（详见对应功能模块）
636,★,,支持根据业务分类、数据源、时间周期等维度筛选检索质检报告，支持查看报告详细明细信息，并可对报告及明细内容进行导出与下载。 +-------------------------------+----------------------------------------------------------------------------------------------------------,正偏离/无偏离,平台已实现（详见对应功能模块）
637,,,负责业务指标所依赖的基础指标（分子、分母）维护，支持完善指标定义、数据来源等信息；针对系统采集类指标，可绑定对应业务场景与数仓模型。,正偏离/无偏离,平台已实现（详见对应功能模块）
638,,,支持对业务指标进行分类维护，例如三级公立医院绩效考核、医院评审、医共体建设等类别；在对应分类下创建业务指标，配置指标属性、内涵定义、应用方向、计算公式、责任科室等信息，构建医院统一规范的指标库体系。,正偏离/无偏离,平台已实现（详见对应功能模块）
639,,,可依据业务实际需要，对已有指标进行编辑更新或停用处理。 （2）指标统计,正偏离/无偏离,平台已实现（详见对应功能模块）
640,★,,支持查看已建立指标的总体数量，并可按指标分类、归属科室等维度进行汇总统计与展示。 +-------------------------------+------------------------------------------------------------------------------------------------------------------------------,正偏离/无偏离,平台已实现（详见对应功能模块）
641,,,支持对主数据目录、数据来源、版本信息等基础信息进行维护，可配置主数据包含的字段信息，包括字段编码、数据类型、长度、默认值、非空校验、主键标识等，并支持与其他主数据建立关联关系。,待复核,初评未匹配，须项目组逐条人工确认
642,,,支持对已添加的字段进行编辑、查看及停用操作，新增字段需经过流程审批通过后方可正式启用。 （2）标准审批管理,正偏离/无偏离,平台已实现（详见对应功能模块）
643,,,可对主数据字段的新增、修改申请进行查询与审核，支持批量通过或批量驳回操作，驳回审批时需录入对应的驳回原因。 > （3）数据管理,正偏离/无偏离,平台已实现（详见对应功能模块）
644,,,负责主数据目录下具体数据的维护工作，支持手动新增、Excel 文件导入以及接口同步三种数据录入方式。 （4）映射管理,正偏离/无偏离,平台已实现（详见对应功能模块）
645,,,支持建立不同主数据之间的对应关系，维护主数据间的字段映射规则以及数据项的映射配置。 （5）订阅管理,正偏离/无偏离,平台已实现（详见对应功能模块）
646,,,各业务系统可通过接口方式对接主数据平台，系统实时展示各系统的对接状态与调用情况。 （6）操作日志,正偏离/无偏离,平台已实现（详见对应功能模块）
647,★,,完整记录并展示用户在主数据模块内的所有操作行为与历史记录。 +-------------------------------+-----------------------------------------------------------------------------------------------------------------------------------------,正偏离/无偏离,平台已实现（详见对应功能模块）
648,,,.支持填报数据的展示、筛选及已填报记录查询，可依据不同填报状态，执行提交、编辑及撤回等操作。,正偏离/无偏离,平台已实现（详见对应功能模块）
649,,,科室可按指标主题（如三级公立医院评审）进行数据填报，系统自动提取数据标准中归属当前科室、需人工填报的指标；填报过程支持查看指标释义，并可上传佐证附件材料。 （2）数据审批,正偏离/无偏离,平台已实现（详见对应功能模块）
650,,,审批人员可查看科室填报内容并对指标值进行审核，支持单条或批量审批通过与驳回，驳回需注明原因，同时可查看审批流程与历史记录；审批流程支持通过流程引擎灵活配置。 （3）填报数据监测,正偏离/无偏离,平台已实现（详见对应功能模块）
651,,,支持按填报主题与时间维度，对各科室近 12 个月的数据填报情况进行统一监控与展示。 （4）填报统计,正偏离/无偏离,平台已实现（详见对应功能模块）
652,,,支持以表格形式对各类已完成填报的指标数据进行汇总展示。 （5）填报干预,正偏离/无偏离,平台已实现（详见对应功能模块）
653,★,,支持对指标可填报月份进行管控，支持对指标分类执行锁定与解锁操作，锁定后对应指标禁止填报。 +-------------------------------+--------------------------------------------------------------------------------------------------------------------------,正偏离/无偏离,平台已实现（详见对应功能模块）
654,,,系统严格遵循《国家卫生健康委办公厅关于印发三级医院评审标准》中的相关指标要求，开展数据展示与分析应用，为医院管理者提供指标监控能力，通过数据支撑医疗质量与运营效率的持续提升。 （2）指标主题,正偏离/无偏离,平台已实现（详见对应功能模块）
655,,,提供多维度主题分析，涵盖资源配置与运营管理、医疗服务能力、质量安全管理、重点专科质控、单病种质控、限制类医疗技术质控等分析主题。,正偏离/无偏离,平台已实现（详见对应功能模块）
656,,,针对无法由系统自动采集、自动计算生成的指标，支持通过人工填报方式完成数据采集。 （3）展现形式,正偏离/无偏离,平台已实现（详见对应功能模块）
657,,,首支持麻醉、重症、急诊、检验、病理、院感、临床用血、呼吸内科、产科、神经专业、系统性疾病、肾病、护理、药事等各专科质控指标展示。,正偏离/无偏离,平台已实现（详见对应功能模块）
658,,,平台首页指标以卡片化方式展示，支持按时间维度筛选查看对应指标数据。,正偏离/无偏离,平台已实现（详见对应功能模块）
659,,,支持国家 52 个单病种相关指标展示，包含病例上报率、平均住院日、次均费用、病死率、手术患者并发症发生率等核心内容（需医院已开展对应病种业务）。,正偏离/无偏离,平台已实现（详见对应功能模块）
660,,,支持床位配置、卫生技术人员配置、资源配置、运营指标、科研指标及其他类指标的集中展示与查询。,正偏离/无偏离,平台已实现（详见对应功能模块）
661,,,支持国家限制类医疗技术、人体器官捐献与移植相关指标展示（需医院已开展对应业务，并提前完成指标建模配置）。,正偏离/无偏离,平台已实现（详见对应功能模块）
662,,,持指标钻取分析：点击指标可进入二级明细页面，部分指标支持按科室进一步下钻至三级详情页面（部分指标无多级钻取页面。,正偏离/无偏离,平台已实现（详见对应功能模块）
663,,,支持医疗服务能力、医院质量、医疗安全类相关指标数据可视化展示。 （4）业务系统支撑,正偏离/无偏离,平台已实现（详见对应功能模块）
664,★,,对于支持自动采集、自动计算的指标，需依托对应源头业务系统提供数据支撑。包括重症监护信息系统、HIS、单病种管理系统、实验室管理系统（LIS）、手术麻醉系统、药学监护系统、院感信息系统、处方审查系统、血透信息系统、急诊信息系统、病理信息系统、不良事件管理系统、护理管理系统、DRGS、手卫生依从系统、科研管理系统、输血管理系统、处方点评系统等。 ------------------ ---------,配套产品响应,属设备配套软件/商用知识库/CA 等产品参数，平台已留标准接入点
665,,,系统以国家卫生健康委办公厅印发的《国家三级公立医院绩效考核操作手册》为核心参考依据，自动完成相关指标的分析与生成，为医院管理者优化市场布局、提升医疗运营效率提供数据支撑，助力科学决策。 （2）指标主题,正偏离/无偏离,平台已实现（详见对应功能模块）
666,,,涵盖四大核心分类指标的分析与可视化呈现，具体包括医疗质量、运行效率、持续发展及满意度评价。,正偏离/无偏离,平台已实现（详见对应功能模块）
667,,,针对部分无法通过系统自动运算获取的指标类型，提供人工手工填报渠道，保障数据采集的完整性。 （3）展现形式,正偏离/无偏离,平台已实现（详见对应功能模块）
668,,,支持指标多级下钻查询，点击对应指标可进入二级详情页面，部分二级页面可通过选择科室，进一步下钻至三级明细页面（部分指标不具备二级或三级下钻页面）。,正偏离/无偏离,平台已实现（详见对应功能模块）
669,,,可集中呈现医疗质量、运行效率、持续发展、满意度评价等各类分类下的相关指标数据，呈现清晰、一目了然。,正偏离/无偏离,平台已实现（详见对应功能模块）
670,,,平台首页采用卡片化样式展示各类指标，支持通过时间筛选功能，灵活查看不同时段的指标信息。 （4）业务系统支撑,正偏离/无偏离,平台已实现（详见对应功能模块）
671,★,,对于可从业务系统自动采集数据的指标，其自动获取功能的实现，需依托对应业务系统提供基础支撑。包括财务管理系统、手术麻醉系统、双向转诊系统、DRGS、实验室管理系统、HIS、处方审查系统、设备管理系统等。 -------------- ----------------------- 序号 系统名称 1 HIS 2 手术麻醉系统 3 处方点评系统 4 处方审查系统 5 双向转诊系统 6 设备管理系统 7,配套产品响应,属设备配套软件/商用知识库/CA 等产品参数，平台已留标准接入点
672,,,提供门诊全流程运营数据的多维度展示与分析能力，支撑门诊效率与服务质量监控。 包含：,正偏离/无偏离,平台已实现（详见对应功能模块）
673,,,可统计并展示科室挂号量、科室接诊量、医生挂号量、医生接诊量排名 TOP10，同时支持急诊常见诊断类型 TOP10 展示；,正偏离/无偏离,平台已实现（详见对应功能模块）
674,,,支持按挂号渠道统计挂号人次、退号人次、预约人次，并汇总展示急诊人次、门诊总就诊人次；,正偏离/无偏离,平台已实现（详见对应功能模块）
675,,,挂可按费用类别统计门诊总费用、退费金额，分析支付方式构成、门诊均次费用、药费、药占比，同时展示医保报销金额及报销占比。 （2）住院运营指标,正偏离/无偏离,平台已实现（详见对应功能模块）
676,,,实现住院业务关键运营指标集中呈现，为住院管理与资源调配提供数据依据。 包含：,正偏离/无偏离,平台已实现（详见对应功能模块）
677,,,支持按科室统计入院、出院人次分布，并展示在院患者性别、年龄、护理等级等维度构成情况；,正偏离/无偏离,平台已实现（详见对应功能模块）
678,,,涵盖入院人次、预约入院人次、出院人次及实时在院人次等核心住院流量指标；,正偏离/无偏离,平台已实现（详见对应功能模块）
679,,,可按费用类型展示住院总费用、均费、药品费用、药占比、床位使用率，并统计医保结算金额及报销占比。 （3）其他运营指标,正偏离/无偏离,平台已实现（详见对应功能模块）
680,,,支持医院整体运营相关补充指标的统一展示与可视化分析。,正偏离/无偏离,平台已实现（详见对应功能模块）
681,,,提供平均候诊时长统计、门诊诊断词云展示、药品使用量 TOP10 排行等分析内容；,正偏离/无偏离,平台已实现（详见对应功能模块）
682,★,,可统计各住院科室手术人次，并展示待诊疗、待检查、待检验、待取药、待入院等各类等待人次。 +-------------------------------+---------------------------------------------------------------------------------------------------------------------------,正偏离/无偏离,平台已实现（详见对应功能模块）
684,,,综合（全部）视图：通过患者列表，浏览患者在医院的所有门诊、住院、检查、检验等数据资料； > 集成展示患者基础信息、既往病史、近期就诊记录、检验检查摘要、手术记录、生命体征趋势、用药明细等核心数据； > > 采用B/S架构Web方式实现，作为电子病历系统默认患者视图； > > 支持多视图模式切换，包括就诊信息视图、用药记录视图、检查检验视图等； > > 提供人体解剖部位疾病分布图，支持点击部位查看相,正偏离/无偏离,平台已实现（详见对应功能模块）
685,,,门诊视图：通过患者列表，以时间轴浏览患者在医院的所有门诊数据资料、检查、检验、处方数据资料等，选择门诊视图； > 专注展示患者门诊诊疗活动及相关处方、报告信息； > > 支持门诊就诊记录快速切换，便于查阅历次门诊信息； > > 支持门诊处方与检验检查报告的关联展示。,正偏离/无偏离,平台已实现（详见对应功能模块）
686,,,住院视图：通过患者列表，选择住院视图，以时间轴查看患者在医院的所有住院信息、检查、检验、手术信息等。 > 提供以时间为轴线的住院诊疗信息展示，包括生命体征、出入量、护理级别、术后天数等关键指标； > > 展示单次住院期间每日新增病历信息，包括用药、医嘱、检验、检查、病历文书等； > > 支持住院时序视图动态切换，医生可查看患者住院期间生命体征变化趋势； > > 支持住院医嘱、检查检验报告、诊断记录,正偏离/无偏离,平台已实现（详见对应功能模块）
687,,,病史导航：患者病史导航主要有患者查看，患者病史导航，患者卫生事件查看以及360视图。 > 支持与医生工作站、护士工作站等业务系统无缝集成（支持单点登录与统一权限控制）； > > 支持通过样本号、条码号调阅检验报告； > > 支持通过报告单号、申请单号调阅放射报告、内镜报告、病历报告、超声报告； > > 支持通过住院号、就诊标识调阅住院就诊时序图； > > 支持系统性能监控，包括页面加载时间、接口响,正偏离/无偏离,平台已实现（详见对应功能模块）
688,★,,历史就诊信息：查询患者所有历史就诊相关的各种信息，如：患者信息、患者基本健康状况、用药记录、手术记录、检验记录、检查记录、门诊与住院的诊断记录等； > 医护人员可自定义个人收藏分类体系，支持多级分组结构 > > 支持在浏览过程中动态添加/取消收藏，收藏操作响应时间≤1秒； > > 支持典型病例收藏标记，便于医疗教学、病例讨论等场景快速调用； > > 支持收藏患者标签化管理，可按病种、科室等维度进行,正偏离/无偏离,平台已实现（详见对应功能模块）
689,,,实时监测：动态抓取医院当日运营数据变动，涵盖预约、挂号、急诊、候诊、已诊疗、在院、入院、出院、手术量等信息，同时监测预约患者候诊时长及门诊与住院费用的分类占比，为医院管理方提供便捷的实时运营数据查看服务。,正偏离/无偏离,平台已实现（详见对应功能模块）
690,,,生命周期：展现大数据全流程处理链路，从各业务系统抽取原始数据，在大数据中心搭建 ODS 镜像数据库，依托既定数据质量规范核查数据有效性，再通过主数据转换、清洗规则完成数据筛选整合，并入数据仓库（DW）形成标准化数据资产；借助多种分析工具对数据仓库内数据进行挖掘应用，并依据实际应用成效迭代优化数仓模型。,正偏离/无偏离,平台已实现（详见对应功能模块）
691,,,数据采集：全面监测 ODS 库数据采集状况，统计各数据表采集成功与失败的数据量；系统具备强大的数据源适配能力，内置专属适配器与连接器，兼容 Oracle、MySQL、SQLServer、Hive 等各类数据库；提供依托 ETL 框架的数据抽取、转换、翻转、清洗等采集脚本，支持数据日志采集（含接口视图采集、存储过程采集）、接口采集等多元采集方式，同时覆盖 SQL 语句采集、存储过程采集、文档附件采集,正偏离/无偏离,平台已实现（详见对应功能模块）
692,,,数据质量：依托数据质量模块内置的规则体系，在任务调度执行后，同步监控 ODS 层原始数据与经清洗转换后的 DW 数仓数据质量，并自动统计并展示不符合质量标准的数据量。,正偏离/无偏离,平台已实现（详见对应功能模块）
693,,,数据处理：对 ODS 至 DW 环节的数据条目数量进行监控，可查看经主数据转换处理的数据量以及依据 ETL 规则剔除的数据量。,正偏离/无偏离,平台已实现（详见对应功能模块）
694,,,对大数据资源服务器运行状态进行全面监测，涵盖服务器台数、CPU 负载、总内存容量及总存储容量等关键指标； > 实时监控单台服务器的资源占用与健康状态，包括 CPU 利用率、内存使用量、存储使用情况等明细信息； > > 对数据仓库整体情况进行监控，统计数据总量、模型（数据表）数量，并展示各模型（数据表）的行数与数据存储大小。 （2）数据源管理,正偏离/无偏离,平台已实现（详见对应功能模块）
695,,,支持数据同步调度与实时更新，保障数据流转的时效性与完整性。,正偏离/无偏离,平台已实现（详见对应功能模块）
696,,,内置数据库密码加密机制，所有配置密码均密文存储，杜绝明文泄露。,正偏离/无偏离,平台已实现（详见对应功能模块）
697,,,提供数据源全生命周期管理，支持一站式完成新增、编辑、删除及配置运维。 （3）部门管理,正偏离/无偏离,平台已实现（详见对应功能模块）
698,,,赋能大数据平台使用部门的自主运维，通过与主数据平台的无缝对接实现数据同步。支持部门主体的增删改查管理，并可灵活维护部门间的上下级组织架构与关联关系。 （4）用户管理,正偏离/无偏离,平台已实现（详见对应功能模块）
699,,,构建精细化的权限管控体系，支持针对指定医院与科室范围进行数据权限的精细化配置，同时可独立完成菜单权限的分配与管理，并支持用户密码重置等账号管理操作。,正偏离/无偏离,平台已实现（详见对应功能模块）
700,,,打通与主数据平台的数据同步链路，实现大数据平台用户数据的自动化拉取与落地，并支持对用户信息进行全生命周期的新增、编辑、删除与查询管理。 （5）角色管理,正偏离/无偏离,平台已实现（详见对应功能模块）
701,,,构建统一的角色权限管理体系，支持权限策略的标准化定义与批量复用。可通过角色为用户快速关联各项权限资源，也支持在人员维度进行反向关联与批量指派，实现双向、高效的权限管控。 （6）流程管理,正偏离/无偏离,平台已实现（详见对应功能模块）
702,,,支持填报审批系统的流程自定义配置，可按需设置各审批节点对应的审批人员或审批角色；提供可视化拖拽式流程设计方式，支持同一审批流程多版本管理与发布。,正偏离/无偏离,平台已实现（详见对应功能模块）
703,★,,支持按数据填报的对应科室进行差异化配置，可针对不同科室单独设定专属的审批流程，满足各科室业务流程多样化、个性化的审批管理需求。 （7）字典管理 提供大数据业务系统专属的字典数据维护功能，支持对字典目录进行统一管理与维护，并可对各目录下对应的标准数据值进行新增、编辑与管理操作。 +-------------------------------+----------------------------,正偏离/无偏离,平台已实现（详见对应功能模块）
705,,,基于已配置完成的执行器参数，可创建并管理各类数据采集任务，支持灵活配置定时调度规则，实现数据采集任务的自动化、规范化运行，有效提升任务执行效率。,待复核,初评未匹配，须项目组逐条人工确认
706,,,提供任务调度全流程日志查询服务，可详细查询任务ID、调度时间、调度结果、调度备注、执行时间、执行结果、执行备注、操作记录等相关信息，便于追溯调度过程、快速排查异常问题。,正偏离/无偏离,平台已实现（详见对应功能模块）
707,★,,负责任务调度执行器的注册及全生命周期管理，支持执行器的新增、编辑等操作，保障执行器稳定运行，为各类任务调度工作提供可靠的基础支撑。 +-------------------------------+-----------------------------------------------------------------------------------------------------,待复核,初评未匹配，须项目组逐条人工确认
709,,,支持数据集定义，根据《电子病历基本数据集》等标准，规定电子病历数据集元数据属性和数据元目录，用于信息收集 、存储、共享和信息系统的建设。,正偏离/无偏离,平台已实现（详见对应功能模块）
710,★,,基于标准数据元、标准数据集，对医疗机构患者就诊产生的全流程临床业务数据进行统一展示、查询、浏览，实现门诊、住院、检查检验、手术、护理、病历、医嘱、费用等数据的可视化查阅。其中包含门诊处方明细，检查申请记录，检查申请记录明细，检查报告，检查报告明细，检验记录，检验记录明细，检验条码记录，检验报告，检验报告明细，一般手术记录，治疗记录，治疗记录用药，治疗记录手术，手术申请单，手术申请单手术，麻醉术前访,正偏离/无偏离,平台已实现（详见对应功能模块）
712,,,患者中心，具备对患者信息的扩充，包括患者联系方式扩充如APPID、微信账号等。,正偏离/无偏离,平台已实现（详见对应功能模块）
713,,,接入配置，具备配置管理统一通讯消息的接入方式，通过内置短信、微信、邮箱、临床工作门户的接入配置，根据配置的信息实现与医院内的短信服务平台、微信平台等信息推送平台的交互。,正偏离/无偏离,平台已实现（详见对应功能模块）
714,,,业务中心，具备院内通讯业务统一管理，如平台告警服务、患者就诊提醒、危急值消息推送等业务，给患者、医生或者相关人员发送相应的提醒信息；提供业务扩展功能可根据院内的业务需要对业务中心中的业务类别进行丰富。,正偏离/无偏离,平台已实现（详见对应功能模块）
715,,,即时通信，支撑创建通知消息，通过发布功能可及时根据配置信息推送给相关用户，保证消息的及时性。,正偏离/无偏离,平台已实现（详见对应功能模块）
716,,,消息记录，具备通知消息推送记录，可根据接收者姓名、接收者类型、发送状态、时间范围进行查询。查看消息发送记录，消息发送状态以及失败原因。,正偏离/无偏离,平台已实现（详见对应功能模块）
717,★,,统一对外提供标准接口，包含短信、微信公众号（包含第三方的微信公众号）、邮箱、企业微信、临床工作门户。 +-------------------------------+--------------------------------------------------------------------------------------------------------------------,正偏离/无偏离,平台已实现（详见对应功能模块）
719,★,,负责字典核心数据维护，包括值域代码、值域名称、编码规则、版本信息、备注说明等内容的新增、编辑、查询、启用与禁用，保障字典数据准确完整。,待复核,初评未匹配，须项目组逐条人工确认
720,★,▲,①字典对照，临床各业务系统之间数据字典和字典版本不一致，需要数据中心约定相关字典使用标准及版本，对历史数据和实时数据进行统一对照和转换。将医院各业务系统的数据字典映射到统一的数据字典，对照的范围包括：科室字典对照，检验检查字典对照、诊断编码字典对照、术语字典对照等。②术语字典更新后实时 / 定时同步至相关业务系统。完整记录数据字典所有操作行为，包括操作人、操作时间、操作类型、操作内容，实现操作全程,正偏离/无偏离,平台已实现（详见对应功能模块）
722,,,CDA文档生成：标准文档模板使用FreeMarker模板引擎技术，将文档模板和数据分开配置管理。共享文档模板按章节、条目进行管理，见下图：图共享文档模板配置，CDA转换器通过关联CDA文档模板与CDR数据源，通过此项关联，用定时或事件机制就生成了患者各类CDA文档。,正偏离/无偏离,平台已实现（详见对应功能模块）
723,,,标准文档生成及注册：依据配置好的文档模板，提供两种文档生成方式，一种是自动定时生成方式，另一种是手动生成方式；自动定时生成需要在配置文件中进行定时任务的时间配置。文档生成后自动进行XSD验证，验证通过后调用标准共享文档注册服务注册到平台；生成的各类共享文档，可在平台上查阅。,正偏离/无偏离,平台已实现（详见对应功能模块）
724,,,共享文档调阅：各业务子系统便可订阅及授权情况通过标准的WebService服务在患者主索引（MPI）的指引下对某一患者在医院内的EMR进行调阅浏览操作。,正偏离/无偏离,平台已实现（详见对应功能模块）
725,★,,共享文档可视化展示：由于CDA文档规范中仅仅定义了文档模式XSD，未定义可视化的XSL，医院信息集成平台提供了一个默认的XSL，用于对CDA文档进行格式化处理和可视化展现。 +-------------------------------+--------------------------------------------------------------------------------,正偏离/无偏离,平台已实现（详见对应功能模块）
727,,,实现消息服务的同步调用管控，确保服务发布者与订阅者之间的消息交互高效、准确，适配不同的消息接收场景。同步调用场景中，订阅者即为服务发布者；订阅者可自主选择WebService、HTTP、ESB等多种消息接收方式，根据所选接收类型，配置对应的参数信息，完成同步调用设置；同时支持对服务的有效性、版本、生效时间、服务描述等关键信息进行统一管理。,正偏离/无偏离,平台已实现（详见对应功能模块）
728,,,通过消息引擎实现对各类消息的订阅与消费管控，支持不同系统对接平台消息服务，实现消息的精准接收与处理。订阅者可选择WebService、HTTP、MQ等多种消息接收方式，对接不同业务系统，配置相应的订阅参数，完成消息订阅操作；通过消息引擎实现消息的精准分发与消费，保障订阅者能及时获取所需消息。,正偏离/无偏离,平台已实现（详见对应功能模块）
729,,,实现对平台服务调用权限的管控，防止未授权访问，保障服务调用的安全性与规范性。第三方系统若需调用平台发布的服务，需先开启授权功能；系统可针对不同用户，分配不同的服务调用权限，仅被授权的服务，当前用户可通过平台统一接口进行调用，未授权服务将被禁止访问，实现服务调用权限的精细化控制。,正偏离/无偏离,平台已实现（详见对应功能模块）
730,,,在授权基础上，进一步强化服务调用的安全管理，防范非法调用，保障服务与数据的安全。已获得授权的服务，需通过平台统一认证服务，获取对应的认证令牌；只有校验为有效状态的认证令牌，才能进一步调用相关业务服务，确保服务调用的合法性与安全性。,待复核,初评未匹配，须项目组逐条人工确认
731,,,简化平台已发布接口的测试流程，实现接口的快速验证，保障接口功能正常、可正常调用。支持对发布到平台的所有接口进行在线实时测试，无需额外搭建测试环境，快速验证接口的响应效果、功能完整性，简化消息测试工作，提升测试效率。,正偏离/无偏离,平台已实现（详见对应功能模块）
732,,,提供服务的集中展示入口，方便用户快速查看平台各类服务的发布与订阅情况，实现服务的可视化管理。集中展示各业务系统发布到平台的所有服务列表，同时展示各系统订阅消费的服务列表，清晰呈现服务的发布方、订阅方关联关系，便于查询与管理。,正偏离/无偏离,平台已实现（详见对应功能模块）
733,,,记录服务调用过程中的全量日志信息，实现服务交互的可追溯，同时支持异常消息的快速处理。详细记录服务调用相关的消息日志，包括服务名称、服务编码、消息调用者、消息接收者、服务交互日期时间、交互性能、请求消息内容、返回消息内容、服务交互状态等关键信息；支持根据日志记录，实现消息的重推操作，处理消息接收失败等异常场景。,正偏离/无偏离,平台已实现（详见对应功能模块）
734,★,,记录服务订阅过程中的消息分发日志，确保消息分发过程可追溯，保障消息能成功推送至订阅者。详细记录服务订阅相关的消息日志，包括服务名称、服务编码、消息订阅者、消息分发时间、分发状态、分发消息内容、分发返回消息等信息；支持消息定时多次推送功能，直至消息推送成功，确保订阅者能准确接收所需消息。 +-------------------------------+-----------------------,正偏离/无偏离,平台已实现（详见对应功能模块）
736,,,统一应用服务：统一管理所有接入统一身份认证系统的业务系统与应用，规范完成系统注册、集成接口注册及用户信息同步，保障各应用协同高效运行。,正偏离/无偏离,平台已实现（详见对应功能模块）
737,,,统一集成服务：全面提供多层面集成管理，涵盖用户集成、认证集成、单点登录（SSO）集成，实现各系统、各模块的无缝衔接与协同联动。,正偏离/无偏离,平台已实现（详见对应功能模块）
738,,,统一身份认证：提供标准化统一身份认证服务，为所有访问平台的实体（用户、系统）分配唯一身份标识并实施统一管理；通过专用认证模块完成身份鉴别，保障鉴别数据的保密性与完整性，严禁采用不安全登录方式。,正偏离/无偏离,平台已实现（详见对应功能模块）
739,,,统一门户管理：通过统一门户集中展示所有业务系统，实现单点登录功能，支持密码、扫码等多种认证方式及用户标准化管理，无需重复输入账号密码，提升操作便捷性。,正偏离/无偏离,平台已实现（详见对应功能模块）
740,,,基于角色的访问控制：将菜单访问权限与角色精准绑定，支持角色、权限的自定义定义与灵活分配，实现精细化、规范化的访问控制，保障权限分配合理合规。,正偏离/无偏离,平台已实现（详见对应功能模块）
741,★,,基于用户的登录权限管理：将系统访问权限与用户个体精准关联，为不同用户分配差异化的系统访问权限，实现按人精准授权，进一步强化系统访问安全。 +-------------------------------+--------------------------------------------------------------------------------------------------,正偏离/无偏离,平台已实现（详见对应功能模块）
743,,,主索引服务及标准化处理：提供主索引信息验证、调用等核心基础服务，同步对主索引数据进行标准化清洗与格式规整，统一数据口径，保障数据规范性。,正偏离/无偏离,平台已实现（详见对应功能模块）
744,,,统一服务接口：提供标准化、规范化的统一对外服务接口，简化各业务系统接入流程，支持各业务系统高效调用主索引相关服务，提升系统联动效率。,正偏离/无偏离,平台已实现（详见对应功能模块）
745,,,数据匹配算法：依据预设的匹配规则与权重配置，对主索引信息进行自动化匹配运算，精准生成匹配结果及匹配分值，支撑患者身份精准识别。,正偏离/无偏离,平台已实现（详见对应功能模块）
746,,,主索引消息传输：对主索引信息的新增、修改、合并等各类变更事件，进行实时消息推送与传输，确保跨系统数据同步更新，保障数据一致性。,正偏离/无偏离,平台已实现（详见对应功能模块）
747,,,患者标识交叉索引服务：综合分析多业务系统患者信息，为同一患者的不同系统记录建立唯一交叉索引，支撑跨系统患者身份精准识别，实现患者信息实时共享与互联互通。,正偏离/无偏离,平台已实现（详见对应功能模块）
748,,,患者基本信息查询管理：支持按患者ID列表、姓名、出生年月、性别、地址等多维度条件组合查询，快速获取患者完整、详细的注册信息，满足日常查询需求。,正偏离/无偏离,平台已实现（详见对应功能模块）
749,,,患者信息模型维护：支持对系统患者信息模型进行灵活配置与调整，精准适配医院当前患者数据现状；配备高效匹配算法引擎，可根据医院数据质量动态调整匹配模型及匹配权重。,正偏离/无偏离,平台已实现（详见对应功能模块）
750,,,疑似数据管理：支持疑似重复患者数据的查询、合并、拆分、信息比对等全流程维护操作，通过主数据清洗、去重校验等手段，有效清理重复主数据，提升患者主数据的洁净度与准确性，保障主索引数据质量合规。,正偏离/无偏离,平台已实现（详见对应功能模块）
751,,,批量数据导入：支持患者信息批量导入功能，可应对突发事故导致业务系统无法访问EMPI系统的场景，实现断服期间产生的患者信息快速同步，保障数据完整性。,正偏离/无偏离,平台已实现（详见对应功能模块）
752,,,操作日志记录与回退：对主索引系统所有业务变更操作进行全程完整记录，形成可追溯的操作日志，同时支持操作回退功能，保障数据可恢复、可审计。,正偏离/无偏离,平台已实现（详见对应功能模块）
753,★,,同系统内部合并结果查询：支持查询同一业务系统内部患者记录的合并历史、合并关系及具体合并结果，为系统数据核对、审计及问题排查提供支撑。 +-------------------------------+----------------------------------------------------------------------------------------------------,正偏离/无偏离,平台已实现（详见对应功能模块）
755,,,提供主数据目录的版本管理功能，支持版本创建、版本追溯、版本对比，确保目录变更可追溯、可回滚。,正偏离/无偏离,平台已实现（详见对应功能模块）
756,,,提供对主数据的明细数据与业务系统的基础数据的映射关系管理功能，包含建立映射关系、修改映射关系、发布映射关系信息，确保主数据与业务数据协同一致。,待复核,初评未匹配，须项目组逐条人工确认
757,,,提供对主数据的明细数据注册、修改、注销功能，支持明细数据的批量操作，确保主数据明细准确、完整。,待复核,初评未匹配，须项目组逐条人工确认
758,,,提供对主数据的明细数据与业务系统的基础数据的映射关系管理功能，包含建立映射关系、修改映射关系、发布映射关系信息，确保主数据与业务数据协同一致。,待复核,初评未匹配，须项目组逐条人工确认
759,,,提供可以查看业务系统基础数据和主数据的映射关系，支持映射结果导出功能（导出格式支持常见格式，如Excel、CSV等），方便数据核对与审计。,正偏离/无偏离,平台已实现（详见对应功能模块）
760,,,根据部分字段内容的一致性，提供业务系统基础数据和主数据自动映射功能，提升映射效率，减少人工操作成本，支持自动映射结果的人工校验与调整。,待复核,初评未匹配，须项目组逐条人工确认
761,,,提供主数据基准库，集中存储主数据，确保主数据的唯一性、准确性和一致性，支持基准库的备份、恢复功能，保障数据安全。,正偏离/无偏离,平台已实现（详见对应功能模块）
762,,,提供灵活、安全可靠的权限管理功能，包括用户、用户组、角色管理，支持权限的精细化分配（按功能模块、操作范围分配权限），确保数据操作安全可控。,正偏离/无偏离,平台已实现（详见对应功能模块）
763,,,提供日志管理功能，对主数据目录的生命周期操作事件进行详细日志记录，包含操作人、操作时间、操作内容、操作结果等信息，支持日志查询、筛选、导出，满足审计要求。,正偏离/无偏离,平台已实现（详见对应功能模块）
764,★,,通过服务总线模式或者微服务模式提供主数据注册、更新、查询、订阅、推送服务，供其他机构/系统调用，支持服务接口的权限控制、调用日志记录，确保服务稳定、安全。 提供精确高效的查询检索功能，支持按字段、按条件（多条件组合）进行主数据、目录、映射关系等内容的查询，支持模糊查询、精确查询，确保查询结果快速、准确。 +-------------------------------+--------------,正偏离/无偏离,平台已实现（详见对应功能模块）
765,,,能够处理和识别原始格式的电子病历文书内容，自动进行后结构化处理和运算，根据患者的临床表现（症状诱因、持续时间、部位、性质、程度、加重缓解）、检查（体格检查、检查结果）、检验结果计算推荐疑似常见诊断。,正偏离/无偏离,平台已实现（详见对应功能模块）
766,,,支持显示诊断可能性，并按可能性从高到低排列。,正偏离/无偏离,平台已实现（详见对应功能模块）
767,,,支持按类别显示诊断依据，并将命中诊断依据的内容高亮显示。,正偏离/无偏离,平台已实现（详见对应功能模块）
768,,,支持将推荐诊断结果自动写入初步诊断。 常见症状体征,正偏离/无偏离,平台已实现（详见对应功能模块）
769,,,根据疾病与症状体征的相关性，推荐该疾病的常见症状和体征。 鉴别诊断,正偏离/无偏离,平台已实现（详见对应功能模块）
770,,,根据主诉，现病史中提到的症状（包括症状的诱因、持续时间、部位、性质、程度、加重缓解因素）推荐出相关疾病，并对相似疾病进行鉴别，帮助排除其他疾病的可能。 诊断疾病详情,正偏离/无偏离,平台已实现（详见对应功能模块）
771,,,如果医生需要对于推荐的疾病进一步了解，可查看该疾病的详细信息，如：疾病详情、疾病概述、临床表现、治疗方法等信息，进而提升巩固自己的专业技能。 **医学知识库模块** 疾病知识库,正偏离/无偏离,平台已实现（详见对应功能模块）
772,,,包含疾病概述、临床表现、病理详情、何时就医、预后、预防介绍、自我护理、护理方法（病房）、注意事项、处置建议、用药建议、检查建议、患者指导等详细内容。 药品知识库,正偏离/无偏离,平台已实现（详见对应功能模块）
773,,,包含通用名、剂型、功效分类、成分分类、主要成分、药品性状、溶媒分类、给药方式、ATC 编码、主要成分、规格、儿童日最高量、成人日最高量、儿童日建议给药次数、儿童每次建议剂量、成人日建议给药次数、成人每次建议剂量、特殊给药条件（饭前..）、儿童注意事项、孕妇注意事项、老人注意事项、药理机制、毒理机制、生成厂商。 检验知识库,配套产品响应,属设备配套软件/商用知识库/CA 等产品参数，平台已留标准接入点
774,,,包含通用名、项目介绍、检验样本、注意事项。 检查知识库,正偏离/无偏离,平台已实现（详见对应功能模块）
775,,,包含通用名、指标介绍、正常区间、注意事项。 手术知识库,正偏离/无偏离,平台已实现（详见对应功能模块）
776,,,包含手术概述、适应症、术前准备、麻醉、手术步骤、术中注意事项等。 > 经典病例知识库,正偏离/无偏离,平台已实现（详见对应功能模块）
777,,,提供不少于 2000 份的各科室经典病例，且病例有正规版权来源，可合法用于学习。 > 临床路径知识库,正偏离/无偏离,平台已实现（详见对应功能模块）
778,,,提供国家发布的 1200+份临床路径知识库。 > 法律法规知识库,正偏离/无偏离,平台已实现（详见对应功能模块）
779,,,提供常见法律法规知识库。 > 高级搜索,正偏离/无偏离,平台已实现（详见对应功能模块）
780,,,支持高级搜索，支持通过多种方式（关键字、标题首字母）检索知识库内容，涉及疾病知识、检验检查知识、评估表、药品说明书等知识内容。 > 知识库对接,配套产品响应,属设备配套软件/商用知识库/CA 等产品参数，平台已留标准接入点
781,,,支持通过 CS、BS、API 方式进行对接，知识库部分 可与 CDSS 用不同对接方式，独立对接到各个系统。 > 知识库应用,正偏离/无偏离,平台已实现（详见对应功能模块）
782,,,可以自由搜索，也可以在不同应用场景自动调用， 如：在新开医嘱时，可实现右键打开新开项目知识库； **医嘱系统-新开医嘱** 检验合理性审核,正偏离/无偏离,平台已实现（详见对应功能模块）
783,,,下达检验申请医嘱时，能够针对患者性别、年龄、妊娠状态、诊断、生理周期、以往用药、以往检验申请项目、以往检验结果等至少8个维度进行申请合理性自动审核并针对问题申请给出提示。 > 检查合理性审核,正偏离/无偏离,平台已实现（详见对应功能模块）
784,,,下达检查申请医嘱时，能够针对患者性别、年龄、妊娠状态、诊断、过敏史、以往用药、以往检查项目、以往检查结果等至少 8 个维度对申请合理性进行自动检查并提示。 > 手术合理性审核,正偏离/无偏离,平台已实现（详见对应功能模块）
785,,,下达手术申请医嘱时，能够针对患者性别、年龄、妊娠状态、诊断等对申请合理性进行自动检查并提示。 > 治疗合理性审核,正偏离/无偏离,平台已实现（详见对应功能模块）
786,,,下达治疗申请医嘱时，能够针对患者性别、年龄、妊娠状态、诊断等对申请合理性进行自动检查并提示（备注：针灸、拔罐、血透、高压氧等医院治疗类项目均需支持） > 术语对照。,正偏离/无偏离,平台已实现（详见对应功能模块）
787,,,自动对照：支持院内医疗术语标准化，将标准术语与院内术语 及编码自动对照，以实现推荐诊断、检查、检验、药品、手术名称的本地化。,正偏离/无偏离,平台已实现（详见对应功能模块）
788,,,手动对照：支持医院根据个性化情况手动对照。 **术语知识维护** 术语范围,正偏离/无偏离,平台已实现（详见对应功能模块）
789,,,支持对检查、检验、治疗、手术等的术语禁忌知识及注意事项等维护。 > 检查知识维护,正偏离/无偏离,平台已实现（详见对应功能模块）
790,,,支持维护禁忌症状、禁忌疾病、禁忌病史、禁忌过敏史、冲突项目、禁忌药物、检查前患者注意事项等各个维度知识。 > 检验知识维护,正偏离/无偏离,平台已实现（详见对应功能模块）
791,,,支持按照检验标本、检验大项、小项进行维护知识，且支持维护正常值、危急值、药物影响、疾病影响等各个维度知识。 > 治疗知识维护,正偏离/无偏离,平台已实现（详见对应功能模块）
792,,,支持维护禁忌症状、禁忌疾病、禁忌病史、禁忌过敏史、禁忌人群、治疗前患者注意事项等各个维度知识。 > 知识来源,正偏离/无偏离,平台已实现（详见对应功能模块）
793,,,所有知识可以选择使用平台已有知识，也可以复用其他医院已有经验。 > 知识证据,待复核,初评未匹配，须项目组逐条人工确认
794,,,所有平台已添加知识，均有明确证据来源和证据可信度。 > 生效配置,待复核,初评未匹配，须项目组逐条人工确认
795,,,支持对以上各个维度知识进行配置，是否可以在系统对应场景提醒。 > 修改记录,正偏离/无偏离,平台已实现（详见对应功能模块）
796,,,支持对所有术语知识的变更情况给出详细的记录，并追溯到具体的人员角色。 灵活配置对接场景,正偏离/无偏离,平台已实现（详见对应功能模块）
797,,,支持根据医院需求，对统一知识平台的不同知识提供给不同业务系统做对接，且不同平台可共用同样的知识。 **手术知识维护** 手术量表,正偏离/无偏离,平台已实现（详见对应功能模块）
798,,,支持根据患者检查结果、检验结果、生命体征对于手术进行加权计算风险，并可以实现达到风险阈值时进行提醒。 **特殊人群维护** 自定义特殊人群,正偏离/无偏离,平台已实现（详见对应功能模块）
799,,,支持根据医院需求，对性别、年龄、检查、检验结果等不同维护自定义标签，且该自定义人群在术语禁忌知识维护里可以生效。 **多条件规则配置** 过程规则管理,正偏离/无偏离,平台已实现（详见对应功能模块）
800,,,支持按照疾病、生理状态、性别、年龄、体征、检验结果、检查结果等自定义诊疗过程中实时出现的风 险预警及建议规则。规则支持实时生效，并能在对应应用场景给临床进行提醒。 **统计报表** 提醒统计,正偏离/无偏离,平台已实现（详见对应功能模块）
801,,,支持对提醒记录进行保存，并可以根据不同的科 室、医生、提醒类别、提醒级别等筛选对应的统计结果。 人员管理,正偏离/无偏离,平台已实现（详见对应功能模块）
802,,,支持医院按照项目分工安排不同的角色，不同的角 色对应不同的权限。 **系统配置** 系统日志查询,正偏离/无偏离,平台已实现（详见对应功能模块）
803,★,,支持用户按照不同角色权限对于系统中的操作日志进行查询。 +-------------------------------+-------------------------------------------------------------------------------------------------------------------------------------------,正偏离/无偏离,平台已实现（详见对应功能模块）
805,,,分诊台： > 支持分诊台管辖候诊区排班预览及签到预览。 > > 支持当日排班医生队列预览。 > > 支持对患者状态手动调整，包括患者指定接诊医生、特殊患者队列调整、诊室调整等情况。 > > 支持患者在分诊台通过卡号、身份证等证件号快速报道。实时查看：实时查看门诊的详细情况（如：待分诊，待呼叫，已就诊，过号，已结诊，已回诊等队列信息各科室队列信息）。,正偏离/无偏离,平台已实现（详见对应功能模块）
806,,,"智能分诊： > 系统根据患者挂号信息，识别患者身份，提供患者分诊优先策略。如：例如老、幼、军人、离休等患者能够优先就诊，并用其他颜色以示区别，并对此类患者能够进行优先就诊行为，如""军""、""幼""等，优先：能够对""特殊""患者进行标识，打消其他患者疑虑避免引起纠纷，同时叫号屏幕能够显示此类患者标识。 > > 过号：将呼叫未来患者延迟就诊或者移除队列重新加入排队。 > > 回诊：支持设置回诊断策略。如设置",正偏离/无偏离,平台已实现（详见对应功能模块）
807,,,实时叫号: > 叫号信息能够在候诊区的显示屏上实时滚动显示，包括患者姓名、就诊诊室、排队序号等。 > > 支持语音叫号功能，叫号语音清晰、准确，音量适中，可根据候诊区环境进行调节。 > > 叫号规则灵活，如按照顺序叫号、直呼叫号，以适应不同情况下呼叫。 > > 实时更新叫号状态，当患者就诊、过号、复诊等情况发生时，及时在显示屏和语音中进行提示。 > > 叫号屏支持多科室共用：能够多科室/多诊室共用,正偏离/无偏离,平台已实现（详见对应功能模块）
808,,,与医生工作站联动 > 医生在工作站上可以操作叫号功能，如呼叫下一位患者、重复呼叫、直呼呼叫、暂停呼叫等。 > > 医生工作站能够实时显示当前队列情况，展示队列状态。操作直呼、顺呼分诊台同步语音，并突出展示呼叫患者。 > > 当医生完成接诊后，能够通过工作站及时反馈就诊结束信息，系统自动更新叫号队列。 > > 系统能够将医生的停诊、换诊等信息及时推送至候诊区显示屏和患者的移动端，避免患者长时间等待。,正偏离/无偏离,平台已实现（详见对应功能模块）
809,★,,统计分析： > 支持对医生接诊数量、时间数据进行汇总统计； > > 支持对患者等待时间统计； +-------------------------------+------------------------------------------------------------------------------------------------------------------------,正偏离/无偏离,平台已实现（详见对应功能模块）
811,,,数据统计显示：直观显示总预约个数、已签到个数、等候个数、未签到个数，便于了解整体排队状态。,正偏离/无偏离,平台已实现（详见对应功能模块）
812,,,优先顺序调整：支持对患者队列优先顺序进行灵活调整，包括前移和后移操作，满足特殊需求。,正偏离/无偏离,平台已实现（详见对应功能模块）
813,,,队列分类展示：分别呈现可呼叫队列、呼叫未到队列、已完成队列，助力高效进行排队叫号管理。,正偏离/无偏离,平台已实现（详见对应功能模块）
814,,,支持与签到机对接，对已缴费患者进行签到操作，使其进入排队等候队列，实现签到流程自动化。,正偏离/无偏离,平台已实现（详见对应功能模块）
815,,,依据优先级规则，对签到患者进行优先排序，保障排队秩序合理。,正偏离/无偏离,平台已实现（详见对应功能模块）
816,,,候检区信息展示：候检区实时显示所有等候患者及当前检查患者信息，并及时更新状态变化，方便患者和工作人员掌握情况。,正偏离/无偏离,平台已实现（详见对应功能模块）
817,,,患者查询功能：患者可通过显示屏便捷查看当前排队情况，合理安排等候时间。,正偏离/无偏离,平台已实现（详见对应功能模块）
818,,,多检查室管理：支持对同一设备区域的多个检查室进行排队叫号及大屏显示，优化区域内排队管理。,外部条件,需医保局/省平台等外部环境开通后联调
819,,,队列同步：排队队列自动同步至技师工作站，技师可按队列顺序直接呼叫患者进行检查，简化操作流程。,正偏离/无偏离,平台已实现（详见对应功能模块）
820,★,,重复呼叫功能：支持对过号未到患者进行重复呼叫，同时也支持对已完成患者的重复呼叫。叫号时，语音与显示屏同步显示，确保患者及时知晓。 +-------------------------------+------------------------------------------------------------------------------------------------------,正偏离/无偏离,平台已实现（详见对应功能模块）
822,,,支持自助机签到模式，扫码签到打印回执单。,正偏离/无偏离,平台已实现（详见对应功能模块）
823,,,支持采血大厅模式，在门诊大厅使用大屏幕显示待采集标本患者。,正偏离/无偏离,平台已实现（详见对应功能模块）
824,,,支持过号模式，重新签到。,正偏离/无偏离,平台已实现（详见对应功能模块）
825,,,支持优先功能，如果是急诊，可以进行标识，优先检查，呼叫时在排队号码前增加'急诊'进行呼叫。,正偏离/无偏离,平台已实现（详见对应功能模块）
826,,,支持顺呼、选呼、过号等呼叫方式，配合显示屏给出语音提示。,正偏离/无偏离,平台已实现（详见对应功能模块）
827,,,支持屏幕叫号信息进度展示，包括患者信息、采集序号、过号提醒等。,正偏离/无偏离,平台已实现（详见对应功能模块）
828,,,支持过号屏显示。,正偏离/无偏离,平台已实现（详见对应功能模块）
829,,,支持界面自定义布局。,待复核,初评未匹配，须项目组逐条人工确认
830,,,支持多窗口显示。,待复核,初评未匹配，须项目组逐条人工确认
831,★,,支持语音播放。 +-------------------------------+---------------------------------------------------------------------------------------------------------------------------------------------------------------,待复核,初评未匹配，须项目组逐条人工确认
832,,,系统支持按预约顺序、签到顺序或分时段签到顺序自动生成排队序号。 +-----------------------------------------------------------------------------------------------------+,正偏离/无偏离,平台已实现（详见对应功能模块）
833,,,可针对过号患者配置叫号的优先级规则。 +-----------------------------------------------------------------------------------------------------+,正偏离/无偏离,平台已实现（详见对应功能模块）
834,,,过号时可设置自动顺延至当前顺序末尾，或移入专门的过号队列。 +-----------------------------------------------------------------------------------------------------+ +-----------------------------------------------------------------,正偏离/无偏离,平台已实现（详见对应功能模块）
835,,,患者缴费成功后自动加入排队队列。 +-----------------------------------------------------------------------------------------------------+,正偏离/无偏离,平台已实现（详见对应功能模块）
836,,,配药各环节（如配药中、待取药）的状态变化能实时反映在叫号屏幕上，患者完成取药后信息从屏幕移除。 +-----------------------------------------------------------------------------------------------------+ +-----------------------------------------------,正偏离/无偏离,平台已实现（详见对应功能模块）
837,,,患者签到后按既定规则进入排队序列。 +-----------------------------------------------------------------------------------------------------+,正偏离/无偏离,平台已实现（详见对应功能模块）
838,,,支持人工手动调整队列顺序。 +-----------------------------------------------------------------------------------------------------+ +---------------------------------------------------------------------------------,待复核,初评未匹配，须项目组逐条人工确认
839,,,叫号屏幕实时展示排队进度，包括患者信息、窗口信息及过号提醒等内容。 +-----------------------------------------------------------------------------------------------------+,正偏离/无偏离,平台已实现（详见对应功能模块）
840,,,设有专门的过号显示区域。 +-----------------------------------------------------------------------------------------------------+,外部条件,需医保局/省平台等外部环境开通后联调
841,,,屏幕的界面布局和展示内容支持自定义配置。 +-----------------------------------------------------------------------------------------------------+,待复核,初评未匹配，须项目组逐条人工确认
842,,,可同时显示多位等候患者的完整信息。 +-----------------------------------------------------------------------------------------------------+,正偏离/无偏离,平台已实现（详见对应功能模块）
843,,,具备语音播报功能。 +-----------------------------------------------------------------------------------------------------+,待复核,初评未匹配，须项目组逐条人工确认
844,,,患者信息支持脱敏显示，以保护隐私。 +-----------------------------------------------------------------------------------------------------+,正偏离/无偏离,平台已实现（详见对应功能模块）
845,,,通过可视化图表与精准数据结合的方式，从多维度呈现预约整体状况。在预约率方面，系统自动统计已预约号源占总可预约号源的比例，支持按日、周、月等时间维度生成趋势分析图，直观展示预约率变化。 +-----------------------------------------------------------------------------------------------------------,正偏离/无偏离,平台已实现（详见对应功能模块）
846,,,系统支持自定义检查项目互斥规则，针对无法同时进行或需间隔特定时长的检查（如造影与核磁共振、增强 CT 与增强核磁），可设置互斥条件与间隔要求； +-------------------------------------------------------------------------------------------------------------------------------,正偏离/无偏离,平台已实现（详见对应功能模块）
847,,,当用户尝试同时预约互斥项目时，系统自动弹窗提示冲突信息并阻断预约； +---------------------------------------------------------------------------------------------------------------------------------------------------------------------,正偏离/无偏离,平台已实现（详见对应功能模块）
848,,,涉及需间隔执行的项目，系统依据预设规则（如 4-6 小时间隔），在一键预约流程中自动分配合理时段，规避检查风险，保障医疗安全与检查准确性。 +---------------------------------------------------------------------------------------------------------------------------------,正偏离/无偏离,平台已实现（详见对应功能模块）
849,,,系统支持自定义检查项目优先级规则，针对存在先后执行顺序或间隔时间要求的检查项目（如特定检查需在心电图完成后进行），可灵活配置优先级策略； +----------------------------------------------------------------------------------------------------------------------------------,正偏离/无偏离,平台已实现（详见对应功能模块）
850,,,预约时，系统自动结合号源情况与预设优先级规则，智能规划检查顺序与时间安排，确保检查流程科学有序，避免因执行顺序不当影响检查效果或延误诊疗进度。 +-------------------------------------------------------------------------------------------------------------------------------,正偏离/无偏离,平台已实现（详见对应功能模块）
851,,,系统支持对同类型检查项目进行合并配置，如多项超声检查项目。当患者同时申请多项可合并项目时，系统会自动合并预约，减少患者预约次数和检查等待时间，同时提高检查室检查效率。 +-------------------------------------------------------------------------------------------------------------------,正偏离/无偏离,平台已实现（详见对应功能模块）
852,,,系统提供丰富的检索方式，输入住院号、卡号、申请单号，快速完成预约登记。这种多方式检索适配不同场景，无论是手持纸质申请单的患者，还是通过电子渠道获取信息的患者。 +-----------------------------------------------------------------------------------------------------------------------,正偏离/无偏离,平台已实现（详见对应功能模块）
853,,,自由号源展示：用户可根据实际需求，自由切换按诊室、按周、按日展示号源。按诊室展示时，清晰呈现各诊室可预约时段与剩余号源；按周、按日展示便于查看整体号源分布情况，辅助合理安排预约计划。 +-----------------------------------------------------------------------------------------------------------,正偏离/无偏离,平台已实现（详见对应功能模块）
854,,,分时段预约：将每日可预约时间划分为多个精细时段，患者可根据自身安排灵活选择，减少排队等待时间，优化就医体验。 +------------------------------------------------------------------------------------------------------------------------------------------------,正偏离/无偏离,平台已实现（详见对应功能模块）
855,,,一键自动预约：针对复诊或常规检查患者，系统根据历史预约记录和检查周期，智能推荐合适的时间与项目，患者一键确认即可完成预约，简化操作流程。 +----------------------------------------------------------------------------------------------------------------------------------,正偏离/无偏离,平台已实现（详见对应功能模块）
856,,,强制预约：对于特定检查项目或高峰时段号源已满的情况下预约人员根据当前诊室的患者情况，可以适当加号，强制预约需要填写原因，以便合理调控患者流量，保障医疗资源的有序利用。 +-------------------------------------------------------------------------------------------------------------------,正偏离/无偏离,平台已实现（详见对应功能模块）
857,,,智能合并预约：支持手动勾选同类型检查项目，系统自动判断项目兼容性，可合并的合并后进行统一预约，减少患者多次预约的繁琐，同时提高检查设备的使用效率。 +-----------------------------------------------------------------------------------------------------------------------------,正偏离/无偏离,平台已实现（详见对应功能模块）
858,,,活取消与改约：系统支持自定义设置取消预约次数，超出限制后患者将无法自行取消。取消预约后，对应号源立即释放，可重新预约。 +-------------------------------------------------------------------------------------------------------------------------------------------,正偏离/无偏离,平台已实现（详见对应功能模块）
859,,,改约功能支持直接选择新的时间与诊室，且改约和取消操作均支持批量处理。 +--------------------------------------------------------------------------------------------------------------------------------------------------------------------,正偏离/无偏离,平台已实现（详见对应功能模块）
860,,,导引单补打：预约成功后，若患者不慎丢失导引单，可在系统中通过订单号或身份信息重新补打，导引单包含检查科室位置、流程指引、注意事项等详细内容，确保患者顺利完成检查。 +---------------------------------------------------------------------------------------------------------------------,正偏离/无偏离,平台已实现（详见对应功能模块）
861,,,自动惩戒机制：系统自动监测患者爽约次数，达到设定阈值后，自动将患者加入黑名单，限制其预约权限。黑名单患者在预约时，系统将弹出提示，告知其受限原因。 +-----------------------------------------------------------------------------------------------------------------------------,正偏离/无偏离,平台已实现（详见对应功能模块）
862,,,恢复预约功能：对于有特殊情况的患者，管理员可手动移除黑名单，移除后患者立即恢复预约资格，体现管理的人性化与灵活性。 +---------------------------------------------------------------------------------------------------------------------------------------------,正偏离/无偏离,平台已实现（详见对应功能模块）
863,,,号源模式：用户设定班次内总号源数，系统自动计算每个项目的平均耗时，确保号源分配科学合理，避免出现过度预约或资源浪费。 +--------------------------------------------------------------------------------------------------------------------------------------------,正偏离/无偏离,平台已实现（详见对应功能模块）
864,,,号源模式支持独立分配门诊、住院、急诊号源，也可根据实际情况进行共享设置，满足不同患者群体的检查需求。 +----------------------------------------------------------------------------------------------------------------------------------------------------,正偏离/无偏离,平台已实现（详见对应功能模块）
865,,,支持复制粘贴。 +---------------------------------------------------------------------------------------------------------------------------------------------------------------------------------------------+,待复核,初评未匹配，须项目组逐条人工确认
866,,,项目模式：在预约过程中，系统按照项目预计时长进行叠加计算，实时显示班次内剩余时间，为后续预约提供参考，保障排班的准确性和合理性。 +--------------------------------------------------------------------------------------------------------------------------------------,正偏离/无偏离,平台已实现（详见对应功能模块）
867,,,支持按日导入。 +---------------------------------------------------------------------------------------------------------------------------------------------------------------------------------------------+ ,待复核,初评未匹配，须项目组逐条人工确认
868,,,直观信息预览：主页面以可视化图表和列表形式展示排班信息，包括设备名称、排班时间、性别能力、号源数或剩余时间等关键信息。 +-------------------------------------------------------------------------------------------------------------------------------------------,正偏离/无偏离,平台已实现（详见对应功能模块）
869,,,鼠标悬停在具体排班记录上，可查看详细的项目安排与能力说明。 +-------------------------------------------------------------------------------------------------------------------------------------------------------------------------,正偏离/无偏离,平台已实现（详见对应功能模块）
870,,,支持通过预设模板快速生成排班信息，也可复制历史排班记录进行修改，大幅提高排班效率。 +-------------------------------------------------------------------------------------------------------------------------------------------------------------,正偏离/无偏离,平台已实现（详见对应功能模块）
871,,,排班时，系统自动识别节假日及设备保养日，并弹出提醒，避免安排冲突。 +---------------------------------------------------------------------------------------------------------------------------------------------------------------------,正偏离/无偏离,平台已实现（详见对应功能模块）
872,,,排班时可随时调整设备的项目能力和性别能力，以适应设备维护、技术升级等情况。 +-----------------------------------------------------------------------------------------------------------------------------------------------------------------,正偏离/无偏离,平台已实现（详见对应功能模块）
873,,,支持按多种条件查询预占号源患者信息，如身份证号、姓名等。管理员可根据实际情况，随时取消预占号源，释放资源，确保号源合理分配。 +----------------------------------------------------------------------------------------------------------------------------------------,正偏离/无偏离,平台已实现（详见对应功能模块）
874,,,手机端预约界面采用可视化布局，整合窗口与在线预约项目。点击任意项目即可调取预约须知，确认同意后进入号源查询。 +------------------------------------------------------------------------------------------------------------------------------------------------,正偏离/无偏离,平台已实现（详见对应功能模块）
875,,,支持多院区选定时动态更新号源信息，采用号源管理模式实时刷新剩余号源，保障信息透明，规避超量预约。 +------------------------------------------------------------------------------------------------------------------------------------------------------,正偏离/无偏离,平台已实现（详见对应功能模块）
876,,,当患者多选预约项目时，系统自动触发智能调度。基于预设优先级、互斥规则与合并策略，系统自动分析项目冲突与兼容性。 +-----------------------------------------------------------------------------------------------------------------------------------------------,正偏离/无偏离,平台已实现（详见对应功能模块）
877,,,对互斥项目优先保障高优先级需求，并提示患者调整冲突项。 +---------------------------------------------------------------------------------------------------------------------------------------------------------------------------,正偏离/无偏离,平台已实现（详见对应功能模块）
878,,,对可合并项目自动整合至同一时段。 +--------------------------------------------------------------------------------------------------------------------------------------------------------------------------------------,待复核,初评未匹配，须项目组逐条人工确认
879,,,便捷操作管理：在手机端，患者可随时查看预约详情，包括检查项目、时间、地点等；支持在线取消预约和重新预约，操作流程简单易懂，方便患者根据自身情况调整安排。 +--------------------------------------------------------------------------------------------------------------------------,正偏离/无偏离,平台已实现（详见对应功能模块）
880,,,即时消息通知：预约成功、取消，系统通过公众号自动发送通知，消息包含关键信息和操作指引，确保患者及时获取预约状态变更信息。 +------------------------------------------------------------------------------------------------------------------------------------------,正偏离/无偏离,平台已实现（详见对应功能模块）
881,,,支持在每台设备的排班界面，按时段安排主班医师、副班医师。可复制已有排班记录，简化排班流程。 +---------------------------------------------------------------------------------------------------------------------------------------------------------,正偏离/无偏离,平台已实现（详见对应功能模块）
882,,,诊室管控：能够管控检查科室对应当的诊室及物理地址。 +-----------------------------------------------------------------------------------------------------------------------------------------------------------------------------,正偏离/无偏离,平台已实现（详见对应功能模块）
883,,,科室设置：能够根据科室设置启用合并功能。 +----------------------------------------------------------------------------------------------------------------------------------------------------------------------------------,正偏离/无偏离,平台已实现（详见对应功能模块）
884,★,,类型管控：能够一致化his检查类型，并能够根据类型设置预约渠道占比。 +--------------------------------------------------------------------------------------------------------------------------------------------------------------------,正偏离/无偏离,平台已实现（详见对应功能模块）
885,,,支持展示日、周、月、年的检验预约人次。 +---------------------------------------------------------------------------------------+ 预约管理 +------------------------------------------------------------------------------------,正偏离/无偏离,平台已实现（详见对应功能模块）
886,,,支持标本采集类型的维护，录入标本名称、采集类型等信息。 +---------------------------------------------------------------------------------------+,正偏离/无偏离,平台已实现（详见对应功能模块）
887,,,支持采样中心的维护，录入采样地址、采样类型、预约号源数、预约间隔时间等相关信息。 +---------------------------------------------------------------------------------------+,正偏离/无偏离,平台已实现（详见对应功能模块）
888,,,支持采样窗口维护，录入窗口名称、窗口编号、窗口类型、窗口状态。 +---------------------------------------------------------------------------------------+,待复核,初评未匹配，须项目组逐条人工确认
889,,,支持班次维护，设置班次名称、开始时间、结束时间、号源数量等。 +---------------------------------------------------------------------------------------+,正偏离/无偏离,平台已实现（详见对应功能模块）
890,,,支对需要进行预约的检验申请进行配置，包含项目名称、匹配窗口类型、采样时间段等。 +---------------------------------------------------------------------------------------+,正偏离/无偏离,平台已实现（详见对应功能模块）
891,,,支持从检验系统中导入检验申请项目。 +---------------------------------------------------------------------------------------+ 窗口排班 +--------------------------------------------------------------------------------------,正偏离/无偏离,平台已实现（详见对应功能模块）
892,,,支持对预约窗口进行排班，以此生成预约号源。 +---------------------------------------------------------------------------------------+,正偏离/无偏离,平台已实现（详见对应功能模块）
893,,,支持上一周、下一周快捷查询。 +---------------------------------------------------------------------------------------+,待复核,初评未匹配，须项目组逐条人工确认
894,,,支持自选周进行排班查询。 +---------------------------------------------------------------------------------------+,正偏离/无偏离,平台已实现（详见对应功能模块）
895,,,支持从上周导入排班，完成快捷排班。 +---------------------------------------------------------------------------------------+ 检验预约 +--------------------------------------------------------------------------------------,正偏离/无偏离,平台已实现（详见对应功能模块）
896,,,支持通过扫码或输入患者卡号进行检验项目的预约。 +---------------------------------------------------------------------------------------+,正偏离/无偏离,平台已实现（详见对应功能模块）
897,,,具备取消预约功能，对未执行的预约进行取消。 +---------------------------------------------------------------------------------------+,正偏离/无偏离,平台已实现（详见对应功能模块）
898,,,具备预约查询功能，可查询已预约患者信息。 +---------------------------------------------------------------------------------------+,正偏离/无偏离,平台已实现（详见对应功能模块）
899,,,具备作废预约功能，可对已预约信息进行作废处理。 +---------------------------------------------------------------------------------------+,正偏离/无偏离,平台已实现（详见对应功能模块）
900,,,可查询已排班的窗口剩余号源情况以及该时段号源的预约情况。 +---------------------------------------------------------------------------------------+ 移动端预约 +--------------------------------------------------------------------------,正偏离/无偏离,平台已实现（详见对应功能模块）
901,,,支持患者在移动端上进行检验预约，选择预约项目及时间段进行预约。 +---------------------------------------------------------------------------------------+,正偏离/无偏离,平台已实现（详见对应功能模块）
902,★,,支持患者在移动端进行预约查询，查询已预约信息详情。 +---------------------------------------------------------------------------------------+ +-------------------------------+---------------------------------------------------,正偏离/无偏离,平台已实现（详见对应功能模块）
903,,,支持对门诊患者建立随访计划，实现随访任务的新增、编辑、查询与全流程管理。 +---------------------------------------------------------------------------------------------------------------------------+,正偏离/无偏离,平台已实现（详见对应功能模块）
904,,,支持从门诊业务系统自动提取患者基本信息，无需重复录入，提高随访建档效率与数据准确性。 +---------------------------------------------------------------------------------------------------------------------------+,正偏离/无偏离,平台已实现（详见对应功能模块）
905,,,支持多维度组合筛选，可按时间段、就诊科室、有无随访计划等条件进行精准查询与数据过滤。 +---------------------------------------------------------------------------------------------------------------------------+,正偏离/无偏离,平台已实现（详见对应功能模块）
906,,,支持在随访档案中录入、维护患者联系人信息，确保随访沟通渠道完整可追溯。 +---------------------------------------------------------------------------------------------------------------------------+,正偏离/无偏离,平台已实现（详见对应功能模块）
907,,,支持自定义随访类别配置与随访周期设置，满足不同病种、不同诊疗场景下的个性化随访管理要求。 +---------------------------------------------------------------------------------------------------------------------------+ （2）出院病人随访 +------------------,正偏离/无偏离,平台已实现（详见对应功能模块）
908,,,支持对出院患者开展随访管理，可完整记录随访信息，并对下次随访计划进行制定、维护与跟踪。 +---------------------------------------------------------------------------------------------------------------------------+,正偏离/无偏离,平台已实现（详见对应功能模块）
909,,,支持从住院业务系统自动提取出院患者基本信息，减少重复录入，提升随访建档效率。 +---------------------------------------------------------------------------------------------------------------------------+,正偏离/无偏离,平台已实现（详见对应功能模块）
910,,,支持多维度筛选查询，可按时间段、科室、有无随访计划等条件进行精准数据过滤。 +---------------------------------------------------------------------------------------------------------------------------+,正偏离/无偏离,平台已实现（详见对应功能模块）
911,,,支持详细记录随访信息，包括随访时间、随访人员、随访内容、沟通情况及随访结果。 +---------------------------------------------------------------------------------------------------------------------------+,正偏离/无偏离,平台已实现（详见对应功能模块）
912,,,支持根据患者康复情况设置下次随访时间，并制定、保存与执行对应的随访计划。 +---------------------------------------------------------------------------------------------------------------------------+ （3）病人随访记录 +--------------------------,正偏离/无偏离,平台已实现（详见对应功能模块）
913,,,支持对门诊及出院患者的随访记录进行统一查询、检索与浏览，方便医护人员快速查阅历史随访信息。 +---------------------------------------------------------------------------------------------------------------------------+,正偏离/无偏离,平台已实现（详见对应功能模块）
914,,,支持查看单条随访记录的完整详情信息，包括随访时间、随访人员、沟通内容、处理结果及后续计划等，实现随访信息全览与追溯。 +---------------------------------------------------------------------------------------------------------------------------+ 复诊数据资料管控 +-----,正偏离/无偏离,平台已实现（详见对应功能模块）
915,,,支持按复诊时间、复诊医生等维度，对门诊患者复诊信息进行多条件组合查询与筛选。 +---------------------------------------------------------------------------------------------------------------------------+,正偏离/无偏离,平台已实现（详见对应功能模块）
916,,,支持按就诊时间、就诊科室等维度，对门诊患者复诊信息进行精准查询与数据统计。 +---------------------------------------------------------------------------------------------------------------------------+,正偏离/无偏离,平台已实现（详见对应功能模块）
917,,,支持按预计复诊时间、复诊医生等条件，对出院患者复诊信息进行多维度查询与筛选。 +---------------------------------------------------------------------------------------------------------------------------+,正偏离/无偏离,平台已实现（详见对应功能模块）
918,,,支持按出院时间、出院科室、住院号等关键字段，对出院患者复诊信息进行精准检索与统计。 +---------------------------------------------------------------------------------------------------------------------------+ 直接随访管控 +------------------------,正偏离/无偏离,平台已实现（详见对应功能模块）
919,,,能够对无随访计划的门诊病人进行直接随访。 +---------------------------------------------------------------------------------------------------------------------------+,正偏离/无偏离,平台已实现（详见对应功能模块）
920,,,能够直接随访时指定下次随访时间及复诊时间。 +---------------------------------------------------------------------------------------------------------------------------+,正偏离/无偏离,平台已实现（详见对应功能模块）
921,,,能够对无随访计划的出院病人进行直接随访。 +---------------------------------------------------------------------------------------------------------------------------+,正偏离/无偏离,平台已实现（详见对应功能模块）
922,,,能够直接随访时指定下次随访时间、随访计划及复诊时间。 +---------------------------------------------------------------------------------------------------------------------------+ 历史随访管控 +---------------------------------------,正偏离/无偏离,平台已实现（详见对应功能模块）
923,,,支持按随访开始时间、随访结束时间、随访人员等条件，对门诊患者历史随访记录进行多维度精准查询与筛选。 +---------------------------------------------------------------------------------------------------------------------------+,正偏离/无偏离,平台已实现（详见对应功能模块）
924,,,支持按患者就诊时间、就诊科室等维度，对门诊患者历史随访记录进行检索、查询与数据统计。 +---------------------------------------------------------------------------------------------------------------------------+,正偏离/无偏离,平台已实现（详见对应功能模块）
925,,,支持按随访开始时间、随访结束时间、随访人员等多条件组合，对出院患者历史随访记录进行精准查询与筛选。 +---------------------------------------------------------------------------------------------------------------------------+,正偏离/无偏离,平台已实现（详见对应功能模块）
926,,,支持按出院时间、出院科室、住院号等关键信息，对出院患者历史随访记录进行检索、查看与统计。 +---------------------------------------------------------------------------------------------------------------------------+,正偏离/无偏离,平台已实现（详见对应功能模块）
927,★,,支持随访方式的新增、编辑与删除管理，可根据临床业务需求灵活配置、维护各类随访方式，满足不同场景下的随访业务开展要求。 +---------------------------------------------------------------------------------------------------------------------------+ +--------------,正偏离/无偏离,平台已实现（详见对应功能模块）
928,,,"病人到医院就诊后，各个业务系统打印指引单（门诊药品、处置、检查、检验、体检等）给病人，指引单上显示本次就诊对应的支付二维码。病人打开手机上安装的支付宝APP或微信APP，对准二维码一扫，显示本次就诊记录的费用明细及要支付的总金额。用户无需注册，核对信息后，点击""去缴费""输入支付密码即可完成缴费，后续直接到对应的业务系统完成诊疗流程即可。 +-----------------------------",正偏离/无偏离,平台已实现（详见对应功能模块）
929,,,门诊、检查、检验、体检、胶片收费、自助机等业务平台信息系统按照约定的业务规则打印缴费二维码，根据医院的需要，可以另外打印移动医保支付二维码。 +--------------------------------------------------------------------------------------------------------------------------------,正偏离/无偏离,平台已实现（详见对应功能模块）
930,,,用户使用手机上安装的支付宝APP或微信APP，扫描指引单上的二维码，会自动打开一个网页，展示患者本次就诊记录对应的患者就诊信息，包括所有待缴费的项目及对应的明细、总金额。 +-----------------------------------------------------------------------------------------------------------------,正偏离/无偏离,平台已实现（详见对应功能模块）
931,,,"用户无需注册，扫码后点击""支付""，输入支付密码即可完成缴费。系统自动识别当前的支付方式，缴费信息与HIS实时同步，完成支付后直接到对应的业务系统完成诊疗流程即可（治疗、取药、检查检验、体检、病理等）。 +--------------------------------------------------------------------------------------------------",正偏离/无偏离,平台已实现（详见对应功能模块）
932,★,,展示本次就诊记录的对应支付信息。完成支付后，可以再次扫描二维码，显示申请单号，取药窗口号等。 +--------------------------------------------------------------------------------------------------------------------------------------------------------,正偏离/无偏离,平台已实现（详见对应功能模块）
933,,,患者纸质报告单上或者指引导单上会有影像二维码，扫描该二维码即可浏览影像图片，也可直接对接医院公众号，通过检查报告查看对应的影像，支持分享，下载影像或报告。 +-------------------------------------------------------------------------------------------------------------------------,正偏离/无偏离,平台已实现（详见对应功能模块）
934,,,将影像检索功能深度集成至患者移动端的检查报告模块，实现'报告查阅'与'影像浏览'的一站式无缝跳转，提升用户操作效率。 +--------------------------------------------------------------------------------------------------------------------------------------------,正偏离/无偏离,平台已实现（详见对应功能模块）
935,,,报告内容全覆盖：包含患者基本信息、检查所见描述、诊断意见，以及报告医师与审核医师的完整签名信息。\ 影像资料高保真：提供完整的原始影像序列，确保数据无损传输。\ 存储与访问优势：支持影像资料长期云端保存，实现随时随地、多终端无缝查看。 +---------------------------------------------------------------------------------,正偏离/无偏离,平台已实现（详见对应功能模块）
936,,,系统支持历史离线检查资料的自动调阅申请处理，同时具备实时影像与报告的即时获取能力。用户可在'影像报告'与'原始影像'视图间无缝切换，实现图文联动浏览。 +---------------------------------------------------------------------------------------------------------------------------,正偏离/无偏离,平台已实现（详见对应功能模块）
937,,,即时调阅：支持影像图片与检查报告的加载与查看。 +-----------------------------------------------------------------------------------------------------------------------------------------------------------------+,正偏离/无偏离,平台已实现（详见对应功能模块）
938,,,交互浏览：实现报告文本与影像图片的一键切换与联动浏览。 +-----------------------------------------------------------------------------------------------------------------------------------------------------------------+,正偏离/无偏离,平台已实现（详见对应功能模块）
939,,,消息触达：支持通过公众号、短信等多种方式，自动通知患者报告已出。 +-----------------------------------------------------------------------------------------------------------------------------------------------------------------+ 影像报,正偏离/无偏离,平台已实现（详见对应功能模块）
940,,,系统兼容移动设备。 +-----------------------------------------------------------------------------------------------------------------------------------------------------------------+,正偏离/无偏离,平台已实现（详见对应功能模块）
941,,,用户可在任意终端无缝查阅检查报告及原始影像。 +-----------------------------------------------------------------------------------------------------------------------------------------------------------------+,正偏离/无偏离,平台已实现（详见对应功能模块）
942,,,支持通过医院官方微信公众号，进入检查报告阅览报告和影像。 +-----------------------------------------------------------------------------------------------------------------------------------------------------------------+,正偏离/无偏离,平台已实现（详见对应功能模块）
943,,,能够从医院微信小程序浏览检查报告和影像。 +-----------------------------------------------------------------------------------------------------------------------------------------------------------------+,正偏离/无偏离,平台已实现（详见对应功能模块）
944,,,可通过扫描报告单二维码进入查看报告和影像。 +-----------------------------------------------------------------------------------------------------------------------------------------------------------------+,正偏离/无偏离,平台已实现（详见对应功能模块）
945,,,能够通过公众号发送的微信链接直接调阅检查报告和影像。 +-----------------------------------------------------------------------------------------------------------------------------------------------------------------+,正偏离/无偏离,平台已实现（详见对应功能模块）
946,,,智能提醒：报告一出，微信即刻推送通知。 +-----------------------------------------------------------------------------------------------------------------------------------------------------------------+,正偏离/无偏离,平台已实现（详见对应功能模块）
947,,,原生支持触摸手势操作，实现报告与影像的流畅滑动浏览及缩放查看。 +-----------------------------------------------------------------------------------------------------------------------------------------------------------------+ 影像图片,正偏离/无偏离,平台已实现（详见对应功能模块）
948,,,窗宽窗位调节：支持自动计算与手动精细调节，适应不同组织对比度需求。 +-----------------------------------------------------------------------------------------------------------------------------------------------------------------+,待复核,初评未匹配，须项目组逐条人工确认
949,,,多模态伪彩映射：内置黑白反向、彩虹色、金属色、火红、热金属蓝及混合模式等多种预设，满足多样化阅片习惯。 +---------------------------------------------------------------------------------------------------------------------------------------------------,待复核,初评未匹配，须项目组逐条人工确认
950,,,图像增强：提供图像锐化与增强算法，提升细节辨识度。 +-----------------------------------------------------------------------------------------------------------------------------------------------------------------+,待复核,初评未匹配，须项目组逐条人工确认
951,,,支持无损缩放、平移漫游、水平/垂直翻转及任意角度旋转等基础几何变换。 +-----------------------------------------------------------------------------------------------------------------------------------------------------------------+,待复核,初评未匹配，须项目组逐条人工确认
952,,,配备全套诊断工具，包括箭头标注、直线/曲线距离测量、角度测量，以及矩形、多边形、椭圆形等区域分析工具。 +---------------------------------------------------------------------------------------------------------------------------------------------------,外部条件,需医保局/省平台等外部环境开通后联调
953,,,支持动态影像序列的自动播放与帧率调整。 +-----------------------------------------------------------------------------------------------------------------------------------------------------------------+,正偏离/无偏离,平台已实现（详见对应功能模块）
954,,,"在执行测量、翻转、窗宽窗位调整等操作后，支持""一键重置""至初始状态，确保阅片流程高效无忧。 +---------------------------------------------------------------------------------------------------------------------------------------------------------",待复核,初评未匹配，须项目组逐条人工确认
955,,,"系统支持二维码与链接双模式分享检查报告及数字影像，专为异地转诊、多院协作等场景打造高效信息传递通道，患者如需将影像资料分享给外地专家，仅需在查阅界面点击 ""分享"" 按钮，即可发起操作。 +----------------------------------------------------------------------------------------------------------",正偏离/无偏离,平台已实现（详见对应功能模块）
956,,,"在分享流程启动前，系统将弹出 ""免责声明""，以显著标识和明确提示向用户强调信息传播潜在风险，用户须仔细阅读并主动选择 ""同意"" 选项，方可触发分享操作，从源头保障用户知情权与数据使用合规性。 +-------------------------------------------------------------------------------------------------------",正偏离/无偏离,平台已实现（详见对应功能模块）
957,,,分享过程中，系统提供高度灵活的权限配置功能：用户可自定义设置分享链接的有效时长，到期后链接自动失效。 +----------------------------------------------------------------------------------------------------------------------------------------------------,正偏离/无偏离,平台已实现（详见对应功能模块）
958,,,支持选择匿名分享模式，隐藏患者个人敏感信息。 +-----------------------------------------------------------------------------------------------------------------------------------------------------------------+,正偏离/无偏离,平台已实现（详见对应功能模块）
959,★,,可自由控制接收方是否具备下载权限，防止资料无限制扩散，还能设置是否允许查看历史版本影像。 +----------------------------------------------------------------------------------------------------------------------------------------------------------,正偏离/无偏离,平台已实现（详见对应功能模块）
960,,,支持对患者进行院内满意度调查，调查结果可生成电子化记录；支持查看门诊、出院、在院患者满意度调查统计表。能根据患者的评价结果，适时向管理端推送消息。能按系统策略自动采集业务系统中的特定人群信息（如：住院时间长、治疗费用高、重危病人等）进行满意度调查管理。,正偏离/无偏离,平台已实现（详见对应功能模块）
961,,,患者通过院内自助设备、微信公众号、网站等完成满意度调查问卷、投诉或意见反馈，问卷结果统一；通过采集方式获得的患者反馈数据能够通过网络传送给相关管理部门进行分析处理；能够对相关数据进行分析处理，能够将结果反馈给用户。,正偏离/无偏离,平台已实现（详见对应功能模块）
962,,,满意度调查涵盖对于医院、科室、人员的评价，同时包含诊疗环节，如挂号、住院、取药、检查、治疗、就医环境等内容。,正偏离/无偏离,平台已实现（详见对应功能模块）
963,,,医院可登录管理系统对满意度问卷进行管理、展示问卷统计报表，导出问卷人数等信息。 +-------------------------------+-------------------------------------------------------------------------------------------------------------------------------,正偏离/无偏离,平台已实现（详见对应功能模块）
964,★,,全面展示挂号信息、待诊信息，根据挂号信息查询整体挂号数据，根据待诊信息查询钱都队列信息。 +----------------------------------------------------------------------------------------------------------------------------------------------------------,正偏离/无偏离,平台已实现（详见对应功能模块）
965,★,,全面展示历史患者就诊信息，查询已诊患者列表，能够浏览个人资料、病历、医嘱等信息。 +--------------------------------------------------------------------------------------------------------------------------------------------------------------,正偏离/无偏离,平台已实现（详见对应功能模块）
966,★,,全面展示周期患者就诊信息，查询周期患者列表，能够浏览个人资料、病历、医嘱等信息。 +--------------------------------------------------------------------------------------------------------------------------------------------------------------,正偏离/无偏离,平台已实现（详见对应功能模块）
967,★,,具备各种接诊方式，包括刷就诊卡、医保卡、身份证等其他电子凭证，或从待诊、已诊、历史、本科室患者病人列表中选择患者调入接诊，并支持对接排队叫号系统功能管理患者接诊顺序。 +-------------------------------------------------------------------------------------------------------------------,正偏离/无偏离,平台已实现（详见对应功能模块）
968,★,,在接诊病人管理中，支持多病人接诊模式。 +-----------------------------------------------------------------------------------------------------------------------------------------------------------------------------------,待复核,初评未匹配，须项目组逐条人工确认
969,★,,支持自定义患者信息栏显示信息。 +---------------------------------------------------------------------------------------------------------------------------------------------------------------------------------------,正偏离/无偏离,平台已实现（详见对应功能模块）
970,★,,叫号数据资料一致化到语音设备及诊室显示屏上，与分诊叫号平台信息系统予以完成互动，能够医生根据患者列表对患者进行呼叫就诊行为。 +----------------------------------------------------------------------------------------------------------------------------------------,正偏离/无偏离,平台已实现（详见对应功能模块）
971,★,,医生接诊患者后自动化获取患者基本数据资料，为病历书写、门诊医嘱拥有数据资料能够。 +--------------------------------------------------------------------------------------------------------------------------------------------------------------,正偏离/无偏离,平台已实现（详见对应功能模块）
972,★,,集中展示患者在医院信息系统中的基本信息，如姓名、性别、年龄、联系方式、过敏史和病种信息。 +----------------------------------------------------------------------------------------------------------------------------------------------------------,正偏离/无偏离,平台已实现（详见对应功能模块）
973,★,,支持接诊信息修改、患者基本信息修改。 +------------------------------------------------------------------------------------------------------------------------------------------------------------------------------------,正偏离/无偏离,平台已实现（详见对应功能模块）
974,★,,能够医生无号就诊，为一些特殊情况患者拥有便利。 +-------------------------------------------------------------------------------------------------------------------------------------------------------------------------------,正偏离/无偏离,平台已实现（详见对应功能模块）
975,★,,拥有诊间预约挂号功能，能够预约下次就诊科目及日期。 +-----------------------------------------------------------------------------------------------------------------------------------------------------------------------------,正偏离/无偏离,平台已实现（详见对应功能模块）
976,★,,能够诊间加号、转诊、转介、退号等功能。 +-----------------------------------------------------------------------------------------------------------------------------------------------------------------------------------,待复核,初评未匹配，须项目组逐条人工确认
977,★,,支持门诊西医诊断规范化管理，对标ICD-10标准编码及自定义临床诊断名称描述。 +---------------------------------------------------------------------------------------------------------------------------------------------------------------,正偏离/无偏离,平台已实现（详见对应功能模块）
978,,▲,①对接院外医疗机构发起的转诊申请单，获取患者基础信息、病情摘要、病历图片等信息。②在审核时判断患者病情，提供多级审核机制，即患者病情仅需急诊处理时，由急诊医生审核后反馈审核信息至申请端。（投标人提供相关软件界面截图，并加盖投标人公章 +----------------------------------------------------------------------------------,正偏离/无偏离,平台已实现（详见对应功能模块）
979,★,,提供患者诊断助手功能，包括患者历史诊断、常用诊断、高频诊断等内容，方便医生录入。 +--------------------------------------------------------------------------------------------------------------------------------------------------------------,正偏离/无偏离,平台已实现（详见对应功能模块）
980,★,,诊断报卡：根据下达的诊断判断是否需要进行传染病，食源性疾病统一报卡等操作，完成报卡闭环**。** +------------------------------------------------------------------------------------------------------------------------------------------------------,正偏离/无偏离,平台已实现（详见对应功能模块）
981,★,,支持诊断与病历信息对接，实现诊断录入完成后病历诊断数据自动导入。 +----------------------------------------------------------------------------------------------------------------------------------------------------------------------,正偏离/无偏离,平台已实现（详见对应功能模块）
982,★,,能够在诊断基础上进行前缀、后缀内容的增加。 +---------------------------------------------------------------------------------------------------------------------------------------------------------------------------------,正偏离/无偏离,平台已实现（详见对应功能模块）
983,★,,能够门诊诊断的确诊和疑诊标记功能。 +-------------------------------------------------------------------------------------------------------------------------------------------------------------------------------------,正偏离/无偏离,平台已实现（详见对应功能模块）
984,★,,能够医保病人特殊病种录入。 +-----------------------------------------------------------------------------------------------------------------------------------------------------------------------------------------,正偏离/无偏离,平台已实现（详见对应功能模块）
985,★,,支持主次诊断设置与显示。 +------------------------------------------------------------------------------------------------------------------------------------------------------------------------------------------,正偏离/无偏离,平台已实现（详见对应功能模块）
986,★,,门诊病历跟医生站一体化集成，满足界面集成、数据集成、应用集成的整合效果，方便医生看诊，提高就诊效率。 +----------------------------------------------------------------------------------------------------------------------------------------------------,正偏离/无偏离,平台已实现（详见对应功能模块）
987,★,,结构化模板：提供丰富的门诊病历模板，包括常见疾病的模板，支持自定义模板，方便医生快速录入。 +---------------------------------------------------------------------------------------------------------------------------------------------------------,正偏离/无偏离,平台已实现（详见对应功能模块）
988,★,,门诊病历书写支持自动选择科室默认模板，也支持自行选择任一模板进行病历书写。同时支持选择患者历史文书创建新病历。 +-----------------------------------------------------------------------------------------------------------------------------------------------,正偏离/无偏离,平台已实现（详见对应功能模块）
989,★,,提供类WORD书写界面风格、结构化书写、所见即所得。支持文本元素、日期元素、单选元素、多选元素等多种结构化书写格式，支持病历书写时元素的快速跳转。自由文本输入：在结构化模板基础上，支持医生自由输入文本，满足个性化记录需求。 +---------------------------------------------------------------------------------------,正偏离/无偏离,平台已实现（详见对应功能模块）
990,★,,多媒体记录：能够插入图片、音频、视频等多媒体资料，如患者的患处照片、口述录音等。 +--------------------------------------------------------------------------------------------------------------------------------------------------------------,正偏离/无偏离,平台已实现（详见对应功能模块）
991,★,,实现门诊病历和门诊医嘱的信息自动更新和签名流程闭环。在医生站录入医嘱和诊断自动更新到本人创建/签署的病历中，当切换病历或者诊毕时引导医生一键签署或重新签署病历，保证门诊病历中的医嘱和诊断信息不丢失。 +---------------------------------------------------------------------------------------------------,正偏离/无偏离,平台已实现（详见对应功能模块）
992,★,,拥有临床数据资料引用功能，能够直接引用患者基本数据资料、检验、检查等数据资料，也能够引用历史病历中的相关内容。 +-----------------------------------------------------------------------------------------------------------------------------------------------,正偏离/无偏离,平台已实现（详见对应功能模块）
993,★,,拥有诊断库、电子病历模板库等知识库的支撑。 +---------------------------------------------------------------------------------------------------------------------------------------------------------------------------------,正偏离/无偏离,平台已实现（详见对应功能模块）
994,★,,病历内容历次更新痕迹保留，拥有病历留痕功能。 +--------------------------------------------------------------------------------------------------------------------------------------------------------------------------------,正偏离/无偏离,平台已实现（详见对应功能模块）
995,★,,并拥有药物字典、检验检查字典、手术治疗字典等字典数据资料，医生能够开具药品、处置治疗、卫生材料等医嘱。 +---------------------------------------------------------------------------------------------------------------------------------------------------,正偏离/无偏离,平台已实现（详见对应功能模块）
996,★,,能够不同级别医生开立相应当级别药物、检验检查、治疗方案以及手术等医嘱数据资料，拥有医嘱权限管控支持上级医生或药师对医嘱进行审核。 +--------------------------------------------------------------------------------------------------------------------------------------,正偏离/无偏离,平台已实现（详见对应功能模块）
997,★,,以符合《处方管控办法》：诊断、科室、医生、时间的限制等，自动化审批录入处方的完整性性。 +-----------------------------------------------------------------------------------------------------------------------------------------------------------,正偏离/无偏离,平台已实现（详见对应功能模块）
998,★,,能够集成合理用药平台信息系统、医保控费平台信息系统进行合理用药及医保控费审查及提示。 +------------------------------------------------------------------------------------------------------------------------------------------------------------,正偏离/无偏离,平台已实现（详见对应功能模块）
999,★,,方便医生快捷进行医嘱的开立，拥有处方模板功能，并具有相应当模板编辑功能。 +------------------------------------------------------------------------------------------------------------------------------------------------------------------,正偏离/无偏离,平台已实现（详见对应功能模块）
1000,★,,能够协定处方功能，提高医院配方速度和质量。 +---------------------------------------------------------------------------------------------------------------------------------------------------------------------------------,正偏离/无偏离,平台已实现（详见对应功能模块）
1001,★,,拥有费用数据资料提示：包括项目名称、规格、价格、医保费用类别、数量等。 +-------------------------------------------------------------------------------------------------------------------------------------------------------------------,正偏离/无偏离,平台已实现（详见对应功能模块）
1002,★,,拥有药品数据资料提示：包括商品名、通用名、规格、价格、库存量、医保费用类别等。 +---------------------------------------------------------------------------------------------------------------------------------------------------------------,正偏离/无偏离,平台已实现（详见对应功能模块）
1003,★,,缺药时不准许进行后续处方开具业务流程，拥有缺药提醒。 +----------------------------------------------------------------------------------------------------------------------------------------------------------------------------,正偏离/无偏离,平台已实现（详见对应功能模块）
1004,★,,能够多种录入方式：五笔首码、拼音首码、汉字、商品名、通用名、药品编码等。 +------------------------------------------------------------------------------------------------------------------------------------------------------------------,待复核,初评未匹配，须项目组逐条人工确认
1005,★,,提高医生开方速度，能够预先设置药品的默认剂量、频次、用法等。 +------------------------------------------------------------------------------------------------------------------------------------------------------------------------,待复核,初评未匹配，须项目组逐条人工确认
1006,★,,医师能够输入相关注意事项，所有医嘱均拥有备注功能。 +-----------------------------------------------------------------------------------------------------------------------------------------------------------------------------,正偏离/无偏离,平台已实现（详见对应功能模块）
1007,★,,能够处方作废、处方双签字功能。 +---------------------------------------------------------------------------------------------------------------------------------------------------------------------------------------,正偏离/无偏离,平台已实现（详见对应功能模块）
1008,★,,医嘱与病历内容相关联，便于查看医嘱依据和治疗思路。 +-----------------------------------------------------------------------------------------------------------------------------------------------------------------------------,正偏离/无偏离,平台已实现（详见对应功能模块）
1009,★,,支持根据患者过敏信息、皮试记录、药品皮试规则智能提醒自动开立皮试医嘱。 +-------------------------------------------------------------------------------------------------------------------------------------------------------------------,正偏离/无偏离,平台已实现（详见对应功能模块）
1010,★,,提供针对药品医嘱外送功能。 +-----------------------------------------------------------------------------------------------------------------------------------------------------------------------------------------,正偏离/无偏离,平台已实现（详见对应功能模块）
1011,★,,支持草药处方开立时根据草药成品类型（如中药配方颗粒剂、中药饮片、机配颗粒饮片等）设置的倍数药自动校验医生开立单味草药剂量是否符合倍数药规格，若不符则需进行提醒，且不允许保存通过。 +-------------------------------------------------------------------------------------------------------------,配套产品响应,属设备配套软件/商用知识库/CA 等产品参数，平台已留标准接入点
1012,★,,支持草药处方煎法、炮制、治法的选择。 +------------------------------------------------------------------------------------------------------------------------------------------------------------------------------------,正偏离/无偏离,平台已实现（详见对应功能模块）
1013,★,,拥有检验申请单开具功能，检验申请单，拥有检验项目诊断、加急标志录入功能。 +------------------------------------------------------------------------------------------------------------------------------------------------------------------,正偏离/无偏离,平台已实现（详见对应功能模块）
1014,★,,拥有检查申请单开具功能，检查申请单，拥有检查申请单临床摘要、诊断数据资料、检查目的、注意事项录入功能。 +---------------------------------------------------------------------------------------------------------------------------------------------------,正偏离/无偏离,平台已实现（详见对应功能模块）
1015,★,,拥有手术申请单开具功能，拥有急诊手术、日间手术等标志录入功能，手术申请单。 +-----------------------------------------------------------------------------------------------------------------------------------------------------------------,正偏离/无偏离,平台已实现（详见对应功能模块）
1016,★,,拥有检验申请自动获取病情摘要、诊断，能填写标本类型、采样部位等信息，并根据流向自动获取执行科室。 +------------------------------------------------------------------------------------------------------------------------------------------------------,正偏离/无偏离,平台已实现（详见对应功能模块）
1017,★,,予以完成医技检查报告调阅功能，能够浏览检查结果和影像资料，能够与医技检查平台信息系统集成。 +---------------------------------------------------------------------------------------------------------------------------------------------------------,正偏离/无偏离,平台已实现（详见对应功能模块）
1018,★,,予以完成医技检验报告调阅功能，能够与医技检验平台信息系统集成。 +-----------------------------------------------------------------------------------------------------------------------------------------------------------------------,正偏离/无偏离,平台已实现（详见对应功能模块）
1019,★,,基于电子病历评价标准，实现患者就诊信息互通，在门诊医生站中有且不限于检验、检查、病理、电子病历数据报告查询，也支持历史某段时间内就诊报告的查询。 +------------------------------------------------------------------------------------------------------------------------------,正偏离/无偏离,平台已实现（详见对应功能模块）
1020,★,,支持图文报告查看以及内嵌式影像浏览器接口查看。 +-------------------------------------------------------------------------------------------------------------------------------------------------------------------------------,正偏离/无偏离,平台已实现（详见对应功能模块）
1021,★,,在检验结果中支持检验定量指标的趋势图分析，分单指标趋势图和多指标趋势图。 +------------------------------------------------------------------------------------------------------------------------------------------------------------------,正偏离/无偏离,平台已实现（详见对应功能模块）
1022,★,,拥有门诊会诊申请功能，能够门诊各科室间的会诊申请。 +-----------------------------------------------------------------------------------------------------------------------------------------------------------------------------,正偏离/无偏离,平台已实现（详见对应功能模块）
1023,★,,同时浏览患者的就诊数据资料，拥有填写会诊结论功能。 +-----------------------------------------------------------------------------------------------------------------------------------------------------------------------------,正偏离/无偏离,平台已实现（详见对应功能模块）
1024,★,,拥有医保类别审批功能，自动化核算就诊费用。 +---------------------------------------------------------------------------------------------------------------------------------------------------------------------------------,正偏离/无偏离,平台已实现（详见对应功能模块）
1025,★,,能够根据设置给予医生退费功能。 +---------------------------------------------------------------------------------------------------------------------------------------------------------------------------------------,正偏离/无偏离,平台已实现（详见对应功能模块）
1026,★,,拥有处方、检验单、检查单、治疗单、导诊单打印功能。 +-----------------------------------------------------------------------------------------------------------------------------------------------------------------------------,正偏离/无偏离,平台已实现（详见对应功能模块）
1027,★,,医生下达的门诊诊断能够与传染病上报报卡进行关联，能够传染病报卡登记，并自动化根据诊断填写不同类型的报卡内容提醒医生进行上报。 +----------------------------------------------------------------------------------------------------------------------------------------,正偏离/无偏离,平台已实现（详见对应功能模块）
1028,★,,能够死亡登记卡的登记。 +-------------------------------------------------------------------------------------------------------------------------------------------------------------------------------------------,待复核,初评未匹配，须项目组逐条人工确认
1029,★,,患者如应当住院治疗，医生为患者诊治时，医生能够在门诊医生站直接开具电子入院证，填写相关入院证数据资料。 +---------------------------------------------------------------------------------------------------------------------------------------------------,正偏离/无偏离,平台已实现（详见对应功能模块）
1030,★,,也能够移动端进行入院预约或缴纳预交金，入院证提交后共享到其他业务平台信息系统，患者能够根据电子入院证办理入院。 +-----------------------------------------------------------------------------------------------------------------------------------------------,正偏离/无偏离,平台已实现（详见对应功能模块）
1031,★,,拥有医师工作量汇总。 +--------------------------------------------------------------------------------------------------------------------------------------------------------------------------------------------,待复核,初评未匹配，须项目组逐条人工确认
1032,★,,拥有诊断工作量汇总。 +--------------------------------------------------------------------------------------------------------------------------------------------------------------------------------------------,正偏离/无偏离,平台已实现（详见对应功能模块）
1033,★,,拥有费用相关汇总。 +---------------------------------------------------------------------------------------------------------------------------------------------------------------------------------------------,待复核,初评未匹配，须项目组逐条人工确认
1034,★,,拥有费别分类的金额汇总。 +------------------------------------------------------------------------------------------------------------------------------------------------------------------------------------------,待复核,初评未匹配，须项目组逐条人工确认
1035,★,,拥有病人区域来源分布汇总。 +-----------------------------------------------------------------------------------------------------------------------------------------------------------------------------------------,外部条件,需医保局/省平台等外部环境开通后联调
1036,,,直观显示已安床位和空置床位，能够床位卡的形式显示。 +-----------------------------------------------------------------------------------------------------------------+,正偏离/无偏离,平台已实现（详见对应功能模块）
1037,,,拥有高效快速输液登记功能，通过患者卡号自动化带出相关数据资料予以完成安床。 +-----------------------------------------------------------------------------------------------------------------+,正偏离/无偏离,平台已实现（详见对应功能模块）
1038,,,能够对患者换床进行高效快速行为及管控，能够换床功能。 +-----------------------------------------------------------------------------------------------------------------+,正偏离/无偏离,平台已实现（详见对应功能模块）
1039,,,能够取消安床，满足因特殊原因取消输液的情况处理操作。 +-----------------------------------------------------------------------------------------------------------------+,正偏离/无偏离,平台已实现（详见对应功能模块）
1040,,,防止重复登记，能够浏览患者历史输液登记数据资料，如有未予以完成的输液数据资料进行提示。 +-----------------------------------------------------------------------------------------------------------------+,正偏离/无偏离,平台已实现（详见对应功能模块）
1041,,,能够按床号号或就诊号进行高效快速检索病人。 +-----------------------------------------------------------------------------------------------------------------+,待复核,初评未匹配，须项目组逐条人工确认
1042,,,能够简卡和明细卡另种显示方式。 +-----------------------------------------------------------------------------------------------------------------+,待复核,初评未匹配，须项目组逐条人工确认
1043,,,能够设置每页显示床位数量。 +-----------------------------------------------------------------------------------------------------------------+ 分诊管理 +----------------------------------------------------------------,正偏离/无偏离,平台已实现（详见对应功能模块）
1044,,,"支持对患者就诊调整手动调整,包括设置未报到、等候就诊、正在就诊、诊结、就诊叫号、诊室调整、指定接诊医生等。 +-----------------------------------------------------------------------------------------------------------------+",正偏离/无偏离,平台已实现（详见对应功能模块）
1045,,,支持在分诊台通过医保卡、就诊号、病案号等签到；支持进入过号队列的过号患者，通过重新签到再入队列。 +-----------------------------------------------------------------------------------------------------------------+ 医嘱执行与管理 +--------------------------,正偏离/无偏离,平台已实现（详见对应功能模块）
1046,,,清晰展示患者的医嘱信息，包括药品医嘱、治疗医嘱、检查医嘱等。 +-----------------------------------------------------------------------------------------------------------------+,正偏离/无偏离,平台已实现（详见对应功能模块）
1047,,,护士能够执行医嘱并进行记录，如输液、注射、采血等操作的执行时间和执行者。 +-----------------------------------------------------------------------------------------------------------------+,正偏离/无偏离,平台已实现（详见对应功能模块）
1048,,,对医嘱的执行状态进行跟踪和提醒，确保医嘱按时准确执行。 +-----------------------------------------------------------------------------------------------------------------+ 皮试管控 +--------------------------------------------------,正偏离/无偏离,平台已实现（详见对应功能模块）
1049,,,能够皮试及某些过敏试验结果的录入。 +-----------------------------------------------------------------------------------------------------------------+,正偏离/无偏离,平台已实现（详见对应功能模块）
1050,,,皮试结果能够一致化到诊室，便于医生浏览。 +-----------------------------------------------------------------------------------------------------------------+,正偏离/无偏离,平台已实现（详见对应功能模块）
1051,,,能够作废原处方不发药，皮试结果不通过时。 +-----------------------------------------------------------------------------------------------------------------+ 输液管控 +---------------------------------------------------------,正偏离/无偏离,平台已实现（详见对应功能模块）
1052,,,能够病人身份及输液袋条码标签的生成与打印。 +-----------------------------------------------------------------------------------------------------------------+,正偏离/无偏离,平台已实现（详见对应功能模块）
1053,,,能够输液执行操作卡的打印。 +-----------------------------------------------------------------------------------------------------------------+,正偏离/无偏离,平台已实现（详见对应功能模块）
1054,,,能够审计记录输液执行操作时间、执行操作人等数据资料。 +-----------------------------------------------------------------------------------------------------------------+,正偏离/无偏离,平台已实现（详见对应功能模块）
1055,,,能够输液单签名功能。 +-----------------------------------------------------------------------------------------------------------------+,正偏离/无偏离,平台已实现（详见对应功能模块）
1056,,,费用管控。 +-----------------------------------------------------------------------------------------------------------------+,待复核,初评未匹配，须项目组逐条人工确认
1057,,,显示所有能够计费的输液执行操作单列表供计费选择。 +-----------------------------------------------------------------------------------------------------------------+,正偏离/无偏离,平台已实现（详见对应功能模块）
1058,,,能够手动创建和移除输液治疗过程中产生的相关计费项目予以完成计费。 +-----------------------------------------------------------------------------------------------------------------+ 基础管控 +---------------------------------------------,正偏离/无偏离,平台已实现（详见对应功能模块）
1059,,,能够对输液室进行管控，同时管控临床科室与输液室的映射关系。 +-----------------------------------------------------------------------------------------------------------------+,正偏离/无偏离,平台已实现（详见对应功能模块）
1060,,,能够对输液相关用药途径进行管控。 +-----------------------------------------------------------------------------------------------------------------+,正偏离/无偏离,平台已实现（详见对应功能模块）
1061,,,能够对输液室的输液床位进行管控，并设置床位相关属性及排序。 +-----------------------------------------------------------------------------------------------------------------+,正偏离/无偏离,平台已实现（详见对应功能模块）
1062,,,+-------------------------------+-----------------------------------------------------------------------------------------------------------------------------------------------------------------------,待复核,初评未匹配，须项目组逐条人工确认
1063,★,,实现了对基础数据元信息的具体详情内容的预先查阅，和对数据元的基础信息的修改，移除无用的数据元等能力。 +----------------------------------------------------------------------------------------------------------------------------------------------------,正偏离/无偏离,平台已实现（详见对应功能模块）
1064,★,,借助列表形式展示了所有的指标库，能够按条件检索符合条件的信息。 +-----------------------------------------------------------------------------------------------------------------------------------------------------------------------,正偏离/无偏离,平台已实现（详见对应功能模块）
1065,★,,实现了对指标库的基础管理能力，例如：增加、修改指定的项目、根据设定条件检索指定的指标库信息和修改指定的指标库信息列表等。 +------------------------------------------------------------------------------------------------------------------------------------------,正偏离/无偏离,平台已实现（详见对应功能模块）
1066,★,,借助树形结构清晰展示了全部元素库信息的分类，和元素库信息之间的关系等。 +-------------------------------------------------------------------------------------------------------------------------------------------------------------------,待复核,初评未匹配，须项目组逐条人工确认
1067,★,,实现了对元素库信息的具体详情内容的预先查阅，和对元素库信息的基础信息实施编辑、给指定的元素库增加子类元素库等能力。 +---------------------------------------------------------------------------------------------------------------------------------------------,待复核,初评未匹配，须项目组逐条人工确认
1068,★,,借助树形结构清晰的呈现了当前的所有的病历分类信息及其互相之间的关联。 +--------------------------------------------------------------------------------------------------------------------------------------------------------------------,正偏离/无偏离,平台已实现（详见对应功能模块）
1069,★,,实现了对分类的基础信息预先查阅，对病历分类的基础信息修改，和增加新的分类。 +-----------------------------------------------------------------------------------------------------------------------------------------------------------------,正偏离/无偏离,平台已实现（详见对应功能模块）
1070,★,,借助树形结构清晰展示了全部数据源信息的分类，和数据源的其他属性等。 +---------------------------------------------------------------------------------------------------------------------------------------------------------------------,待复核,初评未匹配，须项目组逐条人工确认
1071,★,,实现了对数据源信息的具体详情内容的预先查阅，和对数据源信息的基础信息实施编辑、给指定的数据源增加子类数据源等能力。 +---------------------------------------------------------------------------------------------------------------------------------------------,待复核,初评未匹配，须项目组逐条人工确认
1072,★,,借助分页表格展示了系统应用到的参数，能够依据参数编码和参数名称检索，能够对参数值实施编辑。 +---------------------------------------------------------------------------------------------------------------------------------------------------------,待复核,初评未匹配，须项目组逐条人工确认
1073,★,,能够依据权限的不同检索到不同的模板，依据应用范围模板分为全局模板、全院模板、科室模板、个人模板。 +------------------------------------------------------------------------------------------------------------------------------------------------------,正偏离/无偏离,平台已实现（详见对应功能模块）
1074,★,,模板增加：能够增加病历模板，指定模板分类和使用范围。 +----------------------------------------------------------------------------------------------------------------------------------------------------------------------------,正偏离/无偏离,平台已实现（详见对应功能模块）
1075,★,,模板兼容具备最小结构化元素，符合文本、数值、复选、单选、多选、日期等结构化录入要求。 +------------------------------------------------------------------------------------------------------------------------------------------------------------,正偏离/无偏离,平台已实现（详见对应功能模块）
1076,★,,兼容文档修改，字符、段落属性配置，页面版式配置，页眉页脚配置，兼容特殊符号，兼容图文结合性输入，兼容矢量图形绘制和表格。 +------------------------------------------------------------------------------------------------------------------------------------------,待复核,初评未匹配，须项目组逐条人工确认
1077,★,,"具备病人隐私防护手段，对模板病历中表示患者隐私信息的能够配置成""加密展示""。 +----------------------------------------------------------------------------------------------------------------------------------------------------------------",正偏离/无偏离,平台已实现（详见对应功能模块）
1078,★,,拥有模板授权能力，使用范围为科室或个人的模板，需要授权到科室或个人后才能使用，需要授权的模板在新建的时候自动完成授权给构建科室或构建人，其他科室或个人如想使用该模板，需要将模板授权给对应的科室或个人。 +--------------------------------------------------------------------------------------------------,正偏离/无偏离,平台已实现（详见对应功能模块）
1079,★,,增加病历：通过挑选病历模板增加病历，也可借助于既往病历增加病历，兼容门诊病历、急诊留观病历等病历文书构建并书写。 +----------------------------------------------------------------------------------------------------------------------------------------------,正偏离/无偏离,平台已实现（详见对应功能模块）
1080,,▲,① 具有专业电子病历编辑器，编辑界面可达到所见即所得的效果。②电子病历模板支持专科要求模板编辑器进行量身定制。（投标人提供相关软件界面截图，并加盖投标人公章） +-----------------------------------------------------------------------------------------------------------------------,正偏离/无偏离,平台已实现（详见对应功能模块）
1081,★,,临时存储与提交：兼容临时存储和提交两种存储方法，临时存储表示病历尚未书写完成，提交表示病历已书写完成，提交后再修改病历会保留编辑痕迹。 +-----------------------------------------------------------------------------------------------------------------------------------,正偏离/无偏离,平台已实现（详见对应功能模块）
1082,★,,复制/粘贴挑选性控制：借助参数控制不同病人的病历内容是否能够互相复制粘贴操作。 +---------------------------------------------------------------------------------------------------------------------------------------------------------------,正偏离/无偏离,平台已实现（详见对应功能模块）
1083,,▲,提供检验、检查数据插入到病历文书的功能，在病历录入中，医生可根据病情描述需要，自主选择①检查、②检验报告数据直接将准确的数据插入到病历中任意位置；（投标人提供相关软件界面截图，并加盖投标人公章） +-----------------------------------------------------------------------------------------------------,正偏离/无偏离,平台已实现（详见对应功能模块）
1084,★,,录入诊断：兼容中西医诊断录入，西医使用icd规范诊断，诊断能够增加前后缀；兼容存储常用诊断，从常用诊断中挑选诊断等功能。 +------------------------------------------------------------------------------------------------------------------------------------------,正偏离/无偏离,平台已实现（详见对应功能模块）
1085,★,,插入音视频、图片：可在病历书写过程中实时录制语音、视频，并能够进行播放和插入到病历中，并且可插入图片，图文结合性输入，兼容矢量图形绘制修改能力。 +------------------------------------------------------------------------------------------------------------------------------,正偏离/无偏离,平台已实现（详见对应功能模块）
1086,★,,病历签名：兼容多种医师签名方法，如个性化设置图片签名，文本签名；能够与第三方CA认证签名接口对接，达成CA认证签名。 +--------------------------------------------------------------------------------------------------------------------------------------------,正偏离/无偏离,平台已实现（详见对应功能模块）
1087,★,,编辑痕迹：兼容三级医师的编辑痕迹管理能力，病历提交后所有的编辑痕迹都会保留下来，包含修改方法、修改内容、修改人姓名及工号、修改时间等，借助于菜单选择是否展示编辑痕迹。 +-------------------------------------------------------------------------------------------------------------------,正偏离/无偏离,平台已实现（详见对应功能模块）
1088,★,,病历打印：病历可预览、续打、合并打印、挑选区域打印。 +----------------------------------------------------------------------------------------------------------------------------------------------------------------------------,外部条件,需医保局/省平台等外部环境开通后联调
1089,★,,查阅质量控制结果：可查阅病历的质量控制结果，提示和方便医生书写病历。 +--------------------------------------------------------------------------------------------------------------------------------------------------------------------,正偏离/无偏离,平台已实现（详见对应功能模块）
1090,★,,存储多种格式：可将病历存储为pdf、html、xml等格式，借助于编辑器或相应的工具打开病历。 +-------------------------------------------------------------------------------------------------------------------------------------------------------,正偏离/无偏离,平台已实现（详见对应功能模块）
1091,,▲,支持特殊符号、医学图库、医学表达式的快速引用，包括但不限于：①龋齿、②月经史、③牙科、④眼科专用医学专用公式。并且兼容常用的专用符号，符号兼容个性化设置。 > （投标人提供相关软件界面截图，并加盖投标人公章） +----------------------------------------------------------------------------------------------,待复核,初评未匹配，须项目组逐条人工确认
1092,★,,病历内容自动完成引用：病历增加时借助引用数据源自动完成带出病人已有的信息，如姓名、门诊号等基础信息，并且也能够带出其他病历中已有的信息，如将门诊病历中的主诉自动完成带入到医疗文书中。 +-----------------------------------------------------------------------------------------------------------,正偏离/无偏离,平台已实现（详见对应功能模块）
1093,★,,知识库管理：医生可自行管理知识库词条、导入医学知识库词条，达成病历辅助、高效书写。 +-------------------------------------------------------------------------------------------------------------------------------------------------------------,正偏离/无偏离,平台已实现（详见对应功能模块）
1094,★,,病程记录合并修改：兼容病程记录合并预先查阅和修改、打印，按照病程记录的记录时间排序，方便医生书写。 +-----------------------------------------------------------------------------------------------------------------------------------------------------,正偏离/无偏离,平台已实现（详见对应功能模块）
1095,★,,病历存为模板、疾病组：可将当前病历存为模板，一般能够存为科室模板和个人模板；并且兼容将患者病历存为疾病组。 +-------------------------------------------------------------------------------------------------------------------------------------------------,正偏离/无偏离,平台已实现（详见对应功能模块）
1096,★,,全文检索：兼容病历内容全文检索，借助病历全文检索系统能够检索病历。 +---------------------------------------------------------------------------------------------------------------------------------------------------------------------,正偏离/无偏离,平台已实现（详见对应功能模块）
1097,★,,检索患者病历接口通道：给予基于浏览器方法检索患者门急诊病历文书列表的接口通道，借助于病历列表查阅患者所有病历。 +-----------------------------------------------------------------------------------------------------------------------------------------------,正偏离/无偏离,平台已实现（详见对应功能模块）
1098,★,,检索结构化元素内容接口通道：给予检索门急诊病历中某个结构化元素内容的接口通道，借助接口通道能够检索到结构化元素的书写内容。 +-----------------------------------------------------------------------------------------------------------------------------------------,正偏离/无偏离,平台已实现（详见对应功能模块）
1099,★,,病历锁定与取消锁定接口通道：给予门急诊病历锁定与取消锁定的接口通道，病历锁定后将不能修改，如需修改，能够向质控平台申请，申请通过后才能编辑病历。 +------------------------------------------------------------------------------------------------------------------------------,正偏离/无偏离,平台已实现（详见对应功能模块）
1100,★,,门诊病历跟医生站一体化集成，满足界面集成、数据集成、应用集成的整合效果，方便医生看诊，提高就诊效率。 +----------------------------------------------------------------------------------------------------------------------------------------------------,正偏离/无偏离,平台已实现（详见对应功能模块）
1101,★,,门急诊病历书写支持自动选择科室默认模板，也支持自行选择任一模板进行病历书写。同时支持选择患者历史文书创建新病历。 +----------------------------------------------------------------------------------------------------------------------------------------------,正偏离/无偏离,平台已实现（详见对应功能模块）
1102,,,病历文书保存时，支持实时生成PDF文件。 +----------------------------------------------------------------------------------------------------------------------------------------------------------------------------------,正偏离/无偏离,平台已实现（详见对应功能模块）
1103,★,,系统需要具备智能的窗口分配策略，能够根据指定药房下已开启的窗口，按照剩余工作量最小化或平均分配的原则，将处方自动分配到各个窗口。 +--------------------------------------------------------------------------------------------------------------------------------------,正偏离/无偏离,平台已实现（详见对应功能模块）
1104,★,,支持将特殊类型的处方灵活分配到预先设定的专用窗口。例如，代煎处方、需要快递的处方、精麻药品处方以及毒性药品处方，都可以定向分配至指定的处理窗口。 +------------------------------------------------------------------------------------------------------------------------------,正偏离/无偏离,平台已实现（详见对应功能模块）
1105,★,,系统能够快速、便捷地与自动包药机、自动发药机等自动化设备进行对接。 +---------------------------------------------------------------------------------------------------------------------------------------------------------------------,正偏离/无偏离,平台已实现（详见对应功能模块）
1106,★,,支持为药房设置一个默认窗口。当药房下所有的常规窗口都关闭时，处方可以自动分配到这个默认窗口进行处理。 +----------------------------------------------------------------------------------------------------------------------------------------------------,正偏离/无偏离,平台已实现（详见对应功能模块）
1107,★,,系统支持多院区、多机构的管理模式，并提供跨院区、跨药房的发药功能，方便患者在任一指定地点取药。 +-------------------------------------------------------------------------------------------------------------------------------------------------------,正偏离/无偏离,平台已实现（详见对应功能模块）
1108,★,,在门诊发药管理中，系统支持西药、中成药、中草药分设不同药房发药，或在同一个药房内完成所有发药。整个流程包括发药、核对确认以及自动扣减相应库存的功能。 +----------------------------------------------------------------------------------------------------------------------------,正偏离/无偏离,平台已实现（详见对应功能模块）
1109,★,,在发药时，系统能够自动获取并展示药品的详细信息，包括名称、规格、批号、价格、生产厂家、药品来源、剂型、属性、类别、医保编码，以及领药人、开方医生和对应的门诊患者信息。 +-------------------------------------------------------------------------------------------------------------------,正偏离/无偏离,平台已实现（详见对应功能模块）
1110,★,,支持根据各个药房的自身管理要求，配置是否需要患者在取药前先进行签到，签到后才能进入发药队列。 +--------------------------------------------------------------------------------------------------------------------------------------------------------,正偏离/无偏离,平台已实现（详见对应功能模块）
1111,★,,支持按药房配置是否需要药师先进行人工接方操作，接方成功后才能进行后续的配药和发药处理。 +-----------------------------------------------------------------------------------------------------------------------------------------------------------,正偏离/无偏离,平台已实现（详见对应功能模块）
1112,★,,药师可以通过一个统一界面查看当前药房所有已开启的窗口以及正在工作的配药人员，并能够在此界面上直接进行窗口的开启/关闭以及配药人员工作状态的调整。 +------------------------------------------------------------------------------------------------------------------------------,正偏离/无偏离,平台已实现（详见对应功能模块）
1113,★,,发药界面能够对尚未配药、已配药但未核对、处方尚未缴费、以及需要做皮试但尚未完成的处方给出明显提醒，以减少药师与患者、护士之间的沟通成本，提高工作效率。 +---------------------------------------------------------------------------------------------------------------------------,正偏离/无偏离,平台已实现（详见对应功能模块）
1114,★,,系统支持直接发药、先配药后发药、配药后再核对三种基础发药模式。针对中医药等特殊发药流程，还提供了草药自煎、医院加工（代煎或制膏）、外部公司加工三种取药流程选项，以满足医院多样化的服务需求。 +--------------------------------------------------------------------------------------------------------,正偏离/无偏离,平台已实现（详见对应功能模块）
1115,★,,支持对一张处方按计划分次发药或一次性全部发药。例如对于需要多次输液治疗的处方，可以按照每次的治疗量分次发放，也可以一次将全部药品发给患者。 +---------------------------------------------------------------------------------------------------------------------------------,正偏离/无偏离,平台已实现（详见对应功能模块）
1116,★,,支持对门诊配送药品进行集中处理。对于患者可能在多个药房都有药品的情况，系统可以进行统一的集中配送管理。 +---------------------------------------------------------------------------------------------------------------------------------------------------,正偏离/无偏离,平台已实现（详见对应功能模块）
1117,★,,支持与外部代煎公司或物流公司进行系统对接，实现待煎药或待制膏药品的批量发药和批量配送功能。例如，在外部公司来院统一取走处方时进行批量发药，或对接第三方物流平台进行处方药品的配送。 +-------------------------------------------------------------------------------------------------------------,正偏离/无偏离,平台已实现（详见对应功能模块）
1118,★,,支持对代煎药进行业务类型的转换，可以将代煎处方转为非代煎（患者自煎），反之亦然。同时，也支持对代煎费用进行追加收费或退费处理。 +---------------------------------------------------------------------------------------------------------------------------------------,正偏离/无偏离,平台已实现（详见对应功能模块）
1119,★,,在发药核对环节，系统支持多种便捷的定位方式：通过扫描患者条形码快速定位待发药处方；支持患者使用就诊卡刷卡定位；也支持输入发票号码，将一整张发票下的所有处方一次性调出发药。 +-----------------------------------------------------------------------------------------------------------------,正偏离/无偏离,平台已实现（详见对应功能模块）
1120,★,,在发药票据打印方面，系统支持各个打印页面的个性化配置。提供发药前打印、发药后打印、不打印三种处方打印模式，并支持口服药卡、输液单、处方笺的自动打印。 +----------------------------------------------------------------------------------------------------------------------------,正偏离/无偏离,平台已实现（详见对应功能模块）
1121,★,,支持通过扫描药品码或药品追溯码进行发药。在发药环节扫描追溯码，可以实现对药品流通全过程的监管，并为后续的责任追溯提供依据。 +-----------------------------------------------------------------------------------------------------------------------------------------,正偏离/无偏离,平台已实现（详见对应功能模块）
1122,★,,在发药流程的质量管理环节，系统通过与合理用药系统对接，自动进行用药审查，对用药禁忌、并发症、不良反应等用药安全问题进行质量控制。同时，基于过敏药物管理制度，对未做皮试、皮试结果阳性、药品缺药等异常处方的发药操作进行额外的控制或拦截。 +----------------------------------------------------------------------------------,正偏离/无偏离,平台已实现（详见对应功能模块）
1123,★,,支持在发药前校验患者当前是否还有尚未缴费的处方。如果存在未缴费处方，系统会给出相应的提醒，避免漏收费。 +---------------------------------------------------------------------------------------------------------------------------------------------------,正偏离/无偏离,平台已实现（详见对应功能模块）
1124,★,,系统支持多院区、多机构的管理模式，并提供跨院区、跨药房的配药功能。 +---------------------------------------------------------------------------------------------------------------------------------------------------------------------,正偏离/无偏离,平台已实现（详见对应功能模块）
1125,★,,在门诊配药模式上，系统支持两种方式：一种是不纳入系统严格流程管理的简易配药模式，另一种是纳入系统全流程管理的规范化配药模式。 +----------------------------------------------------------------------------------------------------------------------------------------,待复核,初评未匹配，须项目组逐条人工确认
1126,★,,在配药流程中，系统支持配药核对功能。即配药人员完成药品配置后，需要经过核对环节确认无误，才算配药工作真正完成。 +-----------------------------------------------------------------------------------------------------------------------------------------------,待复核,初评未匹配，须项目组逐条人工确认
1127,★,,在配药队列管理方面，系统支持多人同时进行配药操作。处方缴费后，系统会根据智能化的分配策略（如平均分配、剩余工作量最小等规则）自动将处方分配给不同的配药员。同时，支持配药员自行设置工作/休息状态，以灵活应对突发情况。 +-------------------------------------------------------------------------------------------,正偏离/无偏离,平台已实现（详见对应功能模块）
1128,★,,支持取消配药操作。对于尚未开始配药的处方，可以将其从当前配药员的任务列表中移除，并重新分配给其他正在工作的配药员。 +---------------------------------------------------------------------------------------------------------------------------------------------,正偏离/无偏离,平台已实现（详见对应功能模块）
1129,★,,在配药核对环节，系统支持患者通过刷卡定位其待配药处方，也支持通过扫描患者条形码进行快速定位。 +--------------------------------------------------------------------------------------------------------------------------------------------------------,正偏离/无偏离,平台已实现（详见对应功能模块）
1130,★,,在配药质量管理环节，系统基于药品使用准则，对未做皮试或皮试结果阳性等异常处方的配药操作提供额外的控制功能，确保用药安全。 +------------------------------------------------------------------------------------------------------------------------------------------,正偏离/无偏离,平台已实现（详见对应功能模块）
1131,★,,在门诊退药模式中，根据实际需要退回的药品数量和种类，系统支持部分退药或全部退药。部分退药后，原已发药的数据将被作废，并自动生成一条新的、扣减了退药数量的发药数据；全部退药后，则直接作废原发药数据。 +----------------------------------------------------------------------------------------------------,正偏离/无偏离,平台已实现（详见对应功能模块）
1132,★,,在退药核对环节，支持通过扫描患者的条形码，快速查找出该患者的所有待退药数据，并进行退药处理。 +--------------------------------------------------------------------------------------------------------------------------------------------------------,正偏离/无偏离,平台已实现（详见对应功能模块）
1133,★,,支持持有就诊卡的患者通过刷卡快速定位其退药信息，进行操作。 +-------------------------------------------------------------------------------------------------------------------------------------------------------------------------,正偏离/无偏离,平台已实现（详见对应功能模块）
1134,★,,系统支持进行取消退药的处理，以撤销误操作的退药。 +------------------------------------------------------------------------------------------------------------------------------------------------------------------------------,正偏离/无偏离,平台已实现（详见对应功能模块）
1135,★,,对于已经进行过多次退药操作的复杂情况，系统也支持对这些退药记录进行取消操作。 +----------------------------------------------------------------------------------------------------------------------------------------------------------------,正偏离/无偏离,平台已实现（详见对应功能模块）
1136,★,,系统支持取消发药操作。被取消发药的处方将重新回到发药队列，等待后续再次发药。 +----------------------------------------------------------------------------------------------------------------------------------------------------------------,正偏离/无偏离,平台已实现（详见对应功能模块）
1137,★,,支持通过扫描患者的条形码，快速查找出该患者的待取消发药数据，并进行取消发药处理。 +--------------------------------------------------------------------------------------------------------------------------------------------------------------,正偏离/无偏离,平台已实现（详见对应功能模块）
1138,★,,支持在退药环节扫描药品追溯码，通过追溯码信息对药品的流通环节进行全程监管，并为后续的责任追溯提供依据。 +---------------------------------------------------------------------------------------------------------------------------------------------------,正偏离/无偏离,平台已实现（详见对应功能模块）
1139,★,,在取消发药和门诊退药环节，系统支持进行追溯码扫描操作，并对所退药品是否与原始发放药品一致进行校验，提高操作的准确性。 +--------------------------------------------------------------------------------------------------------------------------------------------,正偏离/无偏离,平台已实现（详见对应功能模块）
1140,★,,在处方审核模式中，系统同时支持人工审核和自动审核两种方式。人工审核由药师在系统中操作完成；自动审核则通过与合理用药系统的接口，由系统自动完成处方审查。在审核操作上，支持批量审核，可以一键通过所有待审核处方。同时，系统提供审核未通过的常见原因列表，方便医师选择，最后还支持对已审核通过或未通过的处方进行重新审核。 +-------------------------------------------,正偏离/无偏离,平台已实现（详见对应功能模块）
1141,★,,系统具备处方审查功能，审查结果可以实时返回至医生工作站。医院可以利用系统数据开展处方点评工作，促进合理用药。 +------------------------------------------------------------------------------------------------------------------------------------------------,配套产品响应,属设备配套软件/商用知识库/CA 等产品参数，平台已留标准接入点
1142,★,,支持在药房端对尚未完成缴费的患者进行费用结算处理。 +-----------------------------------------------------------------------------------------------------------------------------------------------------------------------------,正偏离/无偏离,平台已实现（详见对应功能模块）
1143,★,,对于中草药处方，支持在药房对代煎费进行补充收费或退费操作。 +-------------------------------------------------------------------------------------------------------------------------------------------------------------------------,正偏离/无偏离,平台已实现（详见对应功能模块）
1144,★,,在药品申领的主流程中，系统涵盖了库存调拨、科室领用、主动出库三种核心业务。并提供了一个集中处理界面，可以统一处理本库房的主动申领入库、申领退药入库和被动接收的出库入库业务，以及本库房的被动申领出库、申领退药出库和主动发往其他库房的出库业务。 +------------------------------------------------------------------------------,正偏离/无偏离,平台已实现（详见对应功能模块）
1145,★,,在药品的出入库申领操作中，系统支持通过直接引入当前库房的药品信息，来自动生成库房的申领信息。 +--------------------------------------------------------------------------------------------------------------------------------------------------------,正偏离/无偏离,平台已实现（详见对应功能模块）
1146,★,,系统支持将多种因素组合成智能计算公式，并依据公式自动计算生成申领信息。这些因素可以包括：当前库房在某一时段的药品消耗量、设定的最高/最低库存标准、以及实时库存量等。 +--------------------------------------------------------------------------------------------------------------------,正偏离/无偏离,平台已实现（详见对应功能模块）
1147,★,,入库单：通过新增、编辑、查看、审核入库请领单向药库申请药品。 +------------------------------------------------------------------------------------------------------------------------------------------------------------------------,正偏离/无偏离,平台已实现（详见对应功能模块）
1148,★,,在药品入库管理中，系统除了处理常规的药品领用入库外，还支持其他各类入库业务，如药品加工后入库、医院自制药品入库以及盘点盈溢入库等。 +-------------------------------------------------------------------------------------------------------------------------------------,正偏离/无偏离,平台已实现（详见对应功能模块）
1149,★,,系统支持对来自同一生产厂家的药品，按照不同的生产批号、采购价格和有效期进行精细化的分批次入库管理。 +-----------------------------------------------------------------------------------------------------------------------------------------------------,正偏离/无偏离,平台已实现（详见对应功能模块）
1150,★,,"在进行其他类型入库操作时，系统同样支持同时采用多种包装单位（例如""盒""和""瓶""）进行数量的录入与换算。 +---------------------------------------------------------------------------------------------------------------------------------------------------",正偏离/无偏离,平台已实现（详见对应功能模块）
1151,★,,除了常规的科室申领出库，系统还支持其他类型的出库业务，例如药品报损、科室直接领用、以及盘点后产生的盘亏出库等。 +-----------------------------------------------------------------------------------------------------------------------------------------------,正偏离/无偏离,平台已实现（详见对应功能模块）
1152,★,,系统在自动扣减库存时，内置了多种出库策略，例如优先出库最早入库的药品（先进先出），或优先出库距离失效期最近的药品（近效期先出）。同时，也支持用户在出库时手动选择从哪个具体批次的药品中进行出库。 +------------------------------------------------------------------------------------------------------,正偏离/无偏离,平台已实现（详见对应功能模块）
1153,★,,系统提供了对门诊药房库存进行全面盘点的功能，并支持按照药品分类、存放库位、剂型等不同维度来组织和进行盘点。 +-------------------------------------------------------------------------------------------------------------------------------------------------,正偏离/无偏离,平台已实现（详见对应功能模块）
1154,★,,盘点范围不仅限于当前有库存的药品，也支持将当前库存为零的药品以及当前处于禁用状态的药品纳入盘点清单，以保证库存账目的完整性。 +----------------------------------------------------------------------------------------------------------------------------------------,正偏离/无偏离,平台已实现（详见对应功能模块）
1155,★,,为了提高盘点效率，系统支持通过引入预设的盘点模板（包含特定药品列表）来快速生成盘点任务。 +----------------------------------------------------------------------------------------------------------------------------------------------------------,正偏离/无偏离,平台已实现（详见对应功能模块）
1156,★,,系统支持单人或多人协同进行盘点数据的录入工作，以适应不同规模的盘点任务。 +------------------------------------------------------------------------------------------------------------------------------------------------------------------,正偏离/无偏离,平台已实现（详见对应功能模块）
1157,★,,在录入盘点数据时，系统支持使用多种包装单位（如盒、瓶、支）进行数量的录入，并自动换算成标准单位。 +------------------------------------------------------------------------------------------------------------------------------------------------------,正偏离/无偏离,平台已实现（详见对应功能模块）
1158,★,,为了方便操作，系统支持在录入实盘数量时，直接复制当前的账面库存作为起点。盘点任务完成后，系统能够根据实盘与账面的差异，自动生成盘盈入库单和盘亏出库单。 +---------------------------------------------------------------------------------------------------------------------------,正偏离/无偏离,平台已实现（详见对应功能模块）
1159,★,,在盘点录入过程中，允许操作人员对具体批次药品的账面数量进行调整。 +----------------------------------------------------------------------------------------------------------------------------------------------------------------------,正偏离/无偏离,平台已实现（详见对应功能模块）
1160,★,,能够查询所有记录的盘点信息。 +----------------------------------------------------------------------------------------------------------------------------------------------------------------------------------------,正偏离/无偏离,平台已实现（详见对应功能模块）
1161,★,,系统支持在盘点过程中，如果发生了发药或退药业务，这些动态数量能够在最终的盘点汇总单上得到体现，确保盘点数据的实时准确。 +-------------------------------------------------------------------------------------------------------------------------------------------,正偏离/无偏离,平台已实现（详见对应功能模块）
1162,★,,在库存禁用管理中，系统提供了多种禁用模式，包括按批次禁用和按药品禁用等。支持填写药品禁用的原因，并提供取消禁用的功能，以完善库存管理的流程控制。 +------------------------------------------------------------------------------------------------------------------------------,正偏离/无偏离,平台已实现（详见对应功能模块）
1163,★,,系统提供药品禁用历史记录的查询功能，便于追溯。 +-------------------------------------------------------------------------------------------------------------------------------------------------------------------------------,正偏离/无偏离,平台已实现（详见对应功能模块）
1164,,,系统提供库存冻结功能，允许对某批药品的其中一部分数量进行冻结，被冻结的库存将不可用于发药等出库操作。 +----------------------------------------------------------------------------------------------------------------------------------------------------,正偏离/无偏离,平台已实现（详见对应功能模块）
1165,★,,系统提供针对内部员工的药品借用和归还管理功能。 +-------------------------------------------------------------------------------------------------------------------------------------------------------------------------------,待复核,初评未匹配，须项目组逐条人工确认
1166,★,,支持在员工进行药品借还操作时，通过输入个人密码的方式进行身份验证，确保操作安全。 +--------------------------------------------------------------------------------------------------------------------------------------------------------------,正偏离/无偏离,平台已实现（详见对应功能模块）
1167,★,,系统提供针对特殊药品的独立日结与月结统计功能，例如可以为贵重药品、精神麻醉药品等生成每日的日结日报。 +----------------------------------------------------------------------------------------------------------------------------------------------------,正偏离/无偏离,平台已实现（详见对应功能模块）
1168,★,,系统支持自定义每月的月结日期。首次月结基于初始化建账的日期，之后每个月的月结周期则从上一次月结的终止时间开始计算。 +---------------------------------------------------------------------------------------------------------------------------------------------,待复核,初评未匹配，须项目组逐条人工确认
1169,★,,系统提供了取消月结的功能，但为确保数据连续性，取消操作必须从最后一个已月结的月份开始，逐月向前进行，不允许跨月取消。 +--------------------------------------------------------------------------------------------------------------------------------------------,待复核,初评未匹配，须项目组逐条人工确认
1170,★,,在库房管理模块中，系统提供多种基本的统计查询功能，包括门诊药房库存查询、药品价格信息查询、门诊发药记录查询、申领历史查询、药房账簿查询、汇总月报、库存日报、失效药品报警以及代煎药发药情况查询等。系统能够动态查询任意时间段内的药品入库消耗情况，以及任意一种药品的详细入、出、存明细账。 +---------------------------------------------------------,正偏离/无偏离,平台已实现（详见对应功能模块）
1171,★,,在库房效期管理中，系统提供药品有效期的自动报警功能，能够统计即将过期和已过期药品的品种数量及金额，并对库存量不足的药品进行提示。 +--------------------------------------------------------------------------------------------------------------------------------------,正偏离/无偏离,平台已实现（详见对应功能模块）
1172,★,,+-------------------------------+-----------------------------------------------------------------------------------------------------------------------------------------------------------------------,待复核,初评未匹配，须项目组逐条人工确认
1173,,,采用树形展示医嘱、病历、诊断、病案首页等，能够快捷进入相关行为。 +----------------------------------------------------------------------------------------+,正偏离/无偏离,平台已实现（详见对应功能模块）
1174,,,支持床号、住院号、姓名、主管医生、主要诊断等多方式检索患者。 +----------------------------------------------------------------------------------------+,正偏离/无偏离,平台已实现（详见对应功能模块）
1175,,,可快捷切换到其他科室住院病人进行管控，拥有切换科室功能。 +----------------------------------------------------------------------------------------+,正偏离/无偏离,平台已实现（详见对应功能模块）
1176,,,支持按时间段、出院状态检索历史住院病人。 +----------------------------------------------------------------------------------------+,正偏离/无偏离,平台已实现（详见对应功能模块）
1177,,,提供病危、病种、护理等级等病人特殊状态图标显示功能。 +----------------------------------------------------------------------------------------+,正偏离/无偏离,平台已实现（详见对应功能模块）
1178,,,可根据诊断编码选择是否进入临床路径管控。 +----------------------------------------------------------------------------------------+,正偏离/无偏离,平台已实现（详见对应功能模块）
1179,,,支持对患者进行授权，被授权科室允许对授权病人进行医疗行为。 +----------------------------------------------------------------------------------------+ 诊断管控 +-------------------------------------------------------------------------,正偏离/无偏离,平台已实现（详见对应功能模块）
1180,,,支持入院诊断、出院诊断、术前、术后等诊断，按国际疾病分类标准下达。 +----------------------------------------------------------------------------------------+,正偏离/无偏离,平台已实现（详见对应功能模块）
1181,,,支持疾病编码、拼音、汉字等多重检索方式检索诊断。 +----------------------------------------------------------------------------------------+,正偏离/无偏离,平台已实现（详见对应功能模块）
1182,,,可对诊断进行确诊和疑似标记。 +----------------------------------------------------------------------------------------+,正偏离/无偏离,平台已实现（详见对应功能模块）
1183,,,可对诊断进行主要诊断和次要诊断标记。 +----------------------------------------------------------------------------------------+,正偏离/无偏离,平台已实现（详见对应功能模块）
1184,,,支持诊断前后备注填写，满足临床诊断要求。 +----------------------------------------------------------------------------------------+,正偏离/无偏离,平台已实现（详见对应功能模块）
1185,,,支持诊断全过程管理，自动关联疾病报卡与临床路径 +----------------------------------------------------------------------------------------+ 病历书写。 +------------------------------------------------------------------------------,正偏离/无偏离,平台已实现（详见对应功能模块）
1186,,,集成电子病历组件，完成病史、主诉、现病史、体格检查等结构化书写。 +----------------------------------------------------------------------------------------+,正偏离/无偏离,平台已实现（详见对应功能模块）
1187,,,可按不同专业、病种定制病历模板。 +----------------------------------------------------------------------------------------+,正偏离/无偏离,平台已实现（详见对应功能模块）
1188,,,支持特殊医学符号、表达式及医学矢量图标注。 +----------------------------------------------------------------------------------------+,待复核,初评未匹配，须项目组逐条人工确认
1189,,,直接引用患者检验、检查、术语词库等临床数据。 +----------------------------------------------------------------------------------------+,正偏离/无偏离,平台已实现（详见对应功能模块）
1190,,,自动从业务平台提取数据生成病案首页及附页。 +----------------------------------------------------------------------------------------+,正偏离/无偏离,平台已实现（详见对应功能模块）
1191,,,符合国家规范书写电子病历，支持运行病历环节质控。 +----------------------------------------------------------------------------------------+ 医嘱管控 +------------------------------------------------------------------------------,正偏离/无偏离,平台已实现（详见对应功能模块）
1192,,,拥有医生开单、抗菌药物、精麻、限制药品、手术等医嘱权限管控。 +----------------------------------------------------------------------------------------+,正偏离/无偏离,平台已实现（详见对应功能模块）
1193,,,可开具检查、检验、处方、治疗处置、手术、护理、会诊、转科、出院等医嘱。 +----------------------------------------------------------------------------------------+,正偏离/无偏离,平台已实现（详见对应功能模块）
1194,,,实时显示项目名称、规格、价格、医保类别、数量等信息。 +----------------------------------------------------------------------------------------+,正偏离/无偏离,平台已实现（详见对应功能模块）
1195,,,显示药品通用名、规格、价格、库存、医保类别，缺药提醒并限制开方。 +----------------------------------------------------------------------------------------+,正偏离/无偏离,平台已实现（详见对应功能模块）
1196,,,所有医嘱支持备注功能，医师可输入相关注意事项。 +----------------------------------------------------------------------------------------+,正偏离/无偏离,平台已实现（详见对应功能模块）
1197,,,提供医院、科室、个人的医嘱模板及编辑功能。 +----------------------------------------------------------------------------------------+,正偏离/无偏离,平台已实现（详见对应功能模块）
1198,,,支持协定处方开具，支持多方式快速录入药品和诊疗项目。 +----------------------------------------------------------------------------------------+,正偏离/无偏离,平台已实现（详见对应功能模块）
1199,,,可预设药品默认剂量、频次、用法。 +----------------------------------------------------------------------------------------+,待复核,初评未匹配，须项目组逐条人工确认
1200,,,支持长期 / 临时医嘱开立。医嘱有暂存、提交、审核、执行、停止、作废状态，支持全流程闭环管理。 +----------------------------------------------------------------------------------------+,正偏离/无偏离,平台已实现（详见对应功能模块）
1201,,,不同状态医嘱用不同颜色标识，支持医嘱预开预停。 +----------------------------------------------------------------------------------------+,正偏离/无偏离,平台已实现（详见对应功能模块）
1202,,,支持医嘱闭环状态浏览、支持医嘱复制、引用、出院互用。 +----------------------------------------------------------------------------------------+,正偏离/无偏离,平台已实现（详见对应功能模块）
1203,,,支持按条件检索过滤医嘱，自动生成皮试医嘱，皮试阴性方可开药。 +----------------------------------------------------------------------------------------+,正偏离/无偏离,平台已实现（详见对应功能模块）
1204,,,支持集成合理用药系统，支持药品说明书检索、配伍禁忌与剂量监测。 +----------------------------------------------------------------------------------------+,配套产品响应,属设备配套软件/商用知识库/CA 等产品参数，平台已留标准接入点
1205,,,支持接入合理用药系统，对医嘱合理性进行校验。 +----------------------------------------------------------------------------------------+ 申请单管控 +-------------------------------------------------------------------------------,正偏离/无偏离,平台已实现（详见对应功能模块）
1206,,,支持检验、检查、输血、手术、会诊、治疗申请单下达，自动生成对应医嘱。 +----------------------------------------------------------------------------------------+,正偏离/无偏离,平台已实现（详见对应功能模块）
1207,,,检验检查项目全院统一字典管控。 +----------------------------------------------------------------------------------------+,正偏离/无偏离,平台已实现（详见对应功能模块）
1208,,,开单时可浏览患者病历、项目适应症、注意事项和临床意义。 +----------------------------------------------------------------------------------------+,正偏离/无偏离,平台已实现（详见对应功能模块）
1209,,,申请单信息同步传输至医技科室，实现数据共享。 +----------------------------------------------------------------------------------------+,正偏离/无偏离,平台已实现（详见对应功能模块）
1210,,,可按申请单调阅检验检查报告，异常值特殊颜色标识。 +----------------------------------------------------------------------------------------+,正偏离/无偏离,平台已实现（详见对应功能模块）
1211,,,支持检验报告趋势图展示。 +----------------------------------------------------------------------------------------+,正偏离/无偏离,平台已实现（详见对应功能模块）
1212,,,支持一体化开单界面，一个界面支持开立所有申请单 +----------------------------------------------------------------------------------------+ 会诊管控。 +------------------------------------------------------------------------------,正偏离/无偏离,平台已实现（详见对应功能模块）
1213,,,医生可提出会诊申请，自动形成医嘱，填写会诊信息。 +----------------------------------------------------------------------------------------+,正偏离/无偏离,平台已实现（详见对应功能模块）
1214,,,可浏览本人会诊申请，填写会诊时间及会诊结论。 +----------------------------------------------------------------------------------------+,正偏离/无偏离,平台已实现（详见对应功能模块）
1215,,,第一时间接收会诊消息，快速查看病人资料。 +----------------------------------------------------------------------------------------+,正偏离/无偏离,平台已实现（详见对应功能模块）
1216,,,提供独立会诊患者列表，显示紧急程度。 +----------------------------------------------------------------------------------------+,正偏离/无偏离,平台已实现（详见对应功能模块）
1217,,,会诊意见自动写入电子病历会诊单，支持跨院区会诊 +----------------------------------------------------------------------------------------+,正偏离/无偏离,平台已实现（详见对应功能模块）
1218,,,支持会诊闭环管理，闭环如下：会诊开单、会诊接收、会诊到达、会诊结论、会诊评价。 +----------------------------------------------------------------------------------------+,正偏离/无偏离,平台已实现（详见对应功能模块）
1219,,,危急值管控。 +----------------------------------------------------------------------------------------+,正偏离/无偏离,平台已实现（详见对应功能模块）
1220,,,具备危急值预警提醒功能，及时消息通知医生。 +----------------------------------------------------------------------------------------+,正偏离/无偏离,平台已实现（详见对应功能模块）
1221,,,拥有危急值处理流程，支持强制校验危急值是否处理，支持关联相关医嘱。 +----------------------------------------------------------------------------------------+,正偏离/无偏离,平台已实现（详见对应功能模块）
1222,,,处理数据返回医技科室，与医技系统集成。 +----------------------------------------------------------------------------------------+,正偏离/无偏离,平台已实现（详见对应功能模块）
1223,,,实现危急值接收、处理、反馈全闭环。 +----------------------------------------------------------------------------------------+ 疾病监测报卡 +-----------------------------------------------------------------------------------,正偏离/无偏离,平台已实现（详见对应功能模块）
1224,,,诊断符合传染病上报时，系统自动提示医生上报。 +----------------------------------------------------------------------------------------+,正偏离/无偏离,平台已实现（详见对应功能模块）
1225,,,支持选择诊断直接完成传染病上报登记。 +----------------------------------------------------------------------------------------+ > 费用管控 +----------------------------------------------------------------------------------,正偏离/无偏离,平台已实现（详见对应功能模块）
1226,,,支持门诊费用转住院，适配日间手术等衔接场景。 +----------------------------------------------------------------------------------------+,正偏离/无偏离,平台已实现（详见对应功能模块）
1227,,,可按计费时间、类型检索病人费用明细。 +----------------------------------------------------------------------------------------+,待复核,初评未匹配，须项目组逐条人工确认
1228,,,自动核算各项费用，支持医保费用管理。 +----------------------------------------------------------------------------------------+,正偏离/无偏离,平台已实现（详见对应功能模块）
1229,,,支持配置检查按部位减免费用等国家医保政策。 +----------------------------------------------------------------------------------------+,外部条件,需医保局/省平台等外部环境开通后联调
1230,,,支持计算费用占比，提示医生相关费用占比信息。 +----------------------------------------------------------------------------------------+ 交接班 +---------------------------------------------------------------------------------,正偏离/无偏离,平台已实现（详见对应功能模块）
1231,,,支持创建医生交接班数据。 +----------------------------------------------------------------------------------------+,正偏离/无偏离,平台已实现（详见对应功能模块）
1232,,,可检索历史交接班记录。 +----------------------------------------------------------------------------------------+,正偏离/无偏离,平台已实现（详见对应功能模块）
1233,,,支持患者类型定义。 +----------------------------------------------------------------------------------------+,正偏离/无偏离,平台已实现（详见对应功能模块）
1234,,,支持从业务数据中导入不同类型患者信息。 +----------------------------------------------------------------------------------------+ 查询功能 +-----------------------------------------------------------------------------------,正偏离/无偏离,平台已实现（详见对应功能模块）
1235,,,可查询历次门诊、住院信息、检验检查结果。 +----------------------------------------------------------------------------------------+,正偏离/无偏离,平台已实现（详见对应功能模块）
1236,,,可查询医嘱执行情况、病床使用情况、患者费用明细。 +----------------------------------------------------------------------------------------+,正偏离/无偏离,平台已实现（详见对应功能模块）
1237,,,支持临床危急值、住院病历等综合查询。 +----------------------------------------------------------------------------------------+ 打印功能 +------------------------------------------------------------------------------------,正偏离/无偏离,平台已实现（详见对应功能模块）
1238,,,支持医嘱和申请单打印，符合医疗文件格式要求。 +----------------------------------------------------------------------------------------+,正偏离/无偏离,平台已实现（详见对应功能模块）
1239,,,打印单据含医生、操作员签字栏，处方医师签字生效。 +----------------------------------------------------------------------------------------+,正偏离/无偏离,平台已实现（详见对应功能模块）
1240,,,支持续打、按页打等多种模式。 +----------------------------------------------------------------------------------------+,待复核,初评未匹配，须项目组逐条人工确认
1241,,,支持 CA 签名样式打印。 +----------------------------------------------------------------------------------------+ 系统集成 +----------------------------------------------------------------------------------------+,正偏离/无偏离,平台已实现（详见对应功能模块）
1242,,,与 HIS、LIS、PACS、药房系统无缝对接，数据互通。 +----------------------------------------------------------------------------------------+,正偏离/无偏离,平台已实现（详见对应功能模块）
1243,,,自动传送诊疗与费用信息，保证医嘱执行顺畅。 +----------------------------------------------------------------------------------------+,正偏离/无偏离,平台已实现（详见对应功能模块）
1244,,,支持临床知识库、医疗质量控制、抗生素分级管理。 +----------------------------------------------------------------------------------------+,正偏离/无偏离,平台已实现（详见对应功能模块）
1245,★,,支持医疗不良事件报告与管理。 +----------------------------------------------------------------------------------------+ +----------------------------------------------------------------------------------------+ +--,正偏离/无偏离,平台已实现（详见对应功能模块）
1246,,,使用病区床位使用情况一览表对患者进行管控，拥有床位管控功能，全面展示患者的基本信息，包括个人资料、住院号、床号、诊断、过敏史等。 提供患者信息的检索和筛选功能，方便快速查找特定患者。 +-----------------------------------------------------------------------------------------------------------,正偏离/无偏离,平台已实现（详见对应功能模块）
1247,,,能够护士在床位一览表上增加婴儿数据资料，同时在床位一览表展示婴儿、非婴儿数据资料，拥有母婴同床功能。 +----------------------------------------------------------------------------------------------------------------------------------------------------,正偏离/无偏离,平台已实现（详见对应功能模块）
1248,,,能进行住院号和床号的双重定位，拥有高效快速检索病人功能，能按护理级别等进行病人过滤。 +------------------------------------------------------------------------------------------------------------------------------------------------------------,正偏离/无偏离,平台已实现（详见对应功能模块）
1249,,,提供患者入区登记功能。入区登记时，提供患者关键信息录入功能，包括患者住院信息、健康状况、过敏信息、费用信息，住院信息包括床位、责任护士、责任医生等必填的关键信息。 +---------------------------------------------------------------------------------------------------------------------,正偏离/无偏离,平台已实现（详见对应功能模块）
1250,,,拥有转床或床位互换功能。 +------------------------------------------------------------------------------------------------------------------------------------------------------------------------------------------,正偏离/无偏离,平台已实现（详见对应功能模块）
1251,,,支持床位病人的搜索功用，可按全部、空床、病人、出院、护理级别、科室、病情、床卡图标过滤功能，提供不同的床位（或病人）展视视图。 +---------------------------------------------------------------------------------------------------------------------------------------,正偏离/无偏离,平台已实现（详见对应功能模块）
1252,,,支持通过床位一览表打印床头卡、入院证、腕带等功能。 +-----------------------------------------------------------------------------------------------------------------------------------------------------------------------------,正偏离/无偏离,平台已实现（详见对应功能模块）
1253,,,提供单病人医嘱复核和多病人集中复核功能；支持单医嘱审核和多患者多医嘱集中审核。 +---------------------------------------------------------------------------------------------------------------------------------------------------------------,正偏离/无偏离,平台已实现（详见对应功能模块）
1254,,,检索病区医嘱审批、签名、医嘱停止核对、医嘱作废核对处理操作情况，停止核对及作废核对西药医嘱自动化退药申请。对各种医嘱全面的处理过程，保证业务工作的严密、顺畅。 +-----------------------------------------------------------------------------------------------------------------------,正偏离/无偏离,平台已实现（详见对应功能模块）
1255,,,提供药品发送、医嘱执行记费功能，支持一键执行功能同时进行药品发送、医技发送、医嘱执行记费，提供单病人操作界面、多病人操作界面。 +---------------------------------------------------------------------------------------------------------------------------------------,正偏离/无偏离,平台已实现（详见对应功能模块）
1256,,,支持病区医嘱执行清单的打印功能，如药品发送清单、医嘱记费清单。 +-----------------------------------------------------------------------------------------------------------------------------------------------------------------------,正偏离/无偏离,平台已实现（详见对应功能模块）
1257,,,能够医嘱执行操作单能够显示药物皮试结果。 +----------------------------------------------------------------------------------------------------------------------------------------------------------------------------------,正偏离/无偏离,平台已实现（详见对应功能模块）
1258,,,能够医嘱确认执行操作时执行操作时间的更新。 +---------------------------------------------------------------------------------------------------------------------------------------------------------------------------------,正偏离/无偏离,平台已实现（详见对应功能模块）
1259,,,支持打印医嘱变、医嘱执行单、医嘱执行标签。可精细化分类打印各种执行单、输液卡、口服卡等。 +----------------------------------------------------------------------------------------------------------------------------------------------------------,正偏离/无偏离,平台已实现（详见对应功能模块）
1260,,,支持打印医嘱单、费用汇总、费用清单、每日清单。 +-------------------------------------------------------------------------------------------------------------------------------------------------------------------------------,正偏离/无偏离,平台已实现（详见对应功能模块）
1261,,,支持打印检验条码、申请单，预约单、指引单等。 +--------------------------------------------------------------------------------------------------------------------------------------------------------------------------------,正偏离/无偏离,平台已实现（详见对应功能模块）
1262,,,能够录入皮试药品的批次内容，录入皮试结果时，能够对皮试医嘱进行皮试结果录入及检索功能。 +-----------------------------------------------------------------------------------------------------------------------------------------------------------,正偏离/无偏离,平台已实现（详见对应功能模块）
1263,,,能够护士确认后的皮试结果能够自动化反馈到医生工作站。 +----------------------------------------------------------------------------------------------------------------------------------------------------------------------------,正偏离/无偏离,平台已实现（详见对应功能模块）
1264,,,能够更新皮试医嘱的结果功能。 +----------------------------------------------------------------------------------------------------------------------------------------------------------------------------------------,正偏离/无偏离,平台已实现（详见对应功能模块）
1265,,,支持查询患者住院期间全量医嘱信息，可展示字段包含：住院号、姓名、床号、医嘱状态、执行模式、医嘱类别、医嘱内容、备注信息、、医嘱提交人、提交科室、医嘱签名人、签名科室、医嘱停止人、医嘱停止时间。 +------------------------------------------------------------------------------------------------------,正偏离/无偏离,平台已实现（详见对应功能模块）
1266,,,能够多种组合条件进行筛选，包括医嘱状态、医嘱类型、医嘱模式、时间等。 +--------------------------------------------------------------------------------------------------------------------------------------------------------------------,正偏离/无偏离,平台已实现（详见对应功能模块）
1267,,,提供各类护理评估工具和模板，如入院评估、疼痛评估、跌倒风险评估等。 +---------------------------------------------------------------------------------------------------------------------------------------------------------------------,正偏离/无偏离,平台已实现（详见对应功能模块）
1268,,,支持护士录入各种护理记录，包括病情观察记录、护理操作记录、患者反应等。 +-------------------------------------------------------------------------------------------------------------------------------------------------------------------,正偏离/无偏离,平台已实现（详见对应功能模块）
1269,,,能够录入患者的生命体征数据，如体温、血压、脉搏、呼吸等。 +--------------------------------------------------------------------------------------------------------------------------------------------------------------------------,正偏离/无偏离,平台已实现（详见对应功能模块）
1270,,,支持护士通过移动设备（如平板电脑、PDA 等）进行床边操作，如查看医嘱、录入护理记录等。 +----------------------------------------------------------------------------------------------------------------------------------------------------------,正偏离/无偏离,平台已实现（详见对应功能模块）
1271,,,支持对长期医嘱、临时医嘱、手术医嘱对应的费用明细进行查询，提供全方位费用查询与管理功能。 +----------------------------------------------------------------------------------------------------------------------------------------------------------,正偏离/无偏离,平台已实现（详见对应功能模块）
1272,,,支持全部、成人、婴儿多页账卡单独显示；支持病人帐卡中费用明细的打印功能 +-------------------------------------------------------------------------------------------------------------------------------------------------------------------,正偏离/无偏离,平台已实现（详见对应功能模块）
1273,,,支持日常诊疗费用查询，包含床位费、诊查费等常规住院费用明细。 +------------------------------------------------------------------------------------------------------------------------------------------------------------------------,正偏离/无偏离,平台已实现（详见对应功能模块）
1274,,,支持针对费用情况进行补费、退费操作，支持批量补费和独立计费，且支持使用模版补费。 +--------------------------------------------------------------------------------------------------------------------------------------------------------------,正偏离/无偏离,平台已实现（详见对应功能模块）
1275,,,支持对病区住院患者进行手工项目计费，并提供计费模板功能，可快速批量录入。 +------------------------------------------------------------------------------------------------------------------------------------------------------------------,正偏离/无偏离,平台已实现（详见对应功能模块）
1276,,,支持批量计费、滚动费用绑费及医嘱附加费用的手工绑定操作。 +--------------------------------------------------------------------------------------------------------------------------------------------------------------------------,正偏离/无偏离,平台已实现（详见对应功能模块）
1277,,,支持针对不同病区和不同患者设置不同的欠费额度；支持信用授权欠费额度；支持担保人担保欠费额度。 +--------------------------------------------------------------------------------------------------------------------------------------------------------,正偏离/无偏离,平台已实现（详见对应功能模块）
1278,,,支持住院患者费用总清单及每日明细清单的查询、预览与打印输出。 +------------------------------------------------------------------------------------------------------------------------------------------------------------------------,正偏离/无偏离,平台已实现（详见对应功能模块）
1279,,,支持对病区住院患者提供摆药相关全流程管理，包含摆药信息查询、退药申请提交、退药记录查询、摆药单删除及摆药信息恢复等操作功能。 +----------------------------------------------------------------------------------------------------------------------------------------,正偏离/无偏离,平台已实现（详见对应功能模块）
1280,,,支持与不良事件管理系统无缝对接，实现院内各类不良事件的标准化线上填报与上报流程。 +--------------------------------------------------------------------------------------------------------------------------------------------------------------,正偏离/无偏离,平台已实现（详见对应功能模块）
1281,,,可依据护理评估结果进行智能判断，对符合预警条件的评估项自动触发不良事件上报提醒，实现主动上报与风险前置管控。 +------------------------------------------------------------------------------------------------------------------------------------------------,正偏离/无偏离,平台已实现（详见对应功能模块）
1282,,,内置不良事件原因分析、持续改进与整改跟踪的专业质量管理工具模板，包括鱼骨图、柏拉图、甘特图等，支持可视化分析与整改闭环管理。 +----------------------------------------------------------------------------------------------------------------------------------------,正偏离/无偏离,平台已实现（详见对应功能模块）
1283,,,实现不良事件三级审核上报管理机制，严格按照科室→大科→护理部的层级进行逐级上报、审核、督办与闭环管理。 +---------------------------------------------------------------------------------------------------------------------------------------------------,正偏离/无偏离,平台已实现（详见对应功能模块）
1284,,,支持灵活配置各类交班统计指标，包括但不限于：入院、今日入院、转入、出院、转出、病危、病重、手术核心业务指标。 +------------------------------------------------------------------------------------------------------------------------------------------------,正偏离/无偏离,平台已实现（详见对应功能模块）
1285,,,支持自定义交班班次类型（如白班、小夜班、大夜班等），可配置各班次的时间范围。 +----------------------------------------------------------------------------------------------------------------------------------------------------------------,正偏离/无偏离,平台已实现（详见对应功能模块）
1286,,,系统可自动从 HIS、护理记录等业务系统中实时抽取患者诊疗数据，生成交班基础数据，无需人工录入。 +------------------------------------------------------------------------------------------------------------------------------------------------------,正偏离/无偏离,平台已实现（详见对应功能模块）
1287,,,支持对已生成的交班报告进行撤销，并提供交班报告查询、预览与打印功能。 +--------------------------------------------------------------------------------------------------------------------------------------------------------------------,正偏离/无偏离,平台已实现（详见对应功能模块）
1288,,,支持对患者关键业务数据进行实时监测与动态对比。 +-------------------------------------------------------------------------------------------------------------------------------------------------------------------------------,正偏离/无偏离,平台已实现（详见对应功能模块）
1289,,,支持住院患者诊断信息新增、编辑与维护。 +-----------------------------------------------------------------------------------------------------------------------------------------------------------------------------------,正偏离/无偏离,平台已实现（详见对应功能模块）
1290,,,提供医技科室危急值上报专属提醒机制，对危急值报告进行专项标识与实时提醒，确保临床医护人员快速感知与处置。 +--------------------------------------------------------------------------------------------------------------------------------------------------,正偏离/无偏离,平台已实现（详见对应功能模块）
1291,,,医技科室在完成危急值电话通知的同时，在接收科室终端进行醒目可视化提示，并支持危急值处理结果的反馈与确认；若超过规定时限未完成接收确认，系统自动将报告信息逐级推送至上级管理人员，实现危急值处置闭环管理。 +--------------------------------------------------------------------------------------------------,正偏离/无偏离,平台已实现（详见对应功能模块）
1292,★,,支持职能部门通过手机移动端实时查询全院危急值的上报、接收、处理及反馈情况，并可根据查询结果自动生成多维度数据统计与分析报告，满足质控监管与持续改进需求。 +--------------------------------------------------------------------------------------------------------------------------,正偏离/无偏离,平台已实现（详见对应功能模块）
1293,,,借助树形结构清晰展示了全部数据元信息的分类，数据元之间的关系等。 +----------------------------------------------------------------------------------------------------------------------------------------------------------------------,正偏离/无偏离,平台已实现（详见对应功能模块）
1294,,,实现了对基础数据元信息的具体详情内容的预先查阅，和对数据元的基础信息的修改，移除无用的数据元等能力。 +----------------------------------------------------------------------------------------------------------------------------------------------------,正偏离/无偏离,平台已实现（详见对应功能模块）
1295,,,借助列表形式展示了所有的指标库，能够按条件检索符合条件的信息。 +-----------------------------------------------------------------------------------------------------------------------------------------------------------------------,正偏离/无偏离,平台已实现（详见对应功能模块）
1296,,,实现了对指标库的基础管理能力，例如：增加、修改指定的项目、根据设定条件检索指定的指标库信息和修改指定的指标库信息列表等。 +------------------------------------------------------------------------------------------------------------------------------------------,正偏离/无偏离,平台已实现（详见对应功能模块）
1297,,,借助树形结构清晰展示了全部元素库信息的分类，和元素库信息之间的关系等。 +-------------------------------------------------------------------------------------------------------------------------------------------------------------------,待复核,初评未匹配，须项目组逐条人工确认
1298,,,实现了对元素库信息的具体详情内容的预先查阅，和对元素库信息的基础信息实施编辑、给指定的元素库增加子类元素库等能力。 +---------------------------------------------------------------------------------------------------------------------------------------------,待复核,初评未匹配，须项目组逐条人工确认
1299,,,借助树形结构清晰的呈现了当前的所有的病历分类信息及其互相之间的关联。 +--------------------------------------------------------------------------------------------------------------------------------------------------------------------,正偏离/无偏离,平台已实现（详见对应功能模块）
1300,,,实现了对分类的基础信息预先查阅，对病历分类的基础信息修改，和增加新的分类。 +-----------------------------------------------------------------------------------------------------------------------------------------------------------------,正偏离/无偏离,平台已实现（详见对应功能模块）
1301,,,借助树形结构清晰展示了全部数据源信息的分类，和数据源的其他属性等。 +---------------------------------------------------------------------------------------------------------------------------------------------------------------------,待复核,初评未匹配，须项目组逐条人工确认
1302,,,实现了对数据源信息的具体详情内容的预先查阅，和对数据源信息的基础信息实施编辑、给指定的数据源增加子类数据源等能力。 +---------------------------------------------------------------------------------------------------------------------------------------------,待复核,初评未匹配，须项目组逐条人工确认
1303,,,借助分页表格展示了系统应用到的参数，能够依据参数编码和参数名称检索，能够对参数值实施编辑。 +---------------------------------------------------------------------------------------------------------------------------------------------------------,待复核,初评未匹配，须项目组逐条人工确认
1304,,,借助树形结构清晰展示了全部电子病历标准数据资料集。 +-----------------------------------------------------------------------------------------------------------------------------------------------------------------------------,正偏离/无偏离,平台已实现（详见对应功能模块）
1305,,,能够依据权限的不同检索到不同的模板，依据应用范围模板分为全局模板、全院模板、科室模板、个人模板。 +------------------------------------------------------------------------------------------------------------------------------------------------------,正偏离/无偏离,平台已实现（详见对应功能模块）
1306,,,模板增加：能够增加病历模板，指定模板分类和使用范围。 +----------------------------------------------------------------------------------------------------------------------------------------------------------------------------,正偏离/无偏离,平台已实现（详见对应功能模块）
1307,,,模板兼容具备最小结构化元素，符合文本、数值、复选、单选、多选、日期等结构化录入要求。 +------------------------------------------------------------------------------------------------------------------------------------------------------------,正偏离/无偏离,平台已实现（详见对应功能模块）
1308,,,给予常用的结构化元素库，兼容结构化录入与自由化录入相融合。 +-------------------------------------------------------------------------------------------------------------------------------------------------------------------------,待复核,初评未匹配，须项目组逐条人工确认
1309,,,兼容文档修改，字符、段落属性配置，页面版式配置，页眉页脚配置，兼容特殊符号，兼容图文结合性输入，兼容矢量图形绘制和表格。 +------------------------------------------------------------------------------------------------------------------------------------------,待复核,初评未匹配，须项目组逐条人工确认
1310,,,"具备病人隐私防护手段，对模板病历中表示患者隐私信息的能够配置成""加密展示""。 +----------------------------------------------------------------------------------------------------------------------------------------------------------------",正偏离/无偏离,平台已实现（详见对应功能模块）
1311,,,具备模板审核功能，模板编辑完成后，需要审核后才能使用，支持科主任审核和医务科审核。 +-------------------------------------------------------------------------------------------------------------------------------------------------------------,正偏离/无偏离,平台已实现（详见对应功能模块）
1312,,,拥有模板授权能力，使用范围为科室或个人的模板，需要授权到科室或个人后才能使用，需要授权的模板在新建的时候自动完成授权给构建科室或构建人，其他科室或个人如想使用该模板，需要将模板授权给对应的科室或个人。 +--------------------------------------------------------------------------------------------------,正偏离/无偏离,平台已实现（详见对应功能模块）
1313,,,支持疾病组模板，可新建疾病组，在疾病组上添加或新建模板，同时支持将病历另存为疾病组模板，如将阑尾炎住院病人的所有病历文书另存为一套疾病组模板。 +-------------------------------------------------------------------------------------------------------------------------------,正偏离/无偏离,平台已实现（详见对应功能模块）
1314,,,通过挑选病历模板增加病历，也可借助于既往病历增加病历，兼容入院记录、病程记录（分首次病程、日常病程、医师查房记录、交接班记录、转科记录、术前小结等）、手术及治疗、各种授权书和同意书、讨论记录、会诊记录、出院记录等病历文书构建并书写。 +----------------------------------------------------------------------------------,正偏离/无偏离,平台已实现（详见对应功能模块）
1315,,,应用专用的电子病历编辑器，结构化录入与自由化录入相融合，兼容所见即所得。 +------------------------------------------------------------------------------------------------------------------------------------------------------------------,正偏离/无偏离,平台已实现（详见对应功能模块）
1316,,,临时存储与提交：兼容临时存储和提交两种存储方法，临时存储表示病历尚未书写完成，提交表示病历已书写完成，提交后再修改病历会保留编辑痕迹。 +-----------------------------------------------------------------------------------------------------------------------------------,正偏离/无偏离,平台已实现（详见对应功能模块）
1317,,,复制/粘贴挑选性控制：借助参数控制不同病人的病历内容是否能够互相复制粘贴操作。 +---------------------------------------------------------------------------------------------------------------------------------------------------------------,正偏离/无偏离,平台已实现（详见对应功能模块）
1318,,,导入检查检验：给予电子病历系统与检验、检查、心电、医嘱等平台接口通道，对接后支持将检验、检查结果、心电结果、会诊结论、医嘱、诊断、体征等信息增加到病历当中的任意位置；检验、检查结果导入之前兼容预先查阅。 +-------------------------------------------------------------------------------------------------,正偏离/无偏离,平台已实现（详见对应功能模块）
1319,,,兼容中西医诊断录入，西医使用icd规范诊断，诊断能够增加前后缀；兼容存储常用诊断，从常用诊断中挑选诊断等功能。 +-----------------------------------------------------------------------------------------------------------------------------------------------,正偏离/无偏离,平台已实现（详见对应功能模块）
1320,,,插入音视频、图片：可在病历书写过程中实时录制语音、视频，并能够进行播放和插入到病历中，并且可插入图片，图文结合性输入，兼容矢量图形绘制修改能力。 +------------------------------------------------------------------------------------------------------------------------------,正偏离/无偏离,平台已实现（详见对应功能模块）
1321,,,病历签名：兼容多种医师签名方法，如个性化设置图片签名，文本签名；能够与第三方CA认证签名接口对接，达成CA认证签名。 +--------------------------------------------------------------------------------------------------------------------------------------------,正偏离/无偏离,平台已实现（详见对应功能模块）
1322,,,编辑痕迹：兼容三级医师的编辑痕迹管理能力，病历提交后所有的编辑痕迹都会保留下来，包含修改方法、修改内容、修改人姓名及工号、修改时间等，借助于菜单选择是否展示编辑痕迹。 +-------------------------------------------------------------------------------------------------------------------,正偏离/无偏离,平台已实现（详见对应功能模块）
1323,,,病历打印：病历可预览、续打、合并打印、挑选区域打印。 +----------------------------------------------------------------------------------------------------------------------------------------------------------------------------,外部条件,需医保局/省平台等外部环境开通后联调
1324,,,查阅质量控制结果：可查阅病历的质量控制结果，提示和方便医生书写病历。 +--------------------------------------------------------------------------------------------------------------------------------------------------------------------,正偏离/无偏离,平台已实现（详见对应功能模块）
1325,,,存储多种格式：可将病历存储为pdf、html、xml等格式，借助于编辑器或相应的工具打开病历。 +-------------------------------------------------------------------------------------------------------------------------------------------------------,正偏离/无偏离,平台已实现（详见对应功能模块）
1326,,,在线质控：支持保存病历后实时获取质控结果，方便医生整改病历。 +------------------------------------------------------------------------------------------------------------------------------------------------------------------------,正偏离/无偏离,平台已实现（详见对应功能模块）
1327,,,病历自动校核：病历保存时自动校核逻辑是否正确，如:男性不应该有月经史。 +-------------------------------------------------------------------------------------------------------------------------------------------------------------------,正偏离/无偏离,平台已实现（详见对应功能模块）
1328,,,兼容医疗专业表达式、专用符号：兼容特定医疗专业表达式录入，如：龋齿、月经史、牙科、眼科专用等医学专用公式，并且兼容常用的专用符号，符号兼容个性化设置。 +---------------------------------------------------------------------------------------------------------------------------,待复核,初评未匹配，须项目组逐条人工确认
1329,,,病历内容自动完成引用：病历增加时借助引用数据源自动完成带出病人已有的信息，如姓名、门诊号等基础信息，并且也能够带出其他病历中已有的信息，如将门诊病历中的主诉自动完成带入到医疗文书中。 +-----------------------------------------------------------------------------------------------------------,正偏离/无偏离,平台已实现（详见对应功能模块）
1330,,,知识库管理：医生可自行管理知识库词条、导入医学知识库词条，达成病历辅助、高效书写。 +-------------------------------------------------------------------------------------------------------------------------------------------------------------,正偏离/无偏离,平台已实现（详见对应功能模块）
1331,,,病程记录合并修改：兼容病程记录合并预先查阅和修改、打印，按照病程记录的记录时间排序，方便医生书写。 +-----------------------------------------------------------------------------------------------------------------------------------------------------,正偏离/无偏离,平台已实现（详见对应功能模块）
1332,,,病历存为模板、疾病组：可将当前病历存为模板，一般能够存为科室模板和个人模板；并且兼容将患者病历存为疾病组。 +-------------------------------------------------------------------------------------------------------------------------------------------------,正偏离/无偏离,平台已实现（详见对应功能模块）
1333,,,全文检索：兼容病历内容全文检索，借助病历全文检索系统能够检索病历。 +---------------------------------------------------------------------------------------------------------------------------------------------------------------------,正偏离/无偏离,平台已实现（详见对应功能模块）
1334,,,检索患者病历接口通道：给予基于浏览器方法检索患者门急诊病历文书列表的接口通道，借助于病历列表查阅患者所有病历。 +-----------------------------------------------------------------------------------------------------------------------------------------------,正偏离/无偏离,平台已实现（详见对应功能模块）
1335,,,检索结构化元素内容接口通道：给予检索门急诊病历中某个结构化元素内容的接口通道，借助接口通道能够检索到结构化元素的书写内容。 +-----------------------------------------------------------------------------------------------------------------------------------------,正偏离/无偏离,平台已实现（详见对应功能模块）
1336,,,病历锁定与取消锁定接口通道：给予住院病历锁定与取消锁定的接口通道，病历锁定后将不能修改，如需修改，能够向质控平台申请，申请通过后才能编辑病历。 +-------------------------------------------------------------------------------------------------------------------------------,正偏离/无偏离,平台已实现（详见对应功能模块）
1337,,,病历归档与取消归档接口通道：提供住院病历归档与反归档的接口通道，病历归档后将不能修改，如需修改，可向病案或质控系统申请，申请通过后编辑病历。 +--------------------------------------------------------------------------------------------------------------------------------,正偏离/无偏离,平台已实现（详见对应功能模块）
1338,,,住院病历跟住院医生站一体化集成，满足界面集成、数据集成、应用集成的整合效果，方便医生看诊，提高就诊效率。 +--------------------------------------------------------------------------------------------------------------------------------------------------,正偏离/无偏离,平台已实现（详见对应功能模块）
1339,,,提供疾病组功能。可以根据病种的常用模板集中维护，一键批量创建多份病历文书。 +-----------------------------------------------------------------------------------------------------------------------------------------------------------------,正偏离/无偏离,平台已实现（详见对应功能模块）
1340,,,病历文书保存时，支持实时生成PDF文件。 +----------------------------------------------------------------------------------------------------------------------------------------------------------------------------------,正偏离/无偏离,平台已实现（详见对应功能模块）
1341,★,,支持恢复误删的病历。 +--------------------------------------------------------------------------------------------------------------------------------------------------------------------------------------------,正偏离/无偏离,平台已实现（详见对应功能模块）
1342,,,系统全面支持各类医嘱的发药操作，包括普通医嘱、草药医嘱、出院带药医嘱以及特殊药品医嘱。对于普通医嘱，其发药范围覆盖了病区的常规医嘱、医技科室的用药需求以及手术麻醉科室的药品供应。 +-------------------------------------------------------------------------------------------------------------,正偏离/无偏离,平台已实现（详见对应功能模块）
1343,,,在发药过程中，系统能够自动调取并展示药品的详细信息，如名称、规格、批号、价格、生产厂家、来源（如采购或退药）、剂型、药品属性与类别，以及对应的住院患者信息，确保信息准确无误。 +---------------------------------------------------------------------------------------------------------------,正偏离/无偏离,平台已实现（详见对应功能模块）
1344,,,缺药处理功能被直接集成在发药操作界面上。当发药明细单中出现库存不足的药品时，系统能自动生成缺药记录，并支持将这些缺药信息打印出来，方便后续处理。 +------------------------------------------------------------------------------------------------------------------------------,正偏离/无偏离,平台已实现（详见对应功能模块）
1345,,,发药界面也集成了提交退回的功能。药房工作人员可以根据实际情况，例如因医嘱停止而无需发药时，将病区已提交的发药申请退回。 +-------------------------------------------------------------------------------------------------------------------------------------------,正偏离/无偏离,平台已实现（详见对应功能模块）
1346,,,系统提供缺药替换功能。当某种药品缺货或被禁用时，允许使用具有相同规格但生产厂家不同的同种药品进行替换，以保证临床用药不中断。 +----------------------------------------------------------------------------------------------------------------------------------------,待复核,初评未匹配，须项目组逐条人工确认
1347,,,针对出院带药，系统设计了专门的取药功能。病区下达出院带药医嘱并发药后，药品并不立即交给病人，而是暂存在药房。待病人完成住院结算后，凭发票到药房领取药品。 +--------------------------------------------------------------------------------------------------------------------------,正偏离/无偏离,平台已实现（详见对应功能模块）
1348,,,系统支持按医嘱明细进行发药，即操作人员可以勾选发药提交单中的某一条或几条具体的医嘱记录进行精准发药。 +----------------------------------------------------------------------------------------------------------------------------------------------------,正偏离/无偏离,平台已实现（详见对应功能模块）
1349,,,也支持按药品汇总发药，系统会将发药提交单中的同一种药品按数量进行汇总，药房据此一次性发出汇总数量，提高效率。 +------------------------------------------------------------------------------------------------------------------------------------------------,正偏离/无偏离,平台已实现（详见对应功能模块）
1350,,,还支持按病人汇总发药，即针对同一个病人的所有发药医嘱进行数量汇总后，再进行集中发药。 +------------------------------------------------------------------------------------------------------------------------------------------------------------,正偏离/无偏离,平台已实现（详见对应功能模块）
1351,,,系统支持按病人集中发药，操作人员可以一次性选择多个病人，一键完成对所有选定病人的快速发药操作。 +-------------------------------------------------------------------------------------------------------------------------------------------------------,正偏离/无偏离,平台已实现（详见对应功能模块）
1352,,,对于同一天开具的药品，系统允许根据医嘱设定的具体执行时间，选择性地进行部分发药，而不是必须全部发出。 +----------------------------------------------------------------------------------------------------------------------------------------------------,正偏离/无偏离,平台已实现（详见对应功能模块）
1353,,,在发药界面，系统支持根据病区和发药方式对提交的发药记录进行筛选过滤。同时，也可以根据医嘱类型是长期医嘱还是临时医嘱来筛选具体的药品记录。 +----------------------------------------------------------------------------------------------------------------------------------,正偏离/无偏离,平台已实现（详见对应功能模块）
1354,,,系统提供了三种医嘱发药数量的取整策略：一是严格按照医嘱剂量不进行取整；二是可以对单条药品的发放数量进行取整；三是在每次发药操作时，对本次发药的总数量进行取整。 +-----------------------------------------------------------------------------------------------------------------------,正偏离/无偏离,平台已实现（详见对应功能模块）
1355,,,系统支持退药暂存和发药冲抵功能。当病区退药时，如果实物并未退回药房，系统可以记录这一情况。在后续病区有新的发药申请时，可以使用这些未退回的药品实物来冲抵本次的发药数量。 +------------------------------------------------------------------------------------------------------------------,正偏离/无偏离,平台已实现（详见对应功能模块）
1356,,,系统具备自动发药功能。用户可以根据医嘱类型（如长期医嘱）预先定义自动发药规则。开启该功能后，系统会自动对符合规则的医嘱类型执行发药操作。 +----------------------------------------------------------------------------------------------------------------------------------,正偏离/无偏离,平台已实现（详见对应功能模块）
1357,,,系统支持三种不同的发药操作模式：直接完成发药、发药时弹出窗口提示进行配药、以及发药完成后再单独进行配药。 +--------------------------------------------------------------------------------------------------------------------------------------------------,正偏离/无偏离,平台已实现（详见对应功能模块）
1358,,,系统支持专门针对出院带药的配药操作流程。 +----------------------------------------------------------------------------------------------------------------------------------------------------------------------------------,正偏离/无偏离,平台已实现（详见对应功能模块）
1359,,,对于出院带药，系统还支持二次核发的功能，即在病人取药时再次核对，确保药品准确发放。 +-------------------------------------------------------------------------------------------------------------------------------------------------------------,正偏离/无偏离,平台已实现（详见对应功能模块）
1360,,,对于按整包装发放，或者实际发放量超过医嘱剂量的情况，系统支持记录多发放的药品数量，以便于后续对这部分多发库存进行追踪和管理。 +----------------------------------------------------------------------------------------------------------------------------------------,正偏离/无偏离,平台已实现（详见对应功能模块）
1361,,,系统提供历史发药查询功能，可以随时检索和查看过去任意时间段的发药记录。 +-------------------------------------------------------------------------------------------------------------------------------------------------------------------,正偏离/无偏离,平台已实现（详见对应功能模块）
1362,,,系统支持按病区或按病人两种方式进行退药操作。可以先选择退药的病区，再在该病区下选择具体的病人进行退药处理。 +-------------------------------------------------------------------------------------------------------------------------------------------------,正偏离/无偏离,平台已实现（详见对应功能模块）
1363,,,系统支持退药报损功能。如果病区因药品损坏等原因申请退药，退药完成后，系统能够自动生成一张对应的退药报损单，记录损失。 +--------------------------------------------------------------------------------------------------------------------------------------------,正偏离/无偏离,平台已实现（详见对应功能模块）
1364,,,系统支持药品冲抵功能。当药房处理病区退药时，如果退药的实物并未实际退回药房，可以在系统中记录这一状态。待该病区下次需要发药时，可以直接用这些未退回的药品数量冲抵新的发药申请。 +---------------------------------------------------------------------------------------------------------------,正偏离/无偏离,平台已实现（详见对应功能模块）
1365,,,系统支持按医嘱明细退药，即根据退药病人具体的某一条或几条退药明细记录进行精准退药操作。 +-----------------------------------------------------------------------------------------------------------------------------------------------------------,正偏离/无偏离,平台已实现（详见对应功能模块）
1366,,,系统支持自动退药功能。针对预先设定的医嘱类型，当当前操作界面存在符合条件且需要退药的数据时，系统可以自动完成退药，并打印对应的退药单据。 +----------------------------------------------------------------------------------------------------------------------------------,正偏离/无偏离,平台已实现（详见对应功能模块）
1367,,,系统支持按药品汇总退药，即对所选退药病人需要退回的药品，按品种和数量进行汇总后，再统一执行退药操作。 +----------------------------------------------------------------------------------------------------------------------------------------------------,正偏离/无偏离,平台已实现（详见对应功能模块）
1368,,,在药品申领的主流程中，系统涵盖了库存调拨、科室领用、主动出库三种核心业务。并提供了一个集中处理界面，可以统一处理本库房的主动申领入库、申领退药入库和被动接收的出库入库业务，以及本库房的被动申领出库、申领退药出库和主动发往其他库房的出库业务。 +------------------------------------------------------------------------------,正偏离/无偏离,平台已实现（详见对应功能模块）
1369,,,在药品的出入库申领操作中，系统支持通过直接引入当前库房的药品信息，来自动生成库房的申领信息。 +--------------------------------------------------------------------------------------------------------------------------------------------------------,正偏离/无偏离,平台已实现（详见对应功能模块）
1370,,,系统支持将多种因素组合成智能计算公式，并依据公式自动计算生成申领信息。这些因素可以包括：当前库房在某一时段的药品消耗量、设定的最高/最低库存标准、以及实时库存量等。 +--------------------------------------------------------------------------------------------------------------------,正偏离/无偏离,平台已实现（详见对应功能模块）
1371,,,系统支持通过引用上级库房（如药库）生成的入库单据，来自动生成下级库房（如住院药房）的出库信息。 +-------------------------------------------------------------------------------------------------------------------------------------------------------,正偏离/无偏离,平台已实现（详见对应功能模块）
1372,,,在药品入库管理中，系统除了处理常规的药品领用入库外，还支持其他各类入库业务，如药品加工后入库、医院自制药品入库以及盘点盈溢入库等。 +-------------------------------------------------------------------------------------------------------------------------------------,正偏离/无偏离,平台已实现（详见对应功能模块）
1373,,,系统支持对来自同一生产厂家的药品，按照不同的生产批号、采购价格和有效期进行精细化的分批次入库管理。 +-----------------------------------------------------------------------------------------------------------------------------------------------------,正偏离/无偏离,平台已实现（详见对应功能模块）
1374,,,"在进行其他类型入库操作时，系统同样支持同时采用多种包装单位（例如""盒""和""瓶""）进行数量的录入与换算。 +---------------------------------------------------------------------------------------------------------------------------------------------------",正偏离/无偏离,平台已实现（详见对应功能模块）
1375,,,除了常规的科室申领出库，系统还支持其他类型的出库业务，例如药品报损、科室直接领用、以及盘点后产生的盘亏出库等。 +-----------------------------------------------------------------------------------------------------------------------------------------------,正偏离/无偏离,平台已实现（详见对应功能模块）
1376,,,系统在自动扣减库存时，内置了多种出库策略，例如优先出库最早入库的药品（先进先出），或优先出库距离失效期最近的药品（近效期先出）。同时，也支持用户在出库时手动选择从哪个具体批次的药品中进行出库。 +------------------------------------------------------------------------------------------------------,正偏离/无偏离,平台已实现（详见对应功能模块）
1377,,,系统提供了对住院药房库存进行全面盘点的功能，并支持按照药品分类、存放库位、剂型等不同维度来组织和进行盘点。 +-------------------------------------------------------------------------------------------------------------------------------------------------,正偏离/无偏离,平台已实现（详见对应功能模块）
1378,,,盘点范围不仅限于当前有库存的药品，也支持将当前库存为零的药品以及当前处于禁用状态的药品纳入盘点清单，以保证库存账目的完整性。 +----------------------------------------------------------------------------------------------------------------------------------------,正偏离/无偏离,平台已实现（详见对应功能模块）
1379,,,为了提高盘点效率，系统支持通过引入预设的盘点模板（包含特定药品列表）来快速生成盘点任务。 +----------------------------------------------------------------------------------------------------------------------------------------------------------,正偏离/无偏离,平台已实现（详见对应功能模块）
1380,,,系统支持单人或多人协同进行盘点数据的录入工作，以适应不同规模的盘点任务。 +------------------------------------------------------------------------------------------------------------------------------------------------------------------,正偏离/无偏离,平台已实现（详见对应功能模块）
1381,,,在录入盘点数据时，系统支持使用多种包装单位（如盒、瓶、支）进行数量的录入，并自动换算成标准单位。 +------------------------------------------------------------------------------------------------------------------------------------------------------,正偏离/无偏离,平台已实现（详见对应功能模块）
1382,,,为了方便操作，系统支持在录入实盘数量时，直接复制当前的账面库存作为起点。盘点任务完成后，系统能够根据实盘与账面的差异，自动生成盘盈入库单和盘亏出库单。 +---------------------------------------------------------------------------------------------------------------------------,正偏离/无偏离,平台已实现（详见对应功能模块）
1383,,,在盘点录入过程中，允许操作人员对具体批次药品的账面数量进行调整。 +----------------------------------------------------------------------------------------------------------------------------------------------------------------------,正偏离/无偏离,平台已实现（详见对应功能模块）
1384,,,系统支持在盘点过程中，如果发生了发药或退药业务，这些动态数量能够在最终的盘点汇总单上得到体现，确保盘点数据的实时准确。 +-------------------------------------------------------------------------------------------------------------------------------------------,正偏离/无偏离,平台已实现（详见对应功能模块）
1385,,,在库存禁用管理中，系统提供了多种禁用模式，包括按批次禁用和按药品禁用等。支持填写药品禁用的原因，并提供取消禁用的功能，以完善库存管理的流程控制。 +------------------------------------------------------------------------------------------------------------------------------,正偏离/无偏离,平台已实现（详见对应功能模块）
1386,,,系统提供药品禁用历史记录的查询功能，便于追溯。 +-------------------------------------------------------------------------------------------------------------------------------------------------------------------------------,正偏离/无偏离,平台已实现（详见对应功能模块）
1387,,,系统提供库存冻结功能，允许对某批药品的其中一部分数量进行冻结，被冻结的库存将不可用于发药等出库操作。 +----------------------------------------------------------------------------------------------------------------------------------------------------,正偏离/无偏离,平台已实现（详见对应功能模块）
1388,,,系统提供针对特殊药品的独立日结与月结统计功能，例如可以为贵重药品、精神麻醉药品等生成每日的日结日报。 +----------------------------------------------------------------------------------------------------------------------------------------------------,正偏离/无偏离,平台已实现（详见对应功能模块）
1389,,,系统支持自定义每月的月结日期。首次月结基于初始化建账的日期，之后每个月的月结周期则从上一次月结的终止时间开始计算。 +---------------------------------------------------------------------------------------------------------------------------------------------,待复核,初评未匹配，须项目组逐条人工确认
1390,,,系统提供了取消月结的功能，但为确保数据连续性，取消操作必须从最后一个已月结的月份开始，逐月向前进行，不允许跨月取消。 +--------------------------------------------------------------------------------------------------------------------------------------------,待复核,初评未匹配，须项目组逐条人工确认
1391,,,系统提供丰富多样的查询与统计分析功能，具体包括：病区发药统计与明细查询、病区退药明细查询、历史发药记录查询、病区药房实时库存查询、药品最新价格查询、调价历史追溯、库存高/低储报警、药品失效报警、药房各类账册查询、药房汇总月报表生成，以及提供针对科室和病房基数药的核算与统计分析等功能。 +--------------------------------------------------------,正偏离/无偏离,平台已实现（详见对应功能模块）
1392,,,系统全面支持对药品的批次管理，能够追踪每一批次的药品流向。 +-------------------------------------------------------------------------------------------------------------------------------------------------------------------------,待复核,初评未匹配，须项目组逐条人工确认
1393,,,系统提供药品有效期的自动报警功能，能够统计即将过期和已过期药品的品种数量及金额，并对库存量不足的药品进行提示。 +-----------------------------------------------------------------------------------------------------------------------------------------------,正偏离/无偏离,平台已实现（详见对应功能模块）
1394,,,系统支持对医院内设立的多个住院药房进行独立的管理和核算。 +--------------------------------------------------------------------------------------------------------------------------------------------------------------------------,正偏离/无偏离,平台已实现（详见对应功能模块）
1395,,,系统支持对病区内设立的三级库房（如科室小药柜）进行管理，实现药品的延伸监管。 +----------------------------------------------------------------------------------------------------------------------------------------------------------------,正偏离/无偏离,平台已实现（详见对应功能模块）
1396,★,,新增医嘱套包功能，可将多个关联医嘱整合至一个套包，实现批量快速计费，减少重复操作，提升计费便捷性。 +-----------------------------------------------------------------------------------------------------------------------------------------------------,正偏离/无偏离,平台已实现（详见对应功能模块）
1397,★,,系统对接手术排程系统，可自动获取已完成排程的患者信息，以手术间为核心维度进行患者信息展示，为手术室护士提供便捷的操作与记录入口，提升工作便捷性。 +------------------------------------------------------------------------------------------------------------------------------,正偏离/无偏离,平台已实现（详见对应功能模块）
1398,★,,支持与HIS系统、手麻系统等院内核心业务系统对接，实现患者基础信息、手术相关信息、手术排程信息的自动同步获取，无需人工重复录入，保障数据一致性。 +------------------------------------------------------------------------------------------------------------------------------,正偏离/无偏离,平台已实现（详见对应功能模块）
1399,★,,可对接医院中央运输系统，护士通过护理工作站即可完成转运派单、实时查看转运流程进度等操作；支持根据医院实际运营需求，灵活设置强、弱两种管控模式，例如在强管控模式下，患者未转运至手术室时，无法执行入室操作，保障流程规范。 +------------------------------------------------------------------------------------------,正偏离/无偏离,平台已实现（详见对应功能模块）
1400,★,,支持调用手持移动设备的扫描功能，通过扫描患者腕带的方式，以机读核对模式完成患者身份与手术信息的双重校验，确保患者入室信息核对准确，规避人为核对误差。 +----------------------------------------------------------------------------------------------------------------------------,正偏离/无偏离,平台已实现（详见对应功能模块）
1401,★,,系统可根据手术实时状态对器械清点节点进行严格管控，仅当手术推进至对应阶段，方可开展后续清点操作，保障清点流程的规范性；搭配移动平板使用，可实现无菌台旁现场器械清点，提升操作便捷性。 +------------------------------------------------------------------------------------------------------------,正偏离/无偏离,平台已实现（详见对应功能模块）
1402,★,,支持依据医院现有器械包规格及包内器械配置，灵活创建电子器械包，简化护士添加器械包及包内器械的操作流程，大幅提升器械录入效率。 +----------------------------------------------------------------------------------------------------------------------------------------,待复核,初评未匹配，须项目组逐条人工确认
1403,★,,新增电子器械包时，系统强制要求对包内器械种类及数量进行双重核对，同步详细记录打包过程中出现的错误信息；针对不同器械包中名称相同的器械，将进行差异化显示，避免混淆。 +---------------------------------------------------------------------------------------------------------------------,正偏离/无偏离,平台已实现（详见对应功能模块）
1404,★,,采用清单化方式呈现各阶段器械添加数量，清晰展示器械原始数量、新增数量及当前库存数量，便于护士快速核对、精准掌握各阶段器械动态。 +---------------------------------------------------------------------------------------------------------------------------------------,正偏离/无偏离,平台已实现（详见对应功能模块）
1405,★,,当患者需进行多个主手术时，系统支持关联各主手术分别建立对应的器械清点单，实现不同手术器械清点的独立管理，确保清点数据精准可追溯。 +--------------------------------------------------------------------------------------------------------------------------------------,正偏离/无偏离,平台已实现（详见对应功能模块）
1406,★,,可按照行业标准格式自动生成器械清点记录单，同时支持根据医院实际管理需求，定制化调整记录单格式，适配院内器械管理规范。 +--------------------------------------------------------------------------------------------------------------------------------------------,待复核,初评未匹配，须项目组逐条人工确认
1407,★,,支持通过手持移动设备扫描器械包条码，实现器械包信息的快速加载，有效减少人工录入操作，显著提升器械清点的效率与准确性。 +--------------------------------------------------------------------------------------------------------------------------------------------,正偏离/无偏离,平台已实现（详见对应功能模块）
1408,★,,系统可依据手术的实时进展状态，对安全核查流程节点进行精准管控，只有当手术推进至对应阶段，才可启动下一步安全核查操作，确保核查流程与手术进程同步，保障核查规范性。 +----------------------------------------------------------------------------------------------------------------------,正偏离/无偏离,平台已实现（详见对应功能模块）
1409,★,,支持与手麻系统无缝联动，按照预设角色分工及核查内容，在两个系统内协同开展安全核查工作，核查结果实现自动汇总归档；搭配移动平板使用，可完成床旁现场安全核查，提升核查便捷性与时效性。 +-------------------------------------------------------------------------------------------------------------,正偏离/无偏离,平台已实现（详见对应功能模块）
1410,★,,具备安全核查项目自动跳转功能，核查条目可逐页自动滚动展示，同时自动抓取各检查项目的对应结果，无需护士切换系统查询待核查内容，简化操作流程，降低人为遗漏风险。 +------------------------------------------------------------------------------------------------------------------------,正偏离/无偏离,平台已实现（详见对应功能模块）
1411,★,,可按照行业通用标准格式自动生成安全核查记录单，同时支持结合医院实际管理规范，定制化调整记录单的内容与格式，全面适配院内安全核查工作需求。 +----------------------------------------------------------------------------------------------------------------------------------,待复核,初评未匹配，须项目组逐条人工确认
1412,★,,转科交接单采用行业标准格式设计，同时支持结合医院实际转科管理需求，定制化调整交接单内容与格式，适配不同科室转科交接场景。 +------------------------------------------------------------------------------------------------------------------------------------------,正偏离/无偏离,平台已实现（详见对应功能模块）
1413,★,,支持全面记录手术患者各类管路信息，可自动汇总麻醉医生创建、护士记录的管路数据（含静脉通道、尿管、胃管等），同步详细留存管路创建时间、放置位置、插入深度、创建人员等关键信息，实现管路全流程管理。 +------------------------------------------------------------------------------------------------------,正偏离/无偏离,平台已实现（详见对应功能模块）
1414,★,,护理文书生成支持预设项目自动匹配或人工勾选两种模式，确保文书内容无偏差、无遗漏；可对接医院无纸化病案系统实现文书电子化归档，同时支持通过打印机输出纸质记录单，兼顾电子化与纸质化管理需求。 +---------------------------------------------------------------------------------------------------------,正偏离/无偏离,平台已实现（详见对应功能模块）
1415,★,,支持根据医院手术护理的个性化需求，定制各类专属手术护理文书，灵活适配不同手术类型、护理场景的文书管理要求，满足院内护理文书规范化管理需求。 +---------------------------------------------------------------------------------------------------------------------------------,正偏离/无偏离,平台已实现（详见对应功能模块）
1416,★,,提供文书对外服务功能，可通过指定地址、专用查阅工具等方式，向院内其他信息系统开放文书调阅权限，实现文书数据共享，提升多系统协同效率。 +------------------------------------------------------------------------------------------------------------------------------------,正偏离/无偏离,平台已实现（详见对应功能模块）
1417,★,,手术室内区域电子看板屏支持多院区、多住院楼手术信息同步展示，可实时查看手术排程详情及各手术进程动态，清晰呈现每个手术间的具体进展（含患者入室、麻醉开始、手术开始、手术结束、患者出室等关键节点），助力医护人员精准掌握手术节奏。 +--------------------------------------------------------------------------------------,外部条件,需医保局/省平台等外部环境开通后联调
1418,★,,配备患者家属手术进程看板，专门用于向家属展示患者手术相关状态，兼顾信息公开与隐私保护，提升家属就医体验。 +--------------------------------------------------------------------------------------------------------------------------------------------------,正偏离/无偏离,平台已实现（详见对应功能模块）
1419,★,,患者家属等待区域电子看板屏聚焦家属核心需求，与手术室内看板屏进行功能区分，仅展示病房等待、手术中、返回病房等基础手术状态，简洁明了，方便家属快速获取患者手术进展。 +---------------------------------------------------------------------------------------------------------------------,外部条件,需医保局/省平台等外部环境开通后联调
1420,★,,系统支持自定义设置大屏刷新时间，可针对手术入室、手术开始、手术结束等不同手术事件，自动触发公告内容显示，便于医护人员通过大屏实时掌握当日手术整体开展情况，提升工作协同效率。 +----------------------------------------------------------------------------------------------------------------,正偏离/无偏离,平台已实现（详见对应功能模块）
1421,★,,严格遵循《麻醉专业医疗质量控制指标（2022版）》标准，提供完善的麻醉质控指标功能；质控数据可通过院内业务系统自动抓取，上线前可结合医院实际运营情况，灵活调整数据抓取触发点，确保质控数据精准适配院内管理需求。 +----------------------------------------------------------------------------------------------,正偏离/无偏离,平台已实现（详见对应功能模块）
1422,★,,具备质控指标展示及数据占比分析功能，支持查看各质控指标数据占比详情，可对占比准确性进行核对校验，为管理者全面、详细掌握麻醉质控情况提供数据支撑。 +------------------------------------------------------------------------------------------------------------------------------,正偏离/无偏离,平台已实现（详见对应功能模块）
1423,★,,单个麻醉质控指标可通过可视化图形直观展示数据占比，支持穿透查看指标详细信息；详细信息按分子、分母清晰区分，且支持导出为EXCEL表格，方便管理者进行数据统计、分析与归档。 +-----------------------------------------------------------------------------------------------------------------,正偏离/无偏离,平台已实现（详见对应功能模块）
1424,★,,重点展示每日首台量、首台手术患者所属科室、准点开台数量、准点开台率、延迟开台数量、延迟开台量；其中首台量、准点开台数量、延迟开台数量可展示取值明细。 +----------------------------------------------------------------------------------------------------------------------------,正偏离/无偏离,平台已实现（详见对应功能模块）
1425,★,,重点展示手术台数、总计手术时长、总计接台时长、入室时间、平均接台时长；其中手术台数可展示取值明细。 +-----------------------------------------------------------------------------------------------------------------------------------------------------,正偏离/无偏离,平台已实现（详见对应功能模块）
1426,★,,取消手术涵盖手术申请、手术排程、入室前、手术过程中四个阶段，重点统计各阶段取消手术数量，并可展示每个条目的取值明细。 +--------------------------------------------------------------------------------------------------------------------------------------------,正偏离/无偏离,平台已实现（详见对应功能模块）
1427,★,,重点展示开始日期与结束日期不在同一自然日的各类手术数量，包含取值明细。 +-------------------------------------------------------------------------------------------------------------------------------------------------------------------,正偏离/无偏离,平台已实现（详见对应功能模块）
1428,★,,统计院内各类已开展手术数量（如择期手术、急诊手术、日间手术等），可展示各类手术数量的取值明细。 +-------------------------------------------------------------------------------------------------------------------------------------------------------,正偏离/无偏离,平台已实现（详见对应功能模块）
1429,★,,当出现患者死亡时，获取患者ASA分级并建立对应关系，展示各ASA级别对应的死亡患者数量，可查询取值明细。 +--------------------------------------------------------------------------------------------------------------------------------------------------,正偏离/无偏离,平台已实现（详见对应功能模块）
1430,★,,按照麻醉方式字典统计各类麻醉开展数量（如椎管内麻醉、全身麻醉、神经阻滞麻醉），可查询取值明细。 +-------------------------------------------------------------------------------------------------------------------------------------------------------,正偏离/无偏离,平台已实现（详见对应功能模块）
1431,★,,"获取手术申请信息中麻醉方式为""局麻""的患者及所属科室，建立关联关系，展示院内各临床科室开展的局麻手术数量，包含取值明细。 +------------------------------------------------------------------------------------------------------------------------------------------",正偏离/无偏离,平台已实现（详见对应功能模块）
1432,★,,统计术中发生输血的血制品类型及对应总量，包含各项血制品使用的取值明细。 +-------------------------------------------------------------------------------------------------------------------------------------------------------------------,正偏离/无偏离,平台已实现（详见对应功能模块）
1433,★,,"统计术中输注""自体血""的情况，按输注量分别统计输注人数，包含输注人的详细信息。 +---------------------------------------------------------------------------------------------------------------------------------------------------------------",正偏离/无偏离,平台已实现（详见对应功能模块）
1434,★,,重点统计输血患者数、输注自体血患者数量、非自体血患者数量，可查看各项数据的取值明细。 +------------------------------------------------------------------------------------------------------------------------------------------------------------,正偏离/无偏离,平台已实现（详见对应功能模块）
1435,★,,"获取""出量""中含有""血量""的患者数量，并按出血量（如400ml以下、400-1000ml）分别统计患者数量，可查看各项数据的取值明细。 +-----------------------------------------------------------------------------------------------------------------------------------",正偏离/无偏离,平台已实现（详见对应功能模块）
1436,★,,统计手术患者年龄分布，计算各年龄段患者数量及性别，可查看各项数据的取值明细。 +----------------------------------------------------------------------------------------------------------------------------------------------------------------,正偏离/无偏离,平台已实现（详见对应功能模块）
1437,★,,统计每日镇痛泵使用情况，包括每日新增数量、拆泵数量、使用量，可查看各项数据的取值明细。 +-----------------------------------------------------------------------------------------------------------------------------------------------------------,正偏离/无偏离,平台已实现（详见对应功能模块）
1438,★,,统计指定时间段内开展的手术及手术数量，手术名称以ICD-9字典为标准，可查看各项数据的取值明细。 +------------------------------------------------------------------------------------------------------------------------------------------------------,正偏离/无偏离,平台已实现（详见对应功能模块）
1439,★,,统计指定时间段内开展的手术及对应手术级别，手术名称以ICD-9字典为标准，手术级别以标准版提供的手术名称对应级别为准，可查看各项数据的取值明细。 +------------------------------------------------------------------------------------------------------------------------------,正偏离/无偏离,平台已实现（详见对应功能模块）
1440,★,,"数据来源为麻醉记录单中""麻醉质量评估单""选取的""麻醉效果""指标，供管理者查询指定时间段内""麻醉效果""数据及取值明细。 +--------------------------------------------------------------------------------------------------------------------------------------------",正偏离/无偏离,平台已实现（详见对应功能模块）
1441,★,,"数据来源为麻醉记录单中""非计划再次手术""信息，或对接院内手术申请中标记的非计划再次手术数据，供管理者查询指定时间段内相关数据及取值明细。 +----------------------------------------------------------------------------------------------------------------------------------",正偏离/无偏离,平台已实现（详见对应功能模块）
1442,★,,"数据来源为""重返手术室修改麻醉记录单""的操作数据，供管理者查询指定时间段内相关数据及取值明细。 +-------------------------------------------------------------------------------------------------------------------------------------------------------",正偏离/无偏离,平台已实现（详见对应功能模块）
1443,,,统计指定时间段内恢复室安床患者数量、延迟苏醒、入室低体温、苏醒评分异常等数据，包含取值明细。 +--------------------------------------------------------------------------------------------------------------------------------------------------------,正偏离/无偏离,平台已实现（详见对应功能模块）
1444,★,,统计指定时间段内开具的毒麻药品、药品信息、开具医生等详细信息。 +-----------------------------------------------------------------------------------------------------------------------------------------------------------------------,正偏离/无偏离,平台已实现（详见对应功能模块）
1445,★,,统计指定时间段内开具的肌松药、药品信息、开具医生等详细信息。 +------------------------------------------------------------------------------------------------------------------------------------------------------------------------,正偏离/无偏离,平台已实现（详见对应功能模块）
1446,★,,统计指定时间段内计划、非计划转入ICU，以及计划、非计划转入苏醒室的数据，包含取值明细。 +----------------------------------------------------------------------------------------------------------------------------------------------------------,正偏离/无偏离,平台已实现（详见对应功能模块）
1447,★,,统计指定时间段内计划、非计划手术室内插管、苏醒室内插管、再次插管、拔管、带管出室的患者数据，包含取值明细。 +-------------------------------------------------------------------------------------------------------------------------------------------------,正偏离/无偏离,平台已实现（详见对应功能模块）
1448,★,,统计指定时间段内有创操作（如动脉穿刺置管、颈外静脉穿刺置管等）的数据，包含取值明细。 +------------------------------------------------------------------------------------------------------------------------------------------------------------,正偏离/无偏离,平台已实现（详见对应功能模块）
1449,★,,"统计指定时间段内""抢救""患者的数据，包含取值明细。 +-----------------------------------------------------------------------------------------------------------------------------------------------------------------------------",正偏离/无偏离,平台已实现（详见对应功能模块）
1450,★,,统计指定时间段内发生的不良事件名称、发生数量，包含取值明细。 +------------------------------------------------------------------------------------------------------------------------------------------------------------------------,正偏离/无偏离,平台已实现（详见对应功能模块）
1451,★,,系统整体采用用户、角色、功能权限的多层级管理方式，实现对功能、数据、业务的全面管理。 +------------------------------------------------------------------------------------------------------------------------------------------------------------,正偏离/无偏离,平台已实现（详见对应功能模块）
1452,★,,提供操作日志管理功能，日志可记录并呈现用户在系统内的所有操作（包括操作人、操作时间、操作内容等）。 +-----------------------------------------------------------------------------------------------------------------------------------------------------,正偏离/无偏离,平台已实现（详见对应功能模块）
1453,★,,支持基础数据的管理及更新，包括但不限于用户信息、字典信息、麻醉信息、耗材信息、药品信息、器械信息、管路信息等。 +-----------------------------------------------------------------------------------------------------------------------------------------------,正偏离/无偏离,平台已实现（详见对应功能模块）
1454,★,,+-------------------------------+-----------------------------------------------------------------------------------------------------------------------------------------------------------------------,待复核,初评未匹配，须项目组逐条人工确认
1677,,,支持床旁设备在线绑定，通过网络或串口实现监护仪等设备数据与床位的自动化关联采集。 +------------------------------------------------------------------------------------------------------------+,正偏离/无偏离,平台已实现（详见对应功能模块）
1678,,,支持自定义患者标签管理，实现对新入科、使用呼吸机或高危导管等特定患者的快速分类与筛选。 +------------------------------------------------------------------------------------------------------------+,正偏离/无偏离,平台已实现（详见对应功能模块）
1679,,,支持床位看板功能，直观展示科室总床位、在科人数、空床及24小时入出科等实时动态指标。 +------------------------------------------------------------------------------------------------------------+,正偏离/无偏离,平台已实现（详见对应功能模块）
1680,,,支持患者全量信息维护，自动提取入科数据并支持身高、体重等必填项的补录与校验。 +------------------------------------------------------------------------------------------------------------+,正偏离/无偏离,平台已实现（详见对应功能模块）
1681,,,支持医护小组床位归属设置，方便登录人员快速检索并管理本人管辖的患者列表。 +------------------------------------------------------------------------------------------------------------+,正偏离/无偏离,平台已实现（详见对应功能模块）
1682,,,支持床位卡、大图标、列表等多种视图切换，直观呈现患者入科时长、基本体征、管路风险及各类动态评估结果。 +------------------------------------------------------------------------------------------------------------+,正偏离/无偏离,平台已实现（详见对应功能模块）
1683,,,支持个性化预警配置，允许根据不同患者病情设定针对性的观察项阈值及异常提醒范围。 +------------------------------------------------------------------------------------------------------------+,正偏离/无偏离,平台已实现（详见对应功能模块）
1684,,,支持患者状态差异化显示，通过不同颜色及标识区分护理级别、外出状态及病情危重程度。 +------------------------------------------------------------------------------------------------------------+,正偏离/无偏离,平台已实现（详见对应功能模块）
1685,,,支持护理项目批量处理，提高多名患者共性监测数据或记录的录入效率。 +------------------------------------------------------------------------------------------------------------+ +-------------------------------------------------------,正偏离/无偏离,平台已实现（详见对应功能模块）
1686,,,支持出科患者历史档案检索，可基于出科时间、姓名及住院号等维度执行快速定位。 +------------------------------------------------------------------------------------------------------------+,正偏离/无偏离,平台已实现（详见对应功能模块）
1687,,,支持在科患者列表管理，提供主管医生、主诊断、入科时间、标签及重点关注备注的集成视图。 +------------------------------------------------------------------------------------------------------------+,正偏离/无偏离,平台已实现（详见对应功能模块）
1688,,,支持出科患者详情查阅，方便医护人员进行历史诊疗数据调取、补录及统计分析。 +------------------------------------------------------------------------------------------------------------+ 医生工作站 +---------------------------------------------,正偏离/无偏离,平台已实现（详见对应功能模块）
1689,,,支持时间轴式医疗足迹展示，通过可视化方式完整还原患者从入科到出科的诊疗全过程。 +------------------------------------------------------------------------------------------------------------+,正偏离/无偏离,平台已实现（详见对应功能模块）
1690,,,支持同步HIS医嘱数据，实现医嘱详情的分类检索与闭环执行状态追踪。 +------------------------------------------------------------------------------------------------------------+,正偏离/无偏离,平台已实现（详见对应功能模块）
1691,,,支持临床计算辅助工具，提供电解质计算、补钠补铁等重症常用快捷公式及换算规则。 +------------------------------------------------------------------------------------------------------------+,正偏离/无偏离,平台已实现（详见对应功能模块）
1692,,,支持医生站患者概览，实时显示基本资料、主诊断及过敏史，并支持患者间的快速无缝切换。 +------------------------------------------------------------------------------------------------------------+,正偏离/无偏离,平台已实现（详见对应功能模块）
1693,,,支持结构化评估体系，围绕诊断、检验检查、导管维护及文书等模块进行风险评价与记录。 +------------------------------------------------------------------------------------------------------------+,正偏离/无偏离,平台已实现（详见对应功能模块）
1694,,,支持患者病情画像功能，通过各系统监测模型直观评估器官指标走势、评估结果及体征趋势图。 +------------------------------------------------------------------------------------------------------------+,正偏离/无偏离,平台已实现（详见对应功能模块）
1695,,,支持专科特查项目记录，提供查房评估、重症超声及重要器官监测等深度监测内容的录入与追踪。 +------------------------------------------------------------------------------------------------------------+ +--------------------------------------------,正偏离/无偏离,平台已实现（详见对应功能模块）
1696,,,支持医生快捷交接班，自动汇总患者诊断、抗菌药使用、异常指标及注意事项，实现重点关注情况的快速交接。 +------------------------------------------------------------------------------------------------------------+,正偏离/无偏离,平台已实现（详见对应功能模块）
1697,,,支持医生班次自定义维护，实现对不同岗位、时段排班基础信息的规范化管理。 +------------------------------------------------------------------------------------------------------------+,正偏离/无偏离,平台已实现（详见对应功能模块）
1698,,,支持医生分组与可视化排班，提供拖拽式快捷操作、排班打印及历史排班方案查阅功能。 +------------------------------------------------------------------------------------------------------------+,正偏离/无偏离,平台已实现（详见对应功能模块）
1699,,,支持排班日历化查询，提供医生个人班次及科室整体维度的出勤概览。 +------------------------------------------------------------------------------------------------------------+ 护士工作站 +--------------------------------------------------,正偏离/无偏离,平台已实现（详见对应功能模块）
1700,,,支持设备数据自动采集配置，可灵活设定采样频率与监测项，并根据设定频率自动生成护理监测记录。 +------------------------------------------------------------------------------------------------------------+,正偏离/无偏离,平台已实现（详见对应功能模块）
1701,,,支持自动化出入量管理，同步医嘱用药入量与引流管出量，实现每小时及累计总量的自动统计与平衡量汇总。 +------------------------------------------------------------------------------------------------------------+,正偏离/无偏离,平台已实现（详见对应功能模块）
1702,,,支持可视化管路管理，利用人体图与甘特图实时呈现插管情况，涵盖新置、拔除记录及导管有效期预警提醒。 +------------------------------------------------------------------------------------------------------------+,正偏离/无偏离,平台已实现（详见对应功能模块）
1703,,,支持护士站患者信息快速检索，实时同步并呈现床号、主诊断及过敏史等关键信息以确保护理安全。 +------------------------------------------------------------------------------------------------------------+,正偏离/无偏离,平台已实现（详见对应功能模块）
1704,,,支持护理监测集成化记录，涵盖生命体征、意识瞳孔等数据，提供趋势分析、批量签名及按班次查看等功能。 +------------------------------------------------------------------------------------------------------------+,正偏离/无偏离,平台已实现（详见对应功能模块）
1705,,,支持多维风险评分评估，能够自动提取临床数据并转换相应分值，通过趋势图直观展示病情演变。 +------------------------------------------------------------------------------------------------------------+,正偏离/无偏离,平台已实现（详见对应功能模块）
1706,,,支持皮肤压力性损伤专项监测，通过人体部位字典记录压疮或皮炎位置、性状，并实现日常护理记录的动态维护。 +------------------------------------------------------------------------------------------------------------+,正偏离/无偏离,平台已实现（详见对应功能模块）
1707,,,支持闭环医嘱管理，同步HIS医嘱执行状态，允许对持续性泵入医嘱进行流速调整及入量自动计入。 +------------------------------------------------------------------------------------------------------------+,正偏离/无偏离,平台已实现（详见对应功能模块）
1708,,,支持结构化护理记录书写，提供内置专业模版并支持一键引入生命体征、检验检查及评分等数据。 +------------------------------------------------------------------------------------------------------------+,正偏离/无偏离,平台已实现（详见对应功能模块）
1709,,,支持护理文书统一管控与归档，实现知情同意书、沟通记录等电子化文书的防篡改管理及授权后的解除归档操作。 +------------------------------------------------------------------------------------------------------------+ +-------------------------------------,正偏离/无偏离,平台已实现（详见对应功能模块）
1710,,,支持护士交接班自动化汇总，涵盖体征、用药、管路等数据，一键生成交班小结及记录单。 +------------------------------------------------------------------------------------------------------------+,正偏离/无偏离,平台已实现（详见对应功能模块）
1711,,,支持护士班次及时间范围维护，确保护理人力资源分配的科学性与规范性。 +------------------------------------------------------------------------------------------------------------+,正偏离/无偏离,平台已实现（详见对应功能模块）
1712,,,支持护士快捷排班管理，通过拖拽方式完成人员分组、排班发布及历史方案检索。 +------------------------------------------------------------------------------------------------------------+,正偏离/无偏离,平台已实现（详见对应功能模块）
1713,,,支持护士排班全景查询，以日历表形式提供科室护理力量的整体排布视图。 +------------------------------------------------------------------------------------------------------------+ +------------------------------------------------------,正偏离/无偏离,平台已实现（详见对应功能模块）
1714,,,支持质控报表上报管理，支持按自定义周期生成、标记或作废各类质控统计文档。 +------------------------------------------------------------------------------------------------------------+,正偏离/无偏离,平台已实现（详见对应功能模块）
1715,,,支持国家规范化质控指标监测，自动统计VAP、CRBSI、死亡指数（SMR）等核心指标并生成趋势图表。 +------------------------------------------------------------------------------------------------------------+,正偏离/无偏离,平台已实现（详见对应功能模块）
1716,,,支持质控指标明细溯源，可直接穿透查看与特定统计结果关联的患者临床明细记录。 +------------------------------------------------------------------------------------------------------------+ +--------------------------------------------------,正偏离/无偏离,平台已实现（详见对应功能模块）
1717,,,支持临床消息中心功能，实时推送患者出入科、预警通知、危急值及APACHEⅡ评估提醒。 +------------------------------------------------------------------------------------------------------------+,正偏离/无偏离,平台已实现（详见对应功能模块）
1718,,,.支持系统公告发布功能，实现科室内部人员信息的定向分发与查阅管理。 +------------------------------------------------------------------------------------------------------------+ +------------------------------------------------------,正偏离/无偏离,平台已实现（详见对应功能模块）
1719,,,支持业务统计报表定制，涵盖管路、压疮、体征及工作量等核心业务的数据汇总。 +------------------------------------------------------------------------------------------------------------+,正偏离/无偏离,平台已实现（详见对应功能模块）
1720,,,支持业务趋势可视化展示，利用分类饼图、统计图表直观反映科室运行效率与质量。 +------------------------------------------------------------------------------------------------------------+ 系统设置 +---------------------------------------------,正偏离/无偏离,平台已实现（详见对应功能模块）
1721,,,支持人员组织架构管理，实现医护分组、权限分配及出入科职能控制。 +------------------------------------------------------------------------------------------------------------+,正偏离/无偏离,平台已实现（详见对应功能模块）
1722,,,支持床位资源动态配置，同步HIS床位状态并支持隔离房、正负压床位等属性定义。 +------------------------------------------------------------------------------------------------------------+,正偏离/无偏离,平台已实现（详见对应功能模块）
1723,,,支持导管分类字典管理，规范化定义科室常见管路类型及属性匹配规则。 +------------------------------------------------------------------------------------------------------------+,正偏离/无偏离,平台已实现（详见对应功能模块）
1724,,,支持导管参数个性化配置，允许新增管路类别并定义其维护要点与有效期指标。 +------------------------------------------------------------------------------------------------------------+,正偏离/无偏离,平台已实现（详见对应功能模块）
1725,,,支持设备资产全局管控，实现对监护仪、呼吸机等硬件的分类登记、状态记录与导出归档。 +------------------------------------------------------------------------------------------------------------+ 审计记录管控 +----------------------------------------,正偏离/无偏离,平台已实现（详见对应功能模块）
1726,,,支持系统日志追踪功能，详尽记录操作事件、响应时间及终端IP等底层运行数据。 +------------------------------------------------------------------------------------------------------------+,待复核,初评未匹配，须项目组逐条人工确认
1727,,,支持用户操作痕迹审计，在权限范围内对各环节人员的操作时间、行为及行为记录进行追溯。 +------------------------------------------------------------------------------------------------------------+ 平台信息系统设置 +-------------------------------------,正偏离/无偏离,平台已实现（详见对应功能模块）
1728,,,支持可视化看板配置，允许自定义床位图字段、预警配色及床位卡快捷操作。 +------------------------------------------------------------------------------------------------------------+,正偏离/无偏离,平台已实现（详见对应功能模块）
1729,,,支持质控与业务指标配置，根据医院实际需求灵活调整统计逻辑与评价标准。 +------------------------------------------------------------------------------------------------------------+,正偏离/无偏离,平台已实现（详见对应功能模块）
1730,,,支持集成平台接口配置，实现与HIS、LIS、PACS等系统的互联互通参数管理。 +------------------------------------------------------------------------------------------------------------+,正偏离/无偏离,平台已实现（详见对应功能模块）
1731,,,支持设备生命周期管理，记录采购信息、使用时长、借还及维修保养的全过程动态。 +------------------------------------------------------------------------------------------------------------+ 业务设置 +---------------------------------------------,正偏离/无偏离,平台已实现（详见对应功能模块）
1732,,,支持业务模块弹性配置，可自由组合护理项目、评分模版、交班及患者画像等功能单元。 +------------------------------------------------------------------------------------------------------------+ 重症不良事件 +-----------------------------------------,正偏离/无偏离,平台已实现（详见对应功能模块）
1733,,,支持重症不良事件管理，实现非计划拔管等意外事件的分类查询、上报与质量分析。 +------------------------------------------------------------------------------------------------------------+ 字典库 +----------------------------------------------,正偏离/无偏离,平台已实现（详见对应功能模块）
1734,,,支持系统基础字典库维护，统一配置医疗术语、护理字段及人体部位等标准元数据。 +------------------------------------------------------------------------------------------------------------+ 基础配置 +---------------------------------------------,正偏离/无偏离,平台已实现（详见对应功能模块）
1735,★,,支持平台UI与基础参数管理，实现菜单架构、Logo及门户页面的个性化设置。 +------------------------------------------------------------------------------------------------------------+ +-------------------------------+------------------,正偏离/无偏离,平台已实现（详见对应功能模块）
1736,,,具备采集工作站检验条码打印功能。 +--------------------------------------------------------------------------------------------------------------------------------------------------------------------------------------,正偏离/无偏离,平台已实现（详见对应功能模块）
1737,,,具备采集工作站签到、叫号采血功能。 +-------------------------------------------------------------------------------------------------------------------------------------------------------------------------------------,正偏离/无偏离,平台已实现（详见对应功能模块）
1738,,,具备检验病人基本信息生成，从HIS中直接获取检验病人的相关信息或采用手工方式输入。 +-------------------------------------------------------------------------------------------------------------------------------------------------------------,正偏离/无偏离,平台已实现（详见对应功能模块）
1739,,,具备标本信息录入：包括标本种类、采集部位、采集日期。 +----------------------------------------------------------------------------------------------------------------------------------------------------------------------------,正偏离/无偏离,平台已实现（详见对应功能模块）
1740,,,具备条码生成与打印、发放：手工或自动生成检验条码，支持一式多份，患者留底使用。 +---------------------------------------------------------------------------------------------------------------------------------------------------------------,正偏离/无偏离,平台已实现（详见对应功能模块）
1741,,,采集工作站支持检验报告打印和发放。 +-------------------------------------------------------------------------------------------------------------------------------------------------------------------------------------,正偏离/无偏离,平台已实现（详见对应功能模块）
1742,,,支持快速生成条码；具有导入文件自动生成打印条码。 +------------------------------------------------------------------------------------------------------------------------------------------------------------------------------,正偏离/无偏离,平台已实现（详见对应功能模块）
1743,,,支持系统记录标本从开单到检验科签收整个过程和时间节点操作人。 +------------------------------------------------------------------------------------------------------------------------------------------------------------------------,正偏离/无偏离,平台已实现（详见对应功能模块）
1744,,,可通过显示屏监控提醒标本流转过程中超时标本，配置标本流程时间。 +-----------------------------------------------------------------------------------------------------------------------------------------------------------------------,正偏离/无偏离,平台已实现（详见对应功能模块）
1745,,,支持标本流转支持多机构、多院区。满足跨院区检验科业务。 +---------------------------------------------------------------------------------------------------------------------------------------------------------------------------,正偏离/无偏离,平台已实现（详见对应功能模块）
1746,,,具备标本签收计费功能，计费失败有提示。 +-----------------------------------------------------------------------------------------------------------------------------------------------------------------------------------,正偏离/无偏离,平台已实现（详见对应功能模块）
1747,,,签收的标本根据自动编号规则，自动把标本信息分配到对应检验工作站；实现自动编号登记业务。 +-----------------------------------------------------------------------------------------------------------------------------------------------------------,正偏离/无偏离,平台已实现（详见对应功能模块）
1748,,,具备不合格标本拒收功能；记录拒收信息。 +-----------------------------------------------------------------------------------------------------------------------------------------------------------------------------------,正偏离/无偏离,平台已实现（详见对应功能模块）
1749,,,具有自动编号规则功能。规则维护修改。 +------------------------------------------------------------------------------------------------------------------------------------------------------------------------------------,待复核,初评未匹配，须项目组逐条人工确认
1750,,,支持标本在检验过程中，可以随时查询标本状态。 +--------------------------------------------------------------------------------------------------------------------------------------------------------------------------------,正偏离/无偏离,平台已实现（详见对应功能模块）
1751,,,支持设备联机功能，实现各类设备仪器与信息系统的信息通讯，自动将数据送入网络，并进行模式识别，判断为何种资料，实现自动化。 +------------------------------------------------------------------------------------------------------------------------------------------,配套产品响应,属设备配套软件/商用知识库/CA 等产品参数，平台已留标准接入点
1752,,,单向设备：完成仪器原始数据采集及解析，包括各种传输模式（串口、网口、USB、读文件）。\ 双向设备：对于支持条码读取的仪器，本模块可以使仪器实现双向通信的功能，仪器可以通过读取试管上的条码，自动获取条码信息对应的检验医嘱信息，自动测试检验项目，仪器不会漏检检验项目，并且与标本放的位置也无关，只与条码信息相关，可以杜绝标本的张冠李戴的差错，对于做的项目，系统可以预先设定稀释倍数，从而大大提高检验的工,配套产品响应,属设备配套软件/商用知识库/CA 等产品参数，平台已留标准接入点
1753,,,具备通过条码扫描自动显示病人信息、医嘱信息，能自动关联显示检验项目。 +--------------------------------------------------------------------------------------------------------------------------------------------------------------------,正偏离/无偏离,平台已实现（详见对应功能模块）
1754,,,具备手工录入病人基本信息。 +-----------------------------------------------------------------------------------------------------------------------------------------------------------------------------------------,待复核,初评未匹配，须项目组逐条人工确认
1755,,,具备批量处理：提供标本或结果信息的批量复制、替换、删除、合并、结果录入操作。 +----------------------------------------------------------------------------------------------------------------------------------------------------------------,正偏离/无偏离,平台已实现（详见对应功能模块）
1756,,,具备标本编排或条码分检。 +------------------------------------------------------------------------------------------------------------------------------------------------------------------------------------------,正偏离/无偏离,平台已实现（详见对应功能模块）
1757,,,支持手工项目的数据录入，手工输入登记信息。 +---------------------------------------------------------------------------------------------------------------------------------------------------------------------------------,待复核,初评未匹配，须项目组逐条人工确认
1758,,,具备检验报告的最终审核功能。 +----------------------------------------------------------------------------------------------------------------------------------------------------------------------------------------,正偏离/无偏离,平台已实现（详见对应功能模块）
1759,,,具备对比审核、阈值自动审核功能。 +--------------------------------------------------------------------------------------------------------------------------------------------------------------------------------------,待复核,初评未匹配，须项目组逐条人工确认
1760,,,支持阈值自动审核机制。 +-------------------------------------------------------------------------------------------------------------------------------------------------------------------------------------------,待复核,初评未匹配，须项目组逐条人工确认
1761,,,具备实现检验电子报告的网络发布。 +--------------------------------------------------------------------------------------------------------------------------------------------------------------------------------------,正偏离/无偏离,平台已实现（详见对应功能模块）
1762,,,支持智能分组与智能审核项目设定。 +--------------------------------------------------------------------------------------------------------------------------------------------------------------------------------------,正偏离/无偏离,平台已实现（详见对应功能模块）
1763,,,支持项目质控的确定。 +--------------------------------------------------------------------------------------------------------------------------------------------------------------------------------------------,待复核,初评未匹配，须项目组逐条人工确认
1764,,,支持审核范围类型和范围判断（危急值类型判断、仪器报警信息、极限值高低）。 +------------------------------------------------------------------------------------------------------------------------------------------------------------------,配套产品响应,属设备配套软件/商用知识库/CA 等产品参数，平台已留标准接入点
1765,,,支持ICD诊断的关键字跟检验项目做判断。 +----------------------------------------------------------------------------------------------------------------------------------------------------------------------------------,正偏离/无偏离,平台已实现（详见对应功能模块）
1766,,,支持智能审核历史结果分析。 +-----------------------------------------------------------------------------------------------------------------------------------------------------------------------------------------,待复核,初评未匹配，须项目组逐条人工确认
1767,,,支持与三方系统对接完成数字签名认证。 +------------------------------------------------------------------------------------------------------------------------------------------------------------------------------------,正偏离/无偏离,平台已实现（详见对应功能模块）
1768,,,报告系统支持查看医嘱信息、电子病历信息、350视图等。 +---------------------------------------------------------------------------------------------------------------------------------------------------------------------------,正偏离/无偏离,平台已实现（详见对应功能模块）
1769,,,支持采用数据存储和PDF存储检验报告，PDF保证检验报告的一致性。 +---------------------------------------------------------------------------------------------------------------------------------------------------------------------,正偏离/无偏离,平台已实现（详见对应功能模块）
1770,,,支持门诊自助打印检验报告功能。 +---------------------------------------------------------------------------------------------------------------------------------------------------------------------------------------,正偏离/无偏离,平台已实现（详见对应功能模块）
1771,,,支持医生站打印查看报告对比功能。 +--------------------------------------------------------------------------------------------------------------------------------------------------------------------------------------,正偏离/无偏离,平台已实现（详见对应功能模块）
1772,,,支持移动端查看检验报告。 +------------------------------------------------------------------------------------------------------------------------------------------------------------------------------------------,正偏离/无偏离,平台已实现（详见对应功能模块）
1773,,,支持通过安装虚拟设备接口，运行一个仿真客户端，测试和培训检验人员。 +---------------------------------------------------------------------------------------------------------------------------------------------------------------------,正偏离/无偏离,平台已实现（详见对应功能模块）
1774,,,具备危急值判定功能，通过颜色或声音提示检验医师。出现危急值能弹框提醒 +--------------------------------------------------------------------------------------------------------------------------------------------------------------------,正偏离/无偏离,平台已实现（详见对应功能模块）
1775,,,具备危急值自定义规则设置功能。支持标本、科室等条件判定。 +--------------------------------------------------------------------------------------------------------------------------------------------------------------------------,正偏离/无偏离,平台已实现（详见对应功能模块）
1776,,,支持与临床信息系统对接，将危急值报告发布至临床，危急值处理过程闭环管理。 +------------------------------------------------------------------------------------------------------------------------------------------------------------------,正偏离/无偏离,平台已实现（详见对应功能模块）
1777,,,具备查看危急值的处理措施记录和过程信息（包含接收科室、接收人、接收时间、处理情况）。 +------------------------------------------------------------------------------------------------------------------------------------------------------------,正偏离/无偏离,平台已实现（详见对应功能模块）
1778,,,实现质控数据的自动分析与失控提醒。 +-------------------------------------------------------------------------------------------------------------------------------------------------------------------------------------,正偏离/无偏离,平台已实现（详见对应功能模块）
1779,,,实现基于病人检验数据的质控分析。 +--------------------------------------------------------------------------------------------------------------------------------------------------------------------------------------,正偏离/无偏离,平台已实现（详见对应功能模块）
1780,,,建立相关校验标准，实现异常检验结果的分离，确保检验结果的可靠性。 +----------------------------------------------------------------------------------------------------------------------------------------------------------------------,正偏离/无偏离,平台已实现（详见对应功能模块）
1781,,,实现检验标本的跟踪。 +--------------------------------------------------------------------------------------------------------------------------------------------------------------------------------------------,正偏离/无偏离,平台已实现（详见对应功能模块）
1782,,,支持实验室室内质控管理，包括质控规划、失控分析、质控月报表、质控日报表、质控比对及评价。质控月报表，支持各种质控图（包括Westgard图、Youden图、多规则Sheward图、L-J定性质控图），并根据各个质控图的失控规则，来判断该项目是否失控。 +-------------------------------------------------------------------------,正偏离/无偏离,平台已实现（详见对应功能模块）
1783,,,具备质控月总结报表、质控失控分析报表、质控项目开展报表、质控项目开展情况表报、均值标准差变异系数统计、质控项目变异系数不合格率分析、失控及纠正次数统计分析质控分析。 +--------------------------------------------------------------------------------------------------------------------,正偏离/无偏离,平台已实现（详见对应功能模块）
1784,,,支持微生物标本管理、细菌管理、抗生素管理、折点管理、涂片结果维护、药敏板管理基础信息维护。 +---------------------------------------------------------------------------------------------------------------------------------------------------------,配套产品响应,属设备配套软件/商用知识库/CA 等产品参数，平台已留标准接入点
1785,,,支持微生物三级报告、支持微生物条码补打、涂片登记簿打印。 +--------------------------------------------------------------------------------------------------------------------------------------------------------------------------,配套产品响应,属设备配套软件/商用知识库/CA 等产品参数，平台已留标准接入点
1786,,,支持微生物培养鉴定、图像采集、图像存储功能。 +--------------------------------------------------------------------------------------------------------------------------------------------------------------------------------,配套产品响应,属设备配套软件/商用知识库/CA 等产品参数，平台已留标准接入点
1787,,,支持多重耐药危急值消息发送、支持标记MASA、VER。 +---------------------------------------------------------------------------------------------------------------------------------------------------------------------------,正偏离/无偏离,平台已实现（详见对应功能模块）
1788,,,支持WHONET对接、支持导出DBF文件。 +---------------------------------------------------------------------------------------------------------------------------------------------------------------------------------,正偏离/无偏离,平台已实现（详见对应功能模块）
1789,,,提供院内感染统计分析，包括标本阳性率、抗生素总耐药性、细菌抗生素耐药性分析，可根据不同条件统计（申请科室、样本类型、细菌等）。 +---------------------------------------------------------------------------------------------------------------------------------------,正偏离/无偏离,平台已实现（详见对应功能模块）
1790,,,具有卫生部临床检验质量指标全过程统计分析。 +---------------------------------------------------------------------------------------------------------------------------------------------------------------------------------,正偏离/无偏离,平台已实现（详见对应功能模块）
1791,,,支持对检验科工作标本登记工作量统计、检验标本采集工作量统计、检验医师工作量统计、支持对检验信息的收费统计和工作量统计。 +-------------------------------------------------------------------------------------------------------------------------------------------,正偏离/无偏离,平台已实现（详见对应功能模块）
1792,,,实现基于病历号的检验数据动态分析。 +-------------------------------------------------------------------------------------------------------------------------------------------------------------------------------------,正偏离/无偏离,平台已实现（详见对应功能模块）
1793,,,统计信息可以和HIS相关模块双向信息交互报告工作站。 +----------------------------------------------------------------------------------------------------------------------------------------------------------------------------,正偏离/无偏离,平台已实现（详见对应功能模块）
1794,,,检验时效性统计、检验标本合格率统计、检验科业绩收入方面的统计。 +-----------------------------------------------------------------------------------------------------------------------------------------------------------------------,正偏离/无偏离,平台已实现（详见对应功能模块）
1795,,,支持传染病相关统计。 +--------------------------------------------------------------------------------------------------------------------------------------------------------------------------------------------,正偏离/无偏离,平台已实现（详见对应功能模块）
1796,,,具有耐药菌统计分析模块。 +------------------------------------------------------------------------------------------------------------------------------------------------------------------------------------------,正偏离/无偏离,平台已实现（详见对应功能模块）
1797,,,支持岗位工作量、费用人数：如生化组 免疫、临检、微生物在统计时间段内处理的标本数、申请项目数和检验费用。 +--------------------------------------------------------------------------------------------------------------------------------------------------,配套产品响应,属设备配套软件/商用知识库/CA 等产品参数，平台已留标准接入点
1798,,,支持审核者工作量、月工作量金额统计：如xxx检验师统计期内检验的标本数，xxx检验师计期内审核的标本数及统计期内审核或检验的标本金额。 +-----------------------------------------------------------------------------------------------------------------------------------,正偏离/无偏离,平台已实现（详见对应功能模块）
1799,,,支持周转时间中位数和90%位数(按小项目统计)：根据检验小项目血钾、肌钙蛋白、白细胞计数、国际标准化比值INR、尿常规、甲胎蛋白分别统计病人类型为急诊、住院、门诊的标本总数、中位数和90%位数。 +-----------------------------------------------------------------------------------------------------,正偏离/无偏离,平台已实现（详见对应功能模块）
1800,,,支持周转时间中位数和90%位数：根据生化、免疫、三大常规、凝血四大类分别统计住院标本总数、急诊标本总数，门诊标本总数及住院标本检验前中位数、住院标本实验室内周转时间中位数、急诊标本检验前中位数、急诊标本实验室内周转时间中位数、门诊标本检验前中位数、门诊标本实验室内周转时间中位数、住院标本检验前90%位数、住院标本实验室内周转时间90%位数、急诊标本检验前90%位数、急诊标本实验室内周转时间90%位,正偏离/无偏离,平台已实现（详见对应功能模块）
1801,,,标本TAT流程管理，包括TAT节点的设定、TAT过程记录，TAT过程提醒、检前检中TAT统计分析，支持在各个功能模块查看标本TAT全流程信息，支持通过图形化的模式查看节点信息。 +--------------------------------------------------------------------------------------------------------------,正偏离/无偏离,平台已实现（详见对应功能模块）
1802,★,,+-------------------------------+-----------------------------------------------------------------------------------------------------------------------------------------------------------------------,待复核,初评未匹配，须项目组逐条人工确认
1803,,,系统支持参数化配置，具备多机构部署与独立运营能力。支持大量用血三级审批制度，根据24h申请的血量，区分不同审批等级，包括上级医生审核、主任审核、医务部审核。 +------------------------------------------------------------------------------------------------------------------------,正偏离/无偏离,平台已实现（详见对应功能模块）
1804,,,支持输血申请类型维护，如治疗用血、手术备血、急诊用血、紧急用血等。 +---------------------------------------------------------------------------------------------------------------------------------------------------------------------,正偏离/无偏离,平台已实现（详见对应功能模块）
1805,,,支持输血目的维护和管控。 +------------------------------------------------------------------------------------------------------------------------------------------------------------------------------------------,正偏离/无偏离,平台已实现（详见对应功能模块）
1806,,,支持检验方法维护，在配血过程中使用检验方法，具有灵活的是否可用设置功能。应用在配血检验方法中。 +-------------------------------------------------------------------------------------------------------------------------------------------------------,正偏离/无偏离,平台已实现（详见对应功能模块）
1807,,,支持血型条码预先设置，用于血液入库时要扫码血型条码的编码，实现扫码入库。 +------------------------------------------------------------------------------------------------------------------------------------------------------------------,正偏离/无偏离,平台已实现（详见对应功能模块）
1808,,,支持住院病人支持自动收取血费、交叉配血费、血型检测费、抗体筛查费，系统提供计费参数配置，包括血液费、检验费、交叉配血费相关费用，可按袋或规格计费，根据配血信息自动生成计费单。 +---------------------------------------------------------------------------------------------------------------,正偏离/无偏离,平台已实现（详见对应功能模块）
1809,,,支持配血方法维护，用于交叉配血时选择配血方法。 +-------------------------------------------------------------------------------------------------------------------------------------------------------------------------------,待复核,初评未匹配，须项目组逐条人工确认
1810,,,支持症状特征维护，用于在填写输血不良反应时不良反应的特征。方便后期分析不良反应症状。 +------------------------------------------------------------------------------------------------------------------------------------------------------------,正偏离/无偏离,平台已实现（详见对应功能模块）
1811,,,支持储血位置维护，用于血液入库时选择血液的储血位置。 +----------------------------------------------------------------------------------------------------------------------------------------------------------------------------,正偏离/无偏离,平台已实现（详见对应功能模块）
1812,,,支持症状特征维护，用于在填写输血不良反应时不良反应的特征。 +-------------------------------------------------------------------------------------------------------------------------------------------------------------------------,正偏离/无偏离,平台已实现（详见对应功能模块）
1813,,,支持替代品种维护，用于交叉配血时库存中没有申请单中的血制品时使用的替代血制品。 +---------------------------------------------------------------------------------------------------------------------------------------------------------------,正偏离/无偏离,平台已实现（详见对应功能模块）
1814,,,支持处置方案维护，用于在填写不良反应申请单选择处置方案的维护。 +-----------------------------------------------------------------------------------------------------------------------------------------------------------------------,待复核,初评未匹配，须项目组逐条人工确认
1815,,,支持库存警报维护，用于设置库存中各个血制品在低于设置存储量时提醒用户库存不足。 +---------------------------------------------------------------------------------------------------------------------------------------------------------------,正偏离/无偏离,平台已实现（详见对应功能模块）
1816,,,支持血液有效期监控和提醒，失效提醒可以在血液失效前几天进行预报提醒，提醒时间可设置。提醒用户血液将要过期，尽快使用。 +--------------------------------------------------------------------------------------------------------------------------------------------,正偏离/无偏离,平台已实现（详见对应功能模块）
1817,,,支持治疗用血、手术备血、急诊用血、紧急用血等用血申请功能，能自动获取输血指标信息，传染病信息等。 +------------------------------------------------------------------------------------------------------------------------------------------------------,正偏离/无偏离,平台已实现（详见对应功能模块）
1818,,,支持科主任审批输血申请，用于科主任对申请量大于800ml的申请单进行申请单审核，科主任登录系统才能查看到对应的信息，审核通过后才能提交到输血科。 +------------------------------------------------------------------------------------------------------------------------------,正偏离/无偏离,平台已实现（详见对应功能模块）
1819,,,支持大量用血三级审批制度，根据24h申请的血量，区分不同审批等级，包括上级医生审核、主任审核、医务部审核。 +-------------------------------------------------------------------------------------------------------------------------------------------------,正偏离/无偏离,平台已实现（详见对应功能模块）
1820,,,支持自体输血、生成条码贴血袋以入库的方式储存到输血科，进入库存中，数据需进行病人绑定。病人需要用血时，临床生成取血单，具体流程与输血流程一致。 +-------------------------------------------------------------------------------------------------------------------------------,正偏离/无偏离,平台已实现（详见对应功能模块）
1821,,,支持申请单的接收，申请单的查询，申请状态追踪，实现输血申请闭环。 +----------------------------------------------------------------------------------------------------------------------------------------------------------------------,正偏离/无偏离,平台已实现（详见对应功能模块）
1822,,,支持对接收的申请单进行备血操作，和对已经备血的申请单进行状态跟踪和查询管理。 +----------------------------------------------------------------------------------------------------------------------------------------------------------------,待复核,初评未匹配，须项目组逐条人工确认
1823,,,支持复核患者的血型，通过对患者进行抽血检验，将血型检验的结果进行复核（急诊用血可跳过此步），自动记录血液复检费用。 +---------------------------------------------------------------------------------------------------------------------------------------------,正偏离/无偏离,平台已实现（详见对应功能模块）
1824,,,支持交叉配血单、发血单打印功能。 +--------------------------------------------------------------------------------------------------------------------------------------------------------------------------------------,正偏离/无偏离,平台已实现（详见对应功能模块）
1825,,,支持临床发血，对完成交叉配血的申请单进行发血操作。打印发血报告，打印患者标签。 +---------------------------------------------------------------------------------------------------------------------------------------------------------------,正偏离/无偏离,平台已实现（详见对应功能模块）
1826,,,支持输血评价，对输血完成的病人进行输血评价，根据实际详情填写输血评价单，打印输血评价单，根据添加查询输血评价信息等。 +--------------------------------------------------------------------------------------------------------------------------------------------,正偏离/无偏离,平台已实现（详见对应功能模块）
1827,,,支持不良处置，用于在患者输血过程中产生不良反应时采取的处置措施，并打印不良反应处置单。 +-----------------------------------------------------------------------------------------------------------------------------------------------------------,正偏离/无偏离,平台已实现（详见对应功能模块）
1828,,,"功能概述：描述标本管理主要服务对象为护士,医生在开完输血申请单后,护士打印血液条码，并进行双人采集血液标本。并记录采集的血液信息，送检血液信息，实现流程规范化。 +----------------------------------------------------------------------------------------------------------------------",正偏离/无偏离,平台已实现（详见对应功能模块）
1829,,,支持标本采集全流程管理，具备条码打印、标本双人核对、采集确认等功能。 +--------------------------------------------------------------------------------------------------------------------------------------------------------------------,正偏离/无偏离,平台已实现（详见对应功能模块）
1830,,,支持标本运输，标本交接管理功能。 +--------------------------------------------------------------------------------------------------------------------------------------------------------------------------------------,正偏离/无偏离,平台已实现（详见对应功能模块）
1831,,,支持标本接收，标本送达输血科后进行接收。 +----------------------------------------------------------------------------------------------------------------------------------------------------------------------------------,正偏离/无偏离,平台已实现（详见对应功能模块）
1832,,,"功能概述：描述输血管理模块的主要服务对象为护士,在输血科完成发血后通知护士取血,护士打印取血单并完成血液复核后进行血液输注,在输注过程中记录输注信息完成输血,主要包括打印取血单,血液核收,血液输注、不良反应等业务。 +-------------------------------------------------------------------------------------------",正偏离/无偏离,平台已实现（详见对应功能模块）
1833,,,支持发送取血通知给临床医生，护士打印取血单，凭取血单至输血科取血。 +---------------------------------------------------------------------------------------------------------------------------------------------------------------------,正偏离/无偏离,平台已实现（详见对应功能模块）
1834,,,支持血液核收，护士取回血制品到科室后，需要对血袋进行三查六对，确定血袋无误后才能进行输血准备。 +-------------------------------------------------------------------------------------------------------------------------------------------------------,正偏离/无偏离,平台已实现（详见对应功能模块）
1835,,,支持血液输注，输血前护士双人再对血袋进行检查，确定没有问题可以开始输血。输血前需要做冲管测试，记录输血患者的生命体征，确保患者输血安全。 +----------------------------------------------------------------------------------------------------------------------------------,正偏离/无偏离,平台已实现（详见对应功能模块）
1836,,,支持输血全过程管理，包括输血开始、输血过程巡视、输血结束，记录患者体征和输血反应信息。 +-----------------------------------------------------------------------------------------------------------------------------------------------------------,正偏离/无偏离,平台已实现（详见对应功能模块）
1837,,,支持输血完成记录，记录输血完成时间，患者生命体征信息，满足输血规范。 +--------------------------------------------------------------------------------------------------------------------------------------------------------------------,正偏离/无偏离,平台已实现（详见对应功能模块）
1838,,,输注过程中如果发生不良反应，可在不良反应菜单中填写，并打印不良反应单。 +-------------------------------------------------------------------------------------------------------------------------------------------------------------------,正偏离/无偏离,平台已实现（详见对应功能模块）
1839,,,"功能概述：描述库存管理主要服务对象为输血科医生,主要是用于智能补库在库存不足时进行提示、血液订购、血液入库、库存查询、效期提醒、外院出库、血液输注完成后输血科进行血袋的回收和销毁等业务闭环管理。 +-----------------------------------------------------------------------------------------------------",正偏离/无偏离,平台已实现（详见对应功能模块）
1840,,,支持智能补库、根据当期出院人数，出院输血人数计算输血系数；根据当前在院人数，患者血型分布和血制品库存量，计算需要库存量。 +------------------------------------------------------------------------------------------------------------------------------------------,正偏离/无偏离,平台已实现（详见对应功能模块）
1841,,,支持与血站进行对接、支持采购订单、对接血站实现采购订单，订购血制品。 +--------------------------------------------------------------------------------------------------------------------------------------------------------------------,待复核,初评未匹配，须项目组逐条人工确认
1842,,,支持血液库存查询，可根据血液成分、血液来源、血型、制备日期、有效期等进行查询。 +---------------------------------------------------------------------------------------------------------------------------------------------------------------,正偏离/无偏离,平台已实现（详见对应功能模块）
1843,,,支持血液入库、血液入库登记，预入库血液复检登记。 +------------------------------------------------------------------------------------------------------------------------------------------------------------------------------,正偏离/无偏离,平台已实现（详见对应功能模块）
1844,,,支持订单入库、根据血站出库订单，审核入库。 +---------------------------------------------------------------------------------------------------------------------------------------------------------------------------------,正偏离/无偏离,平台已实现（详见对应功能模块）
1845,,,支持手动入库、扫描血液条码手工入库。 +------------------------------------------------------------------------------------------------------------------------------------------------------------------------------------,正偏离/无偏离,平台已实现（详见对应功能模块）
1846,,,支持入库血型复查、血制品入库前可配置血型复查，和血制品信息核对，核对完成后入库。 +--------------------------------------------------------------------------------------------------------------------------------------------------------------,正偏离/无偏离,平台已实现（详见对应功能模块）
1847,,,血袋若调出给其他单位、支持出库外院、血液出库外院登记。 +---------------------------------------------------------------------------------------------------------------------------------------------------------------------------,正偏离/无偏离,平台已实现（详见对应功能模块）
1848,,,支持血液报废、血液报废详细信息登记。 +------------------------------------------------------------------------------------------------------------------------------------------------------------------------------------,待复核,初评未匹配，须项目组逐条人工确认
1849,,,支持退回血站、记录血液退库信息，扣减库存。 +---------------------------------------------------------------------------------------------------------------------------------------------------------------------------------,正偏离/无偏离,平台已实现（详见对应功能模块）
1850,,,血液库存查询统计：血液出库查询、当前库存报表、出入库统计汇总报表，支持按血液类型、血型分类统计。 +------------------------------------------------------------------------------------------------------------------------------------------------------,正偏离/无偏离,平台已实现（详见对应功能模块）
1851,,,支持库存预警设置、血液库存预警值配置，建立库存预警机制，及时通知库存管理者血液制品的库存量低于安全库存量，以便及时采取措施，保证库存充足。 +---------------------------------------------------------------------------------------------------------------------------------,正偏离/无偏离,平台已实现（详见对应功能模块）
1852,,,库存量预警，设置血液预警阀值，查询得到库存量预警列表。 +---------------------------------------------------------------------------------------------------------------------------------------------------------------------------,正偏离/无偏离,平台已实现（详见对应功能模块）
1853,,,支持血袋回收、记录血袋整个流转信息。血制品使用闭环管理。 +--------------------------------------------------------------------------------------------------------------------------------------------------------------------------,正偏离/无偏离,平台已实现（详见对应功能模块）
1854,,,"功能概述：描述主要用于输血科进行统计,有关于个人工作量统计,医生用血统计,科室用血统计以及血型分布,血袋销毁统计,已发血申请单统计,配血统计,申请单统计,输血人次统计,输血不良反应统计、国家临床用血质量指标等各种统计报表。 +---------------------------------------------------------------------------------------",正偏离/无偏离,平台已实现（详见对应功能模块）
1855,,,支持国家临床用血质量指标：每千单位用血输血专业技术人员数、《临床输血申请单》合格率、受血者标本血型复查率、输血相容性检测项目室内质控率、输血相容性检测室间质评项目参加率、输血相容性检测室间质评项目合格率、输血人次不良反应上报例数。 +-----------------------------------------------------------------------------------,正偏离/无偏离,平台已实现（详见对应功能模块）
1856,,,临床用血统计分析：月度、季度、年度不同成分占比图；月度、季度、年度不同科室用血量比较图、不同成分用量比较图；不同年度月度、季度、年度全院用血总量趋势图、对比图；不同成分用量趋势图、不同科室用量趋势图；不同病种占总用血量比例图；出院患者人均用血量。 +---------------------------------------------------------------------------,正偏离/无偏离,平台已实现（详见对应功能模块）
1857,★,,系统支持与中心血站、HIS、LIS、集成平台等开放接口对接。 +-------------------------------+----------------------------------------------------------------------------------------------------------------------------------------,正偏离/无偏离,平台已实现（详见对应功能模块）
1858,,,支持向多科室同时开具会诊申请信息。 +----------------------------------------------------------------------------+,正偏离/无偏离,平台已实现（详见对应功能模块）
1859,,,支持患者病历信息共享，支持导入检查、检验、病历等信息到会诊申请内容。 +----------------------------------------------------------------------------+,正偏离/无偏离,平台已实现（详见对应功能模块）
1860,,,支持会申请单时效控制。 +----------------------------------------------------------------------------+,待复核,初评未匹配，须项目组逐条人工确认
1861,,,支持会诊消息推送，基于消息组件生成任务消息，发送给参与各方。 +----------------------------------------------------------------------------+,正偏离/无偏离,平台已实现（详见对应功能模块）
1862,,,支持根据疾病严重程度配置各级别会诊医生，设置会诊申请优先级。 +----------------------------------------------------------------------------+,正偏离/无偏离,平台已实现（详见对应功能模块）
1863,,,支持抗菌药物院内会诊审批流程。 +----------------------------------------------------------------------------+ 接收会诊 +----------------------------------------------------------------------------+,正偏离/无偏离,平台已实现（详见对应功能模块）
1864,,,支持会诊接收，会诊接受医生才能对患者进行会诊相关医疗行为。 +----------------------------------------------------------------------------+,正偏离/无偏离,平台已实现（详见对应功能模块）
1865,,,支持会诊申请医生确认会诊到达。 +----------------------------------------------------------------------------+,正偏离/无偏离,平台已实现（详见对应功能模块）
1866,,,支持按时间、类型、病人状态、申请会诊科室等进行会诊信息的检索。 +----------------------------------------------------------------------------+,正偏离/无偏离,平台已实现（详见对应功能模块）
1867,,,支持会诊医生对会诊病人进行医嘱管理。 +----------------------------------------------------------------------------+,正偏离/无偏离,平台已实现（详见对应功能模块）
1868,,,支持会诊申请单控制会诊医师是否可下达医嘱。 +----------------------------------------------------------------------------+,正偏离/无偏离,平台已实现（详见对应功能模块）
1869,,,支持会诊医生查看患者的病历信息。 +----------------------------------------------------------------------------+,正偏离/无偏离,平台已实现（详见对应功能模块）
1870,,,支持会诊医生进行会诊结论的录入。 +----------------------------------------------------------------------------+,正偏离/无偏离,平台已实现（详见对应功能模块）
1871,,,支持会诊医生到达时间记录。 +----------------------------------------------------------------------------+,正偏离/无偏离,平台已实现（详见对应功能模块）
1872,,,具备会诊模板导入功能。 +----------------------------------------------------------------------------+,正偏离/无偏离,平台已实现（详见对应功能模块）
1873,,,支持会诊评价。 +----------------------------------------------------------------------------+,正偏离/无偏离,平台已实现（详见对应功能模块）
1874,,,支持会诊全流程闭环管理。 +----------------------------------------------------------------------------+ 会诊计费 +----------------------------------------------------------------------------+,正偏离/无偏离,平台已实现（详见对应功能模块）
1875,,,支持会诊是否计费控制。 +----------------------------------------------------------------------------+,正偏离/无偏离,平台已实现（详见对应功能模块）
1876,,,支持根据会诊医嘱、科室和会诊医生的级别、执行会诊医生级别自动计费。 +----------------------------------------------------------------------------+ 会诊统计 +----------------------------------------------------------------------------+,正偏离/无偏离,平台已实现（详见对应功能模块）
1877,,,科室会诊情况汇总统计。 +----------------------------------------------------------------------------+,正偏离/无偏离,平台已实现（详见对应功能模块）
1878,★,,科室会诊情况明细统计。 +----------------------------------------------------------------------------+ +-------------------------------+----------------------------------------------------------------------------,正偏离/无偏离,平台已实现（详见对应功能模块）
1879,,,业务相关开单项目、开单类型、客户类型、收费组合、执行科室等均支持自行维护配置；亦可对接其余相关业务支持平台（如HIS、lis、pacs、hrp等）获取需用到的基础数据信息。 +----------------------------------------------------------------------------------------------------------------,正偏离/无偏离,平台已实现（详见对应功能模块）
1880,,,套餐维护可将同类项目均维护至一个套餐，项目及套餐均支持单选折扣维护；项目开单时系统根据客户所提供相关信息自动过滤掉不符情况的项目，避免开单错误；开单时支持单项或多项赠送（不计费）。 +------------------------------------------------------------------------------------------------------------,待复核,初评未匹配，须项目组逐条人工确认
1881,,,根据客户实际体检意图及体检情况，系统支持体检类型与报告模板、单据凭证等一对多关联维护，支持批量打印。 +----------------------------------------------------------------------------------------------------------------------------------------------------,正偏离/无偏离,平台已实现（详见对应功能模块）
1882,,,检查子项支持失真校验（提供强制和非强制两张模式可配置）维护。 +------------------------------------------------------------------------------------------------------------------------------------------------------------------------,正偏离/无偏离,平台已实现（详见对应功能模块）
1883,,,科室小结、项目小结、均支持默认值、默认项设置；支持自动审核；支持自动异常。 +-----------------------------------------------------------------------------------------------------------------------------------------------------------------,正偏离/无偏离,平台已实现（详见对应功能模块）
1884,,,项目结果支持模板维护及多种录入维护（直接勾选、勾选后修改确认等）；项目结果可配置是否使用模版，对应模版可关联总检结论词。 +------------------------------------------------------------------------------------------------------------------------------------------,正偏离/无偏离,平台已实现（详见对应功能模块）
1885,,,支持灵活配置操作员权限，可根据不同级别或角色配置一类或多累操作组权限。同时提供系统各项业务操作的细化权限配置（分总检权限、保存审核权限、折扣权限等）。 +---------------------------------------------------------------------------------------------------------------------------,正偏离/无偏离,平台已实现（详见对应功能模块）
1886,,,开单可带出项目相关耗材并计费，可配置是否单独计费；可对接院内HRP系统。 +------------------------------------------------------------------------------------------------------------------------------------------------------------------,正偏离/无偏离,平台已实现（详见对应功能模块）
1887,,,可对在检客户进行医师分流总检，缓解总检医师工作压力；支持配置医师时间段最大检量。提供工作量统计。 +------------------------------------------------------------------------------------------------------------------------------------------------------,正偏离/无偏离,平台已实现（详见对应功能模块）
1888,,,可根据实际情况对自定义报表进行配置使用。 +----------------------------------------------------------------------------------------------------------------------------------------------------------------------------------,正偏离/无偏离,平台已实现（详见对应功能模块）
1889,,,系统具有电子体检卡的管理功能，可以创建体检卡、分发体检卡、回收体检卡等功能。个人可以购买体检卡；团体体检，每个人按固定的金额来预约体检时，系统能给每个人按预定的金额发放电子体检卡，根据单位是否已经付费，确定体检卡是否有期限，是否需要回收。 +-------------------------------------------------------------------------------,正偏离/无偏离,平台已实现（详见对应功能模块）
1890,,,系统支持对相关结论词进行匹配规则维护（根据项目检查检验结果或异常标识（如偏高、偏低、阳性、弱阳等）进行关联），系统在总检时会根据相关维护规则带出对应结论词，同时根据结论词类型及重要程度进行合并及去重。 +--------------------------------------------------------------------------------------------------,正偏离/无偏离,平台已实现（详见对应功能模块）
1891,,,检查项目支持多部位合并或拆分维护；检验项目支持使用合并规则及容器类型、检验类型等合并或拆分维护。 +------------------------------------------------------------------------------------------------------------------------------------------------------,正偏离/无偏离,平台已实现（详见对应功能模块）
1892,,,提供VIP管理功能，可自行配置对应VIP级别（设置历史体检金额，当超过某档次时也可设置对应折扣），在登记时系统自动计算并识别，同时可在系统内及引导单上进行相应的标识体现。支持手动调整级别。 +--------------------------------------------------------------------------------------------------------,正偏离/无偏离,平台已实现（详见对应功能模块）
1893,,,支持维护体检定向推送院内其他科室就诊功能。 +---------------------------------------------------------------------------------------------------------------------------------------------------------------------------------,正偏离/无偏离,平台已实现（详见对应功能模块）
1894,,,支持维护在修改客户相关记录时原因类型功能。 +---------------------------------------------------------------------------------------------------------------------------------------------------------------------------------,待复核,初评未匹配，须项目组逐条人工确认
1895,,,支持单位结算方式维护功能。 +-----------------------------------------------------------------------------------------------------------------------------------------------------------------------------------------,正偏离/无偏离,平台已实现（详见对应功能模块）
1896,,,支持在线选项（可配置仅使用组合套餐或体检单项或自选搭配），支持对接院内公众平台。 +--------------------------------------------------------------------------------------------------------------------------------------------------------------,正偏离/无偏离,平台已实现（详见对应功能模块）
1897,,,在客户选项时可根据客户实际情况进行相关判断及提示。 +-----------------------------------------------------------------------------------------------------------------------------------------------------------------------------,待复核,初评未匹配，须项目组逐条人工确认
1898,,,可配置客户完成预约后是否直接缴费或需审批确认；支持线上项目及套餐折扣或定价。 +----------------------------------------------------------------------------------------------------------------------------------------------------------------,正偏离/无偏离,平台已实现（详见对应功能模块）
1899,,,支持在移动端浏览院内历史检查、检验、体检报告，支持PDF下载功能。 +---------------------------------------------------------------------------------------------------------------------------------------------------------------------,正偏离/无偏离,平台已实现（详见对应功能模块）
1900,,,支持通过读取客户各类证件（身份证、其他合法证件、电子健康卡、医保卡等）录入客户基本信息；当客户存在历史记录时，可快速调用基本信息。 +-------------------------------------------------------------------------------------------------------------------------------------,外部条件,需医保局/省平台等外部环境开通后联调
1901,,,支持通过各类证件读卡器提取信息后，关联院内已有患者主档，并可配置是否可修改，避免录入错误。 +---------------------------------------------------------------------------------------------------------------------------------------------------------,正偏离/无偏离,平台已实现（详见对应功能模块）
1902,,,支持现场拍照及相关录入设备调用。 +--------------------------------------------------------------------------------------------------------------------------------------------------------------------------------------,待复核,初评未匹配，须项目组逐条人工确认
1903,,,可根据参数配置是否允许替检、可增加替检标识、支持录入替检人相关信息。 +--------------------------------------------------------------------------------------------------------------------------------------------------------------------,待复核,初评未匹配，须项目组逐条人工确认
1904,,,支持引导单、条码一键打印（引导单、底单、各类凭证、检查表等）；支持单项补丁、重打，并记录有相关打印记录。 +--------------------------------------------------------------------------------------------------------------------------------------------------,正偏离/无偏离,平台已实现（详见对应功能模块）
1905,,,系统根据体检类型、项目、套餐等维护情况，支持各类单据一键打印（检查底单、各类凭证、检查表等）；支持单项补丁、重打，并记录有相关打印记录。 +----------------------------------------------------------------------------------------------------------------------------------,正偏离/无偏离,平台已实现（详见对应功能模块）
1906,,,支持多屏显示，便于客户确认自己的相关基本信息；同时方便客户问卷调查。 +--------------------------------------------------------------------------------------------------------------------------------------------------------------------,待复核,初评未匹配，须项目组逐条人工确认
1907,,,登记开单处支持单项或多项赠送（取消计费）功能，同时保留相关记录，可供查询。 +-----------------------------------------------------------------------------------------------------------------------------------------------------------------,待复核,初评未匹配，须项目组逐条人工确认
1908,,,系统提供折扣比、折扣金额（抹零）、上浮金额、实收定价等多种折扣模式。 +--------------------------------------------------------------------------------------------------------------------------------------------------------------------,待复核,初评未匹配，须项目组逐条人工确认
1909,,,操作员可在登记工作站中查看客户历次总检记录及各项体检结果（根据身份证唯一关联），便于向客户推荐项目或套餐，满足客户体检意图。 +----------------------------------------------------------------------------------------------------------------------------------------,正偏离/无偏离,平台已实现（详见对应功能模块）
1910,,,根据患者证件号为唯一主索引，在登记工作站中醒目显示该客户来源体检次数及最近一次检查日期；如该次记录为复检，会展示上次体检号及复检项目、原因。 +--------------------------------------------------------------------------------------------------------------------------------,正偏离/无偏离,平台已实现（详见对应功能模块）
1911,,,可通过复制功能将其他同类型或同意图客户的项目及套餐内容复制至当前客户进行快速开单。 +-------------------------------------------------------------------------------------------------------------------------------------------------------------,待复核,初评未匹配，须项目组逐条人工确认
1912,,,提供排期管理功能，支持批量生成检量及时间班次，便于人流管控。 +------------------------------------------------------------------------------------------------------------------------------------------------------------------------,正偏离/无偏离,平台已实现（详见对应功能模块）
1913,,,在名单导入时，可根据在团体分组上的相关设置（适用婚姻、适用性别、年龄段）进行快速自动分组。 +---------------------------------------------------------------------------------------------------------------------------------------------------------,正偏离/无偏离,平台已实现（详见对应功能模块）
1914,,,可实时查看各团体单位当前人员到检情况及所属团体各人员当前体检进度（是否签到、各项是否已检查、是否已报告、是否已领取等）。 +------------------------------------------------------------------------------------------------------------------------------------------,正偏离/无偏离,平台已实现（详见对应功能模块）
1915,,,提供团体及分组复制功能，可复制历史记录进行快速创建团体分组。 +------------------------------------------------------------------------------------------------------------------------------------------------------------------------,正偏离/无偏离,平台已实现（详见对应功能模块）
1916,,,分组设置时可设置当前分组是否记账、记账是否限额；可设置固定上浮金额等；在前台开单时根据实际项目及套餐提示前台该客户当前费用状况、是否需要再自行缴费。 +----------------------------------------------------------------------------------------------------------------------------,正偏离/无偏离,平台已实现（详见对应功能模块）
1917,,,提供团体结算锁定功能，在团体结算完毕或到期后，可配置是否可再进行人员新增及体检流程。 +------------------------------------------------------------------------------------------------------------------------------------------------------------,正偏离/无偏离,平台已实现（详见对应功能模块）
1918,,,提供多种团体报告模板，可根据实际情况选择使用。 +-------------------------------------------------------------------------------------------------------------------------------------------------------------------------------,正偏离/无偏离,平台已实现（详见对应功能模块）
1919,,,提供团体锁定功能，在团体结算完毕或到期后，无法再进行人员新增及体检流程，仅可查看。便于数据统计分析。 +----------------------------------------------------------------------------------------------------------------------------------------------------,正偏离/无偏离,平台已实现（详见对应功能模块）
1920,,,提供多层多流程折扣审批功能。 +----------------------------------------------------------------------------------------------------------------------------------------------------------------------------------------,正偏离/无偏离,平台已实现（详见对应功能模块）
1921,,,可根据参数设置开单人员在开单时是否强制限制。 +--------------------------------------------------------------------------------------------------------------------------------------------------------------------------------,待复核,初评未匹配，须项目组逐条人工确认
1922,,,可配置审批时效，到时效未审批系统自动清理（后台数据保留）。 +-------------------------------------------------------------------------------------------------------------------------------------------------------------------------,正偏离/无偏离,平台已实现（详见对应功能模块）
1923,,,体检收费。 +-------------------------------------------------------------------------------------------------------------------------------------------------------------------------------------------------,正偏离/无偏离,平台已实现（详见对应功能模块）
1924,,,体检计费支持多种可选模式（折扣、赠送、上浮、记账等）。 +---------------------------------------------------------------------------------------------------------------------------------------------------------------------------,正偏离/无偏离,平台已实现（详见对应功能模块）
1925,,,与HIS收费子系统无缝对接，可对接电子发票。 +--------------------------------------------------------------------------------------------------------------------------------------------------------------------------------,正偏离/无偏离,平台已实现（详见对应功能模块）
1926,,,发票细项提供多种模式可选（体检费模式、明细模式、金额\*数量模式等）。 +-------------------------------------------------------------------------------------------------------------------------------------------------------------------,正偏离/无偏离,平台已实现（详见对应功能模块）
1927,,,支持自定义类型维护，根据扫码记录生成各类图标，提供后期工作统计数据支持。 +------------------------------------------------------------------------------------------------------------------------------------------------------------------,正偏离/无偏离,平台已实现（详见对应功能模块）
1928,,,可对接院内短信平台，扫码时可根据类型发送对应维护的短信模版（报告领取、报告已出可在线查询等通知）。 +-----------------------------------------------------------------------------------------------------------------------------------------------------,正偏离/无偏离,平台已实现（详见对应功能模块）
1929,,,标本离科。 +-------------------------------------------------------------------------------------------------------------------------------------------------------------------------------------------------,正偏离/无偏离,平台已实现（详见对应功能模块）
1930,,,通过扫描条码记录该标本已收集并离科，提供查询功能。 +-----------------------------------------------------------------------------------------------------------------------------------------------------------------------------,正偏离/无偏离,平台已实现（详见对应功能模块）
1931,,,提供外送标本记录功能，通过扫描条码记录相关信息，同时支持手动录入相关条码信息，方便后期统计查询。 +------------------------------------------------------------------------------------------------------------------------------------------------------,正偏离/无偏离,平台已实现（详见对应功能模块）
1932,,,具备病理相关内容录入操作界面，可供对接病理系统使用。 +----------------------------------------------------------------------------------------------------------------------------------------------------------------------------,正偏离/无偏离,平台已实现（详见对应功能模块）
1933,,,各科室结论通过科室所属项目的检查、检验结果自动提取异常信息（也可通过参数设置带出科内全部检查结果）；同时支持手动修改。 +-------------------------------------------------------------------------------------------------------------------------------------------,正偏离/无偏离,平台已实现（详见对应功能模块）
1934,,,可根据权限配置医生是否可查看或修改其他科室检查结果；同时提供同科历史检查记录查看功能。 +-----------------------------------------------------------------------------------------------------------------------------------------------------------,正偏离/无偏离,平台已实现（详见对应功能模块）
1935,,,提供体检路径功能，该功能可进行个人信息修改、项目变更、弃检登记等，方便体检中心在使用系统时进行集中操作；同时可查看客户所处环节及各环节情况。 +--------------------------------------------------------------------------------------------------------------------------------,正偏离/无偏离,平台已实现（详见对应功能模块）
1936,,,医生在分检时发现重大问题时可进行手动异常标记，系统会通知具有相关角色权限的操作员；同时提供报表查看该类信息。 +------------------------------------------------------------------------------------------------------------------------------------------------,正偏离/无偏离,平台已实现（详见对应功能模块）
1937,,,可通过参数设置带出科内全部检查结果或金显示异常信息。 +----------------------------------------------------------------------------------------------------------------------------------------------------------------------------,正偏离/无偏离,平台已实现（详见对应功能模块）
1938,,,可配置项目是否进入到最终结果显示中。 +------------------------------------------------------------------------------------------------------------------------------------------------------------------------------------,待复核,初评未匹配，须项目组逐条人工确认
1939,,,支持弃检、批量弃检、到期提醒等。 +--------------------------------------------------------------------------------------------------------------------------------------------------------------------------------------,正偏离/无偏离,平台已实现（详见对应功能模块）
1940,,,如前台录入了替检相关信息，分检处也会醒目显示。 +-------------------------------------------------------------------------------------------------------------------------------------------------------------------------------,待复核,初评未匹配，须项目组逐条人工确认
1941,,,根据参数配置，项目不在指定范围内自动标识为异常。 +------------------------------------------------------------------------------------------------------------------------------------------------------------------------------,待复核,初评未匹配，须项目组逐条人工确认
1942,,,根据参数配置，修改项目结果时是否自动记录为异常。 +------------------------------------------------------------------------------------------------------------------------------------------------------------------------------,待复核,初评未匹配，须项目组逐条人工确认
1943,,,可根据参数配置项目进行分项单独小结或多项汇总合并小结。 +---------------------------------------------------------------------------------------------------------------------------------------------------------------------------,待复核,初评未匹配，须项目组逐条人工确认
1944,,,根据结论词维护的相关匹配规则对应本次体检结果，自动带出相关结论词及建议。 +------------------------------------------------------------------------------------------------------------------------------------------------------------------,正偏离/无偏离,平台已实现（详见对应功能模块）
1945,,,系统根据维护情况及重要程度生成排序，总检医师也可手动调整。 +-------------------------------------------------------------------------------------------------------------------------------------------------------------------------,待复核,初评未匹配，须项目组逐条人工确认
1946,,,总检医师可查看体检者在院历次检查检验体检情况，便于本次结论下达。 +----------------------------------------------------------------------------------------------------------------------------------------------------------------------,正偏离/无偏离,平台已实现（详见对应功能模块）
1947,,,总检医师可查看本次及历史各检查检验原始报告。 +--------------------------------------------------------------------------------------------------------------------------------------------------------------------------------,正偏离/无偏离,平台已实现（详见对应功能模块）
1948,,,在最终体检报告中，可根据近三次体检结果，展示对比汇总。 +---------------------------------------------------------------------------------------------------------------------------------------------------------------------------,正偏离/无偏离,平台已实现（详见对应功能模块）
1949,,,在进入总检锁定后，其余业务系统无法再进行报告结果修改，需修改时会提示先通知总检医师取消锁定回到分检状态后才可修改，形成闭环管理。 +--------------------------------------------------------------------------------------------------------------------------------------,正偏离/无偏离,平台已实现（详见对应功能模块）
1950,,,提供总检报告三级质控功能，即总检保存、初审、总审；总检最高权限具驳回至上一级的功能，可填写驳回原因。驳回原因可追溯检索。 +------------------------------------------------------------------------------------------------------------------------------------------,正偏离/无偏离,平台已实现（详见对应功能模块）
1951,,,系统提供初始结论知识库，后期也可自行添加丰富。 +-------------------------------------------------------------------------------------------------------------------------------------------------------------------------------,正偏离/无偏离,平台已实现（详见对应功能模块）
1952,,,系统根据科室顺序生成结论排序，总检医师也可手动调整。 +----------------------------------------------------------------------------------------------------------------------------------------------------------------------------,正偏离/无偏离,平台已实现（详见对应功能模块）
1953,,,根据操作员使用情况提供记忆功能，操作员常用结论词排于前方。 +-------------------------------------------------------------------------------------------------------------------------------------------------------------------------,待复核,初评未匹配，须项目组逐条人工确认
1954,,,可配置总检超期时间，系统自动通知提醒相关责任人。 +------------------------------------------------------------------------------------------------------------------------------------------------------------------------------,正偏离/无偏离,平台已实现（详见对应功能模块）
1955,,,可配置分检超期（指引单未回收）时间，系统自动通知提醒相关责任人。 +----------------------------------------------------------------------------------------------------------------------------------------------------------------------,正偏离/无偏离,平台已实现（详见对应功能模块）
1956,,,体检系统可定向推送体检者前往其他业务科室进行复诊，同一个体检者可推送多个科室，提供后续查询功能。 +------------------------------------------------------------------------------------------------------------------------------------------------------,正偏离/无偏离,平台已实现（详见对应功能模块）
1957,,,该功能界面亦可查询体检组历次检查检验体检结果，可对接院内360视图，便于诊断下达。 +-------------------------------------------------------------------------------------------------------------------------------------------------------------,正偏离/无偏离,平台已实现（详见对应功能模块）
1958,,,根据体检者体检类型、体检意图分为总检报告及未总检报告（体检表），分开管控及打印。 +--------------------------------------------------------------------------------------------------------------------------------------------------------------,正偏离/无偏离,平台已实现（详见对应功能模块）
1959,,,系统提供线上PDF报告、体检表。 +--------------------------------------------------------------------------------------------------------------------------------------------------------------------------------------,正偏离/无偏离,平台已实现（详见对应功能模块）
1960,,,系统提供电子邮件发送相关报告、体检表。 +-----------------------------------------------------------------------------------------------------------------------------------------------------------------------------------,正偏离/无偏离,平台已实现（详见对应功能模块）
1961,,,相关打印操作记录均记录在数据后台，提供查询功能。 +------------------------------------------------------------------------------------------------------------------------------------------------------------------------------,正偏离/无偏离,平台已实现（详见对应功能模块）
1962,,,支持对接设备、检查、检验原始报告单打印。 +----------------------------------------------------------------------------------------------------------------------------------------------------------------------------------,正偏离/无偏离,平台已实现（详见对应功能模块）
1963,,,不同体检类型可一对多配置多种报告模板（体检表）进行打印。 +--------------------------------------------------------------------------------------------------------------------------------------------------------------------------,正偏离/无偏离,平台已实现（详见对应功能模块）
1964,,,报告复审。 +-------------------------------------------------------------------------------------------------------------------------------------------------------------------------------------------------,正偏离/无偏离,平台已实现（详见对应功能模块）
1965,,,可参数控制是否必须经过复查才能进行报告打印（也可非强制控制，仅提示）。 +-------------------------------------------------------------------------------------------------------------------------------------------------------------------,正偏离/无偏离,平台已实现（详见对应功能模块）
1966,,,支持配置多流程复审机制。 +------------------------------------------------------------------------------------------------------------------------------------------------------------------------------------------,待复核,初评未匹配，须项目组逐条人工确认
1967,,,报告归档。 +-------------------------------------------------------------------------------------------------------------------------------------------------------------------------------------------------,正偏离/无偏离,平台已实现（详见对应功能模块）
1968,,,提供报告库位管理功能。 +-------------------------------------------------------------------------------------------------------------------------------------------------------------------------------------------,正偏离/无偏离,平台已实现（详见对应功能模块）
1969,,,提供报告出入库及编号功能，提供多种编号规则。 +--------------------------------------------------------------------------------------------------------------------------------------------------------------------------------,正偏离/无偏离,平台已实现（详见对应功能模块）
1970,,,体检随访。 +-------------------------------------------------------------------------------------------------------------------------------------------------------------------------------------------------,正偏离/无偏离,平台已实现（详见对应功能模块）
1971,,,可对体检完的客户进行随访计划制定；系统可通知提示随访待办事项。 +-----------------------------------------------------------------------------------------------------------------------------------------------------------------------,正偏离/无偏离,平台已实现（详见对应功能模块）
1972,,,可记录及跟踪随访内容计划。 +-----------------------------------------------------------------------------------------------------------------------------------------------------------------------------------------,正偏离/无偏离,平台已实现（详见对应功能模块）
1973,,,可根据实际所需提供对应随访报表统计。 +------------------------------------------------------------------------------------------------------------------------------------------------------------------------------------,正偏离/无偏离,平台已实现（详见对应功能模块）
1974,,,体检复查。 +-------------------------------------------------------------------------------------------------------------------------------------------------------------------------------------------------,正偏离/无偏离,平台已实现（详见对应功能模块）
1975,,,可根据项目及结论配置匹配本次体检结果，系统自动生成复查接话；也可自行对总检完的客户进行复查计划制定。 +----------------------------------------------------------------------------------------------------------------------------------------------------,正偏离/无偏离,平台已实现（详见对应功能模块）
1976,,,生成复查计划可选是否生成新体检记录。 +------------------------------------------------------------------------------------------------------------------------------------------------------------------------------------,正偏离/无偏离,平台已实现（详见对应功能模块）
1977,,,客户复查结果可选是否生成新一份报告或和原报告进行合并。 +---------------------------------------------------------------------------------------------------------------------------------------------------------------------------,正偏离/无偏离,平台已实现（详见对应功能模块）
1978,,,用于外联人员便捷使用，向客户定向推荐套餐及介绍情况，可直接进行线上预约备单。 +----------------------------------------------------------------------------------------------------------------------------------------------------------------,正偏离/无偏离,平台已实现（详见对应功能模块）
1979,,,用于外联人员出外勤时相关工作记录，提供查询及检索功能，便于工作量体现。 +-------------------------------------------------------------------------------------------------------------------------------------------------------------------,待复核,初评未匹配，须项目组逐条人工确认
1980,,,审批或驳回已触发折扣审批机制的相关记录，提供查询及检索功能。 +------------------------------------------------------------------------------------------------------------------------------------------------------------------------,正偏离/无偏离,平台已实现（详见对应功能模块）
1981,,,对分检科室小结内容进行质量管控，可通过参数设置是否强制控制不合格则无法进入后续体检流程。 +----------------------------------------------------------------------------------------------------------------------------------------------------------,正偏离/无偏离,平台已实现（详见对应功能模块）
1982,,,对总检结论进行质量管控，可通过参数设置是否强制控制不合格则无法进入后续体检流程。 +--------------------------------------------------------------------------------------------------------------------------------------------------------------,正偏离/无偏离,平台已实现（详见对应功能模块）
1983,,,可根据客户类别、客户量等情况进行总检分配，分配至指定医师进行总检结论，方便体检中心更好的分流开展工作。 +---------------------------------------------------------------------------------------------------------------------------------------------------,正偏离/无偏离,平台已实现（详见对应功能模块）
1984,,,可自定义配置相关问卷（题目、内容、分值等），支持打印，支持在线填写。 +--------------------------------------------------------------------------------------------------------------------------------------------------------------------,正偏离/无偏离,平台已实现（详见对应功能模块）
1985,,,支持维护相关健康管理膳食方案，可体检在报告中 +--------------------------------------------------------------------------------------------------------------------------------------------------------------------------------,正偏离/无偏离,平台已实现（详见对应功能模块）
1986,,,可查看客户全流程相关记录及结果，提供全量数据查询及导出。 +--------------------------------------------------------------------------------------------------------------------------------------------------------------------------,正偏离/无偏离,平台已实现（详见对应功能模块）
1987,,,可查看客户当前所处环节及各环节情况。 +------------------------------------------------------------------------------------------------------------------------------------------------------------------------------------,待复核,初评未匹配，须项目组逐条人工确认
1988,,,可对客户项目进行弃检、反弃检等。 +--------------------------------------------------------------------------------------------------------------------------------------------------------------------------------------,待复核,初评未匹配，须项目组逐条人工确认
1989,,,可修改客户业务信息及基本资料（均会保存修改原因及时间、操作员等）。 +---------------------------------------------------------------------------------------------------------------------------------------------------------------------,待复核,初评未匹配，须项目组逐条人工确认
1990,,,根据客户证件号为唯一主索引，建立完成体检健康档案，包含历次项目情况、历次结果、历次报告等。 +---------------------------------------------------------------------------------------------------------------------------------------------------------,正偏离/无偏离,平台已实现（详见对应功能模块）
1991,,,历次项目情况、历次结果、历次报告等均单独导出及查询。 +----------------------------------------------------------------------------------------------------------------------------------------------------------------------------,正偏离/无偏离,平台已实现（详见对应功能模块）
1992,,,历次项目情况、历次结果、历次报告等均支持PDF生成及电子邮件发送。 +---------------------------------------------------------------------------------------------------------------------------------------------------------------------,正偏离/无偏离,平台已实现（详见对应功能模块）
1993,,,可根据实际情况手动更新体检者状态、项目状态、体检者基本数据资料（具备权限控制、均会保存修改原因及时间、操作员等）。 +---------------------------------------------------------------------------------------------------------------------------------------------,正偏离/无偏离,平台已实现（详见对应功能模块）
1994,,,可查看检查检验项目在对应业务系统中实际检查情况及重传。 +---------------------------------------------------------------------------------------------------------------------------------------------------------------------------,正偏离/无偏离,平台已实现（详见对应功能模块）
1995,,,所有修改记录均提供查询及统计功能。 +-------------------------------------------------------------------------------------------------------------------------------------------------------------------------------------,正偏离/无偏离,平台已实现（详见对应功能模块）
1996,,,系统提供通用统计报表（如收入统计、工作量统计、检量统计等）。 +------------------------------------------------------------------------------------------------------------------------------------------------------------------------,正偏离/无偏离,平台已实现（详见对应功能模块）
1997,,,支持根据业务需要，定制相关报表。 +--------------------------------------------------------------------------------------------------------------------------------------------------------------------------------------,正偏离/无偏离,平台已实现（详见对应功能模块）
1998,,,支持提供数据上报相关的报表（根据实际情况制作）。 +------------------------------------------------------------------------------------------------------------------------------------------------------------------------------,正偏离/无偏离,平台已实现（详见对应功能模块）
1999,,,各报表可独立分配权限。 +-------------------------------------------------------------------------------------------------------------------------------------------------------------------------------------------,正偏离/无偏离,平台已实现（详见对应功能模块）
2000,,,支持自动同步HIS价格及项目。 +---------------------------------------------------------------------------------------------------------------------------------------------------------------------------------------,正偏离/无偏离,平台已实现（详见对应功能模块）
2001,,,系统记录每次调价过程，可供查询及导出。 +-----------------------------------------------------------------------------------------------------------------------------------------------------------------------------------,正偏离/无偏离,平台已实现（详见对应功能模块）
2002,,,调价后，系统生成相关提示信息。 +---------------------------------------------------------------------------------------------------------------------------------------------------------------------------------------,待复核,初评未匹配，须项目组逐条人工确认
2003,,,在三方提供接口文档情况下，根据实际情况，支持对接业务系统。 +-------------------------------------------------------------------------------------------------------------------------------------------------------------------------,正偏离/无偏离,平台已实现（详见对应功能模块）
2004,,,在三方接口支持的情况下，支持对接三方硬件设备，获取检查结果及原始报告。 +-------------------------------------------------------------------------------------------------------------------------------------------------------------------,正偏离/无偏离,平台已实现（详见对应功能模块）
2005,,,在提供接口文档的情况下，支持对接院内短信平台（体检系统本身不包含短信平台）。 +----------------------------------------------------------------------------------------------------------------------------------------------------------------,正偏离/无偏离,平台已实现（详见对应功能模块）
2006,,,通知、提醒、待办事项。 +-------------------------------------------------------------------------------------------------------------------------------------------------------------------------------------------,正偏离/无偏离,平台已实现（详见对应功能模块）
2007,,,支持自定义配置消息类型。 +------------------------------------------------------------------------------------------------------------------------------------------------------------------------------------------,正偏离/无偏离,平台已实现（详见对应功能模块）
2008,,,根据业务角色及消息类型，部分可查看详情。 +----------------------------------------------------------------------------------------------------------------------------------------------------------------------------------,正偏离/无偏离,平台已实现（详见对应功能模块）
2009,,,提供消息管理功能，可查看及回复、确认相关消息。 +-------------------------------------------------------------------------------------------------------------------------------------------------------------------------------,正偏离/无偏离,平台已实现（详见对应功能模块）
2010,★,,为方便医生随时随地能为患者服务，满足医生在不同场景便捷的为患者服务。手机移动端基于APP构建医生互联网诊疗服务移动端入口，主要功能住院病人一览表、医嘱查看、报告查询、医嘱开具、费用查询、病历管理、在线问诊、我的预约、我的门诊、床位查询、远程会诊（需采购三体服务）、远程查房（需采购三体服务）、院内会诊等信息。 +--------------------------------------------,正偏离/无偏离,平台已实现（详见对应功能模块）
2011,★,,医生能够进入住院病人一览表进行病人管控，显示姓名、床位、性别、年龄、住院号、护理级别、住院天数、病人类型（如：医保病人、新农合病人等）、主治医生、总费用、预交金额、欠费情况、入院时间、住院诊断、是否危重病人等数据资料。 +-----------------------------------------------------------------------------------------,正偏离/无偏离,平台已实现（详见对应功能模块）
2012,★,,按科室检索、按护理级别检索、是否转科等多种条件检索。 +----------------------------------------------------------------------------------------------------------------------------------------------------------------------------,正偏离/无偏离,平台已实现（详见对应功能模块）
2013,★,,能够浏览科室全部病人和当前医生主管的病人。 +---------------------------------------------------------------------------------------------------------------------------------------------------------------------------------,正偏离/无偏离,平台已实现（详见对应功能模块）
2014,★,,病历管控及病历质控。 +--------------------------------------------------------------------------------------------------------------------------------------------------------------------------------------------,正偏离/无偏离,平台已实现（详见对应功能模块）
2015,★,,医生通过病历管控浏览当前病人的所有病历。能够按患者姓名、床位号、住院号等进行病历查找，能够浏览病历详情。支持部分病理在手机端进行编辑、修改。 +--------------------------------------------------------------------------------------------------------------------------------,正偏离/无偏离,平台已实现（详见对应功能模块）
2016,★,,支持病历质控，针对病历列表可选解锁，即可以选择某一些批量，或者单个解锁。 +------------------------------------------------------------------------------------------------------------------------------------------------------------------,正偏离/无偏离,平台已实现（详见对应功能模块）
2017,★,,支持权限控制，只有在病历质控后台授权了的用户才能操作解锁。 +-------------------------------------------------------------------------------------------------------------------------------------------------------------------------,正偏离/无偏离,平台已实现（详见对应功能模块）
2018,★,,所有数据与病历质控系统实时同步。 +--------------------------------------------------------------------------------------------------------------------------------------------------------------------------------------,正偏离/无偏离,平台已实现（详见对应功能模块）
2019,★,,展示当前住院患者的手术状态，包含姓名、手术状态、住院号、入室时间、出手术室时间、手术开始时间、手术结束时间、入恢复室时间、出恢复室时间、外科期望时间。 +---------------------------------------------------------------------------------------------------------------------------,正偏离/无偏离,平台已实现（详见对应功能模块）
2020,,▲,在移动端查看，包括①住院病案首页、②患者基本信息、③出入院信息、④诊断信息、⑤质控信息、⑥手术信息、⑦检查检验信息、⑧费用信息，⑨保持跟HIS实时同步。 > **（投标人提供相关软件界面截图，并加盖投标人公章）** +-------------------------------------------------------------------------------------------,正偏离/无偏离,平台已实现（详见对应功能模块）
2021,★,,支持编辑住院患者完整的病案首页信息。 +------------------------------------------------------------------------------------------------------------------------------------------------------------------------------------,正偏离/无偏离,平台已实现（详见对应功能模块）
2022,★,,能够浏览检查报告列表及报告详情。 +--------------------------------------------------------------------------------------------------------------------------------------------------------------------------------------,正偏离/无偏离,平台已实现（详见对应功能模块）
2023,★,,能够浏览检验报告列表及报告详情。支持查看PDF格式的检验报告，可以对检验报告PDF进行扩大、缩放查看。 +---------------------------------------------------------------------------------------------------------------------------------------------------,正偏离/无偏离,平台已实现（详见对应功能模块）
2024,★,,支持对接云胶片系统，医生在手机端接口查看影像报告。 +-----------------------------------------------------------------------------------------------------------------------------------------------------------------------------,正偏离/无偏离,平台已实现（详见对应功能模块）
2025,★,,体温单。 +--------------------------------------------------------------------------------------------------------------------------------------------------------------------------------------------------,正偏离/无偏离,平台已实现（详见对应功能模块）
2026,★,,查看住院患者体温单，关注住院患者体征动态变化。页面支持缩放，可以按照住院周数查看每周体温单情况。 +------------------------------------------------------------------------------------------------------------------------------------------------------,正偏离/无偏离,平台已实现（详见对应功能模块）
2027,★,,医生通过医嘱管控浏览当前病人的所有医嘱数据资料。 +------------------------------------------------------------------------------------------------------------------------------------------------------------------------------,正偏离/无偏离,平台已实现（详见对应功能模块）
2028,★,,能够按床号、病人姓名、医嘱内容进行医嘱查找。 +--------------------------------------------------------------------------------------------------------------------------------------------------------------------------------,正偏离/无偏离,平台已实现（详见对应功能模块）
2029,★,,能够按是否药品、医嘱状态、时间等进行医嘱检索。 +-------------------------------------------------------------------------------------------------------------------------------------------------------------------------------,正偏离/无偏离,平台已实现（详见对应功能模块）
2030,★,,能够新开医嘱，能够作废、停止、删除医嘱功能。并更多采用点击方式予以完成，减少医生手动输入。 +---------------------------------------------------------------------------------------------------------------------------------------------------------,正偏离/无偏离,平台已实现（详见对应功能模块）
2031,★,,实时院内住院科室的所有可用床位，可看到每张床的使用情况。支持查看床位总数，已用床位数和可用床位数；支持根据医院的要求，控制显示编制床位或其他床位；单击科室床位可以查看该科室下的床位使用明细情况。 +-----------------------------------------------------------------------------------------------------,正偏离/无偏离,平台已实现（详见对应功能模块）
2032,★,,查询我的住院病人费用明细，根据病人病情关注费用是否合理。查看病人费用明细，单价、数量、金额等明细。能根据时间区域进行查询。 +-----------------------------------------------------------------------------------------------------------------------------------------,外部条件,需医保局/省平台等外部环境开通后联调
2033,★,,实时查询我的门诊预约病人及门诊病人治疗情况，方便医生提高工作质量及工作水平。支持查看门诊患者病历、检查检验报告。 +----------------------------------------------------------------------------------------------------------------------------------------------,正偏离/无偏离,平台已实现（详见对应功能模块）
2034,★,,支持按照时间段查看工作量统计报表（含门诊、住院）。 +-----------------------------------------------------------------------------------------------------------------------------------------------------------------------------,正偏离/无偏离,平台已实现（详见对应功能模块）
2035,★,,医生浏览门诊预约人数，取号数和未取号数并能进行时间段检索。 +-------------------------------------------------------------------------------------------------------------------------------------------------------------------------,正偏离/无偏离,平台已实现（详见对应功能模块）
2036,★,,对接体检系统，实时查询病人体检报告详情结果， +--------------------------------------------------------------------------------------------------------------------------------------------------------------------------------,正偏离/无偏离,平台已实现（详见对应功能模块）
2037,★,,支持统计一段时间内医生的工作量情况，包括就诊人次、开药品合计、开处置合计、收入院人次、就诊率、药品开单率等。支持文字和图表两种方式的展示。 +---------------------------------------------------------------------------------------------------------------------------------,正偏离/无偏离,平台已实现（详见对应功能模块）
2038,★,,查看当前医生所属业务科室的会诊申请记录，包含：住院患者基本信息（姓名、性别、年龄、床位号、主治医生、入院天数、住院科室、出生日期、入院时间、住院号、诊断结果、病情摘要）等。支持按照申请日期、申请科室、当前所属科室、会诊状态进行查询。 +----------------------------------------------------------------------------------,正偏离/无偏离,平台已实现（详见对应功能模块）
2039,★,,可在线绑定医院信息，选择医生所在的医院，验证HIS工号和密码即可。 +---------------------------------------------------------------------------------------------------------------------------------------------------------------------,正偏离/无偏离,平台已实现（详见对应功能模块）
2040,★,,医生工号发生变化时，可在手机上修改绑定的工号。 +-------------------------------------------------------------------------------------------------------------------------------------------------------------------------------,待复核,初评未匹配，须项目组逐条人工确认
2041,★,,+-------------------------------+-----------------------------------------------------------------------------------------------------------------------------------------------------------------------,待复核,初评未匹配，须项目组逐条人工确认
2042,,,单击任意病人列自动高亮并切换当前患者信息。 +---------------------------------------------------------------------------------------------------------------------------------------------------------------------------------,正偏离/无偏离,平台已实现（详见对应功能模块）
2043,,,双击任意病人信息，自动切换当前患者信息，并自动跳转至功能页面进行操作。 +-------------------------------------------------------------------------------------------------------------------------------------------------------------------,正偏离/无偏离,平台已实现（详见对应功能模块）
2044,,,"适配多种型号PDA,支持扫腕带定位患者，所有的功能页面支持扫描腕带切换患者。 +----------------------------------------------------------------------------------------------------------------------------------------------------------------",正偏离/无偏离,平台已实现（详见对应功能模块）
2045,,,支持针对当前病人记录备忘信息，可以语音输入。 +--------------------------------------------------------------------------------------------------------------------------------------------------------------------------------,待复核,初评未匹配，须项目组逐条人工确认
2046,,,能够高效快速浏览全科的相关医嘱数据资料，浏览当前患者的待执行操作任务数据资料（标本、输液、理疗）等医嘱的审批、打印、配药、执行操作情况，能够在定位界面高效快速切换患者。 +------------------------------------------------------------------------------------------------------------------,正偏离/无偏离,平台已实现（详见对应功能模块）
2047,,,能够对当前科室或者病区下的患者进行分组管控。 +--------------------------------------------------------------------------------------------------------------------------------------------------------------------------------,正偏离/无偏离,平台已实现（详见对应功能模块）
2048,,,输入床号查询病人信息，进行换床操作。 +------------------------------------------------------------------------------------------------------------------------------------------------------------------------------------,待复核,初评未匹配，须项目组逐条人工确认
2049,,,展示当前科室要求入科的病人，选择某个病人进行入科安床。 +---------------------------------------------------------------------------------------------------------------------------------------------------------------------------,正偏离/无偏离,平台已实现（详见对应功能模块）
2050,,,在定位界面快速切换患者，查看当前患者的待执行任务信息（标本、输液、理疗）等医嘱的审核、打印、配药、执行情况，也可以快速查看全科的相关医嘱信息。每一个功能页面都可以通过定位功能，快速切换患者，支持上一床、下一床切换，也可以扫描腕带或者输入床位号、住院号进行查询切换。完成切换后界面顶部会显示当前定位的患者。 +----------------------------------------------,正偏离/无偏离,平台已实现（详见对应功能模块）
2051,,,根据筛选条件查询当前病人的医嘱，根据医嘱类型进行查询（长期、临时、变化、未执行） ，点击医嘱内容可以查看到医嘱执行明细。最新的程序支持按照医嘱类型、医嘱类别、执行状态查询，且保持和HIS现实逻辑一致（单条医嘱合并显示）。 +----------------------------------------------------------------------------------------,正偏离/无偏离,平台已实现（详见对应功能模块）
2052,,,支持查看当前患者的变化医嘱、处置医嘱、理疗医嘱，点击详情查看医嘱的执行情况。可以使用PDA扫条码执行医嘱。 +-------------------------------------------------------------------------------------------------------------------------------------------------,正偏离/无偏离,平台已实现（详见对应功能模块）
2053,,,可管理当前病人的皮试数据，在符合相关条件时可以修改皮试数据，进行皮试结果的录入。 +--------------------------------------------------------------------------------------------------------------------------------------------------------------,正偏离/无偏离,平台已实现（详见对应功能模块）
2054,,,可管理当前病人的口服药医嘱，点击详情查看医嘱的执行情况，可以使用PDA扫条码执行医嘱。 +-----------------------------------------------------------------------------------------------------------------------------------------------------------,正偏离/无偏离,平台已实现（详见对应功能模块）
2055,,,具备配液管理功能，包括配药、审核及撤销模块。 +--------------------------------------------------------------------------------------------------------------------------------------------------------------------------------,待复核,初评未匹配，须项目组逐条人工确认
2056,,,支持通过扫描药瓶条码的方式进行配药管理。 +----------------------------------------------------------------------------------------------------------------------------------------------------------------------------------,待复核,初评未匹配，须项目组逐条人工确认
2057,,,具备输液管理功能，经过配液管理后的信息会在输液管理中显示，针对每一个配液，对输液进行巡视、暂停、结束及查看详细等操作。可以在界面展示当前患者的一个输液的总体进度。 +---------------------------------------------------------------------------------------------------------------------,正偏离/无偏离,平台已实现（详见对应功能模块）
2058,,,可通过颜色快速区分液体的状态，同时能看到输液信息的备注，显示药品的摆药、配药、执行、结束的执行人及执行时间。 +------------------------------------------------------------------------------------------------------------------------------------------------,正偏离/无偏离,平台已实现（详见对应功能模块）
2059,,,支持多通道输液。 +----------------------------------------------------------------------------------------------------------------------------------------------------------------------------------------------,正偏离/无偏离,平台已实现（详见对应功能模块）
2060,,,如患者拒绝输液，可以录入拒绝原因。 +-------------------------------------------------------------------------------------------------------------------------------------------------------------------------------------,正偏离/无偏离,平台已实现（详见对应功能模块）
2061,,,支持PDA扫描患者腕带快速切换，PDA扫描瓶签条码执行输液。 +------------------------------------------------------------------------------------------------------------------------------------------------------------------------,正偏离/无偏离,平台已实现（详见对应功能模块）
2062,,,支持支持对患者进行输液巡视，记录输液反应，包括反应时间、症状及采取措施。 +------------------------------------------------------------------------------------------------------------------------------------------------------------------,正偏离/无偏离,平台已实现（详见对应功能模块）
2063,,,支持查看住院期间，患者的电子病历情况（需与电子病历系统进行对接）。 +---------------------------------------------------------------------------------------------------------------------------------------------------------------------,正偏离/无偏离,平台已实现（详见对应功能模块）
2064,,,能够浏览当前患者的检查报告列表及详情。 +-----------------------------------------------------------------------------------------------------------------------------------------------------------------------------------,正偏离/无偏离,平台已实现（详见对应功能模块）
2065,,,能够浏览当前患者的检验报告列表及详情。 +-----------------------------------------------------------------------------------------------------------------------------------------------------------------------------------,正偏离/无偏离,平台已实现（详见对应功能模块）
2066,,,支持对接云胶片系统，浏览当前患者的胶片影像。 +--------------------------------------------------------------------------------------------------------------------------------------------------------------------------------,正偏离/无偏离,平台已实现（详见对应功能模块）
2067,,,支持每日清单查看，检索当前病人某一日的医疗费用情况，也能够选择日期检索。 +------------------------------------------------------------------------------------------------------------------------------------------------------------------,待复核,初评未匹配，须项目组逐条人工确认
2068,,,能够展示当前科室病人的医疗费用欠费情况。 +----------------------------------------------------------------------------------------------------------------------------------------------------------------------------------,正偏离/无偏离,平台已实现（详见对应功能模块）
2069,,,对当前病人待采集和已采集的标本进行管理，可以通过PDA扫描瓶签条码的方式操作。对已采集的标本进行撤销操作。 +-------------------------------------------------------------------------------------------------------------------------------------------------,正偏离/无偏离,平台已实现（详见对应功能模块）
2070,,,支持对当前科室待离科、已离科的标本进行管理，记录标本的离科人和离科时间。 +------------------------------------------------------------------------------------------------------------------------------------------------------------------,正偏离/无偏离,平台已实现（详见对应功能模块）
2071,,,展示当前病人今日或明日需要检查的项目，也可展示当前科室需要检查的项目。 +-------------------------------------------------------------------------------------------------------------------------------------------------------------------,正偏离/无偏离,平台已实现（详见对应功能模块）
2072,,,支持对病人进行三测数据、血糖血压、出入量的记录与管理。直接与HIS对接，无需再像传统一样先记录在纸上再誊抄至HIS系统。智能识别当前系统时间，进行三测数据录入时无需手动选择。数切换查看数据。 +-------------------------------------------------------------------------------------------------------,待复核,初评未匹配，须项目组逐条人工确认
2073,,,能够图形化展示三测体温单数据，显示逻辑跟HIS保持一致，三测页面可以放大缩小，支持根据住院周。 +-------------------------------------------------------------------------------------------------------------------------------------------------------,正偏离/无偏离,平台已实现（详见对应功能模块）
2074,,,对当前患者进行日常巡视，录入巡视数据（如晨间护理、患者进食）。 +-----------------------------------------------------------------------------------------------------------------------------------------------------------------------,正偏离/无偏离,平台已实现（详见对应功能模块）
2075,,,查看当前患者的护理表单，根据医院配置的护理表单显示，护士可直接在移动设备上进行护理表单的填写。 +-------------------------------------------------------------------------------------------------------------------------------------------------------,正偏离/无偏离,平台已实现（详见对应功能模块）
2076,,,通过扫描配送单二维码获取药品配送信息，进行接收操作。支持扫描配送单号或者药品条码号。 +------------------------------------------------------------------------------------------------------------------------------------------------------------,待复核,初评未匹配，须项目组逐条人工确认
2077,,,直接与HIS对接，获取医院后台计费信息. 通过输入关键字查询计费项目，选择计费项目及数量并保存。保持与pc端数据实时同步。 +-----------------------------------------------------------------------------------------------------------------------------------------,正偏离/无偏离,平台已实现（详见对应功能模块）
2078,,,能够通过扫描腕带完成床旁身份查对、医嘱执行操作，支持对耗材进行扫描并记费的功能。 +--------------------------------------------------------------------------------------------------------------------------------------------------------------,正偏离/无偏离,平台已实现（详见对应功能模块）
2079,★,,+-------------------------------+-----------------------------------------------------------------------------------------------------------------------------------------------------------------------,待复核,初评未匹配，须项目组逐条人工确认
2080,,,支持使用年、月、天等多种患者年龄计量单位，满足新生儿、婴幼儿等特殊患者的年龄精确记录需求；支持根据申请单来源查询项目收费情况，协助医护人员了解患者优惠项目及未交费情况。 +------------------------------------------------------------------------------------------------------------------,正偏离/无偏离,平台已实现（详见对应功能模块）
2081,,,支持纸质检查申请单数字化扫描存档，扫描件与电子登记记录关联存储，便于后续查阅核对，满足病历归档要求。 +----------------------------------------------------------------------------------------------------------------------------------------------------,正偏离/无偏离,平台已实现（详见对应功能模块）
2082,,,支持单个检查部位或多个检查部位任意组合预约登记，一次登记可完成多部位检查安排，提高登记效率，满足不同检查需求。 +-----------------------------------------------------------------------------------------------------------------------------------------------,正偏离/无偏离,平台已实现（详见对应功能模块）
2083,,,支持单个申请单项目拆分为多次检查登记，也支持多个申请单合并为一次预约登记，灵活处理复杂检查申请场景。 +----------------------------------------------------------------------------------------------------------------------------------------------------,正偏离/无偏离,平台已实现（详见对应功能模块）
2084,,,支持患者信息批量登记预约处理，可通过导入方式批量处理多个患者的预约登记，适用于体检团队等批量预约场景。 +---------------------------------------------------------------------------------------------------------------------------------------------------,正偏离/无偏离,平台已实现（详见对应功能模块）
2085,,,支持患者通过自助终端完成电子检查申请信息的自助预约登记，减少人工窗口压力，提升患者就医体验。 +--------------------------------------------------------------------------------------------------------------------------------------------------------,正偏离/无偏离,平台已实现（详见对应功能模块）
2086,,,支持设置单日预约总人数上限控制，达到上限后系统自动提示并阻止超量预约，保障检查质量和患者等待时间。 +-----------------------------------------------------------------------------------------------------------------------------------------------------,正偏离/无偏离,平台已实现（详见对应功能模块）
2087,,,支持登记预约资源分布情况的可视化显示查询，以图表形式展示各时段、各设备的预约占用情况，辅助合理安排检查资源。 +------------------------------------------------------------------------------------------------------------------------------------------------,正偏离/无偏离,平台已实现（详见对应功能模块）
2088,,,支持查询并打印每日不同检查设备的登记列表和预约列表，支持按设备、时段、检查类型等条件筛选打印。 +-------------------------------------------------------------------------------------------------------------------------------------------------------,正偏离/无偏离,平台已实现（详见对应功能模块）
2089,,,支持检查号、分诊号的自动生成或人工手动分配两种模式，编号规则可自定义配置，支持按日期、设备等维度自动编号。 +-------------------------------------------------------------------------------------------------------------------------------------------------,正偏离/无偏离,平台已实现（详见对应功能模块）
2090,,,支持对已登记预约信息进行修改和撤销处理，修改操作留存操作日志，撤销后号源自动释放，支持批量撤销操作。 +----------------------------------------------------------------------------------------------------------------------------------------------------,正偏离/无偏离,平台已实现（详见对应功能模块）
2091,,,支持患者信息匿名登记模式，满足急诊、危重等无法提供完整信息患者的快速预约登记需求，后续可补充完善患者信息。 +-------------------------------------------------------------------------------------------------------------------------------------------------,正偏离/无偏离,平台已实现（详见对应功能模块）
2092,,,支持检查导引单和报告领取通知单的打印功能，导引单包含检查时间、地点、注意事项等信息，支持自定义打印模板；可查看患者历史信息、职业病史等相关资料。 +------------------------------------------------------------------------------------------------------------------------------,正偏离/无偏离,平台已实现（详见对应功能模块）
2093,,,支持预约患者签到管理，按照分诊列表签到顺序依次呼叫患者；实时展示各检查室候检人数、患者到达及呼叫状态；以视图形式呈现检查室当前总预约人次、已签到人次、等候人次、未签到人次及患者检查项目信息。 +-------------------------------------------------------------------------------------------------------,正偏离/无偏离,平台已实现（详见对应功能模块）
2094,,,支持实时显示各检查室当前候检人数、患者到达状态、呼叫状态等信息，帮助技师合理安排检查顺序；检查开始时自动记录扫描技师、摆位技师信息，便于后期统计工作量；检查完成确认后自动计费。 +--------------------------------------------------------------------------------------------------------------,正偏离/无偏离,平台已实现（详见对应功能模块）
2095,,,支持候诊区大屏幕集中显示候诊信息，包括叫号信息、候诊人数、检查室状态等，引导患者有序候诊；针对增强CT等需要注射造影剂的检查，支持造影剂使用记录，记录造影剂名称、剂量、给药时间、不良反应等信息。 +-----------------------------------------------------------------------------------------------------,正偏离/无偏离,平台已实现（详见对应功能模块）
2096,,,支持诊室诊间屏实时显示患者候诊排队信息，包括当前检查患者、下一位候诊患者等信息，提升候诊透明度；支持按起止日期、预约班次时段、签到状态、设备等条件查询患者，提供今日快捷查询功能。 +-------------------------------------------------------------------------------------------------------------,正偏离/无偏离,平台已实现（详见对应功能模块）
2097,,,支持候诊患者顺序呼叫和指定呼叫两种模式，支持语音播报叫号；可调整患者检查顺序（上移、下移、移到最前、移到最后），对多次呼叫未进检查室的患者进行过号处理；支持右键查看患者电子病历、影像报告、呼叫记录、费用信息。 +----------------------------------------------------------------------------------------------,正偏离/无偏离,平台已实现（详见对应功能模块）
2098,,,支持跨诊室呼叫管理，当某检查室空闲时可呼叫其他检查室的候诊患者，提高设备利用率，减少患者等待时间；支持关联影像，将申请单与未关联的影像检查进行绑定。 +----------------------------------------------------------------------------------------------------------------------------,正偏离/无偏离,平台已实现（详见对应功能模块）
2099,,,支持患者检查费用核对管理，登记时自动核验患者缴费状态，未缴费患者给予提示，防止漏费情况发生；支持历史登记记录列表查询，可查看患者历史检查记录。 +-------------------------------------------------------------------------------------------------------------------------------,正偏离/无偏离,平台已实现（详见对应功能模块）
2100,,,支持电子检查申请重复登记提醒功能，系统自动识别同一患者的重复申请并给予警示，防止重复检查造成资源浪费；检查期间技师可发送预警值给报告医师，预警信息发送后技师工作站将有预警标识。 +--------------------------------------------------------------------------------------------------------------,正偏离/无偏离,平台已实现（详见对应功能模块）
2101,,,支持所见即所得的检查报告书写界面，可调用检查报告模板；可查看患者临床诊断信息及备注、原始电子申请单或拍摄的申请单；书写报告时支持缩放、调整字体大小、设置行距、添加顺序码、插入特殊字符，查看修改痕迹，支持报告收藏；支持外院报告导入。 +-----------------------------------------------------------------------------------,正偏离/无偏离,平台已实现（详见对应功能模块）
2102,,,支持检查报告模板自定义，可按检查类型、部位、设备等维度创建专科报告模板，提高报告书写效率和规范性；支持报告分配设置，按尾号分配与平均分配两种方式均衡分配给报告医生。 +--------------------------------------------------------------------------------------------------------------------,正偏离/无偏离,平台已实现（详见对应功能模块）
2103,,,支持特殊医学符号和常用词条的快速引用，内置放射科常用术语词库，支持拼音首字母快速检索；集成诊断字典，提供普通诊断字典与结构化诊断字典，支持快速录入，减少错误。 +-----------------------------------------------------------------------------------------------------------------------,正偏离/无偏离,平台已实现（详见对应功能模块）
2104,,,支持检查报告的撤销和修改功能，修改操作留存完整修改痕迹，支持查看历次修改记录，满足报告质控管理要求；支持检查报告自动保存功能，书写过程中定时自动保存草稿，防止内容丢失。 +------------------------------------------------------------------------------------------------------------------,正偏离/无偏离,平台已实现（详见对应功能模块）
2105,,,支持描述模板的引用、新建、删除、修改操作，模板按科室和个人分类管理，支持模板共享和权限控制；支持自定义常用词条，可按类型、项目定义，设置为共有词条或私有词条。 +-----------------------------------------------------------------------------------------------------------------------,正偏离/无偏离,平台已实现（详见对应功能模块）
2106,,,支持检查阴性/阳性标记和危急值影像质控控制，危急值报告自动触发提醒流程，确保危急值及时通知临床医生；支持传染病上报功能；支持过程质控，质控内容支持自定义。 +-------------------------------------------------------------------------------------------------------------------------,正偏离/无偏离,平台已实现（详见对应功能模块）
2107,,,支持同时打开多个患者报告进行对比阅读；支持同一患者不同检查图像与不同患者图像的对比显示，辅助鉴别诊断；支持报告内容词汇合理性校验功能，书写报告时若出现不合理词汇系统自动提示。 +---------------------------------------------------------------------------------------------------------------,正偏离/无偏离,平台已实现（详见对应功能模块）
2108,,,支持同一患者历史报告自动关联显示，医生书写报告时可直接查看该患者既往检查报告，便于对比分析病情变化；支持同屏查看患者历史检查，并引用历史检查内容。 +-----------------------------------------------------------------------------------------------------------------------------,正偏离/无偏离,平台已实现（详见对应功能模块）
2109,,,支持查看患者历史检查报告，可一键复制历史报告内容至当前报告，减少重复书写工作量，提高报告书写效率；支持自定义报告合理词汇校验，保障报告内容准确性。 +-----------------------------------------------------------------------------------------------------------------------------,正偏离/无偏离,平台已实现（详见对应功能模块）
2110,,,支持加载患者历史检查影像，可在当前报告书写界面直接调阅历史影像进行对比，无需切换系统界面；可确定患者是否需要随访及随访时间、内容。 +-------------------------------------------------------------------------------------------------------------------------------------,正偏离/无偏离,平台已实现（详见对应功能模块）
2111,,,支持报告修改历史的同框、同屏对比显示，可直观查看修改前后的差异，支持修改内容标注，便于质控审核；支持自定义特殊字符，涵盖医学单位、特殊符号、数学符号、希腊文字等。 +---------------------------------------------------------------------------------------------------------------------,正偏离/无偏离,平台已实现（详见对应功能模块）
2112,,,支持检查报告驳回功能，上级医生可驳回下级报告并填写驳回原因；支持报告质量评价、图片质量评价和分级审核流程；支持检查报告保存为草稿、保存、审核、驳回、打印、预览导出全流程管理。 +---------------------------------------------------------------------------------------------------------------,正偏离/无偏离,平台已实现（详见对应功能模块）
2113,,,支持检查报告自动保存功能，书写过程中定时自动保存草稿，防止因意外情况导致报告内容丢失；具备登录账户超时注销、超时退出功能，保障系统访问安全。 +--------------------------------------------------------------------------------------------------------------------------------,正偏离/无偏离,平台已实现（详见对应功能模块）
2114,,,支持报告打印预览功能，打印前可预览报告排版效果，支持自定义报告打印模板，满足不同医院的报告格式要求；支持图像自定义范围打印。 +----------------------------------------------------------------------------------------------------------------------------------------,正偏离/无偏离,平台已实现（详见对应功能模块）
2115,,,支持检查报告批量打印功能，可按日期、设备、医生等条件筛选批量打印；支持报告数据批量导出为PDF或Excel格式；支持病例列表导出、打印。 +----------------------------------------------------------------------------------------------------------------------------------,正偏离/无偏离,平台已实现（详见对应功能模块）
2116,,,支持登录账户超时自动注销和超时退出功能，超时时长可配置，保障系统安全，防止账户被未授权人员使用；支持按角色、科室精准控制权限。 +---------------------------------------------------------------------------------------------------------------------------------------,正偏离/无偏离,平台已实现（详见对应功能模块）
2117,,,支持患者随访记录管理功能，可记录患者随访时间、随访结果、随访医生等信息，支持随访计划设置和到期提醒；支持自定义随访内容，可根据随访计划查看随访任务。 +----------------------------------------------------------------------------------------------------------------------------,正偏离/无偏离,平台已实现（详见对应功能模块）
2118,,,支持影像浏览、缩放、调窗、旋转、镜像、反射、同步/关联滚动、序列播放、伪彩显示、遮板、复位、反色等全面的影像处理功能；支持自动和手动两种窗宽窗位调整方式，支持黑白反向、彩虹色、金属色、火红、混合、热金属蓝等多种伪彩显示模式。 +--------------------------------------------------------------------------------------,正偏离/无偏离,平台已实现（详见对应功能模块）
2119,,,支持影像直尺、角度、圆心、矩形、多边形等多种测量工具，提供距离、面积、角度、CT值、密度等测量值的精确显示；支持图像删除及删除留痕功能；支持MPR重建、图像推送。 +---------------------------------------------------------------------------------------------------------------------,配套产品响应,属设备配套软件/商用知识库/CA 等产品参数，平台已留标准接入点
2120,,,支持影像心胸比测量、鼠标探针实时CT值显示；支持文本标注、信息备注工具；支持直线交叉角度自动计算显示；支持影像定标功能，可设置影像实际比例尺。 +-------------------------------------------------------------------------------------------------------------------------------,正偏离/无偏离,平台已实现（详见对应功能模块）
2121,,,支持影像定标功能；测量、标注、备注信息支持保存与重现，可随时删除或修改标注内容；支持自定义DICOM TAG信息的显示配置，可选择在影像上叠加显示患者信息、检查参数等DICOM标签内容。 +---------------------------------------------------------------------------------------------------------,正偏离/无偏离,平台已实现（详见对应功能模块）
2122,,,支持影像切片定位显示，在多平面重建时显示切片位置；支持序列定位显示；支持影像坐标点的三维空间定位；支持患者检查序列缩略图显示，点击缩略图快速切换序列。 +---------------------------------------------------------------------------------------------------------------------------,正偏离/无偏离,平台已实现（详见对应功能模块）
2123,,,支持显示布局灵活调整，提供序列并列显示和影像平铺显示两种布局模式，支持1x1、1x2、2x2等多种分屏布局切换；支持多屏复制和扩展分屏显示功能，满足放射科多屏阅片工作站的使用需求。 +------------------------------------------------------------------------------------------------------------,正偏离/无偏离,平台已实现（详见对应功能模块）
2124,,,支持为不同Modality类型检查（CT、MR、DR等）定义和修改默认挂片协议，挂片协议可按科室和个人分别配置；支持序列拆分显示功能，可将一个序列拆分至多个显示区域分别展示。 +---------------------------------------------------------------------------------------------------------------,外部条件,需医保局/省平台等外部环境开通后联调
2125,,,支持自定义DICOM TAG信息的显示配置，可选择在影像上叠加显示患者信息、检查参数等DICOM标签内容；支持根据多种检索条件查询影像列表。 +--------------------------------------------------------------------------------------------------------------------------------,正偏离/无偏离,平台已实现（详见对应功能模块）
2126,,,支持患者检查序列缩略图显示，在侧边栏展示所有序列缩略图，点击缩略图快速切换序列，提高影像浏览效率；支持图像自定义范围打印。 +-----------------------------------------------------------------------------------------------------------------------------------------,正偏离/无偏离,平台已实现（详见对应功能模块）
2127,,,支持多屏复制和扩展分屏显示功能，可将影像扩展至多台显示器显示，满足放射科多屏阅片工作站的使用需求；支持DICOM传输、接收、查询检索，遵循DICOM Q/R SCU标准。 +-----------------------------------------------------------------------------------------------------------------,正偏离/无偏离,平台已实现（详见对应功能模块）
2128,,,支持序列拆分显示功能，可将一个序列拆分至多个显示区域分别展示；支持灵活的分屏显示配置；支持数据库查询，通过多种条件检索病例并获取显示影像。 +---------------------------------------------------------------------------------------------------------------------------------,外部条件,需医保局/省平台等外部环境开通后联调
2129,,,支持影像打印排版处理，支持DICOM激光胶片相机打印输出和非DICOM普通打印机打印输出，满足不同打印设备需求；支持图像自定义范围打印。 +----------------------------------------------------------------------------------------------------------------------------------,正偏离/无偏离,平台已实现（详见对应功能模块）
2130,,,支持同一患者多次检查图像对比，也支持多个不同患者检查图像的对比显示，辅助医生进行鉴别诊断分析；支持一个患者多次检查或多个患者检查图像同屏对比。 +-------------------------------------------------------------------------------------------------------------------------------,正偏离/无偏离,平台已实现（详见对应功能模块）
2131,,,支持将影像导出为BMP、JPG、DICOM等多种格式，可选择导出单帧或多帧影像，支持批量导出操作；支持图像删除及删除留痕功能，具备完整的操作审计记录。 +---------------------------------------------------------------------------------------------------------------------------,正偏离/无偏离,平台已实现（详见对应功能模块）
2132,,,支持外部影像数据导入功能，可导入符合DICOM标准的影像文件，导入后自动与患者信息关联存储；支持MPR重建、图像推送功能。 +-----------------------------------------------------------------------------------------------------------------------------------------,配套产品响应,属设备配套软件/商用知识库/CA 等产品参数，平台已留标准接入点
2133,,,支持DICOM标准的影像传输、接收和查询检索功能，完全符合DICOM 3.0标准规范，确保与各类影像设备的互联互通；支持数据库查询，可通过多种条件检索病例并获取显示影像。 +-----------------------------------------------------------------------------------------------------------------,正偏离/无偏离,平台已实现（详见对应功能模块）
2134,,,支持DICOM Q/R SCU功能，支持PatientRoot、StudyRoot、Patient/StudyOnly等查询检索信息模型；支持Patient、Study、Series、Instance四级层次访问获取影像；支持多种信息模型及四级访问获取显示影像。 +-------------------------------------------------------------------,正偏离/无偏离,平台已实现（详见对应功能模块）
2135,,,支持数据库多条件组合查询，可通过患者姓名、检查号、检查日期范围等多种条件查询病例并获取显示对应影像；支持根据多种检索条件查询影像列表。 +-----------------------------------------------------------------------------------------------------------------------------------,正偏离/无偏离,平台已实现（详见对应功能模块）
2136,,,支持检查费用统计，可按科室、医生、检查类型、时间段等维度统计检查费用，支持费用明细查询和汇总报表导出；内置标准统计报表，也可根据医院实际需要定制。 +-----------------------------------------------------------------------------------------------------------------------------,正偏离/无偏离,平台已实现（详见对应功能模块）
2137,,,支持工作量统计，可统计技师、医生的检查人次、报告数量等工作量数据，支持个人和科室工作量对比分析；支持报告医师、记录员、检查医师、审核医师、送检医师等各岗位工作量汇总和明细统计。 +--------------------------------------------------------------------------------------------------------------,正偏离/无偏离,平台已实现（详见对应功能模块）
2138,,,支持疾病统计，可按ICD编码、检查部位、检查类型等维度统计疾病分布情况，为医院管理决策提供数据支撑；支持检查阳性率汇总和明细统计。 +-------------------------------------------------------------------------------------------------------------------------------------,正偏离/无偏离,平台已实现（详见对应功能模块）
2139,,,支持送检来源统计，可按送检科室、门诊/住院/急诊等来源维度统计检查人次，分析各科室检查需求分布；支持部位检查人次统计、送检科室汇总统计。 +----------------------------------------------------------------------------------------------------------------------------------,正偏离/无偏离,平台已实现（详见对应功能模块）
2140,,,支持阳性率统计，可按检查类型、部位、时间段等维度统计检查阳性率，为科室质量管理和学术研究提供数据；支持会诊病例统计、随访病例统计。 +-------------------------------------------------------------------------------------------------------------------------------------,正偏离/无偏离,平台已实现（详见对应功能模块）
2141,,,支持检查项目统计，可统计各检查项目的执行人次、费用等数据，支持检查项目使用趋势分析；支持医技开单统计、设备部位人次统计及明细统计。 +-------------------------------------------------------------------------------------------------------------------------------------,正偏离/无偏离,平台已实现（详见对应功能模块）
2142,,,支持设备效益量统计，可统计各检查设备的使用率、检查人次、收入等效益指标，为设备管理和采购决策提供依据；支持设备部位人次统计和明细统计。 +-----------------------------------------------------------------------------------------------------------------------------------,正偏离/无偏离,平台已实现（详见对应功能模块）
2143,,,支持患者预约率统计，可统计各渠道、各时段的预约率数据，分析预约使用情况，优化预约资源配置；支持病人预约统计。 +------------------------------------------------------------------------------------------------------------------------------------------------,正偏离/无偏离,平台已实现（详见对应功能模块）
2144,★,,支持统计报表打印功能，所有统计报表均支持预览和打印输出，支持导出为Excel格式，便于数据进一步分析处理；内置标准统计报表，也可根据医院实际需要定制统计报表。 +-----------------------------------------------------------------------------------------------------------------------,正偏离/无偏离,平台已实现（详见对应功能模块）
2145,,,服务系统软件支持集群设计，可部署多节点集群架构，实现负载均衡和高可用，单节点故障不影响系统整体运行；支持在Windows和Linux系统上稳定运行，满足不同用户的多样化操作系统使用需求。 +---------------------------------------------------------------------------------------------------------,正偏离/无偏离,平台已实现（详见对应功能模块）
2146,,,服务系统软件支持在Windows和Linux操作系统上稳定运行，兼容主流服务器操作系统环境，满足医院不同IT基础设施的部署需求；支持远程技术维护，方便技术人员及时解决系统运行问题。 +------------------------------------------------------------------------------------------------------------,待复核,初评未匹配，须项目组逐条人工确认
2147,,,服务系统支持Oracle、达梦等数据库，为系统数据存储、管理和高效查询提供坚实保障；支持数据库的维护、备份和恢复操作，确保数据安全可靠，降低数据丢失风险。 +-------------------------------------------------------------------------------------------------------------------------,正偏离/无偏离,平台已实现（详见对应功能模块）
2148,,,服务系统支持多种数据存储设备，包括硬盘冗余阵列（RAID）、存储局域网络（SAN）、网络存储（NAS）、磁带库、光盘库等，用户可根据实际需求灵活配置影像归档存储路径与设备。 +----------------------------------------------------------------------------------------------------------------,正偏离/无偏离,平台已实现（详见对应功能模块）
2149,,,服务系统提供DICOM Storage SCU/SCP服务，可接收所有符合DICOM 3.0标准的影像数据，实现与各类DICOM设备的无缝对接；支持三维影像数据的存储与管理，满足CT、MR等多模态影像的存储需求。 +--------------------------------------------------------------------------------------------,正偏离/无偏离,平台已实现（详见对应功能模块）
2150,,,服务系统提供DICOM Q/R SCP服务，支持PatientRoot、StudyRoot、Patient/StudyOnly等查询检索信息模型，在PatientRoot信息模型下实现Patient、Study、Series、Instance四级层次访问。 +----------------------------------------------------------------------,正偏离/无偏离,平台已实现（详见对应功能模块）
2151,,,服务系统支持多终端并发访问，可根据患者姓名、检查设备、检查部位、影像号、检查时间日期等多种条件组合查询与调阅影像，并提供预览功能；支持其他公司的DICOM工作站查询及调阅影像。 +--------------------------------------------------------------------------------------------------------------,正偏离/无偏离,平台已实现（详见对应功能模块）
2152,,,服务系统支持其他公司的DICOM工作站查询及调阅影像，完全遵循DICOM标准，确保与第三方影像系统的互联互通；支持通讯（SCU）设备的授权管理，屏蔽未经授权的DICOM应用实体访问。 +-----------------------------------------------------------------------------------------------------------,正偏离/无偏离,平台已实现（详见对应功能模块）
2153,,,服务系统支持同时接收多个不同影像设备并发发送的数据，并完成影像资料存储；支持多种影像设备的在线添加、删除操作，方便系统设备管理。 +--------------------------------------------------------------------------------------------------------------------------------------,正偏离/无偏离,平台已实现（详见对应功能模块）
2154,,,服务系统支持多种影像设备的在线添加、删除操作，无需重启服务即可完成设备配置变更，方便系统设备管理；支持数据库中影像数据的在线添加与删除。 +----------------------------------------------------------------------------------------------------------------------------------,正偏离/无偏离,平台已实现（详见对应功能模块）
2155,,,服务系统支持影像非压缩、有损（LOSSY）或无损（LOSSLESS）压缩存储，可对8至16位影像数据进行无损及有损压缩，有效节省存储空间，同时保证影像质量。 +------------------------------------------------------------------------------------------------------------------------,正偏离/无偏离,平台已实现（详见对应功能模块）
2156,,,服务系统支持影像自动转发功能（Auto-Routing），可配置转发规则将影像自动推送至指定DICOM节点，并通过管理配置参数进行灵活控制；支持可自动转送影像至其他DICOM存储节点或通用文件存储系统。 +-------------------------------------------------------------------------------------------------,正偏离/无偏离,平台已实现（详见对应功能模块）
2157,,,服务系统支持DICOM Modality Worklist SCP，为每一部检查设备生成相应的检查信息清单，避免在影像设备上重复输入信息，提升工作效率；支持患者信息自动转换，将姓名、性别、年龄等主要信息转换为设备所需格式。 +---------------------------------------------------------------------------------------,正偏离/无偏离,平台已实现（详见对应功能模块）
2158,,,服务系统支持DICOM Modality Performed Procedure Step（MPPS），实时掌握支持MPPS服务的设备运行状态，了解检查进度；提供影像数据各种状态记录日志，涵盖影像存档、调阅、传输等操作。 +----------------------------------------------------------------------------------------,正偏离/无偏离,平台已实现（详见对应功能模块）
2159,,,服务系统支持患者信息自动转换，将姓名、性别、年龄等主要信息转换为设备所需格式，如拼音、英文简写等，实现信息在不同设备间的准确传输与适配。 +----------------------------------------------------------------------------------------------------------------------------------,正偏离/无偏离,平台已实现（详见对应功能模块）
2160,,,服务系统支持数据库中影像数据的在线添加与删除，无需停机即可完成数据管理操作；支持数据库的维护、备份和恢复，确保数据安全可靠。 +----------------------------------------------------------------------------------------------------------------------------------------,正偏离/无偏离,平台已实现（详见对应功能模块）
2161,,,服务系统具备存储量自动管理功能，可按需调整影像存储容量限制，当达到设定容量限制时，系统自动将数据存入预设的其他存储设备，保障数据存储的持续性和有效性。 +---------------------------------------------------------------------------------------------------------------------------,正偏离/无偏离,平台已实现（详见对应功能模块）
2162,,,服务系统支持数据库的维护、备份和恢复操作，提供定时自动备份和手动备份两种方式，确保数据安全可靠，降低数据丢失风险；支持远程技术维护。 +------------------------------------------------------------------------------------------------------------------------------------,正偏离/无偏离,平台已实现（详见对应功能模块）
2163,,,服务系统提供影像数据各种状态记录日志，涵盖影像存档、调阅、传输等操作，并配备相应管理查询工具，便于系统运行监控与问题追溯；支持通讯设备的授权管理，保障服务器安全。 +---------------------------------------------------------------------------------------------------------------------,正偏离/无偏离,平台已实现（详见对应功能模块）
2164,,,服务系统支持远程技术维护，方便技术人员通过网络远程连接系统进行故障排查和维护操作，减少现场维护成本和时间；提供完整的系统运行日志记录。 +-----------------------------------------------------------------------------------------------------------------------------------,待复核,初评未匹配，须项目组逐条人工确认
2165,,,服务系统支持通讯（SCU）设备的授权管理，通过白名单机制有效屏蔽未经授权的DICOM应用实体访问，保障服务器安全；支持访问控制日志记录，便于安全审计。 +---------------------------------------------------------------------------------------------------------------------------,正偏离/无偏离,平台已实现（详见对应功能模块）
2166,,,服务系统支持可选的覆盖写入功能，当相同SOP Instance UID的影像重复传送时，可依据配置进行覆盖或新增保存，增强数据处理的灵活性；支持影像先进先出机制。 +---------------------------------------------------------------------------------------------------------------------,正偏离/无偏离,平台已实现（详见对应功能模块）
2167,,,服务系统支持影像先进先出机制，当存储空间不足时，系统自动将最早检查的影像进行近线或离线处理，确保存储资源合理利用；支持存储量自动管理功能。 +---------------------------------------------------------------------------------------------------------------------------------,正偏离/无偏离,平台已实现（详见对应功能模块）
2168,,,服务系统支持可自动转送影像至其他DICOM存储节点或通用文件存储系统，如远端FTP服务器和HTTP服务器，实现影像数据的多点备份和分发；支持影像自动转发功能（Auto-Routing）。 +---------------------------------------------------------------------------------------------------------,正偏离/无偏离,平台已实现（详见对应功能模块）
2169,,,服务系统支持同步创建JPEG文件，接收影像后自动创建并保存相同分辨率的JPEG影像文件，方便影像的快速预览和Web展示；支持创建AVI格式的动态影像。 +---------------------------------------------------------------------------------------------------------------------------,正偏离/无偏离,平台已实现（详见对应功能模块）
2170,,,服务系统支持创建AVI格式的动态影像，接收动态影像后自动生成并保存AVI影像文件，方便影像的多格式应用与分享；支持同步创建JPEG文件。 +----------------------------------------------------------------------------------------------------------------------------------,正偏离/无偏离,平台已实现（详见对应功能模块）
2171,,,服务系统支持DICOM Verification SOP Class的SCP/SCU服务，用于验证DICOM连接的可用性，确保影像设备与服务器之间的通信正常。 +-----------------------------------------------------------------------------------------------------------------------,正偏离/无偏离,平台已实现（详见对应功能模块）
2172,,,服务系统支持DICOM Store SOP Class的SCP/SCU服务，可接收和发送符合DICOM标准的影像数据，实现影像的存储和传输功能。 +------------------------------------------------------------------------------------------------------------------------------,正偏离/无偏离,平台已实现（详见对应功能模块）
2173,,,服务系统支持DICOM Find SOP Class的SCP/SCU服务，提供影像查询功能，支持多条件组合查询，快速定位所需影像数据。 +-----------------------------------------------------------------------------------------------------------------------------------,正偏离/无偏离,平台已实现（详见对应功能模块）
2174,,,服务系统支持DICOM Move SOP Class的SCP/SCU服务，支持影像数据的移动传输，可将影像从一个DICOM节点移动至另一个节点。 +------------------------------------------------------------------------------------------------------------------------------,正偏离/无偏离,平台已实现（详见对应功能模块）
2175,,,服务系统支持DICOM Get SOP Class的SCP/SCU服务，支持影像数据的直接获取，提供更高效的影像调阅方式。 +-----------------------------------------------------------------------------------------------------------------------------------------,正偏离/无偏离,平台已实现（详见对应功能模块）
2176,,,服务系统支持DICOM Storage Commitment SOP Class的SCP服务，确认影像数据已被安全存储，为影像存储提供可靠性保障。 +-----------------------------------------------------------------------------------------------------------------------------,正偏离/无偏离,平台已实现（详见对应功能模块）
2177,,,服务系统支持DICOM Modality Worklist SOP Class的SCP服务，为检查设备提供工作列表，避免重复录入患者信息，提升工作效率。 +--------------------------------------------------------------------------------------------------------------------------,正偏离/无偏离,平台已实现（详见对应功能模块）
2178,,,服务系统支持DICOM MPPS SOP Class的SCP服务，实时接收设备上报的检查执行状态，掌握检查进度，支持检查流程的精细化管理。 +---------------------------------------------------------------------------------------------------------------------------------,正偏离/无偏离,平台已实现（详见对应功能模块）
2179,,,服务系统支持DICOM Grayscale Softcopy Presentation State（GSPS），保存和传输影像的显示状态信息，包括窗宽窗位、标注等，确保影像在不同工作站上的一致显示效果。 +-------------------------------------------------------------------------------------------------,正偏离/无偏离,平台已实现（详见对应功能模块）
2180,★,,+-------------------------------+-----------------------------------------------------------------------------------------------------------------------------------------------------------------------,待复核,初评未匹配，须项目组逐条人工确认
2181,,,支持查看电子申请单详细信息，可对检查方法、检查部位进行核对，并能查看患者检查项目费用明细及适应症、临床意义、注意事项。 +-------------------------------------------------------------------------------------------------------------------------------------------,正偏离/无偏离,平台已实现（详见对应功能模块）
2182,,,支持纸质检查申请单数字化扫描存档，支持查看患者历史信息、职业病史等相关资料。 +----------------------------------------------------------------------------------------------------------------------------------------------------------------,正偏离/无偏离,平台已实现（详见对应功能模块）
2183,,,支持单个检查部位或多个检查部位任意组合预约登记，一次登记可完成多部位检查安排，提高登记效率，满足不同超声检查需求。 +---------------------------------------------------------------------------------------------------------------------------------------------,正偏离/无偏离,平台已实现（详见对应功能模块）
2184,,,支持单个申请单项目拆分为多次检查登记，也支持多个申请单合并为一次预约登记，灵活处理复杂超声检查申请场景。 +--------------------------------------------------------------------------------------------------------------------------------------------------,正偏离/无偏离,平台已实现（详见对应功能模块）
2185,,,支持患者信息批量登记预约处理，可通过导入方式批量处理多个患者的预约登记，适用于体检团队等批量预约场景。 +---------------------------------------------------------------------------------------------------------------------------------------------------,正偏离/无偏离,平台已实现（详见对应功能模块）
2186,,,支持患者通过自助终端完成电子检查申请信息的自助预约登记，减少人工窗口压力，提升患者就医体验。 +--------------------------------------------------------------------------------------------------------------------------------------------------------,正偏离/无偏离,平台已实现（详见对应功能模块）
2187,,,支持设置单日预约总人数上限控制，达到上限后系统自动提示并阻止超量预约，保障超声检查质量和患者等待时间。 +---------------------------------------------------------------------------------------------------------------------------------------------------,正偏离/无偏离,平台已实现（详见对应功能模块）
2188,,,支持登记预约资源分布情况的可视化显示查询，以图表形式展示各时段、各设备的预约占用情况，辅助合理安排超声检查资源。 +----------------------------------------------------------------------------------------------------------------------------------------------,正偏离/无偏离,平台已实现（详见对应功能模块）
2189,,,支持检查号、分诊号的自动生成或人工手动分配两种模式，编号规则可自定义配置。 +-----------------------------------------------------------------------------------------------------------------------------------------------------------------,正偏离/无偏离,平台已实现（详见对应功能模块）
2190,,,支持对已登记预约信息进行修改和撤销处理，修改操作留存操作日志，撤销后号源自动释放，支持批量撤销操作。 +----------------------------------------------------------------------------------------------------------------------------------------------------,正偏离/无偏离,平台已实现（详见对应功能模块）
2191,,,支持患者信息匿名登记模式，满足急诊、危重等无法提供完整信息患者的快速预约登记需求，后续可补充完善患者信息。 +-------------------------------------------------------------------------------------------------------------------------------------------------,正偏离/无偏离,平台已实现（详见对应功能模块）
2192,,,支持检查导引单和报告领取通知单的打印功能，导引单包含检查时间、地点、注意事项等信息，支持自定义打印模板。 +--------------------------------------------------------------------------------------------------------------------------------------------------,正偏离/无偏离,平台已实现（详见对应功能模块）
2193,,,支持预约患者签到管理，按照分诊列表签到顺序依次呼叫患者；实时展示各检查室候检人数、患者到达及呼叫状态。 +---------------------------------------------------------------------------------------------------------------------------------------------------,正偏离/无偏离,平台已实现（详见对应功能模块）
2194,,,支持实时显示各检查室当前候检人数、患者到达状态、呼叫状态等信息，帮助超声医师合理安排检查顺序。 +-------------------------------------------------------------------------------------------------------------------------------------------------------,正偏离/无偏离,平台已实现（详见对应功能模块）
2195,,,支持候诊区大屏幕集中显示候诊信息，包括叫号信息、候诊人数、检查室状态等，引导患者有序候诊；支持手动语音叫号，可人工选择患者进行叫号。 +------------------------------------------------------------------------------------------------------------------------------------,正偏离/无偏离,平台已实现（详见对应功能模块）
2196,,,支持诊室诊间屏实时显示患者候诊排队信息，包括当前检查患者、下一位候诊患者等信息，提升候诊透明度；具备过号功能，支持查看患者叫号次数、呼叫记录。 +-------------------------------------------------------------------------------------------------------------------------------,正偏离/无偏离,平台已实现（详见对应功能模块）
2197,,,支持候诊患者顺序呼叫和指定呼叫两种模式，支持语音播报叫号；可调整患者检查顺序，对多次呼叫未进检查室的患者进行过号处理。 +-------------------------------------------------------------------------------------------------------------------------------------------,正偏离/无偏离,平台已实现（详见对应功能模块）
2198,,,支持跨诊室呼叫管理，当某检查室空闲时可呼叫其他检查室的候诊患者，提高设备利用率，减少患者等待时间。 +-----------------------------------------------------------------------------------------------------------------------------------------------------,正偏离/无偏离,平台已实现（详见对应功能模块）
2199,,,支持患者检查费用核对管理，登记时自动核验患者缴费状态，未缴费患者给予提示，防止漏费情况发生；支持根据申请单来源查询项目收费情况。 +--------------------------------------------------------------------------------------------------------------------------------------,正偏离/无偏离,平台已实现（详见对应功能模块）
2200,,,支持电子检查申请重复登记提醒功能，系统自动识别同一患者的重复申请并给予警示，防止重复检查造成资源浪费。 +---------------------------------------------------------------------------------------------------------------------------------------------------,正偏离/无偏离,平台已实现（详见对应功能模块）
2201,,,支持三种及以上型号、品牌的视频采集卡，兼容市场主流超声设备，采集卡驱动稳定可靠，支持热插拔；支持标清、高清视频信号采集，实现视频信号同步显示与采集。 +----------------------------------------------------------------------------------------------------------------------------,正偏离/无偏离,平台已实现（详见对应功能模块）
2202,,,支持标清和高清视频信号采集，兼容不同分辨率的超声设备输出信号；支持视频信号同步显示与采集，采集过程中可实时预览视频画面。 +------------------------------------------------------------------------------------------------------------------------------------------,正偏离/无偏离,平台已实现（详见对应功能模块）
2203,,,支持视频信号同步显示与采集，采集过程中可实时预览视频画面，确保采集质量；支持视频图像自动采集，采集频率实现可调控制。 +--------------------------------------------------------------------------------------------------------------------------------------------,正偏离/无偏离,平台已实现（详见对应功能模块）
2204,,,支持视频图像采集与录像，静态图像采集格式支持JPEG、BMP、PNG文件格式；动态视频录制支持压缩与非压缩模式保存；支持患者DICOM影像导入，并支持JPEG、BMP、PNG格式转换处理。 +--------------------------------------------------------------------------------------------------------,正偏离/无偏离,平台已实现（详见对应功能模块）
2205,,,支持视频图像自动采集，采集频率可灵活调节，满足不同超声检查的采集需求；支持脚踏开关、手柄、键盘、鼠标等多种采集触发方式。 +------------------------------------------------------------------------------------------------------------------------------------------,正偏离/无偏离,平台已实现（详见对应功能模块）
2206,,,支持脚踏开关、手柄、键盘、鼠标等多种采集触发方式，适应不同超声医师的操作习惯；在静态图像采集与动态视频录制时，提供语音、标识提醒。 +-------------------------------------------------------------------------------------------------------------------------------------,正偏离/无偏离,平台已实现（详见对应功能模块）
2207,,,支持静态图像采集与动态视频录制状态的语音和标识提醒处理，帮助医师确认采集状态；支持图像、视频标位处理与音频信号录制。 +--------------------------------------------------------------------------------------------------------------------------------------------,正偏离/无偏离,平台已实现（详见对应功能模块）
2208,,,支持图像和视频标位处理，可在影像上标记检查部位信息；支持音频信号录制，可同步录制检查过程中的语音描述。 +---------------------------------------------------------------------------------------------------------------------------------------------------,正偏离/无偏离,平台已实现（详见对应功能模块）
2209,,,支持音频信号录制，可同步录制超声检查过程中的语音描述，便于后续报告书写参考；支持静态图像与动态视频删除处理。 +------------------------------------------------------------------------------------------------------------------------------------------------,正偏离/无偏离,平台已实现（详见对应功能模块）
2210,,,支持静态图像上下翻转、左右翻转、放大、缩小、裁剪编辑功能；支持静态图像角度、直线、箭头、圆、矩形、多边形和文字等批注工具。 +-----------------------------------------------------------------------------------------------------------------------------------------,待复核,初评未匹配，须项目组逐条人工确认
2211,,,支持静态图像角度、直线、箭头、圆、矩形、多边形和文字等批注工具，满足超声影像标注需求；支持测量数据快捷录入，并以表格形式插入报告。 +-------------------------------------------------------------------------------------------------------------------------------------,正偏离/无偏离,平台已实现（详见对应功能模块）
2212,,,支持动态视频回放、下载与静态图像导入导出处理；支持患者影像数据集中存储，便于不同工作站间数据共享。 +-----------------------------------------------------------------------------------------------------------------------------------------------------,正偏离/无偏离,平台已实现（详见对应功能模块）
2213,,,支持静态图像与动态视频删除处理，删除操作留存操作记录；支持患者影像数据集中存储，便于不同工作站间数据共享。 +-------------------------------------------------------------------------------------------------------------------------------------------------,正偏离/无偏离,平台已实现（详见对应功能模块）
2214,,,支持患者视频切换处理，可在同一界面快速切换查看不同患者的视频影像；支持患者影像数据集中存储，便于不同工作站间数据共享。 +-------------------------------------------------------------------------------------------------------------------------------------------,正偏离/无偏离,平台已实现（详见对应功能模块）
2215,,,支持患者影像数据集中存储，便于不同超声工作站间数据共享和调阅；支持可选择采集的图片并录入备注插入报告，支持在图片插入时选择部位瞄点。 +------------------------------------------------------------------------------------------------------------------------------------,正偏离/无偏离,平台已实现（详见对应功能模块）
2216,,,支持患者DICOM影像导入，并支持JPEG、BMP、PNG格式转换处理；支持DICOM动态影像转非DICOM格式；支持部位图像设置，可根据机构、类型自定义人体部位图及对应位置。 +--------------------------------------------------------------------------------------------------------------,正偏离/无偏离,平台已实现（详见对应功能模块）
2217,,,支持采集卡无视频输入信号提醒处理，当采集卡未检测到视频信号时自动提示，避免空采集操作；支持多种采集触发方式。 +------------------------------------------------------------------------------------------------------------------------------------------------,正偏离/无偏离,平台已实现（详见对应功能模块）
2218,,,支持所见即所得的检查报告书写模式，可调用检查报告模板；可查看患者临床诊断信息、备注及原始电子申请单或拍摄件；书写报告时支持缩放、调整字体大小、图像大小、行距，添加顺序码、插入特殊字符，查看修改痕迹，支持报告收藏。 +--------------------------------------------------------------------------------------------,正偏离/无偏离,平台已实现（详见对应功能模块）
2219,,,支持检查报告模板自定义，可按检查类型、部位等维度创建专科报告模板；支持自定义诊断模板，可根据项目定义，设置为公共或私有，提高报告书写效率和规范性。 +-----------------------------------------------------------------------------------------------------------------------------,正偏离/无偏离,平台已实现（详见对应功能模块）
2220,,,支持特殊医学符号和常用词条的快速引用，内置超声科常用术语词库；支持自定义常用词条，按类型、项目分类设置，可定义为共有词条或私有词条。 +------------------------------------------------------------------------------------------------------------------------------------,正偏离/无偏离,平台已实现（详见对应功能模块）
2221,,,支持检查报告的撤销和修改功能，修改操作留存完整修改痕迹；支持检查报告自动保存功能，书写过程中定时自动保存草稿，防止内容丢失。 +----------------------------------------------------------------------------------------------------------------------------------------,正偏离/无偏离,平台已实现（详见对应功能模块）
2222,,,支持描述模板的引用、新建、删除、修改操作，模板按科室和个人分类管理；支持自定义常用词条，可按类型、项目定义，设置为共有词条或私有词条。 +-----------------------------------------------------------------------------------------------------------------------------------,正偏离/无偏离,平台已实现（详见对应功能模块）
2223,,,支持检查阴性/阳性标记和危急值影像质控控制，危急值报告自动触发提醒流程；支持传染病上报功能；支持过程质控，质控内容支持自定义。 +---------------------------------------------------------------------------------------------------------------------------------------,正偏离/无偏离,平台已实现（详见对应功能模块）
2224,,,支持同时打开多个患者报告进行对比阅读；支持同一患者不同图像与不同患者图像比对；支持报告内容词汇合理性校验功能，书写报告时若出现不合理词汇系统自动提示。 +---------------------------------------------------------------------------------------------------------------------------,正偏离/无偏离,平台已实现（详见对应功能模块）
2225,,,支持同一患者历史报告自动关联显示，医生书写报告时可直接查看该患者既往超声检查报告，便于对比分析病情变化。 +--------------------------------------------------------------------------------------------------------------------------------------------------,正偏离/无偏离,平台已实现（详见对应功能模块）
2226,,,支持查看患者历史检查报告，可一键复制历史报告内容至当前报告，减少重复书写工作量；支持自定义报告合理词汇校验，保障报告内容准确性。 +--------------------------------------------------------------------------------------------------------------------------------------,正偏离/无偏离,平台已实现（详见对应功能模块）
2227,,,支持加载患者历史检查影像，可在当前报告书写界面直接调阅历史超声影像进行对比；可确定患者是否需要随访及随访时间、内容。 +--------------------------------------------------------------------------------------------------------------------------------------------,正偏离/无偏离,平台已实现（详见对应功能模块）
2228,,,支持报告修改历史的同框、同屏对比显示，可直观查看修改前后的差异，支持修改内容标注，便于质控审核；支持自定义特殊字符。 +--------------------------------------------------------------------------------------------------------------------------------------------,正偏离/无偏离,平台已实现（详见对应功能模块）
2229,,,支持检查报告驳回功能，上级医生可驳回下级报告并填写驳回原因；支持报告质量评价、图片质量评价和分级审核流程；支持检查报告保存为草稿、保存、审核、驳回、打印、预览导出全流程管理。 +---------------------------------------------------------------------------------------------------------------,正偏离/无偏离,平台已实现（详见对应功能模块）
2230,,,支持检查报告自动保存功能，书写过程中定时自动保存草稿，防止因意外情况导致报告内容丢失；具备登录账户超时注销、超时退出功能，保障系统访问安全。 +--------------------------------------------------------------------------------------------------------------------------------,正偏离/无偏离,平台已实现（详见对应功能模块）
2231,,,支持报告打印预览功能，打印前可预览报告排版效果，支持自定义报告打印模板，满足不同医院的报告格式要求。 +----------------------------------------------------------------------------------------------------------------------------------------------------,正偏离/无偏离,平台已实现（详见对应功能模块）
2232,,,支持检查报告批量打印功能，可按日期、设备、医生等条件筛选批量打印；支持报告数据批量导出；支持病例列表导出、打印。 +----------------------------------------------------------------------------------------------------------------------------------------------,正偏离/无偏离,平台已实现（详见对应功能模块）
2233,,,支持登录账户超时自动注销和超时退出功能，超时时长可配置，保障系统安全；支持按角色、科室精准控制权限。 +----------------------------------------------------------------------------------------------------------------------------------------------------,正偏离/无偏离,平台已实现（详见对应功能模块）
2234,,,支持患者随访记录管理功能，可记录患者随访时间、随访结果、随访医生等信息；支持自定义随访内容，可根据随访计划查看随访任务。 +------------------------------------------------------------------------------------------------------------------------------------------,正偏离/无偏离,平台已实现（详见对应功能模块）
2235,,,支持报告医师、记录员、检查医师、审核医师、送检医师工作量汇总和明细统计，支持个人和科室工作量对比分析。 +---------------------------------------------------------------------------------------------------------------------------------------------------,正偏离/无偏离,平台已实现（详见对应功能模块）
2236,,,支持检查阳性率汇总和明细统计，可按检查类型、部位、时间段等维度统计超声检查阳性率，为科室质量管理提供数据支撑。 +-----------------------------------------------------------------------------------------------------------------------------------------------,正偏离/无偏离,平台已实现（详见对应功能模块）
2237,,,支持患者检查记录簿、病人记录簿打印，满足超声科日常管理和档案归档需求；支持统计报表打印功能。 +--------------------------------------------------------------------------------------------------------------------------------------------------------,正偏离/无偏离,平台已实现（详见对应功能模块）
2238,,,支持部位检查人次统计、送检科室汇总统计、设备部位人次统计、设备部位人次明细统计、医技开单统计、会诊病例统计、随访病例统计等多维度统计分析。 +---------------------------------------------------------------------------------------------------------------------------------,正偏离/无偏离,平台已实现（详见对应功能模块）
2239,,,支持统计报表打印功能，所有统计报表均支持预览和打印输出，支持导出为Excel格式；内置标准统计报表，也可根据医院实际需要定制统计报表。 +-----------------------------------------------------------------------------------------------------------------------------------,正偏离/无偏离,平台已实现（详见对应功能模块）
2240,★,,+-------------------------------+-----------------------------------------------------------------------------------------------------------------------------------------------------------------------,待复核,初评未匹配，须项目组逐条人工确认
2241,,,支持查看电子申请单详细信息，可对检查方法、检查部位进行核对，并能查看患者检查项目费用明细。 +---------------------------------------------------------------------------------------------------------------------------------------------------------,正偏离/无偏离,平台已实现（详见对应功能模块）
2242,,,支持纸质检查申请单数字化扫描存档；支持查看患者历史信息、职业病史等相关资料。 +----------------------------------------------------------------------------------------------------------------------------------------------------------------,正偏离/无偏离,平台已实现（详见对应功能模块）
2243,,,支持单个检查部位或多个检查部位任意组合预约登记，一次登记可完成多部位检查安排，提高登记效率，满足不同内镜检查需求。 +---------------------------------------------------------------------------------------------------------------------------------------------,正偏离/无偏离,平台已实现（详见对应功能模块）
2244,,,支持单个申请单项目拆分为多次检查登记，也支持多个申请单合并为一次预约登记，灵活处理复杂内镜检查申请场景。 +--------------------------------------------------------------------------------------------------------------------------------------------------,正偏离/无偏离,平台已实现（详见对应功能模块）
2245,,,支持患者信息批量登记预约处理，可通过导入方式批量处理多个患者的预约登记，适用于体检团队等批量预约场景。 +---------------------------------------------------------------------------------------------------------------------------------------------------,正偏离/无偏离,平台已实现（详见对应功能模块）
2246,,,支持患者通过自助终端完成电子检查申请信息的自助预约登记，减少人工窗口压力，提升患者就医体验。 +--------------------------------------------------------------------------------------------------------------------------------------------------------,正偏离/无偏离,平台已实现（详见对应功能模块）
2247,,,支持设置单日预约总人数上限控制，达到上限后系统自动提示并阻止超量预约，保障内镜检查质量和患者等待时间。 +---------------------------------------------------------------------------------------------------------------------------------------------------,正偏离/无偏离,平台已实现（详见对应功能模块）
2248,,,支持登记预约资源分布情况的可视化显示查询，以图表形式展示各时段、各设备的预约占用情况，辅助合理安排内镜检查资源。 +----------------------------------------------------------------------------------------------------------------------------------------------,正偏离/无偏离,平台已实现（详见对应功能模块）
2249,,,支持检查号、分诊号的自动生成或人工手动分配两种模式，编号规则可自定义配置。 +-----------------------------------------------------------------------------------------------------------------------------------------------------------------,正偏离/无偏离,平台已实现（详见对应功能模块）
2250,,,支持对已登记预约信息进行修改和撤销处理，修改操作留存操作日志，撤销后号源自动释放，支持批量撤销操作。 +----------------------------------------------------------------------------------------------------------------------------------------------------,正偏离/无偏离,平台已实现（详见对应功能模块）
2251,,,支持患者信息匿名登记模式，满足急诊、危重等无法提供完整信息患者的快速预约登记需求，后续可补充完善患者信息。 +-------------------------------------------------------------------------------------------------------------------------------------------------,正偏离/无偏离,平台已实现（详见对应功能模块）
2252,,,支持检查导引单和报告领取通知单的打印功能，导引单包含检查时间、地点、注意事项等信息，支持自定义打印模板。 +--------------------------------------------------------------------------------------------------------------------------------------------------,正偏离/无偏离,平台已实现（详见对应功能模块）
2253,,,支持预约患者签到管理，按照分诊列表签到顺序依次呼叫患者；实时展示各检查室候检人数、患者到达及呼叫状态；以视图形式呈现检查室当前总预约人次、已签到人次、等候人次、未签到人次及患者检查项目信息。 +-------------------------------------------------------------------------------------------------------,正偏离/无偏离,平台已实现（详见对应功能模块）
2254,,,支持实时显示各检查室当前候检人数、患者到达状态、呼叫状态等信息，帮助内镜医师合理安排检查顺序。 +-------------------------------------------------------------------------------------------------------------------------------------------------------,正偏离/无偏离,平台已实现（详见对应功能模块）
2255,,,支持候诊区大屏幕集中显示候诊信息，包括叫号信息、候诊人数、检查室状态等，引导患者有序候诊；支持手动语音叫号，可人工选择患者进行叫号。 +------------------------------------------------------------------------------------------------------------------------------------,正偏离/无偏离,平台已实现（详见对应功能模块）
2256,,,支持诊室诊间屏实时显示患者候诊排队信息，包括当前检查患者、下一位候诊患者等信息，提升候诊透明度；具备过号功能，支持查看患者叫号次数、呼叫记录。 +-------------------------------------------------------------------------------------------------------------------------------,正偏离/无偏离,平台已实现（详见对应功能模块）
2257,,,支持候诊患者顺序呼叫和指定呼叫两种模式，支持语音播报叫号。 +-------------------------------------------------------------------------------------------------------------------------------------------------------------------------,正偏离/无偏离,平台已实现（详见对应功能模块）
2258,,,可调整患者检查顺序，对多次呼叫未进检查室的患者进行过号处理。 +------------------------------------------------------------------------------------------------------------------------------------------------------------------------,正偏离/无偏离,平台已实现（详见对应功能模块）
2259,,,支持患者检查费用核对管理，登记时自动核验患者缴费状态，未缴费患者给予提示，防止漏费情况发生。 +--------------------------------------------------------------------------------------------------------------------------------------------------------,正偏离/无偏离,平台已实现（详见对应功能模块）
2260,,,支持根据申请单来源查询项目收费情况。 +------------------------------------------------------------------------------------------------------------------------------------------------------------------------------------,正偏离/无偏离,平台已实现（详见对应功能模块）
2261,,,支持标清、高清视频信号采集，实现视频信号同步显示与采集。 +--------------------------------------------------------------------------------------------------------------------------------------------------------------------------,正偏离/无偏离,平台已实现（详见对应功能模块）
2262,,,支持标清和高清视频信号采集，兼容不同分辨率的内镜设备输出信号。 +-----------------------------------------------------------------------------------------------------------------------------------------------------------------------,正偏离/无偏离,平台已实现（详见对应功能模块）
2263,,,支持视频信号同步显示与采集，采集过程中可实时预览视频画面，确保采集质量；支持视频图像自动采集，采集频率实现可调控制。 +--------------------------------------------------------------------------------------------------------------------------------------------,正偏离/无偏离,平台已实现（详见对应功能模块）
2264,,,支持视频图像采集与录像，静态图像采集格式支持JPEG、BMP、PNG文件格式；动态视频录制支持压缩与非压缩模式保存；支持患者DICOM影像导入，并支持JPEG、BMP、PNG格式转换处理。 +--------------------------------------------------------------------------------------------------------,正偏离/无偏离,平台已实现（详见对应功能模块）
2265,,,支持视频图像自动采集，采集频率可灵活调节，满足不同内镜检查的采集需求；支持脚踏开关、手柄、键盘、鼠标等多种采集触发方式。 +------------------------------------------------------------------------------------------------------------------------------------------,正偏离/无偏离,平台已实现（详见对应功能模块）
2266,,,支持脚踏开关、手柄、键盘、鼠标等多种采集触发方式，适应不同内镜医师的操作习惯；在静态图像采集与动态视频录制时，提供语音、标识提醒。 +-------------------------------------------------------------------------------------------------------------------------------------,正偏离/无偏离,平台已实现（详见对应功能模块）
2267,,,支持静态图像采集与动态视频录制状态的语音和标识提醒处理，帮助医师确认采集状态；支持图像、视频标位处理与音频信号录制。 +--------------------------------------------------------------------------------------------------------------------------------------------,正偏离/无偏离,平台已实现（详见对应功能模块）
2268,,,支持图像和视频标位处理，可在影像上标记检查部位信息；支持音频信号录制，可同步录制内镜检查过程中的语音描述。 +-------------------------------------------------------------------------------------------------------------------------------------------------,正偏离/无偏离,平台已实现（详见对应功能模块）
2269,,,支持音频信号录制，可同步录制内镜检查过程中的语音描述，便于后续报告书写参考；支持静态图像与动态视频删除处理。 +------------------------------------------------------------------------------------------------------------------------------------------------,正偏离/无偏离,平台已实现（详见对应功能模块）
2270,,,支持静态图像上下翻转、左右翻转、放大、缩小、裁剪编辑功能；支持静态图像角度、直线、箭头、圆、矩形、多边形和文字等批注工具。 +-----------------------------------------------------------------------------------------------------------------------------------------,待复核,初评未匹配，须项目组逐条人工确认
2271,,,支持静态图像角度、直线、箭头、圆、矩形、多边形和文字等批注工具，满足内镜影像标注需求；支持测量数据快捷录入，并以表格形式插入报告。 +-------------------------------------------------------------------------------------------------------------------------------------,正偏离/无偏离,平台已实现（详见对应功能模块）
2272,,,支持动态视频回放、下载与静态图像导入导出处理；支持患者影像数据集中存储，便于不同工作站间数据共享。 +-----------------------------------------------------------------------------------------------------------------------------------------------------,正偏离/无偏离,平台已实现（详见对应功能模块）
2273,,,支持静态图像与动态视频删除处理，删除操作留存操作记录；支持患者影像数据集中存储，便于不同工作站间数据共享。 +-------------------------------------------------------------------------------------------------------------------------------------------------,正偏离/无偏离,平台已实现（详见对应功能模块）
2274,,,支持患者视频切换处理，可在同一界面快速切换查看不同患者的视频影像；支持患者影像数据集中存储，便于不同工作站间数据共享。 +-------------------------------------------------------------------------------------------------------------------------------------------,正偏离/无偏离,平台已实现（详见对应功能模块）
2275,,,支持患者影像数据集中存储，便于不同内镜工作站间数据共享和调阅；支持可选择采集的图片并录入备注插入报告，支持在图片插入时选择部位瞄点。 +------------------------------------------------------------------------------------------------------------------------------------,正偏离/无偏离,平台已实现（详见对应功能模块）
2276,,,支持患者DICOM影像导入，并支持JPEG、BMP、PNG格式转换处理；支持DICOM动态影像转非DICOM格式；支持部位图像设置，可根据机构、类型自定义人体部位图及对应位置。 +--------------------------------------------------------------------------------------------------------------,正偏离/无偏离,平台已实现（详见对应功能模块）
2277,,,支持采集卡无视频输入信号提醒处理，当采集卡未检测到视频信号时自动提示，避免空采集操作；支持多种采集触发方式。 +------------------------------------------------------------------------------------------------------------------------------------------------,正偏离/无偏离,平台已实现（详见对应功能模块）
2278,,,支持所见即所得的检查报告书写模式，可调用检查报告模板；可查看患者临床诊断信息、备注及原始电子申请单或拍摄件；书写报告时支持缩放、调整字体大小、图像大小、行距，添加顺序码、插入特殊字符，查看修改痕迹，支持报告收藏。 +--------------------------------------------------------------------------------------------,正偏离/无偏离,平台已实现（详见对应功能模块）
2279,,,支持检查报告模板自定义，可按检查类型、部位等维度创建专科报告模板；支持自定义诊断模板，可根据项目定义，设置为公共或私有，提高报告书写效率和规范性。 +-----------------------------------------------------------------------------------------------------------------------------,正偏离/无偏离,平台已实现（详见对应功能模块）
2280,,,支持特殊医学符号和常用词条的快速引用，内置内镜科常用术语词库；支持自定义常用词条，按类型、项目分类设置，可定义为共有词条或私有词条。 +------------------------------------------------------------------------------------------------------------------------------------,正偏离/无偏离,平台已实现（详见对应功能模块）
2281,,,支持检查报告的撤销和修改功能，修改操作留存完整修改痕迹；支持检查报告自动保存功能，书写过程中定时自动保存草稿，防止内容丢失。 +----------------------------------------------------------------------------------------------------------------------------------------,正偏离/无偏离,平台已实现（详见对应功能模块）
2282,,,支持描述模板的引用、新建、删除、修改操作，模板按科室和个人分类管理；支持自定义常用词条，可按类型、项目定义，设置为共有词条或私有词条。 +-----------------------------------------------------------------------------------------------------------------------------------,正偏离/无偏离,平台已实现（详见对应功能模块）
2283,,,支持检查阴性/阳性标记和危急值影像质控控制，危急值报告自动触发提醒流程；支持传染病上报功能；支持过程质控，质控内容支持自定义。 +---------------------------------------------------------------------------------------------------------------------------------------,正偏离/无偏离,平台已实现（详见对应功能模块）
2284,,,支持同时打开多个患者报告进行对比阅读；支持同一患者不同图像与不同患者图像比对；支持报告内容词汇合理性校验功能，书写报告时若出现不合理词汇系统自动提示。 +---------------------------------------------------------------------------------------------------------------------------,正偏离/无偏离,平台已实现（详见对应功能模块）
2285,,,支持同一患者历史报告自动关联显示，医生书写报告时可直接查看该患者既往内镜检查报告，便于对比分析病情变化。 +--------------------------------------------------------------------------------------------------------------------------------------------------,正偏离/无偏离,平台已实现（详见对应功能模块）
2286,,,支持查看患者历史检查报告，可一键复制历史报告内容至当前报告，减少重复书写工作量；支持自定义报告合理词汇校验，保障报告内容准确性。 +--------------------------------------------------------------------------------------------------------------------------------------,正偏离/无偏离,平台已实现（详见对应功能模块）
2287,,,支持加载患者历史检查影像，可在当前报告书写界面直接调阅历史内镜影像进行对比；可确定患者是否需要随访及随访时间、内容。 +--------------------------------------------------------------------------------------------------------------------------------------------,正偏离/无偏离,平台已实现（详见对应功能模块）
2288,,,支持报告修改历史的同框、同屏对比显示，可直观查看修改前后的差异，支持修改内容标注，便于质控审核；支持自定义特殊字符。 +--------------------------------------------------------------------------------------------------------------------------------------------,正偏离/无偏离,平台已实现（详见对应功能模块）
2289,,,支持检查报告驳回功能，上级医生可驳回下级报告并填写驳回原因；支持报告质量评价、图片质量评价和分级审核流程；支持检查报告保存为草稿、保存、审核、驳回、打印、预览导出全流程管理。 +---------------------------------------------------------------------------------------------------------------,正偏离/无偏离,平台已实现（详见对应功能模块）
2290,,,支持检查报告自动保存功能，书写过程中定时自动保存草稿，防止因意外情况导致报告内容丢失；具备登录账户超时注销、超时退出功能，保障系统访问安全。 +--------------------------------------------------------------------------------------------------------------------------------,正偏离/无偏离,平台已实现（详见对应功能模块）
2291,,,支持报告打印预览功能，打印前可预览报告排版效果，支持自定义报告打印模板，满足不同医院的报告格式要求。 +----------------------------------------------------------------------------------------------------------------------------------------------------,正偏离/无偏离,平台已实现（详见对应功能模块）
2292,,,支持检查报告批量打印功能，可按日期、设备、医生等条件筛选批量打印；支持报告数据批量导出；支持病例列表导出、打印。 +----------------------------------------------------------------------------------------------------------------------------------------------,正偏离/无偏离,平台已实现（详见对应功能模块）
2293,,,支持登录账户超时自动注销和超时退出功能，超时时长可配置，保障系统安全；支持按角色、科室精准控制权限。 +----------------------------------------------------------------------------------------------------------------------------------------------------,正偏离/无偏离,平台已实现（详见对应功能模块）
2294,,,支持患者随访记录管理功能，可记录患者随访时间、随访结果、随访医生等信息；支持自定义随访内容，可根据随访计划查看随访任务。 +------------------------------------------------------------------------------------------------------------------------------------------,正偏离/无偏离,平台已实现（详见对应功能模块）
2295,,,支持病理取材手术记录单填报功能，可在内镜检查报告中记录病理取材部位、数量、标本处理方式等信息，与病理系统无缝对接，支持病理申请单打印。 +-----------------------------------------------------------------------------------------------------------------------------------,正偏离/无偏离,平台已实现（详见对应功能模块）
2296,,,支持报告医师、记录员、检查医师、审核医师、送检医师工作量汇总和明细统计，支持个人和科室工作量对比分析；内置标准统计报表，也可根据医院实际需要定制。 +-----------------------------------------------------------------------------------------------------------------------------,正偏离/无偏离,平台已实现（详见对应功能模块）
2297,,,支持检查阳性率汇总和明细统计，可按检查类型、部位、时间段等维度统计内镜检查阳性率，为科室质量管理提供数据支撑。 +-----------------------------------------------------------------------------------------------------------------------------------------------,正偏离/无偏离,平台已实现（详见对应功能模块）
2298,,,支持患者检查记录簿、病人记录簿打印，满足内镜科日常管理和档案归档需求；支持统计报表打印功能。 +--------------------------------------------------------------------------------------------------------------------------------------------------------,正偏离/无偏离,平台已实现（详见对应功能模块）
2299,,,支持部位检查人次统计、送检科室汇总统计、设备部位人次统计、设备部位人次明细统计、医技开单统计、会诊病例统计、随访病例统计等多维度统计分析。 +---------------------------------------------------------------------------------------------------------------------------------,正偏离/无偏离,平台已实现（详见对应功能模块）
2300,,,支持统计报表打印功能，所有统计报表均支持预览和打印输出，支持导出为Excel格式；内置标准统计报表，也可根据医院实际需要定制统计报表。 +-----------------------------------------------------------------------------------------------------------------------------------,正偏离/无偏离,平台已实现（详见对应功能模块）
2301,★,,+-------------------------------+-----------------------------------------------------------------------------------------------------------------------------------------------------------------------,待复核,初评未匹配，须项目组逐条人工确认
2302,,,支持出诊任务登记，包含出诊车辆、医护人员、司机、护工、急救包等信息。 +------------------------------------------------------------------------------+ （2）出诊任务 +---------------------------------------------------------------------------,待复核,初评未匹配，须项目组逐条人工确认
2303,,,支持出诊记录查看调阅，查看待出诊列表信息。 +------------------------------------------------------------------------------+,待复核,初评未匹配，须项目组逐条人工确认
2304,,,支持录入经过，出诊病历等，并录入出诊结果，送达医院等信息。 +------------------------------------------------------------------------------+,正偏离/无偏离,平台已实现（详见对应功能模块）
2305,,,支持查看出诊地图轨迹，查看出诊路线。 +------------------------------------------------------------------------------+,待复核,初评未匹配，须项目组逐条人工确认
2306,,,支持出诊关键节点记录，如：出车时间，到达现场、患者上车、返回医院等。 +------------------------------------------------------------------------------+ 院前病历 +------------------------------------------------------------------------------,正偏离/无偏离,平台已实现（详见对应功能模块）
2307,,,支持录入患者基本信息登记院前病历。 +------------------------------------------------------------------------------+ （2）病情摘要 +------------------------------------------------------------------------------+,正偏离/无偏离,平台已实现（详见对应功能模块）
2308,,,支持录入院前患者主诉、既往史、现病史、过敏史等信息。 +------------------------------------------------------------------------------+ （3）生命体征 +------------------------------------------------------------------------------+,正偏离/无偏离,平台已实现（详见对应功能模块）
2309,,,支持录入患者体征信息，包含血压、血氧、呼吸等。 +------------------------------------------------------------------------------+ （4）查体 +------------------------------------------------------------------------------+,正偏离/无偏离,平台已实现（详见对应功能模块）
2310,,,支持录入患者查体信息，如意识、瞳孔、受伤部位等。 +------------------------------------------------------------------------------+ （5）急救处理 +------------------------------------------------------------------------------+,正偏离/无偏离,平台已实现（详见对应功能模块）
2311,,,支持点选、文字等记录出诊过程中的急救措施和急救操作等。 +------------------------------------------------------------------------------+,待复核,初评未匹配，须项目组逐条人工确认
2312,,,支持录入出诊过程中的其他操作等。 +------------------------------------------------------------------------------+,待复核,初评未匹配，须项目组逐条人工确认
2313,,,支持录入院前用药信息。 +------------------------------------------------------------------------------+ （6）急救结果 +------------------------------------------------------------------------------+,正偏离/无偏离,平台已实现（详见对应功能模块）
2314,,,支持登记出诊患者去向（送回本院、现场死亡）等，是否开具死亡证明。 +------------------------------------------------------------------------------+,正偏离/无偏离,平台已实现（详见对应功能模块）
2315,,,支持记录出诊结果。 +------------------------------------------------------------------------------+ 医嘱管理 +------------------------------------------------------------------------------+,正偏离/无偏离,平台已实现（详见对应功能模块）
2316,,,支持院前医嘱开具，包含药品、检查检验等。 +------------------------------------------------------------------------------+,正偏离/无偏离,平台已实现（详见对应功能模块）
2317,,,支持院前医嘱提交收费。 +------------------------------------------------------------------------------+,正偏离/无偏离,平台已实现（详见对应功能模块）
2318,,,支持移动端医嘱开具，符合移动端系统操作逻辑。 +------------------------------------------------------------------------------+ 信息共享 +------------------------------------------------------------------------------+,正偏离/无偏离,平台已实现（详见对应功能模块）
2319,,,支持与院内急救系统对接，共享院前出诊经过及院前急救病历数据。 +------------------------------------------------------------------------------+,正偏离/无偏离,平台已实现（详见对应功能模块）
2320,,,支持院内系统直接利用院前登记信息和院前出诊数据分诊、书写病历。 +------------------------------------------------------------------------------+,正偏离/无偏离,平台已实现（详见对应功能模块）
2321,★,,+-------------------------------+-----------------------------------------------------------------------------------------------------------------------------------------------------------------------,待复核,初评未匹配，须项目组逐条人工确认
2322,,,支持与院内HIS对接，快速获取已有档案患者信息进行快速分诊。 +------------------------------------------------------------------------------------------------------------------------------------------------------------------+,正偏离/无偏离,平台已实现（详见对应功能模块）
2323,,,支持各类特殊患者标记，如三无、失独等，并可根据需要设置其他标记。 +------------------------------------------------------------------------------------------------------------------------------------------------------------------+,正偏离/无偏离,平台已实现（详见对应功能模块）
2324,,,支持与院前急救120系统的对接，实现患者院前急救数据的关联和导入，支持对外院转运送入的患者可登记患者来源。 +-------------------------------------------------------------------------------------------------------------------------------------------------,正偏离/无偏离,平台已实现（详见对应功能模块）
2325,,,支持在患者体征采集时，可利用体征测量仪器设备采集，如心率、收缩压、舒张压、血氧饱和度等，分诊系统自动从设备中获取生命体征数据，摒除分诊护士手动采集、录入。 +-------------------------------------------------------------------------------------------------------------------------,配套产品响应,属设备配套软件/商用知识库/CA 等产品参数，平台已留标准接入点
2326,,,支持120入院的病人从院前急救系统中自动获取最近生命体征和评分数据，避免重复录入。 +-------------------------------------------------------------------------------------------------------------------------------------------------------------,正偏离/无偏离,平台已实现（详见对应功能模块）
2327,,,分诊系统自动从设备中获取生命体征数据，体征数据可用于分诊分级、病情评估。 +------------------------------------------------------------------------------------------------------------------------------------------------------------------,正偏离/无偏离,平台已实现（详见对应功能模块）
2328,,,系统提供一套已有的广泛使用的急诊分级知识库，护士根据患者的主诉，及主诉判断标准进行统一的分诊分级。 +-----------------------------------------------------------------------------------------------------------------------------------------------------,正偏离/无偏离,平台已实现（详见对应功能模块）
2329,,,系统内置病情主诉分级知识库，提供常见的主诉和症状补充信息。 +------------------------------------------------------------------------------------------------------------------------------------------------------------------+,正偏离/无偏离,平台已实现（详见对应功能模块）
2330,,,支持根据角色，人员独立分配知识库配置权限，自定义知识库内容。 +------------------------------------------------------------------------------------------------------------------------------------------------------------------+,正偏离/无偏离,平台已实现（详见对应功能模块）
2331,,,系统内置各种常用医疗评分，如MEWS、GCS、疼痛评分、ISS评分等。 +------------------------------------------------------------------------------------------------------------------------------------------------------------------+,正偏离/无偏离,平台已实现（详见对应功能模块）
2332,,,支持通过评分关联级别，对病人病情做级别区分。 +------------------------------------------------------------------------------------------------------------------------------------------------------------------+,正偏离/无偏离,平台已实现（详见对应功能模块）
2333,,,可支持根据获取的生命体征数据自动计算MEWS评分。 +------------------------------------------------------------------------------------------------------------------------------------------------------------------+ +--------,正偏离/无偏离,平台已实现（详见对应功能模块）
2334,,,支持三区四级或四区五级模式分诊，可根据患者病情或主诉等信息分诊至对应区域。 +-----------------------------------------------------------------------------------------------------------------------------------------------------------------,外部条件,需医保局/省平台等外部环境开通后联调
2335,,,支持录入来院患者的发病时间，来院方式等信息。 +------------------------------------------------------------------------------------------------------------------------------------------------------------------+,正偏离/无偏离,平台已实现（详见对应功能模块）
2336,,,支持特殊病种（绿色通道）的标识，并可根据需求自定义。 +------------------------------------------------------------------------------------------------------------------------------------------------------------------+,待复核,初评未匹配，须项目组逐条人工确认
2337,,,支持特殊患者人群、绿色通道人群快速登记分诊。 +------------------------------------------------------------------------------------------------------------------------------------------------------------------+,正偏离/无偏离,平台已实现（详见对应功能模块）
2338,,,支持先诊疗后登记患者信息。 +------------------------------------------------------------------------------------------------------------------------------------------------------------------+,正偏离/无偏离,平台已实现（详见对应功能模块）
2339,,,支持人工更改分诊信息，可以支持二次分诊。 +------------------------------------------------------------------------------------------------------------------------------------------------------------------+,正偏离/无偏离,平台已实现（详见对应功能模块）
2340,,,支持自动打印分诊单据，支持特殊患者标记。 +------------------------------------------------------------------------------------------------------------------------------------------------------------------+,正偏离/无偏离,平台已实现（详见对应功能模块）
2341,,,支持挂号后获取患者信息快速分诊；支持分诊后挂号窗口获取分诊信息快速挂号。 +------------------------------------------------------------------------------------------------------------------------------------------------------------------,正偏离/无偏离,平台已实现（详见对应功能模块）
2342,,,支持分诊记录查询、修改、导出等操作。 +------------------------------------------------------------------------------------------------------------------------------------------------------------------+,正偏离/无偏离,平台已实现（详见对应功能模块）
2343,,,支持分诊快速打印腕带、绑定RFID腕带。 +------------------------------------------------------------------------------------------------------------------------------------------------------------------+ +-------------,正偏离/无偏离,平台已实现（详见对应功能模块）
2344,,,支持群伤患者批量登记。 +------------------------------------------------------------------------------------------------------------------------------------------------------------------+,正偏离/无偏离,平台已实现（详见对应功能模块）
2345,,,支持快速添加或移除群体时间标记。 +------------------------------------------------------------------------------------------------------------------------------------------------------------------+,待复核,初评未匹配，须项目组逐条人工确认
2346,,,支持群体事件概览、明细查询、打印、导出。 +------------------------------------------------------------------------------------------------------------------------------------------------------------------+ 统计查询 +--------,正偏离/无偏离,平台已实现（详见对应功能模块）
2347,,,支持对分诊数据进行各种数据统计，并可按要求生成各类统计报表或图形报表。 +------------------------------------------------------------------------------------------------------------------------------------------------------------------+,正偏离/无偏离,平台已实现（详见对应功能模块）
2348,,,支持推送分诊信息至其他系统。 +------------------------------------------------------------------------------------------------------------------------------------------------------------------+,正偏离/无偏离,平台已实现（详见对应功能模块）
2349,,,支持接收院前出诊信息，快速查看院前信息。 +------------------------------------------------------------------------------------------------------------------------------------------------------------------+,待复核,初评未匹配，须项目组逐条人工确认
2350,,,支持快速查看院前急救出诊信息，出诊病历等，可根据院前急救信息快速分诊挂号。 +-----------------------------------------------------------------------------------------------------------------------------------------------------------------,正偏离/无偏离,平台已实现（详见对应功能模块）
2351,,,支持对接三大中心系统，推送中心各种所需数据。 +------------------------------------------------------------------------------------------------------------------------------------------------------------------+,正偏离/无偏离,平台已实现（详见对应功能模块）
2352,★,,+-------------------------------+-----------------------------------------------------------------------------------------------------------------------------------------------------------------------,待复核,初评未匹配，须项目组逐条人工确认
2353,,,区分展示待诊、已诊患者列表，支持姓名、卡号等条件快速检索患者。 +------------------------------------------------------------------------------------------------------------+ 接诊管理 +---------------------------------------------------,正偏离/无偏离,平台已实现（详见对应功能模块）
2354,,,支持与排队叫号系统对接，根据医生站患者序号实现顺呼、选呼等操作，叫号大屏通过文字、语音呼叫患者就诊。 +------------------------------------------------------------------------------------------------------------+,正偏离/无偏离,平台已实现（详见对应功能模块）
2355,,,医生站自动获取分诊记录登记的患者基本信息、体征、主诉等信息。 +------------------------------------------------------------------------------------------------------------+,正偏离/无偏离,平台已实现（详见对应功能模块）
2356,,,支持转诊至其他诊室或留观诊疗区。 +------------------------------------------------------------------------------------------------------------+ 诊断管理 +------------------------------------------------------------------,正偏离/无偏离,平台已实现（详见对应功能模块）
2357,,,支持ICD编码、名称快速搜索诊断，支持录入前缀、后缀等描述诊断。 +------------------------------------------------------------------------------------------------------------+,正偏离/无偏离,平台已实现（详见对应功能模块）
2358,,,系统内置标准ICD诊断编码库。 +------------------------------------------------------------------------------------------------------------+,正偏离/无偏离,平台已实现（详见对应功能模块）
2359,,,系统支持对诊断进行排序，标记主要诊断、疑似诊断。 +------------------------------------------------------------------------------------------------------------+ 病历书写 +----------------------------------------------------------,正偏离/无偏离,平台已实现（详见对应功能模块）
2360,,,支持自定义电子病历模板，电子病历支持自动、收到导入医嘱、检查检验结果等。 +------------------------------------------------------------------------------------------------------------+,正偏离/无偏离,平台已实现（详见对应功能模块）
2361,,,支持自动获取患者基本信息。 +------------------------------------------------------------------------------------------------------------+,正偏离/无偏离,平台已实现（详见对应功能模块）
2362,,,支持病历模板，支持按科室、病区自定义模板。 +------------------------------------------------------------------------------------------------------------+,正偏离/无偏离,平台已实现（详见对应功能模块）
2363,,,支持病历共享查看。 +------------------------------------------------------------------------------------------------------------+ 医嘱管理 +-------------------------------------------------------------------------,正偏离/无偏离,平台已实现（详见对应功能模块）
2364,,,支持各类医嘱名称、编码搜索开具药品医嘱、检查检验医嘱、耗材等。 +------------------------------------------------------------------------------------------------------------+,正偏离/无偏离,平台已实现（详见对应功能模块）
2365,,,支持根据职称、职级设置药品处方权、检查检验权限、手术权限等。 +------------------------------------------------------------------------------------------------------------+,正偏离/无偏离,平台已实现（详见对应功能模块）
2366,,,支持对接合理用药及医保信息审查系统等。 +------------------------------------------------------------------------------------------------------------+,正偏离/无偏离,平台已实现（详见对应功能模块）
2367,,,系统内置医嘱模板功能，可支持自定义医嘱模板或将 已有医嘱转存为科室或个人模板。 +------------------------------------------------------------------------------------------------------------+,正偏离/无偏离,平台已实现（详见对应功能模块）
2368,,,支持设立协议处方，检验、检验药物绑定，提升开单速度和医嘱准确性。 +------------------------------------------------------------------------------------------------------------+,正偏离/无偏离,平台已实现（详见对应功能模块）
2369,,,支持展示医嘱规格、医保类别、单价、库存等信息。 +------------------------------------------------------------------------------------------------------------+,正偏离/无偏离,平台已实现（详见对应功能模块）
2370,,,支持药品名称、规格、单价、库存、医保类型等信息展示。 +------------------------------------------------------------------------------------------------------------+,正偏离/无偏离,平台已实现（详见对应功能模块）
2371,,,支持库存告警，支持配置是否允许负库存模式。 +------------------------------------------------------------------------------------------------------------+,正偏离/无偏离,平台已实现（详见对应功能模块）
2372,,,支持多种方式搜索医嘱、通过医嘱名称、简码、编码等。 +------------------------------------------------------------------------------------------------------------+,正偏离/无偏离,平台已实现（详见对应功能模块）
2373,,,支持自定义医嘱默认途径、数量等信息。 +------------------------------------------------------------------------------------------------------------+,正偏离/无偏离,平台已实现（详见对应功能模块）
2374,,,支持医嘱备信息录入。 +------------------------------------------------------------------------------------------------------------+,正偏离/无偏离,平台已实现（详见对应功能模块）
2375,,,支持医嘱作废撤销，医嘱复用、特殊医嘱双签等功能。 +------------------------------------------------------------------------------------------------------------+ 申请单管理 +---------------------------------------------------------,正偏离/无偏离,平台已实现（详见对应功能模块）
2376,,,支持检验申请开具，支持检验申请合并，支持录入频次、数量、加急标记。 +------------------------------------------------------------------------------------------------------------+,正偏离/无偏离,平台已实现（详见对应功能模块）
2377,,,支持检查申请开具，支持检验申请合并，支持录入频次、数量、加急标记。 +------------------------------------------------------------------------------------------------------------+,正偏离/无偏离,平台已实现（详见对应功能模块）
2378,,,支持登记手术申请，支持标记日间手术、急诊手术等。 +------------------------------------------------------------------------------------------------------------+,正偏离/无偏离,平台已实现（详见对应功能模块）
2379,,,支持各项制式单据打印、重打。 +------------------------------------------------------------------------------------------------------------+ 报告查阅 +--------------------------------------------------------------------,正偏离/无偏离,平台已实现（详见对应功能模块）
2380,,,支持对接院内检查系统。查看检查报告结果，查看影像信息。 +------------------------------------------------------------------------------------------------------------+,正偏离/无偏离,平台已实现（详见对应功能模块）
2381,,,支持对接院内检验系统，查看检验报告结果，指标对比等信息。 +------------------------------------------------------------------------------------------------------------+ 会诊管理 +------------------------------------------------------,正偏离/无偏离,平台已实现（详见对应功能模块）
2382,,,支持会诊申请单开具，支持对接院内会诊系统推送会诊申请。 +------------------------------------------------------------------------------------------------------------+,正偏离/无偏离,平台已实现（详见对应功能模块）
2383,,,支持会诊记录查看调阅。 +------------------------------------------------------------------------------------------------------------+ 报卡登记 +-----------------------------------------------------------------------,正偏离/无偏离,平台已实现（详见对应功能模块）
2384,,,支持对接传染病报卡系统，并根据诊断所关联的不同上传类型提醒或强制报卡登记。 +------------------------------------------------------------------------------------------------------------+,正偏离/无偏离,平台已实现（详见对应功能模块）
2385,,,支持死亡患者登记填报。 +------------------------------------------------------------------------------------------------------------+,正偏离/无偏离,平台已实现（详见对应功能模块）
2386,,,支持一键生成入院登记证，快速生成入院登记。 +------------------------------------------------------------------------------------------------------------+,正偏离/无偏离,平台已实现（详见对应功能模块）
2387,,,支持对接其他院内平台，查看调阅电子入院证信息，并可在平台缴纳入院预交金以及进行入院登记预约。 +------------------------------------------------------------------------------------------------------------+,正偏离/无偏离,平台已实现（详见对应功能模块）
2388,★,,+-------------------------------+-----------------------------------------------------------------------------------------------------------------------------------------------------------------------,待复核,初评未匹配，须项目组逐条人工确认
2389,,,支持新入患者登记、换床、出科患者转出登记、召回等操作。 +--------------------------------------------------------------------------------------------+,正偏离/无偏离,平台已实现（详见对应功能模块）
2390,,,支持床位卡、列表一键切换患者。 +--------------------------------------------------------------------------------------------+,正偏离/无偏离,平台已实现（详见对应功能模块）
2391,,,支持入科时间展示，可自定义滞留时间超时提醒。 +--------------------------------------------------------------------------------------------+,正偏离/无偏离,平台已实现（详见对应功能模块）
2392,,,支持多种特殊情况筛选分类。 +--------------------------------------------------------------------------------------------+,待复核,初评未匹配，须项目组逐条人工确认
2393,,,支持一键换床，支持绑定床位设备，支持一键打印腕带、床头卡等信息。 +--------------------------------------------------------------------------------------------+ 病历书写 +------------------------------------------------------------------,正偏离/无偏离,平台已实现（详见对应功能模块）
2394,,,支持结构化电子病历编辑，支持录入医疗图像、特殊符号及医疗表达式等信息。 +--------------------------------------------------------------------------------------------+,正偏离/无偏离,平台已实现（详见对应功能模块）
2395,,,支持自动或手动导入医嘱信息内容。 +--------------------------------------------------------------------------------------------+,正偏离/无偏离,平台已实现（详见对应功能模块）
2396,,,支持自动或手动导入患者生命体征数据至对应节点。 +--------------------------------------------------------------------------------------------+,正偏离/无偏离,平台已实现（详见对应功能模块）
2397,,,支持导入病情记录，留观记录等。 +--------------------------------------------------------------------------------------------+,正偏离/无偏离,平台已实现（详见对应功能模块）
2398,,,支持记录病历修改日志，记录操作人、操作时间。 +--------------------------------------------------------------------------------------------+,正偏离/无偏离,平台已实现（详见对应功能模块）
2399,,,支持连续化书写病历，支持各种模板快速插入续页。 +--------------------------------------------------------------------------------------------+ 医嘱管控 +---------------------------------------------------------------------------,正偏离/无偏离,平台已实现（详见对应功能模块）
2400,,,支持药品、检验检验、耗材、说明医嘱等各类型医嘱开具。 +--------------------------------------------------------------------------------------------+,正偏离/无偏离,平台已实现（详见对应功能模块）
2401,,,支持对接合理用药和医保费用管控等系统。 +--------------------------------------------------------------------------------------------+,正偏离/无偏离,平台已实现（详见对应功能模块）
2402,,,支持名称、简码、首字母等信息快捷检索医嘱信息。 +--------------------------------------------------------------------------------------------+,正偏离/无偏离,平台已实现（详见对应功能模块）
2403,,,支持检查检验、手术、会诊等医嘱申请快速开具，支持一键开具多种申请。 +--------------------------------------------------------------------------------------------+,正偏离/无偏离,平台已实现（详见对应功能模块）
2404,,,支持对接传染病报卡系统，并根据诊断所关联的不同上传类型提醒或强制报卡登记。 +--------------------------------------------------------------------------------------------+ 评估评分 +-------------------------------------------------------------,正偏离/无偏离,平台已实现（详见对应功能模块）
2405,,,系统内置多种医疗评分，如MEWS、GCS、ISS、疼痛评分、AIS、VTE评分等供医护人员快速评分。 +--------------------------------------------------------------------------------------------+,正偏离/无偏离,平台已实现（详见对应功能模块）
2406,,,支持评分记录曲线展示，实时记录变化曲线。 +--------------------------------------------------------------------------------------------+,正偏离/无偏离,平台已实现（详见对应功能模块）
2407,,,支持评分记录修改变更，并记录修改人及修改时间。 +--------------------------------------------------------------------------------------------+,正偏离/无偏离,平台已实现（详见对应功能模块）
2408,,,支持评分记录快速导入电子病历、护理记录等，支持评分记录打印、导出等功能。 +--------------------------------------------------------------------------------------------+,正偏离/无偏离,平台已实现（详见对应功能模块）
2409,,,支持各项护理评分单据，支持自定义护理评估。 +--------------------------------------------------------------------------------------------+ 医疗文书 +-----------------------------------------------------------------------------,正偏离/无偏离,平台已实现（详见对应功能模块）
2410,,,根据授权书写、编辑医疗文书。 +--------------------------------------------------------------------------------------------+,待复核,初评未匹配，须项目组逐条人工确认
2411,,,支持快速创建医疗文书，支持历史文书调阅编辑。 +--------------------------------------------------------------------------------------------+,待复核,初评未匹配，须项目组逐条人工确认
2412,,,支持模板快速创建文书。 +--------------------------------------------------------------------------------------------+ 报告浏览 +---------------------------------------------------------------------------------------,正偏离/无偏离,平台已实现（详见对应功能模块）
2413,,,支持一键查询检验检验报告。 +--------------------------------------------------------------------------------------------+,正偏离/无偏离,平台已实现（详见对应功能模块）
2414,,,支持调阅检查报告影像信息。 +--------------------------------------------------------------------------------------------+ 医嘱处理操作 +-----------------------------------------------------------------------------------,正偏离/无偏离,平台已实现（详见对应功能模块）
2415,,,支持护理医嘱查对审核。 +--------------------------------------------------------------------------------------------+,正偏离/无偏离,平台已实现（详见对应功能模块）
2416,,,支持区分已核对和未核对状态。 +--------------------------------------------------------------------------------------------+,待复核,初评未匹配，须项目组逐条人工确认
2417,,,支持一键批量核对医嘱。 +--------------------------------------------------------------------------------------------+ （2）费用管理 +------------------------------------------------------------------------------------,正偏离/无偏离,平台已实现（详见对应功能模块）
2418,,,支持患者费用查看、新增 、修改。 +--------------------------------------------------------------------------------------------+,正偏离/无偏离,平台已实现（详见对应功能模块）
2419,,,支持患者费用缴费状态筛选。 +--------------------------------------------------------------------------------------------+,正偏离/无偏离,平台已实现（详见对应功能模块）
2420,,,支持手动新增费用登记。 +--------------------------------------------------------------------------------------------+,待复核,初评未匹配，须项目组逐条人工确认
2421,,,支持模板快速新增护理费用。 +--------------------------------------------------------------------------------------------+,正偏离/无偏离,平台已实现（详见对应功能模块）
2422,,,支持登记费用快速转存为个人模板或科室模板。 +--------------------------------------------------------------------------------------------+ （3）医嘱执行 +--------------------------------------------------------------------------,正偏离/无偏离,平台已实现（详见对应功能模块）
2423,,,支持各项医嘱单据打印，如瓶签、执行单、审核单等。 +--------------------------------------------------------------------------------------------+,正偏离/无偏离,平台已实现（详见对应功能模块）
2424,,,支持医嘱执行，撤销执行、补执行等操作。 +--------------------------------------------------------------------------------------------+,正偏离/无偏离,平台已实现（详见对应功能模块）
2425,,,支持执行状态筛选查看。 +--------------------------------------------------------------------------------------------+ （4）皮试管理 +------------------------------------------------------------------------------------,正偏离/无偏离,平台已实现（详见对应功能模块）
2426,,,支持皮试结果录入并同步患者过敏史信息。 +--------------------------------------------------------------------------------------------+ 护理审计记录 +-----------------------------------------------------------------------------,正偏离/无偏离,平台已实现（详见对应功能模块）
2427,,,支持记录体征、观察内容、出入量等护理信息记录，支持管道、措施等信息记录。 +--------------------------------------------------------------------------------------------+,正偏离/无偏离,平台已实现（详见对应功能模块）
2428,,,支持各个时间节点血糖信息录入。 +--------------------------------------------------------------------------------------------+,待复核,初评未匹配，须项目组逐条人工确认
2429,,,护理记录支持 一键导入报告结果、评分记录、血糖记录、体征信息等。 +--------------------------------------------------------------------------------------------+,正偏离/无偏离,平台已实现（详见对应功能模块）
2430,,,支持出入量小结、总结信息录入，自动汇总小结总量。 +--------------------------------------------------------------------------------------------+,待复核,初评未匹配，须项目组逐条人工确认
2431,,,支持列表快速切换患者，快速进行多个患者护理记录书写。 +--------------------------------------------------------------------------------------------+,正偏离/无偏离,平台已实现（详见对应功能模块）
2432,,,支持新增、查看、编辑患者转归轨迹记录。 +--------------------------------------------------------------------------------------------+,正偏离/无偏离,平台已实现（详见对应功能模块）
2433,,,支持转归时记录体征信息、转归方式等信息。 +--------------------------------------------------------------------------------------------+,正偏离/无偏离,平台已实现（详见对应功能模块）
2434,,,支持批量转归，记录转归去向等信息。 +--------------------------------------------------------------------------------------------+,待复核,初评未匹配，须项目组逐条人工确认
2435,,,支持一键生成入院登记证信息。 +--------------------------------------------------------------------------------------------+,正偏离/无偏离,平台已实现（详见对应功能模块）
2436,,,+-------------------------------+-----------------------------------------------------------------------------------------------------------------------------------------------------------------------,待复核,初评未匹配，须项目组逐条人工确认
2437,★,,实现了对基本数据元数据的详细信息的预览，以及对数据元的基本信息的修改，删除无用的数据元等功能。 （2）指标库管理：,正偏离/无偏离,平台已实现（详见对应功能模块）
2438,★,,通过列表展示了全部的指标库，可以根据条件搜索满足条件的数据。,正偏离/无偏离,平台已实现（详见对应功能模块）
2439,★,,实现了对指标库的基本维护功能，比如：新增、修改指定的项目、根据条件查询指定的指标库数据以及修改指定的指标库数据列表等。 （3）结构化元素库管理：,正偏离/无偏离,平台已实现（详见对应功能模块）
2440,★,,通过树结构直观展现了全部元素库数据的分类，以及元素库数据之间的关系等等。,待复核,初评未匹配，须项目组逐条人工确认
2441,★,,实现了对元素库数据的详细信息的预览，以及对元素库数据的基本信息进行修改、给指定的元素库新增子类元素库等功能。 （4）病历分类管理：,正偏离/无偏离,平台已实现（详见对应功能模块）
2442,★,,通过树结构直观的展现了当前的全部的病历分类数据及其互相之间的关联，通过对树的操作。,正偏离/无偏离,平台已实现（详见对应功能模块）
2443,★,,实现了对分类的基本信息预览，对病历分类的基本信息修改，以及新增新的分类。 （5）数据源管理：,正偏离/无偏离,平台已实现（详见对应功能模块）
2444,★,,通过树结构直观展现了全部数据源数据的分类，以及数据源的其他属性等等。,待复核,初评未匹配，须项目组逐条人工确认
2445,★,,实现了对数据源数据的详细信息的预览，以及对数据源数据的基本信息进行修改、给指定的数据源新增子类数据源等功能。 （6）参数管理,待复核,初评未匹配，须项目组逐条人工确认
2446,★,,通过分页表格展示了系统使用到的参数，可根据参数编码和参数名称查询，可对参数值进行修改。 病历模版 （1）模板管理,正偏离/无偏离,平台已实现（详见对应功能模块）
2447,★,,可根据权限的不同查询到不同的模板，根据使用范围模板分为全局模板、全院模板、科室模板、个人模板。,正偏离/无偏离,平台已实现（详见对应功能模块）
2448,★,,模板新增：可新增病历模板，指定模板分类和使用范围。,正偏离/无偏离,平台已实现（详见对应功能模块）
2449,★,,模板支持具有最小结构化元素，满足文本、数值、复选、单选、多选、日期等结构化录入需求。,正偏离/无偏离,平台已实现（详见对应功能模块）
2450,,▲,病历内容：①患者相关元素自动提取，病历内容分为时间、文本、多选框、单选框、诊断控件等多种元素形式，支持表格、图片 等多种文本媒体；②支持在病历书写时，插入医生和患者签名，支持插 入CA电子签名。③支持结构化录入与自由化录入相结合。 （投标人提供相关软件界面截图，并加盖投标人公章）,正偏离/无偏离,平台已实现（详见对应功能模块）
2451,★,,支持文档编辑，字符、段落属性设置，页面版式设置，页眉页脚设置，支持特殊符号，支持图文混合性输入，支持矢量绘图和表格。 （2）病历安全,正偏离/无偏离,平台已实现（详见对应功能模块）
2452,★,,"具有病人隐私保护手段，对模板病历中表示患者隐私信息的可设置成""加密显示""。",正偏离/无偏离,平台已实现（详见对应功能模块）
2453,★,,具备模板授权功能，使用范围为科室或个人的模板，需要授权到科室或个人后才能使用，需要授权的模板在新建的时候自动授权给创建科室或创建人，其他科室或个人如想使用该模板，需要将模板授权给对应的科室或个人。 病历编辑 （1）病历录入,正偏离/无偏离,平台已实现（详见对应功能模块）
2454,★,,提供常用急诊病历、抢救记录、留观病人转入文书记录功能。,正偏离/无偏离,平台已实现（详见对应功能模块）
2455,★,,新增病历：通过选择病历模板新增病历，也可通过既往病历新增病历，支持门诊病历、急诊留观病历等病历文书建立并书写。,正偏离/无偏离,平台已实现（详见对应功能模块）
2456,★,,书写病历：使用专用的电子病历编辑器，结构化录入与自由化录入相结合，支持所见即所得。,正偏离/无偏离,平台已实现（详见对应功能模块）
2457,★,,暂存与提交：支持暂存和提交两种保存方式，暂存表示病历尚未书写完成，提交表示病历已书写完成，提交后再修改病历会保留修改痕迹。,正偏离/无偏离,平台已实现（详见对应功能模块）
2458,★,,复制/粘贴选择性控制：通过参数控制不同病人的病历内容是否可以互相复制粘贴。,正偏离/无偏离,平台已实现（详见对应功能模块）
2459,★,,导入检查检验：提供电子病历系统与检验、检查、心电、医嘱等系统接口，对接后支持检验、检查结果、心电结果、会诊结论、医嘱、诊断、体征等信息插入到病历当中的任意位置；检验、检查结果导入之前支持预览。,正偏离/无偏离,平台已实现（详见对应功能模块）
2460,★,,录入诊断：支持中西医诊断录入，西医采用icd标准诊断，诊断可添加前后缀；支持保存常用诊断，从常用诊断中选择诊断等功能。,正偏离/无偏离,平台已实现（详见对应功能模块）
2461,★,,插入音视频、图片：支持在病历书写过程中在线录制语音、视频，并可进行播放以及插入病历中，同时支持插入图片，图文混合性输入，支持矢量绘图编辑功能。,正偏离/无偏离,平台已实现（详见对应功能模块）
2462,★,,病历签名：支持多种医师签名方式，如自定义图片签名，文本签名；可与第三方CA签名接口对接，实现CA签名。,正偏离/无偏离,平台已实现（详见对应功能模块）
2463,★,,修改痕迹：支持三级医师的修改痕迹管理功能，病历提交后所有的修改痕迹都会保留下来，包括修改方式、修改内容、修改人姓名及工号、修改时间等，可通过菜单选择是否显示修改痕迹。,正偏离/无偏离,平台已实现（详见对应功能模块）
2464,★,,病历打印：支持病历预览、续打、合并打印、选择区域打印。,外部条件,需医保局/省平台等外部环境开通后联调
2465,★,,查看质控结果：支持查看病历的质控结果，提醒和方便医生书写病历。,正偏离/无偏离,平台已实现（详见对应功能模块）
2466,★,,保存多种格式：支持将病历保存为pdf、html、xml等格式，可通过编辑器或相应的工具打开病历。 （2）书写助手,正偏离/无偏离,平台已实现（详见对应功能模块）
2467,★,,支持医学表达式、特殊符号：支持特定医学表达式录入，如：龋齿、月经史、牙科、眼科专用等医学专用公式，同时支持常用的特殊符号，符号支持自定义。,待复核,初评未匹配，须项目组逐条人工确认
2468,★,,病历内容自动引用：病历新增时通过引用数据源自动带出病人已有的数据，如姓名、门诊号等基础信息，同时也可带出其他病历中已有的数据，如将入院记录中的主诉自动带入到首次病程记录中。,正偏离/无偏离,平台已实现（详见对应功能模块）
2469,★,,词条管理：支持医生自行维护管理词条、导入医学词条，实现病历辅助、快速书写。,正偏离/无偏离,平台已实现（详见对应功能模块）
2470,★,,病程记录合并编辑：支持病程记录合并预览和编辑、打印，按照病程记录的记录时间排序，方便医生书写。,正偏离/无偏离,平台已实现（详见对应功能模块）
2471,★,,病历存为模板、疾病组：支持将当前病历存为模板，一般可存为科室模板和个人模板；同时支持将患者病历存为疾病组。,正偏离/无偏离,平台已实现（详见对应功能模块）
2472,★,,全文查找：支持病历内容全文查找，通过病历全文检索系统可检索病历。,正偏离/无偏离,平台已实现（详见对应功能模块）
2473,★,,病历调阅及打印。,正偏离/无偏离,平台已实现（详见对应功能模块）
2474,,▲,提供既往病历查阅功能，医生能直接查看患者既往病历资料信息，包括：①病历内容、②检验、③检查、④医嘱、⑤生命体征、⑥首页、⑦既往病历；（投标人提供相关软件界面截图，并加盖投标人公章）,正偏离/无偏离,平台已实现（详见对应功能模块）
2475,★,,支持病历的整体打印、合并打印、选页打印、双/单页打印、续打。 +-------------------------------+----------------------------------------------------------------------------------------------------------------------------------------,正偏离/无偏离,平台已实现（详见对应功能模块）
2476,,,内置高性能全文搜索引擎，支持对病历非结构化文本进行任意字符串的模糊匹配与深度挖掘。 +------------------------------------------------------------------------------------------------------------+,正偏离/无偏离,平台已实现（详见对应功能模块）
2477,,,提供基于唯一电子病历号的精准定位功能，实现秒级直达特定患者档案。 +------------------------------------------------------------------------------------------------------------+,正偏离/无偏离,平台已实现（详见对应功能模块）
2478,,,集成患者主索引检索能力，支持通过姓名快速聚合该名患者的所有历史诊疗记录。 +------------------------------------------------------------------------------------------------------------+,正偏离/无偏离,平台已实现（详见对应功能模块）
2479,,,"支持针对病历文书标题进行语义匹配，快速锁定特定名称的临床文档（如""入院记录""、""手术记录""）。 +------------------------------------------------------------------------------------------------------------+",正偏离/无偏离,平台已实现（详见对应功能模块）
2480,,,构建文书类型分类过滤器，允许用户按文档属性（如护理记录、检查报告）筛选目标数据。 +------------------------------------------------------------------------------------------------------------+,正偏离/无偏离,平台已实现（详见对应功能模块）
2481,,,部署科室维度数据隔离检索，可限定在特定临床单元范围内查找病历资料。 +------------------------------------------------------------------------------------------------------------+,正偏离/无偏离,平台已实现（详见对应功能模块）
2482,,,支持以医生为索引键，一键调阅指定医生名下负责的所有患者病历。 +------------------------------------------------------------------------------------------------------------+,正偏离/无偏离,平台已实现（详见对应功能模块）
2483,,,引入时间轴检索机制，支持依据病历生成或归档的时间节点进行正向或逆向排序查询。 +------------------------------------------------------------------------------------------------------------+,正偏离/无偏离,平台已实现（详见对应功能模块）
2484,,,适配多院区集团化架构，支持按医院实体代码进行跨机构病历数据的定向检索。 +------------------------------------------------------------------------------------------------------------+,正偏离/无偏离,平台已实现（详见对应功能模块）
2485,,,优化结果预览交互，列表页直观展示文书类别标签及关键时间，辅助用户决策。 +------------------------------------------------------------------------------------------------------------+,正偏离/无偏离,平台已实现（详见对应功能模块）
2486,,,实施智能摘要高亮技术，在结果列表中截取包含命中文本的片段，并对关键词进行醒目标红处理，提升阅读效率。 +------------------------------------------------------------------------------------------------------------+,待复核,初评未匹配，须项目组逐条人工确认
2487,,,提供基于文书类型的聚合统计视图，实时显示各类文档的命中数量，支持下钻查看明细清单。 +------------------------------------------------------------------------------------------------------------+,正偏离/无偏离,平台已实现（详见对应功能模块）
2488,,,构建基于时间维度的分布直方图，动态展示不同时间段内的检索结果数量，支持点击穿透至具体列表。 +------------------------------------------------------------------------------------------------------------+,待复核,初评未匹配，须项目组逐条人工确认
2489,,,高级逻辑组合查询。 +------------------------------------------------------------------------------------------------------------+,待复核,初评未匹配，须项目组逐条人工确认
2490,,,"自定义搜索域粒度，允许用户灵活选择仅在""标题元数据""或""正文全量内容""中执行检索策略。 +------------------------------------------------------------------------------------------------------------+",正偏离/无偏离,平台已实现（详见对应功能模块）
2491,,,"支持""逻辑与（AND）""多词组合查询，通过逗号分隔多个关键词，仅返回同时包含所有指定词汇的记录。 +------------------------------------------------------------------------------------------------------------+",待复核,初评未匹配，须项目组逐条人工确认
2492,,,"支持""逻辑或（OR）""宽泛匹配模式，输入多个逗号分隔词，返回包含任一关键词的相关病历，扩大召回率。 +------------------------------------------------------------------------------------------------------------+",正偏离/无偏离,平台已实现（详见对应功能模块）
2493,,,"引入""逻辑非（NOT）""排除机制，允许设定负向关键词过滤条件，精准剔除无关干扰数据。 +------------------------------------------------------------------------------------------------------------+",待复核,初评未匹配，须项目组逐条人工确认
2494,,,支持底层文件格式定向筛选，可专门针对XML结构化数据或HTML富文本格式进行独立检索。 +------------------------------------------------------------------------------------------------------------+,待复核,初评未匹配，须项目组逐条人工确认
2495,,,"预设常用时间快捷面板，提供""近一天""、""近一周""、""近一月""、""近一年""等一键式时间窗口筛选。 +------------------------------------------------------------------------------------------------------------+",待复核,初评未匹配，须项目组逐条人工确认
2496,,,开放自定义时间区间选择器，支持用户精确指定起止日期，满足特定周期的查询需求。 +------------------------------------------------------------------------------------------------------------+,正偏离/无偏离,平台已实现（详见对应功能模块）
2497,,,热门检索。 +------------------------------------------------------------------------------------------------------------+,待复核,初评未匹配，须项目组逐条人工确认
2498,,,打造动态热门搜索榜单，实时展示高频检索条目，支持点击直接跳转至对应结果集。 +------------------------------------------------------------------------------------------------------------+,待复核,初评未匹配，须项目组逐条人工确认
2499,,,可视化呈现热搜词云及频次统计，按搜索热度降序排列，洞察临床关注焦点与数据趋势。 +------------------------------------------------------------------------------------------------------------+,正偏离/无偏离,平台已实现（详见对应功能模块）
2500,,,检索历史。 +------------------------------------------------------------------------------------------------------------+,待复核,初评未匹配，须项目组逐条人工确认
2501,,,自动构建个人检索足迹档案，以列表形式完整保留历史查询记录，支持一键复现过往场景。 +------------------------------------------------------------------------------------------------------------+,待复核,初评未匹配，须项目组逐条人工确认
2502,,,在历史记录中清晰展示曾使用的核心关键词，方便用户快速回顾检索思路。 +------------------------------------------------------------------------------------------------------------+,正偏离/无偏离,平台已实现（详见对应功能模块）
2503,,,提供隐私保护式一键清空功能，允许用户自主清除本地存储的搜索历史缓存。 +------------------------------------------------------------------------------------------------------------+,正偏离/无偏离,平台已实现（详见对应功能模块）
2504,,,相关性检索。 +------------------------------------------------------------------------------------------------------------+,待复核,初评未匹配，须项目组逐条人工确认
2505,,,集成NLP语义联想引擎，在用户输入关键词时，智能推荐相关的医学术语或扩展词汇，辅助完善查询意图。 +------------------------------------------------------------------------------------------------------------+,正偏离/无偏离,平台已实现（详见对应功能模块）
2506,,,实现推荐词即搜即用功能，点击关联推荐词即可直接触发检索并加载结果列表，缩短操作路径。 +------------------------------------------------------------------------------------------------------------+ +-------------------------------+-------------,待复核,初评未匹配，须项目组逐条人工确认
2507,★,,支持登记成功后自动打印条形码，并能有效区分本院与外院的申请单信息。 +---------------------------------------------------------------------------------------------------------------------------------------------------------+,正偏离/无偏离,平台已实现（详见对应功能模块）
2508,★,,提供标准HIS接口，全面支持临床端电子病理申请单的在线接收，兼容常规、细胞学、TCT及冰冻预约等业务。 +---------------------------------------------------------------------------------------------------------------------------------------------------,正偏离/无偏离,平台已实现（详见对应功能模块）
2509,★,,支持申请单数据一致化处理，确保患者资料在系统间同步准确。 +---------------------------------------------------------------------------------------------------------------------------------------------------------+,正偏离/无偏离,平台已实现（详见对应功能模块）
2510,★,,支持识别体检相关病理申请，能够与医院体检平台信息系统实现深度集成。 +---------------------------------------------------------------------------------------------------------------------------------------------------------+,正偏离/无偏离,平台已实现（详见对应功能模块）
2511,★,,提供面向第三方系统的打印接口服务，支持申请单及标本标签即时打印，打通从采样到接收的追踪链路。 +--------------------------------------------------------------------------------------------------------------------------------------------------------,正偏离/无偏离,平台已实现（详见对应功能模块）
2512,★,,支持多维度业务表单分类管理，内置多套标准模板并具备强大的表单定义引擎，支持格式的动态定制。 +---------------------------------------------------------------------------------------------------------------------------------------------------------,正偏离/无偏离,平台已实现（详见对应功能模块）
2513,★,,支持集成360视图平台，实现患者电子病历与全量诊疗数据的实时查阅，并允许在冰冻预约阶段提前调阅检查资料。 +--------------------------------------------------------------------------------------------------------------------------------------------------,正偏离/无偏离,平台已实现（详见对应功能模块）
2514,★,,支持按HIS或体检来源快速接诊，提供集成化的标本核对界面，验证通过后一键完成登记并自动分配病理号。 +-----------------------------------------------------------------------------------------------------------------------------------------------------,正偏离/无偏离,平台已实现（详见对应功能模块）
2515,★,,"支持条形码与磁卡录入，自动执行""同名检索""与""历史检查""提醒，通过住院号精准锁定患者过往病理档案。 +-----------------------------------------------------------------------------------------------------------------------------------------------------",正偏离/无偏离,平台已实现（详见对应功能模块）
2516,★,,支持科室自定义病理号生成规则，确保不同申请单与科室开单逻辑下的编号具备连续性与自动化。 +---------------------------------------------------------------------------------------------------------------------------------------------------------+,正偏离/无偏离,平台已实现（详见对应功能模块）
2517,★,,支持病理号更新、报告浏览、申请单与标签补打及历史报告重印等全方位数据维护功能。 +---------------------------------------------------------------------------------------------------------------------------------------------------------+,正偏离/无偏离,平台已实现（详见对应功能模块）
2518,★,,支持手动登记模式，允许医护人员在无电子申请的情况下手动录入完整的病理申请数据资料。 +---------------------------------------------------------------------------------------------------------------------------------------------------------+,正偏离/无偏离,平台已实现（详见对应功能模块）
2519,★,,支持高级检索功能，允许用户通过多重业务条件组合对病理全量数据资料进行深度挖掘。 +---------------------------------------------------------------------------------------------------------------------------------------------------------+,正偏离/无偏离,平台已实现（详见对应功能模块）
2520,★,,支持已登记病理数据的全局查询，实现病理登记记录的快速定位与详情检索。 +---------------------------------------------------------------------------------------------------------------------------------------------------------+,正偏离/无偏离,平台已实现（详见对应功能模块）
2521,,▲,门诊划价检索，支持①划价时间、②划价人、③患者姓名、④门诊号、⑤证件号码、⑥科室、⑦医生检索。（投标人提供相关软件界面截图，并加盖投标人公章） +-------------------------------------------------------------------------------------------------------------------------------,正偏离/无偏离,平台已实现（详见对应功能模块）
2522,★,,支持拒收标本的专项查询与记录管理，方便追踪标本流转异常情况。 +---------------------------------------------------------------------------------------------------------------------------------------------------------+,正偏离/无偏离,平台已实现（详见对应功能模块）
2523,★,,大体取材工作站。 +---------------------------------------------------------------------------------------------------------------------------------------------------------+,待复核,初评未匹配，须项目组逐条人工确认
2524,★,,支持通过摄像头或数码相机实时采集取材巨检图片，并能够直接导入系统进行图像管理。 +---------------------------------------------------------------------------------------------------------------------------------------------------------+,待复核,初评未匹配，须项目组逐条人工确认
2525,★,,"支持取材工作列表的打印及大体图像拍摄，允许在图片上标注病变部位，并向临床端实时同步""已取材""状态及取材医生信息。 +----------------------------------------------------------------------------------------------------------------------------------------------",正偏离/无偏离,平台已实现（详见对应功能模块）
2526,★,,支持自动化物理归档支撑，可将包含大体描述、取材块数及最终诊断在内的取材记录同步输出打印，确保科室原始资料的备份与可追溯性。 +-----------------------------------------------------------------------------------------------------------------------------------------,正偏离/无偏离,平台已实现（详见对应功能模块）
2527,★,,支持对取材明细进行自动编号，并详尽记录登记医生、取材医生、材块数及标本来源等核心业务数据。 +---------------------------------------------------------------------------------------------------------------------------------------------------------,正偏离/无偏离,平台已实现（详见对应功能模块）
2528,★,,支持在取材界面集成浏览患者全量数据资料，涵盖临床诊断、标本及申请单信息，并能查阅360视图与电子病历数据。 +-------------------------------------------------------------------------------------------------------------------------------------------------,正偏离/无偏离,平台已实现（详见对应功能模块）
2529,★,,支持通过双击快捷调用预置模板，并提供取材模板的灵活创建与个性化编辑功能。 +---------------------------------------------------------------------------------------------------------------------------------------------------------+,正偏离/无偏离,平台已实现（详见对应功能模块）
2530,★,,支持文字化记录完整的取材过程信息，确保描述内容的结构化存储与调阅。 +---------------------------------------------------------------------------------------------------------------------------------------------------------+,待复核,初评未匹配，须项目组逐条人工确认
2531,★,,支持对患者历史病理审计记录的深度浏览，辅助取材医生了解患者过往病史。 +---------------------------------------------------------------------------------------------------------------------------------------------------------+,正偏离/无偏离,平台已实现（详见对应功能模块）
2532,★,,支持取材环节的全局检索功能，能够快速调阅所有已完成取材阶段的病理数据资料。 +---------------------------------------------------------------------------------------------------------------------------------------------------------+ 脱水包埋工作,正偏离/无偏离,平台已实现（详见对应功能模块）
2533,★,,支持脱水篮的逻辑分组与流转管理，具备标本脱水进度的实时监控与异常预警功能；通过数字化手段记录脱水状态，提升病理实验室前处理阶段的自动化管理水平。 +------------------------------------------------------------------------------------------------------------------------------,正偏离/无偏离,平台已实现（详见对应功能模块）
2534,★,,支持包埋环节的状态实时追踪，涵盖待包埋提醒、包埋中记录及包埋完成确认等核心节点 ；通过对包埋状态的精细化维护，确保标本在制片前处理阶段的衔接顺畅，严防标本遗漏或工序倒置。 +-----------------------------------------------------------------------------------------------------------------,正偏离/无偏离,平台已实现（详见对应功能模块）
2535,★,,支持包埋质量的多选批量评价，提升前处理阶段质控数据的录入效率。 +---------------------------------------------------------------------------------------------------------------------------------------------------------+ 制片工作站 +-----,待复核,初评未匹配，须项目组逐条人工确认
2536,★,,支持按制片状态对切片进行分类检索与汇总查看，直观呈现切片任务的实时积压与完成现状。 +---------------------------------------------------------------------------------------------------------------------------------------------------------+,待复核,初评未匹配，须项目组逐条人工确认
2537,★,,提供切片确认的批量处理机制，支持一次性对多组标本进行制片状态的核销与记录。 +---------------------------------------------------------------------------------------------------------------------------------------------------------+,正偏离/无偏离,平台已实现（详见对应功能模块）
2538,★,,预置高级检索模块，支持跨字段的自由组合查询与复杂逻辑筛选，实现病理数据的高效调取与精准定位。 +--------------------------------------------------------------------------------------------------------------------------------------------------------,正偏离/无偏离,平台已实现（详见对应功能模块）
2539,★,,支持重切、深切等特殊技术医嘱的自动提示与任务预警，确保关键制片工序准确执行。 +---------------------------------------------------------------------------------------------------------------------------------------------------------+,正偏离/无偏离,平台已实现（详见对应功能模块）
2540,★,,支持制片环节玻片标签的即时输出，确保切片标识规范化与自动化打印。 +---------------------------------------------------------------------------------------------------------------------------------------------------------+,正偏离/无偏离,平台已实现（详见对应功能模块）
2541,★,,系统兼容病理专用的玻片打码设备，实现制片环节切片信息的直接赋码与快速打印。 +---------------------------------------------------------------------------------------------------------------------------------------------------------+ 诊断工作站 ,正偏离/无偏离,平台已实现（详见对应功能模块）
2542,★,,提供病理登记全局视图，通过差异化配色实时标识检查进度，并利用直观图标区分单据及标签的打印完成情况。 +-----------------------------------------------------------------------------------------------------------------------------------------------------,正偏离/无偏离,平台已实现（详见对应功能模块）
2543,★,,具备便捷的分类过滤功能，可根据业务类别或报告流转节点执行快速筛选。 +---------------------------------------------------------------------------------------------------------------------------------------------------------+,正偏离/无偏离,平台已实现（详见对应功能模块）
2544,★,,集成高阶检索引擎，支持跨维度组合查询，满足深度的病例数据调取与学术检索需求。 +---------------------------------------------------------------------------------------------------------------------------------------------------------+,正偏离/无偏离,平台已实现（详见对应功能模块）
2545,★,,具备数字影像采集与后期处理功能，支持病理图像的抓取及在线标注编辑。 +---------------------------------------------------------------------------------------------------------------------------------------------------------+,正偏离/无偏离,平台已实现（详见对应功能模块）
2546,★,,支持联动查看巨检影像、检体基本资料及大体解剖描述，辅助医生还原取材场景。 +---------------------------------------------------------------------------------------------------------------------------------------------------------+,正偏离/无偏离,平台已实现（详见对应功能模块）
2547,★,,支持完善的报告录入体系，涵盖初步诊断、正式诊断建议及补充医嘱等多元化信息记录。 +---------------------------------------------------------------------------------------------------------------------------------------------------------+,正偏离/无偏离,平台已实现（详见对应功能模块）
2548,★,,提供诊断意见的高效复用工具，支持实习结论与带教诊断的一键内容同步与快速流转。 +---------------------------------------------------------------------------------------------------------------------------------------------------------+,正偏离/无偏离,平台已实现（详见对应功能模块）
2549,★,,具备诊断词条快速填充机制，支持在书写过程中便捷插入免疫组化标记物及标本名称。 +---------------------------------------------------------------------------------------------------------------------------------------------------------+,正偏离/无偏离,平台已实现（详见对应功能模块）
2550,★,,针对宫颈TCT业务预设标准化判读模板，支持典型诊断结论的菜单式选择与录入。 +---------------------------------------------------------------------------------------------------------------------------------------------------------+,正偏离/无偏离,平台已实现（详见对应功能模块）
2551,★,,支持覆盖报告全生命周期管理，支持初稿暂存、多级审核、效果预览、纸质打印及流程回退处理。 +---------------------------------------------------------------------------------------------------------------------------------------------------------+,正偏离/无偏离,平台已实现（详见对应功能模块）
2552,★,,支持病理全流程质量控制与分析，预置涵盖报告及时率、诊断符合率等核心指标在内的多维质控模版。 +---------------------------------------------------------------------------------------------------------------------------------------------------------,正偏离/无偏离,平台已实现（详见对应功能模块）
2553,★,,支持病理补充报告管理，允许在已签发的原始报告基础上，在线追加补充诊断或后续检测结论。 +---------------------------------------------------------------------------------------------------------------------------------------------------------+,正偏离/无偏离,平台已实现（详见对应功能模块）
2554,★,,支持特检项目与套餐医嘱的在线下达，涵盖医嘱单据输出及配套的切片质量评定功能。 +---------------------------------------------------------------------------------------------------------------------------------------------------------+,正偏离/无偏离,平台已实现（详见对应功能模块）
2555,★,,支持多元化技术医嘱开具，精细化管理深切、重切及标本补取等实验室再处理流程。 +---------------------------------------------------------------------------------------------------------------------------------------------------------+,正偏离/无偏离,平台已实现（详见对应功能模块）
2556,★,,支持病理补充报告的规范化录入，支持在原有记录基础上进行影像二次采集与诊断意见补录。 +---------------------------------------------------------------------------------------------------------------------------------------------------------+,正偏离/无偏离,平台已实现（详见对应功能模块）
2557,★,,支持调阅患者全景信息，集成临床诊断、检体资料、原始申请单及电子病历数据，提供360度临床视图参考。 +-----------------------------------------------------------------------------------------------------------------------------------------------------,正偏离/无偏离,平台已实现（详见对应功能模块）
2558,★,,支持调取并追溯患者既往的病理受检记录，辅助医师对比历史诊断资料。 +---------------------------------------------------------------------------------------------------------------------------------------------------------+,正偏离/无偏离,平台已实现（详见对应功能模块）
2559,★,,支持个性化诊断模板的构建与维护，通过双击操作即可快速调用并填充结构化诊断内容。 +---------------------------------------------------------------------------------------------------------------------------------------------------------+,正偏离/无偏离,平台已实现（详见对应功能模块）
2560,★,,支持科室根据临床需求弹性定制版式，实现各类图文报告格式的快速定制与灵活调整。 +---------------------------------------------------------------------------------------------------------------------------------------------------------+,正偏离/无偏离,平台已实现（详见对应功能模块）
2561,★,,支持病理诊断结果向HIS及体检系统的自动推送，确保临床医生能在原业务单据中直接调阅数字化报告。 +-------------------------------------------------------------------------------------------------------------------------------------------------------,正偏离/无偏离,平台已实现（详见对应功能模块）
2562,★,,支持与院内移动服务及自助终端无缝联通，通过开放接口将病理诊断结果推送至小程序、公众号及自助一体机，实现患者跨平台、多终端的报告查阅与获取。 +---------------------------------------------------------------------------------------------------------------------------------,正偏离/无偏离,平台已实现（详见对应功能模块）
2563,★,,支持特检医嘱的集中化管理与状态追踪，可实时调阅涵盖技术分类、具体检测项目、关联蜡块编号及当前执行进度在内的完整明细。 +--------------------------------------------------------------------------------------------------------------------------------------------,正偏离/无偏离,平台已实现（详见对应功能模块）
2564,★,,支持基于业务分类与流转进度对医嘱进行过滤，可快速筛选特定病理类型或执行状态下的医嘱清单。 +---------------------------------------------------------------------------------------------------------------------------------------------------------+,正偏离/无偏离,平台已实现（详见对应功能模块）
2565,★,,支持技术及特检医嘱单的物理输出，提供标准化的纸质凭证以辅助实验室线下核对与流转。 +---------------------------------------------------------------------------------------------------------------------------------------------------------+,正偏离/无偏离,平台已实现（详见对应功能模块）
2566,★,,支持特检业务的全过程状态监控，能够实时更新并区分待处理、正在处理及已完成等不同阶段的任务进度。 +-------------------------------------------------------------------------------------------------------------------------------------------------------,正偏离/无偏离,平台已实现（详见对应功能模块）
2567,★,,支持蜡块与切片的数字化档案管理，可关联病理基础资料并实时维护其物理存储架位与空间坐标信息。 +---------------------------------------------------------------------------------------------------------------------------------------------------------,正偏离/无偏离,平台已实现（详见对应功能模块）
2568,★,,支持档案存储位置的动态更新与轨迹追踪，实现标本在不同库房或架位间的流转转移记录。 +---------------------------------------------------------------------------------------------------------------------------------------------------------+,正偏离/无偏离,平台已实现（详见对应功能模块）
2569,★,,支持在诊断工作站直接发起蜡块与切片的借阅登记，完整记录借阅用途、去向及预置的归还时限信息。 +---------------------------------------------------------------------------------------------------------------------------------------------------------,正偏离/无偏离,平台已实现（详见对应功能模块）
2570,★,,支持病理资料借阅状态的动态监控，可快速分类调阅逾期未还或已入库结项的资料清单。 +---------------------------------------------------------------------------------------------------------------------------------------------------------+,正偏离/无偏离,平台已实现（详见对应功能模块）
2571,★,,支持详尽的归还核销处理，允许录入标本损耗程度，并记录外院会诊结论与本院诊断的符合度对比。 +---------------------------------------------------------------------------------------------------------------------------------------------------------+,正偏离/无偏离,平台已实现（详见对应功能模块）
2572,★,,危急值管控。 +---------------------------------------------------------------------------------------------------------------------------------------------------------+,正偏离/无偏离,平台已实现（详见对应功能模块）
2573,★,,支持在诊断工作站实时登记病理危急值信息，并经由标准接口自动触发HIS系统的预警机制，确保临床关键风险信息的即时传达。 +--------------------------------------------------------------------------------------------------------------------------------------------,正偏离/无偏离,平台已实现（详见对应功能模块）
2574,★,,支持危急值上报记录的全局审阅，可实时汇总并追踪所有高风险病例的通知状态与临床反馈。 +---------------------------------------------------------------------------------------------------------------------------------------------------------+,正偏离/无偏离,平台已实现（详见对应功能模块）
2575,★,,质控及统计报表。 +---------------------------------------------------------------------------------------------------------------------------------------------------------+,正偏离/无偏离,平台已实现（详见对应功能模块）
2576,★,,支持基础工作量自动化统计，涵盖病理登记总量、蜡块产出数及报告签发量等多维度的业务数据汇总。 +---------------------------------------------------------------------------------------------------------------------------------------------------------,正偏离/无偏离,平台已实现（详见对应功能模块）
2577,★,,系统深度集成《病理专业医疗质量控制指标（2024版）》，确保科室质控评价体系符合最新的行业监管标准。 +----------------------------------------------------------------------------------------------------------------------------------------------------,正偏离/无偏离,平台已实现（详见对应功能模块）
2578,★,,支持核心质控指标的自动化分析，涵盖标本固定规范率、染色切片优良率、各类诊断及时率及诊断符合率（术中与石蜡、临床、外院会诊）等深度评估项目。 +---------------------------------------------------------------------------------------------------------------------------------,正偏离/无偏离,平台已实现（详见对应功能模块）
2579,★,,支持根据病理科业务灵活定义申请类别，并实现病理类型与HIS收费项的精准映射与联动。 +---------------------------------------------------------------------------------------------------------------------------------------------------------+,正偏离/无偏离,平台已实现（详见对应功能模块）
2580,★,,支持病理号及蜡块编号规则的自定义配置，满足不同科室对于编码逻辑的个性化管理需求。 +---------------------------------------------------------------------------------------------------------------------------------------------------------+,正偏离/无偏离,平台已实现（详见对应功能模块）
2581,★,,支持病理业务流程的可视化弹性配置，允许根据科室实际需求灵活增减脱水、包埋等流转节点，实现流程的精简与优化。 +-------------------------------------------------------------------------------------------------------------------------------------------------,正偏离/无偏离,平台已实现（详见对应功能模块）
2582,★,,支持一站式系统管理控制台，支持用户权限、角色职能、菜单体系。,正偏离/无偏离,平台已实现（详见对应功能模块）
2583,,,组织架构及基础数据字典的深度配置与维护。 +---------------------------------------------------------------------------------------------------------------------------------------------------------+,待复核,初评未匹配，须项目组逐条人工确认
2584,★,,+-------------------------------+-----------------------------------------------------------------------------------------------------------------------------------------------------------------------,待复核,初评未匹配，须项目组逐条人工确认
2585,,,能够零费用检验单审批。 +-------------------------------------------------------------------------------------------------------------------------------------------------------------------------------------------,正偏离/无偏离,平台已实现（详见对应功能模块）
2586,,,能够检验项目条码打印。 +-------------------------------------------------------------------------------------------------------------------------------------------------------------------------------------------,正偏离/无偏离,平台已实现（详见对应功能模块）
2587,,,能够标本采集时间确定。 +-------------------------------------------------------------------------------------------------------------------------------------------------------------------------------------------,正偏离/无偏离,平台已实现（详见对应功能模块）
2588,,,能够检验项目条码补打功能。 +-----------------------------------------------------------------------------------------------------------------------------------------------------------------------------------------,正偏离/无偏离,平台已实现（详见对应功能模块）
2589,,,予以完成采集时间，予以完成检验条码的闭环追踪管控，．能够对标本采集、离开、送达等进行管控，标本离科时间、送达时间在再结合临床实验室平台信息系统的上机时间。 +-------------------------------------------------------------------------------------------------------------------------,正偏离/无偏离,平台已实现（详见对应功能模块）
2590,,,支持查看患者的360视图，实现多角色、多方位浏览患者医疗全过程。 +----------------------------------------------------------------------------------------------------------------------------------------------------------------------,正偏离/无偏离,平台已实现（详见对应功能模块）
2591,,,能够对检验、检查申请单的检索，协助职能科室核查检验、检查申请单状态。 +--------------------------------------------------------------------------------------------------------------------------------------------------------------------,正偏离/无偏离,平台已实现（详见对应功能模块）
2592,,,能够医技申请单批量打印功能。 +----------------------------------------------------------------------------------------------------------------------------------------------------------------------------------------,正偏离/无偏离,平台已实现（详见对应功能模块）
2593,,,能够申请单项目数据资料进行核对。 +--------------------------------------------------------------------------------------------------------------------------------------------------------------------------------------,待复核,初评未匹配，须项目组逐条人工确认
2594,,,能够通过患者卡号、姓名、住院号、科室、医生、时间段等方式检索病历文书。 +-------------------------------------------------------------------------------------------------------------------------------------------------------------------,正偏离/无偏离,平台已实现（详见对应功能模块）
2595,,,进行医技医嘱管控，能够按床位列表形式显示在院病人。 +-----------------------------------------------------------------------------------------------------------------------------------------------------------------------------,正偏离/无偏离,平台已实现（详见对应功能模块）
2596,,,能够浏览门诊患者收费审计记录，收费审计记录数据资料包含票据号码、患者姓名、总金额、支付渠道、收费收费时间、收费员等关键数据资料，能够通过计费时间段筛选。 +--------------------------------------------------------------------------------------------------------------------------,正偏离/无偏离,平台已实现（详见对应功能模块）
2597,,,能够选择明细小项目功能，．能够门诊医技收费补录临床项目。 +--------------------------------------------------------------------------------------------------------------------------------------------------------------------------,正偏离/无偏离,平台已实现（详见对应功能模块）
2598,,,能够通过住院号检索，．能够浏览住院患者基本数据资料与费用数据资料，包括患者姓名、医保状态、年龄、性别、入院时间、患者类型、审批人、审批时间、总预交金、能够用金额、担保金额、主管医生、主管护士等数据资料。 +-------------------------------------------------------------------------------------------------,正偏离/无偏离,平台已实现（详见对应功能模块）
2599,,,能够对住院病人的费用进行审批与取消审批。 +----------------------------------------------------------------------------------------------------------------------------------------------------------------------------------,正偏离/无偏离,平台已实现（详见对应功能模块）
2600,,,能够职能科室进行住院病人手工计费。 +-------------------------------------------------------------------------------------------------------------------------------------------------------------------------------------,正偏离/无偏离,平台已实现（详见对应功能模块）
2601,,,能够职能科室进行住院病人手工退费。 +-------------------------------------------------------------------------------------------------------------------------------------------------------------------------------------,正偏离/无偏离,平台已实现（详见对应功能模块）
2602,,,能够医技人员工作量汇总功能。 +----------------------------------------------------------------------------------------------------------------------------------------------------------------------------------------,待复核,初评未匹配，须项目组逐条人工确认
2603,,,能够执行操作科室进行收入汇总汇总。 +-------------------------------------------------------------------------------------------------------------------------------------------------------------------------------------,正偏离/无偏离,平台已实现（详见对应功能模块）
2604,★,,+-------------------------------+-----------------------------------------------------------------------------------------------------------------------------------------------------------------------,待复核,初评未匹配，须项目组逐条人工确认
2605,,,能够对数据资料访问权限划分成院级、科室、医生三级访问权限。 +-------------------------------------------------------------------------------------------------------------------------------+,正偏离/无偏离,平台已实现（详见对应功能模块）
2606,,,能够按分级控制业务规则对病历资料进行动态质控监测，并能够发出质控结果，即时给予提示，以予以完成医疗和病历质量监测管控。 +-------------------------------------------------------------------------------------------------------------------------------+ （2）时限控制 +-,正偏离/无偏离,平台已实现（详见对应功能模块）
2607,,,对在规定时间内未提交或未书写病历的医生进行时限提醒，．能够自定义时限相关的业务规则。 +-------------------------------------------------------------------------------------------------------------------------------+,正偏离/无偏离,平台已实现（详见对应功能模块）
2608,,,能够时限项目、时限内容等的设置。 +-------------------------------------------------------------------------------------------------------------------------------+,待复核,初评未匹配，须项目组逐条人工确认
2609,,,开始时间等相关设置，能够定义病历时限的提醒时间，超时时间。 +-------------------------------------------------------------------------------------------------------------------------------+,正偏离/无偏离,平台已实现（详见对应功能模块）
2610,,,能够在自动化评分时关联相关的评分项进行质控，．能够对规定时限时间外未提交或在未书写的病历进行标记。 +-------------------------------------------------------------------------------------------------------------------------------+ （3）评分规则 +-----------,正偏离/无偏离,平台已实现（详见对应功能模块）
2611,,,能够自定义评分业务规则，评分模式分为手动评分和自动化评分两种。 +-------------------------------------------------------------------------------------------------------------------------------+,正偏离/无偏离,平台已实现（详见对应功能模块）
2612,,,能够对每项评分总分数进行灵活配置。 +-------------------------------------------------------------------------------------------------------------------------------+,正偏离/无偏离,平台已实现（详见对应功能模块）
2613,,,能够创建与维护运行病历评分标准。 +-------------------------------------------------------------------------------------------------------------------------------+,正偏离/无偏离,平台已实现（详见对应功能模块）
2614,,,能够创建与维护终末病历评分标准。 +-------------------------------------------------------------------------------------------------------------------------------+,正偏离/无偏离,平台已实现（详见对应功能模块）
2615,,,能够配置与管理自动化评分业务规则。 +-------------------------------------------------------------------------------------------------------------------------------+,正偏离/无偏离,平台已实现（详见对应功能模块）
2616,,,能够对自动化评分知识库进行对码设置与维护。 +-------------------------------------------------------------------------------------------------------------------------------+,正偏离/无偏离,平台已实现（详见对应功能模块）
2617,,,能够对评分规则进行版本管理与历史追溯。 +-------------------------------------------------------------------------------------------------------------------------------+ 病历评分 +--------------------------------------------,正偏离/无偏离,平台已实现（详见对应功能模块）
2618,,,能够对住院病历进行在线评分。 +-------------------------------------------------------------------------------------------------------------------------------+,正偏离/无偏离,平台已实现（详见对应功能模块）
2619,,,能够按科室、住院号、评分状态、入院时间、患者状态等多维度进行检索。 +-------------------------------------------------------------------------------------------------------------------------------+,正偏离/无偏离,平台已实现（详见对应功能模块）
2620,,,能够让平台系统根据运行病历评分标准进行自动化预评分。 +-------------------------------------------------------------------------------------------------------------------------------+,正偏离/无偏离,平台已实现（详见对应功能模块）
2621,,,能够进行手动评分及分值手动更新。 +-------------------------------------------------------------------------------------------------------------------------------+,正偏离/无偏离,平台已实现（详见对应功能模块）
2622,,,能够根据评分分值汇总结果自动进行病历等级标记。 +-------------------------------------------------------------------------------------------------------------------------------+,正偏离/无偏离,平台已实现（详见对应功能模块）
2623,,,能够对历次评分记录及评分详情进行浏览与追溯。 +-------------------------------------------------------------------------------------------------------------------------------+,正偏离/无偏离,平台已实现（详见对应功能模块）
2624,,,能够对评分结果进行导出与统计分析。 +-------------------------------------------------------------------------------------------------------------------------------+ （2） 终末病历评分 +----------------------------------------,正偏离/无偏离,平台已实现（详见对应功能模块）
2625,,,能够对出院病历、归档病历、病案首页进行评分。 +-------------------------------------------------------------------------------------------------------------------------------+,正偏离/无偏离,平台已实现（详见对应功能模块）
2626,,,能够按科室、评分状态、时间、住院号等多维度进行检索。 +-------------------------------------------------------------------------------------------------------------------------------+,正偏离/无偏离,平台已实现（详见对应功能模块）
2627,,,能够让平台系统根据终末病历评分标准进行自动化预评分。 +-------------------------------------------------------------------------------------------------------------------------------+,正偏离/无偏离,平台已实现（详见对应功能模块）
2628,,,能够进行手动评分及分值手动更新。 +-------------------------------------------------------------------------------------------------------------------------------+,正偏离/无偏离,平台已实现（详见对应功能模块）
2629,,,能够根据评分分值汇总结果自动进行病历等级标记。 +-------------------------------------------------------------------------------------------------------------------------------+,正偏离/无偏离,平台已实现（详见对应功能模块）
2630,,,能够对评分异议进行申诉与复核流程管理。 +-------------------------------------------------------------------------------------------------------------------------------+ （3） 抽样病历评分 +--------------------------------------,配套产品响应,属设备配套软件/商用知识库/CA 等产品参数，平台已留标准接入点
2631,,,能够建立与管理随机抽样样本。 +-------------------------------------------------------------------------------------------------------------------------------+,待复核,初评未匹配，须项目组逐条人工确认
2632,,,能够让质控员对样本中病历进行专项评分。 +-------------------------------------------------------------------------------------------------------------------------------+,正偏离/无偏离,平台已实现（详见对应功能模块）
2633,,,能够对抽样样本条件进行自定义设置。 +-------------------------------------------------------------------------------------------------------------------------------+,待复核,初评未匹配，须项目组逐条人工确认
2634,,,能够将患者纳入样本库或从样本库中移除。 +-------------------------------------------------------------------------------------------------------------------------------+,正偏离/无偏离,平台已实现（详见对应功能模块）
2635,,,能够对样本与质控员进行分配管理，能够让质控员仅对分配给自己的样本进行评分操作。 +-------------------------------------------------------------------------------------------------------------------------------+,正偏离/无偏离,平台已实现（详见对应功能模块）
2636,,,能够对抽样比例与抽样策略进行灵活配置。 +-------------------------------------------------------------------------------------------------------------------------------+ （4） 门诊病历评分 +--------------------------------------,正偏离/无偏离,平台已实现（详见对应功能模块）
2637,,,能够对门急诊病历进行评。 +-------------------------------------------------------------------------------------------------------------------------------+,正偏离/无偏离,平台已实现（详见对应功能模块）
2638,,,能够按科室、门诊号等多维度进行检索。 +-------------------------------------------------------------------------------------------------------------------------------+ 病历质控 +---------------------------------------------,正偏离/无偏离,平台已实现（详见对应功能模块）
2639,,,能够针对不同科室、不同诊断患者设置专项质控业务规则。 +-------------------------------------------------------------------------------------------------------------------------------+,正偏离/无偏离,平台已实现（详见对应功能模块）
2640,,,能够对病历书写逻辑错误进行智能识别与提示（如：男性患者病历出现女性器官描述、婚姻状况矛盾等）。 +-------------------------------------------------------------------------------------------------------------------------------+,正偏离/无偏离,平台已实现（详见对应功能模块）
2641,,,能够结合数据资料进行分析处理与逻辑验证，\ 能够对病历书写唯一性进行控制（如：入院记录、首次病程记录只能创建一份）。 +-------------------------------------------------------------------------------------------------------------------------------+,正偏离/无偏离,平台已实现（详见对应功能模块）
2642,,,能够对病历前置依赖关系进行判断（如：某病历创建前必须完成前置病历）。 +-------------------------------------------------------------------------------------------------------------------------------+,正偏离/无偏离,平台已实现（详见对应功能模块）
2643,,,能够对病历时间逻辑进行验证（如：死亡记录时间不能早于死亡时间）。 +-------------------------------------------------------------------------------------------------------------------------------+,正偏离/无偏离,平台已实现（详见对应功能模块）
2644,,,能够对病历提交条件进行控制（如：出院前不能提交出院记录）。 +-------------------------------------------------------------------------------------------------------------------------------+,正偏离/无偏离,平台已实现（详见对应功能模块）
2645,,,能够让已提交病历经医生更新后保留修改痕迹;能够让质控平台浏览病历多次更新的完整痕迹;能够对修改痕迹进行审计日志记录。 +-------------------------------------------------------------------------------------------------------------------------------+,正偏离/无偏离,平台已实现（详见对应功能模块）
2646,,,能够将质控问题数据反馈至HIS系统及相关医师;能够通过集成平台单点登录跳转至电子病历系统;能够对质控整改通知进行推送与跟踪。 +-------------------------------------------------------------------------------------------------------------------------------+ 质控汇总分析处,正偏离/无偏离,平台已实现（详见对应功能模块）
2647,,,能够根据运行质控和终末质控的评分类型进行分类汇总，\ 能够按科室、评分类型等维度进行数据分类统计，\ 新增：能够进行可视化报表展示与趋势分析。 +-------------------------------------------------------------------------------------------------------------------------------,正偏离/无偏离,平台已实现（详见对应功能模块）
2648,,,能够对时限数据明细进行汇总统计，\ 能够对超时病历进行统计分析，\ 能够对时限合规率进行科室排名与对比。 +-------------------------------------------------------------------------------------------------------------------------------+ 病历归档 +-----------,正偏离/无偏离,平台已实现（详见对应功能模块）
2649,,,能够让病历归档后禁止编辑、移除和新建操作，\ 能够进行手动归档与自动归档两种归档方式，\ 能够实现病历7日自动化归档功能，\ 能够让电子病历与病案首页同步归档，\ 能够在归档前进行完整性校验。,正偏离/无偏离,平台已实现（详见对应功能模块）
2650,,,能够对病历进行反归档，\ 能够对归档后反归档更新的病历进行预警处理，\ 能够对反归档操作的工作机制与审批流程进行管理，\ 能够对反归档原因进行记录与追溯。 +-------------------------------------------------------------------------------------------------------------------------,正偏离/无偏离,平台已实现（详见对应功能模块）
2651,,,能够进行病历手动锁定和自动化锁定两种模式，\ 能够对产生医疗纠纷的运行病历进行锁定，锁定后医师无法编辑。 +-------------------------------------------------------------------------------------------------------------------------------+,正偏离/无偏离,平台已实现（详见对应功能模块）
2652,,,能够对时限超时的病历进行锁定管控，\ 能够对超时未写病历进行分类锁定，限制其新建，\ 能够对锁定原因进行记录与分类管理。 +-------------------------------------------------------------------------------------------------------------------------------+,正偏离/无偏离,平台已实现（详见对应功能模块）
2653,,,能够提供解锁申请与解锁审批界面，\ 能够对已写但未在规定时限内提交的病历进行内容锁定，\ 能够与电子病历系统联动，限制已锁定病历的编辑权限，\ 能够对解锁操作日志进行审计与追溯。 +-------------------------------------------------------------------------------------------------------------,正偏离/无偏离,平台已实现（详见对应功能模块）
2654,★,,+-------------------------------+-----------------------------------------------------------------------------------------------------------------------------------------------------------------------,待复核,初评未匹配，须项目组逐条人工确认
2655,,,支持病案首页手工录入，包含基本信息、诊断、手术、费用等数据。 +----------------------------------------------------------------------+,正偏离/无偏离,平台已实现（详见对应功能模块）
2656,,,支持根据住院号从业务系统自动获取病案首页数据。 +----------------------------------------------------------------------+,正偏离/无偏离,平台已实现（详见对应功能模块）
2657,,,首页保存时自动校验，对必填项与错误数据进行提示。 +----------------------------------------------------------------------+,待复核,初评未匹配，须项目组逐条人工确认
2658,,,支持病案首页数据审批功能。 +----------------------------------------------------------------------+,正偏离/无偏离,平台已实现（详见对应功能模块）
2659,,,支持病案附页数据编辑。 +----------------------------------------------------------------------+,正偏离/无偏离,平台已实现（详见对应功能模块）
2660,,,支持查看病案首页更新痕迹。 +----------------------------------------------------------------------+,正偏离/无偏离,平台已实现（详见对应功能模块）
2661,,,支持按病案号、姓名、住院号进行简单检索。 +----------------------------------------------------------------------+,正偏离/无偏离,平台已实现（详见对应功能模块）
2662,,,支持自定义筛选条件进行高级检索。 +----------------------------------------------------------------------+,待复核,初评未匹配，须项目组逐条人工确认
2663,,,支持按模板条件检索，并可对检索模板进行管理。 +----------------------------------------------------------------------+,正偏离/无偏离,平台已实现（详见对应功能模块）
2664,,,支持自定义编辑检索结果显示列。 +----------------------------------------------------------------------+,待复核,初评未匹配，须项目组逐条人工确认
2665,,,支持多种类型首页审批校验并显示校验结果。 +----------------------------------------------------------------------+,正偏离/无偏离,平台已实现（详见对应功能模块）
2666,,,支持逻辑性、合理性、国家直报标准等多类型校验。 +----------------------------------------------------------------------+,待复核,初评未匹配，须项目组逐条人工确认
2667,,,支持病案首页信息分类录入，支持扩展字段自定义。 +----------------------------------------------------------------------+,正偏离/无偏离,平台已实现（详见对应功能模块）
2668,,,支持 ICD‑10、手术编码库自动匹配与编目修正。 +----------------------------------------------------------------------+,正偏离/无偏离,平台已实现（详见对应功能模块）
2669,,,支持首页数据自动对接卫统、HQMS、DRG/DIP 上报标准。 +----------------------------------------------------------------------+,正偏离/无偏离,平台已实现（详见对应功能模块）
2670,,,支持门诊病案首页管理、查询。 +----------------------------------------------------------------------+,正偏离/无偏离,平台已实现（详见对应功能模块）
2671,,,支持合理性统计。 +----------------------------------------------------------------------+,正偏离/无偏离,平台已实现（详见对应功能模块）
2672,,,支持 360 视图查看，支持病历查看，检查检验报告查看。 +----------------------------------------------------------------------+ 病案实物管控 +----------------------------------------------------------------------+,正偏离/无偏离,平台已实现（详见对应功能模块）
2673,,,支持病案回收登记，显示待回收列表，支持按住院号查找。 +----------------------------------------------------------------------+,正偏离/无偏离,平台已实现（详见对应功能模块）
2674,,,支持病案催收，支持超时未回收病案催收检索。 +----------------------------------------------------------------------+,正偏离/无偏离,平台已实现（详见对应功能模块）
2675,,,支持按科室汇总病案回收情况，支持回收统计、催收统计、归档统计。 +----------------------------------------------------------------------+,正偏离/无偏离,平台已实现（详见对应功能模块）
2676,,,支持病案示踪设置，支持病案示踪。 +----------------------------------------------------------------------+,正偏离/无偏离,平台已实现（详见对应功能模块）
2677,,,支持门诊病案首页回收。 +----------------------------------------------------------------------+,正偏离/无偏离,平台已实现（详见对应功能模块）
2678,,,支持病案整理登记，整理时记录缺陷审计信息。 +----------------------------------------------------------------------+,正偏离/无偏离,平台已实现（详见对应功能模块）
2679,,,支持病案缺陷汇总，按科室统计缺陷类型与数量。 +----------------------------------------------------------------------+,正偏离/无偏离,平台已实现（详见对应功能模块）
2680,,,支持病案整理情况检索。 +----------------------------------------------------------------------+,正偏离/无偏离,平台已实现（详见对应功能模块）
2681,,,支持病案库位自定义设置。 +----------------------------------------------------------------------+,正偏离/无偏离,平台已实现（详见对应功能模块）
2682,,,支持未入库病案入库操作。 +----------------------------------------------------------------------+,正偏离/无偏离,平台已实现（详见对应功能模块）
2683,,,支持已入库病案快速检索。 +----------------------------------------------------------------------+,正偏离/无偏离,平台已实现（详见对应功能模块）
2684,,,支持修改病案号。 +----------------------------------------------------------------------+,正偏离/无偏离,平台已实现（详见对应功能模块）
2685,,,支持迟交登记。 +----------------------------------------------------------------------+,待复核,初评未匹配，须项目组逐条人工确认
2686,,,支持病案借阅登记，记录借阅人、时间、用途等信息。 +----------------------------------------------------------------------+,正偏离/无偏离,平台已实现（详见对应功能模块）
2687,,,支持超时借阅病案自动催还，记录催还方式与时间。 +----------------------------------------------------------------------+,正偏离/无偏离,平台已实现（详见对应功能模块）
2688,,,支持病案借阅情况汇总统计。 +----------------------------------------------------------------------+,正偏离/无偏离,平台已实现（详见对应功能模块）
2689,,,支持无纸化借阅申请，线上提交与审批。 +----------------------------------------------------------------------+,正偏离/无偏离,平台已实现（详见对应功能模块）
2690,,,支持借阅申请审批与取消，审批通过后方可浏览病历。 +----------------------------------------------------------------------+,正偏离/无偏离,平台已实现（详见对应功能模块）
2691,,,支持转院管理，支持患者信息转入。 +----------------------------------------------------------------------+,正偏离/无偏离,平台已实现（详见对应功能模块）
2692,,,支持病历复印登记，记录复印人、关系、份数等信息。 +----------------------------------------------------------------------+,正偏离/无偏离,平台已实现（详见对应功能模块）
2693,,,支持复印记录检索。 +----------------------------------------------------------------------+,待复核,初评未匹配，须项目组逐条人工确认
2694,,,支持已复印病案标识，禁止召回修改。 +----------------------------------------------------------------------+,正偏离/无偏离,平台已实现（详见对应功能模块）
2695,,,支持病案文件直接打印与续打。 +----------------------------------------------------------------------+ 病案线上服务 +----------------------------------------------------------------------+,正偏离/无偏离,平台已实现（详见对应功能模块）
2696,,,支持病案复印审核。 +----------------------------------------------------------------------+,正偏离/无偏离,平台已实现（详见对应功能模块）
2697,,,支持页数金额设置。 +----------------------------------------------------------------------+,待复核,初评未匹配，须项目组逐条人工确认
2698,,,支持复印类别设置。 +----------------------------------------------------------------------+,待复核,初评未匹配，须项目组逐条人工确认
2699,,,支持订单管理。 +----------------------------------------------------------------------+,待复核,初评未匹配，须项目组逐条人工确认
2700,,,支持授权管理。 +----------------------------------------------------------------------+,正偏离/无偏离,平台已实现（详见对应功能模块）
2701,,,支持复印审核数据查询。 +----------------------------------------------------------------------+ 病案锁定 +----------------------------------------------------------------------+,正偏离/无偏离,平台已实现（详见对应功能模块）
2702,,,支持病案封存，记录封存时间与目的。 +----------------------------------------------------------------------+,正偏离/无偏离,平台已实现（详见对应功能模块）
2703,,,支持已封存病案解封操作。 +----------------------------------------------------------------------+ 病案签收与返修 +----------------------------------------------------------------------+,正偏离/无偏离,平台已实现（详见对应功能模块）
2704,,,支持出院病案纸质 / 电子单条签收与批量群签。 +----------------------------------------------------------------------+,正偏离/无偏离,平台已实现（详见对应功能模块）
2705,,,支持病案召回申请与审批管理。 +----------------------------------------------------------------------+,正偏离/无偏离,平台已实现（详见对应功能模块）
2706,,,支持病案缺陷返修，打回科室重新修改完善。 +----------------------------------------------------------------------+,正偏离/无偏离,平台已实现（详见对应功能模块）
2707,,,支持病案归档与批量归档操作。 +----------------------------------------------------------------------+,正偏离/无偏离,平台已实现（详见对应功能模块）
2708,,,支持在院、出院、已签收、未签收、已归档病案检索浏览。 +----------------------------------------------------------------------+,正偏离/无偏离,平台已实现（详见对应功能模块）
2709,,,支持诊疗时间轴视图，可视化展示全流程诊疗信息。 +----------------------------------------------------------------------+ 工作日报 +----------------------------------------------------------------------+,待复核,初评未匹配，须项目组逐条人工确认
2710,,,支持住院工作日报生成。 +----------------------------------------------------------------------+,正偏离/无偏离,平台已实现（详见对应功能模块）
2711,,,支持门诊工作日报生成。 +----------------------------------------------------------------------+,待复核,初评未匹配，须项目组逐条人工确认
2712,,,支持留观工作日报生成。 +----------------------------------------------------------------------+,正偏离/无偏离,平台已实现（详见对应功能模块）
2713,,,支持处方工作日报生成。 +----------------------------------------------------------------------+,正偏离/无偏离,平台已实现（详见对应功能模块）
2714,,,支持床位登记日报生成。 +----------------------------------------------------------------------+,正偏离/无偏离,平台已实现（详见对应功能模块）
2715,,,支持病房工作日报生成。 +----------------------------------------------------------------------+ 汇总分析与报表 +----------------------------------------------------------------------+,正偏离/无偏离,平台已实现（详见对应功能模块）
2716,,,支持住院日报、月报统计。 +----------------------------------------------------------------------+,正偏离/无偏离,平台已实现（详见对应功能模块）
2717,,,支持门诊诊疗日报、月报统计。 +----------------------------------------------------------------------+,正偏离/无偏离,平台已实现（详见对应功能模块）
2718,,,支持留观日报、月报统计。 +----------------------------------------------------------------------+,正偏离/无偏离,平台已实现（详见对应功能模块）
2719,,,支持处方日报、月报统计。 +----------------------------------------------------------------------+,正偏离/无偏离,平台已实现（详见对应功能模块）
2720,,,支持床位日报、月报统计。 +----------------------------------------------------------------------+,正偏离/无偏离,平台已实现（详见对应功能模块）
2721,,,支持抗生素统计、妇幼统计、肿瘤类统计等各类统计。 +----------------------------------------------------------------------+,正偏离/无偏离,平台已实现（详见对应功能模块）
2722,,,支持病案签收率、超时签收、未签收统计图表展示。 +----------------------------------------------------------------------+,正偏离/无偏离,平台已实现（详见对应功能模块）
2723,,,支持病种、手术、住院日、费用、缺陷等多维度报表。 +----------------------------------------------------------------------+,正偏离/无偏离,平台已实现（详见对应功能模块）
2724,,,支持卫统、绩效、质控、中医、妇幼等专用报表。 +----------------------------------------------------------------------+,正偏离/无偏离,平台已实现（详见对应功能模块）
2725,,,支持报表导出 Excel、TXT、DBF、PDF 等格式。 +----------------------------------------------------------------------+,正偏离/无偏离,平台已实现（详见对应功能模块）
2726,,,支持自定义报表设计，新增文本域、计算域与排序规则。 +----------------------------------------------------------------------+,正偏离/无偏离,平台已实现（详见对应功能模块）
2727,,,数据上报与接口。 +----------------------------------------------------------------------+,正偏离/无偏离,平台已实现（详见对应功能模块）
2728,,,支持按卫健委标准自动生成上报文件。 +----------------------------------------------------------------------+,正偏离/无偏离,平台已实现（详见对应功能模块）
2729,,,支持数据自动校验与后台映射转换，不影响院内规则。 +----------------------------------------------------------------------+,待复核,初评未匹配，须项目组逐条人工确认
2730,,,支持卫统 4‑1/4‑2、HQMS、NCIS、DRG/DIP 数据上报。 +----------------------------------------------------------------------+,正偏离/无偏离,平台已实现（详见对应功能模块）
2731,,,支持分院数据独立处理与总院汇总。 +----------------------------------------------------------------------+,待复核,初评未匹配，须项目组逐条人工确认
2732,,,支持多数据库接口与多线程高速取数。 +----------------------------------------------------------------------+,正偏离/无偏离,平台已实现（详见对应功能模块）
2733,,,支持与 HIS、EMR、LIS、PACS 无缝对接。 +----------------------------------------------------------------------+ 质控与评分 +----------------------------------------------------------------------+,正偏离/无偏离,平台已实现（详见对应功能模块）
2734,,,支持终末质控评分，按标准自动评审与打分。 +----------------------------------------------------------------------+,正偏离/无偏离,平台已实现（详见对应功能模块）
2735,,,支持随机抽样评审，自动计算评审比例。 +----------------------------------------------------------------------+,待复核,初评未匹配，须项目组逐条人工确认
2736,,,支持评审结果汇总，细化到科室、医师统计。 +----------------------------------------------------------------------+,正偏离/无偏离,平台已实现（详见对应功能模块）
2737,,,支持在线调阅病历评审，生成质控报表。 +----------------------------------------------------------------------+ 系统管理 +----------------------------------------------------------------------+,正偏离/无偏离,平台已实现（详见对应功能模块）
2738,,,支持人员、角色、权限精细化管控。 +----------------------------------------------------------------------+,正偏离/无偏离,平台已实现（详见对应功能模块）
2739,,,支持系统基础数据、标准编码字典维护。 +----------------------------------------------------------------------+,待复核,初评未匹配，须项目组逐条人工确认
2740,,,支持 ICD 诊断、手术字典、科室映射维护。 +----------------------------------------------------------------------+,正偏离/无偏离,平台已实现（详见对应功能模块）
2741,,,支持节假日、工作日自动获取与自定义。 +----------------------------------------------------------------------+,待复核,初评未匹配，须项目组逐条人工确认
2742,,,支持日志审计、接口日志、运维监测管理。 +----------------------------------------------------------------------+,正偏离/无偏离,平台已实现（详见对应功能模块）
2743,,,支持 CA 集成、电子签名、时间戳验证。 +----------------------------------------------------------------------+ 系统监控 +----------------------------------------------------------------------+,配套产品响应,属设备配套软件/商用知识库/CA 等产品参数，平台已留标准接入点
2744,,,支持查看在线用户。 +----------------------------------------------------------------------+,正偏离/无偏离,平台已实现（详见对应功能模块）
2745,,,支持设置定时任务、查看定时任务。 +----------------------------------------------------------------------+,待复核,初评未匹配，须项目组逐条人工确认
2746,,,支持查看数据监控。 +----------------------------------------------------------------------+,正偏离/无偏离,平台已实现（详见对应功能模块）
2747,,,支持服务监控。 +----------------------------------------------------------------------+,正偏离/无偏离,平台已实现（详见对应功能模块）
2748,,,支持缓存监控。 +----------------------------------------------------------------------+,正偏离/无偏离,平台已实现（详见对应功能模块）
2749,★,,+-------------------------------+-----------------------------------------------------------------------------------------------------------------------------------------------------------------------,待复核,初评未匹配，须项目组逐条人工确认
2750,,,在采购计划的制定环节，系统提供了灵活的操作方式，既可以由人工手动编制，也能根据预设的智能规则自动生成。这些智能规则会综合考虑多项因素，例如药品的实时库存数量、设定的最高/最低储备量、上个月的出入库记录、各药房的发药数量以及日均消耗量。同时，系统支持根据药品类别、存放库位、特殊药品类型（如毒麻、贵重药品）等条件进行筛选，以精准锁定需要制定采购计划的药品范围。 +-------------------,正偏离/无偏离,平台已实现（详见对应功能模块）
2751,,,系统支持在采购计划执行完毕后，根据计划内容，便捷地按照不同的供货商分别生成对应的采购订单。 +---------------------------------------------------------------------------------------------------------------------------------------------------------,待复核,初评未匹配，须项目组逐条人工确认
2752,,,为满足国家相关管理规定，系统具备与药品集中采购平台对接的能力，支持将生成的采购订单数据线上传至指定的供应链平台。 +----------------------------------------------------------------------------------------------------------------------------------------------,待复核,初评未匹配，须项目组逐条人工确认
2753,,,在进行采购操作时，系统允许用户选择本次采购的实际配送地址，并将该信息一同上传至平台，确保物流信息的准确。 +--------------------------------------------------------------------------------------------------------------------------------------------------,正偏离/无偏离,平台已实现（详见对应功能模块）
2754,,,针对已完成采购的药品，系统设计了三种不同的入库方式以适应多种业务场景：一是发票与货物同时到达的正常入库；二是货物已到但发票未到的挂账入库；三是发票已到但货物尚未到达的暂估入库。 +--------------------------------------------------------------------------------------------------------------,正偏离/无偏离,平台已实现（详见对应功能模块）
2755,,,系统支持直接手动创建采购入库单。同时，为提高效率和准确性，也提供了自动生成入库单的功能，可以通过引入预先制定的采购计划单或已确认的采购订单来快速完成。 +---------------------------------------------------------------------------------------------------------------------------,正偏离/无偏离,平台已实现（详见对应功能模块）
2756,,,系统支持与阳采平台进行线上直连，能够直接获取平台上的配送信息，并以此为据，自动生成对应的采购入库单。 +----------------------------------------------------------------------------------------------------------------------------------------------------,正偏离/无偏离,平台已实现（详见对应功能模块）
2757,,,"在药品入库操作过程中，系统支持同时采用多种计量单位（例如""盒""和""板""、""瓶""和""粒""）进行数量的录入与换算。 +-----------------------------------------------------------------------------------------------------------------------------------------------",正偏离/无偏离,平台已实现（详见对应功能模块）
2758,,,系统提供了采购入库冲红的功能，用于处理已入库但需要退回的情况。通过此功能，可以对已经生成的采购入库单进行逆向操作，生成红字单据以冲销原入库记录。 +------------------------------------------------------------------------------------------------------------------------------,正偏离/无偏离,平台已实现（详见对应功能模块）
2759,,,在创建入库单据时，系统提供了便捷的药品搜索功能。用户可以通过药品的拼音码、五笔码等助记码进行快速查找，同时也支持直接输入药品名称进行精确或模糊搜索。 +----------------------------------------------------------------------------------------------------------------------------,正偏离/无偏离,平台已实现（详见对应功能模块）
2760,,,除了常规的采购入库，系统还支持其他类型的入库业务，例如因药厂赠送、医院自制等原因产生的入库操作。 +------------------------------------------------------------------------------------------------------------------------------------------------------,正偏离/无偏离,平台已实现（详见对应功能模块）
2761,,,系统支持对来自同一生产厂家的药品，按照不同的生产批号和有效期进行精细化的分批次入库管理。 +----------------------------------------------------------------------------------------------------------------------------------------------------------,正偏离/无偏离,平台已实现（详见对应功能模块）
2762,,,在药品入库和退库流程中，系统支持通过扫描药品追溯码的方式，将追溯信息录入并上传至相关监管平台。 +-------------------------------------------------------------------------------------------------------------------------------------------------------,正偏离/无偏离,平台已实现（详见对应功能模块）
2763,,,采购入库环节支持定向出库功能。即在完成采购入库的同时，可以直接将这批药品指定出库给某个下级库房（如门诊药房），无需再进行一次独立的出库操作。 +--------------------------------------------------------------------------------------------------------------------------------,正偏离/无偏离,平台已实现（详见对应功能模块）
2764,,,系统支持使用PDA（移动数据终端）扫描随货同行单的编号或发票号码，对药品的外观、包装情况、数量信息进行质量验收的现场操作。 +-----------------------------------------------------------------------------------------------------------------------------------------,正偏离/无偏离,平台已实现（详见对应功能模块）
2765,,,在PDA端完成质量验收并确认通过后，系统即可自动触发后续流程，完成最终的采购入库操作。 +-----------------------------------------------------------------------------------------------------------------------------------------------------------,正偏离/无偏离,平台已实现（详见对应功能模块）
2766,,,系统提供了专门的财务验收功能，财务人员可以依据已经完成的采购入库单据进行核对与验收操作。 +----------------------------------------------------------------------------------------------------------------------------------------------------------,正偏离/无偏离,平台已实现（详见对应功能模块）
2767,,,为了提高工作效率，系统支持筛选出同一家供货单位的全部待验收单据，进行集中批量验收。 +-------------------------------------------------------------------------------------------------------------------------------------------------------------,正偏离/无偏离,平台已实现（详见对应功能模块）
2768,,,在财务验收环节，如果发现发票信息有误或需要补充，系统允许操作人员在验收时直接对发票信息进行调整或补录。 +---------------------------------------------------------------------------------------------------------------------------------------------------,正偏离/无偏离,平台已实现（详见对应功能模块）
2769,,,系统提供了采购完成后的付款管理功能，支持对同一家供货商名下的所有应付单据进行集中查询与付款操作。 +------------------------------------------------------------------------------------------------------------------------------------------------------,待复核,初评未匹配，须项目组逐条人工确认
2770,,,在进行集中付款时，系统支持依据三种不同类型的单据进行筛选和处理，分别是采购入库单据、发票以及财务验收单。 +--------------------------------------------------------------------------------------------------------------------------------------------------,正偏离/无偏离,平台已实现（详见对应功能模块）
2771,,,在付款方式上，系统提供了多种选择以满足不同情况：可以支付整张单据的全部金额；可以手动输入一个特定的支付金额；也可以将一笔付款金额分摊到一张单据的多个款项或不同单据的部分金额上。 +--------------------------------------------------------------------------------------------------------------,正偏离/无偏离,平台已实现（详见对应功能模块）
2772,,,系统提供丰富的账款查询与分析功能，包括查询已付款和未付款的单据明细，以及进行应付账款的账面分析，为资金管理提供数据支持。 +------------------------------------------------------------------------------------------------------------------------------------------,待复核,初评未匹配，须项目组逐条人工确认
2773,,,系统支持根据各药房提交的申领单进行出库处理。同时，如果申领单有误或需要撤回，也支持对已处理的申领单进行退回操作。 +----------------------------------------------------------------------------------------------------------------------------------------------,正偏离/无偏离,平台已实现（详见对应功能模块）
2774,,,系统提供了库存直接调拨出库的功能，可以将药品从药库直接调拨到指定的药房，无需经过申领流程。 +---------------------------------------------------------------------------------------------------------------------------------------------------------,正偏离/无偏离,平台已实现（详见对应功能模块）
2775,,,除了常规的药房申领出库，系统还支持其他类型的出库业务，例如药品报损、临床科室直接领用、以及盘点后产生的盘亏出库等。 +---------------------------------------------------------------------------------------------------------------------------------------------,正偏离/无偏离,平台已实现（详见对应功能模块）
2776,,,系统在自动扣减库存时，内置了多种出库策略，例如优先出库最早入库的药品（先进先出），或优先出库距离失效期最近的药品（近效期先出），以保证库存的良性周转。 +---------------------------------------------------------------------------------------------------------------------------,正偏离/无偏离,平台已实现（详见对应功能模块）
2777,,,除了系统自动扣减，也支持用户在出库时，根据实际需要手动选择从哪个具体批次的药品中进行出库。 +---------------------------------------------------------------------------------------------------------------------------------------------------------,正偏离/无偏离,平台已实现（详见对应功能模块）
2778,,,系统功能支持在不同医疗机构之间，或同一家医院的不同院区库房之间进行药品的调拨出库操作。 +-----------------------------------------------------------------------------------------------------------------------------------------------------------,正偏离/无偏离,平台已实现（详见对应功能模块）
2779,,,系统支持两种基础的调价模式：针对零售价格的调整和针对进货价格的调整。同时，调价管理功能也涵盖了国家政策性调价和医院内部自主调价两种业务类型。 +--------------------------------------------------------------------------------------------------------------------------------,待复核,初评未匹配，须项目组逐条人工确认
2780,,,药品价格的调整可以通过即时生效和定时生效两种方式来执行，以满足紧急调价或计划性调价的不同需求。 +-------------------------------------------------------------------------------------------------------------------------------------------------------,待复核,初评未匹配，须项目组逐条人工确认
2781,,,系统支持对特定的库存点（例如仅针对药库库存或仅针对药房库存）进行独立的调价。对于进销价格相同（零差价）的药品，系统支持在调整零售价时，自动同步调整其进货价格，保持价格一致。 +----------------------------------------------------------------------------------------------------------------,正偏离/无偏离,平台已实现（详见对应功能模块）
2782,,,在多机构（如医院集团）的管理模式下，系统支持将同一个价格调整方案，同步应用到所有采用相同价格体系的机构中，确保价格政策的统一执行。 +-------------------------------------------------------------------------------------------------------------------------------------,正偏离/无偏离,平台已实现（详见对应功能模块）
2783,,,系统提供了对药库库存进行全面盘点的功能，并支持按照药品分类、存放库位、剂型等不同维度来组织和进行盘点。 +---------------------------------------------------------------------------------------------------------------------------------------------------,正偏离/无偏离,平台已实现（详见对应功能模块）
2784,,,盘点范围不仅限于当前有库存的药品，也支持将当前库存为零的药品以及当前处于禁用状态的药品纳入盘点清单，以保证库存账目的完整性。 +----------------------------------------------------------------------------------------------------------------------------------------,正偏离/无偏离,平台已实现（详见对应功能模块）
2785,,,为了提高盘点效率，系统支持通过引入预设的盘点模板（包含特定药品列表）来快速生成盘点任务。 +----------------------------------------------------------------------------------------------------------------------------------------------------------,正偏离/无偏离,平台已实现（详见对应功能模块）
2786,,,系统支持单人或多人协同进行盘点数据的录入工作，以适应不同规模的盘点任务。 +------------------------------------------------------------------------------------------------------------------------------------------------------------------,正偏离/无偏离,平台已实现（详见对应功能模块）
2787,,,"在录入盘点数据时，系统支持按不同的包装单位输入数量，例如可以直接输入""几盒几片""，系统会自动换算，减少人工计算可能产生的错误。 +---------------------------------------------------------------------------------------------------------------------------------------",正偏离/无偏离,平台已实现（详见对应功能模块）
2788,,,在盘点录入过程中，允许操作人员对具体批次药品的账面数量进行调整。 +----------------------------------------------------------------------------------------------------------------------------------------------------------------------,正偏离/无偏离,平台已实现（详见对应功能模块）
2789,,,为了方便操作，系统支持在录入实盘数量时，直接复制当前的账面库存作为起点。盘点任务完成后，系统能够根据实盘与账面的差异，自动生成盘盈入库单和盘亏出库单。 +---------------------------------------------------------------------------------------------------------------------------,正偏离/无偏离,平台已实现（详见对应功能模块）
2790,,,系统支持在库房月结统计时，自定义每月的结账日期。首次月结基于初始化建账日期，之后每个月的月结周期则从上一次月结的终止时间开始计算。 +-------------------------------------------------------------------------------------------------------------------------------------,正偏离/无偏离,平台已实现（详见对应功能模块）
2791,,,系统提供了取消月结的功能，但为确保数据连续性，取消操作必须从最后一个已月结的月份开始，逐月向前进行，不允许跨月取消。 +--------------------------------------------------------------------------------------------------------------------------------------------,待复核,初评未匹配，须项目组逐条人工确认
2792,,,系统需提供多维度的查询统计分析功能，例如能够查询各药库及全院的药品库存情况，查看实物账簿、财务月报表，进行采购与销售分析，以及查询失效药品、统计基本药物、特殊药品、抗生素等各类药品的消耗与库存情况。 +---------------------------------------------------------------------------------------------------,正偏离/无偏离,平台已实现（详见对应功能模块）
2793,,,药品字典：此部分功能用于管理所有药品的基础档案信息，具体包括药品的通用名称、规格型号、生产厂家、供货单位信息、基本的包装单位、面向患者的发药单位，以及对特殊管理药品的分类，如毒麻药品、精神药品、贵重药品、医院自制制剂、进口药品等属性的详细设置与维护。 +-------------------------------------------------------------------------,正偏离/无偏离,平台已实现（详见对应功能模块）
2794,,,供应商信息管理：此模块专门用于管理与医院有业务往来的所有供应商的详细信息，包括但不限于供应商的名称、资质、联系方式。 +--------------------------------------------------------------------------------------------------------------------------------------------,正偏离/无偏离,平台已实现（详见对应功能模块）
2795,,,生产企业信息管理：此模块专门用于管理与医院有业务往来的所有生产企业的详细信息，包括但不限于生产企业的名称、资质、联系方式。 +-----------------------------------------------------------------------------------------------------------------------------------------,待复核,初评未匹配，须项目组逐条人工确认
2796,★,,+-------------------------------+-----------------------------------------------------------------------------------------------------------------------------------------------------------------------,待复核,初评未匹配，须项目组逐条人工确认
2797,,,系统能够依据医师的职称信息，自动匹配并赋予相应的抗菌药物处方权限。 +------------------------------------------------------------------------------------------------------------------+ 抗菌药物分级管理 +---------------------------------------,正偏离/无偏离,平台已实现（详见对应功能模块）
2798,,,当医师开具抗菌药物时，系统会根据其权限等级自动判断是否允许开具对应级别的药物。 +------------------------------------------------------------------------------------------------------------------+,正偏离/无偏离,平台已实现（详见对应功能模块）
2799,,,若医师的处方权限不足以开具所选抗菌药物，系统将自动弹出提示信息，提醒其权限不足。 +------------------------------------------------------------------------------------------------------------------+,正偏离/无偏离,平台已实现（详见对应功能模块）
2800,,,不同科室的医师根据其岗位职责拥有不同的抗菌药物使用权限，若开具超出权限级别的药物，系统将自动触发审批流程。 +------------------------------------------------------------------------------------------------------------------+,正偏离/无偏离,平台已实现（详见对应功能模块）
2801,,,在紧急医疗情况下，支持医师临时越级使用抗菌药物，并允许在24小时内补交审批材料完成审核流程。 +------------------------------------------------------------------------------------------------------------------+,正偏离/无偏离,平台已实现（详见对应功能模块）
2802,,,各分级审批流程已整合至临床业务系统，系统可实时提醒相关医师或审批人员及时处理待审批的特殊用药申请。 +------------------------------------------------------------------------------------------------------------------+,正偏离/无偏离,平台已实现（详见对应功能模块）
2803,,,抗菌药物用药目的管理。 +------------------------------------------------------------------------------------------------------------------+,正偏离/无偏离,平台已实现（详见对应功能模块）
2804,,,医师在下达抗菌药物医嘱时，系统将自动弹出用药目的填写页面，要求医师明确选择抗菌药物的使用原因。 +------------------------------------------------------------------------------------------------------------------+,正偏离/无偏离,平台已实现（详见对应功能模块）
2805,★,,+-------------------------------+-----------------------------------------------------------------------------------------------------------------------------------------------------------------------,待复核,初评未匹配，须项目组逐条人工确认
2806,,,支持危急值类型的新增、修改、删除。 +-------------------------------------------------------------------------------------------------------------------------------------------------------------------------------------,正偏离/无偏离,平台已实现（详见对应功能模块）
2807,,,支持对各类危急值项目进行配置与管理。 +------------------------------------------------------------------------------------------------------------------------------------------------------------------------------------,正偏离/无偏离,平台已实现（详见对应功能模块）
2808,,,支持项目的同步。 +----------------------------------------------------------------------------------------------------------------------------------------------------------------------------------------------,正偏离/无偏离,平台已实现（详见对应功能模块）
2809,,,支持危急值确认消息字典的维护。 +---------------------------------------------------------------------------------------------------------------------------------------------------------------------------------------,正偏离/无偏离,平台已实现（详见对应功能模块）
2810,,,支持消息处理意见的新增、编辑与删除。 +------------------------------------------------------------------------------------------------------------------------------------------------------------------------------------,正偏离/无偏离,平台已实现（详见对应功能模块）
2811,,,具备危急值执行前置条件的维护功能。 +-------------------------------------------------------------------------------------------------------------------------------------------------------------------------------------,正偏离/无偏离,平台已实现（详见对应功能模块）
2812,,,支持患者信息与疾病名称的配置及维护。 +------------------------------------------------------------------------------------------------------------------------------------------------------------------------------------,正偏离/无偏离,平台已实现（详见对应功能模块）
2813,,,支持危急值项目严重程度的维护，并可根据不同危险等级配置对应的处理方案。 +-------------------------------------------------------------------------------------------------------------------------------------------------------------------,正偏离/无偏离,平台已实现（详见对应功能模块）
2814,,,支持对危急值提醒方式进行配置管理，可根据危急值等级、项目类型等维度，支持提醒形式（如颜色标识、弹窗提示、声音告警等）。 +-------------------------------------------------------------------------------------------------------------------------------------------,正偏离/无偏离,平台已实现（详见对应功能模块）
2815,,,支持按科室、病区查询住院患者危急值的医生与护士处理情况，可查看处理结果及提醒记录。 +-------------------------------------------------------------------------------------------------------------------------------------------------------------,正偏离/无偏离,平台已实现（详见对应功能模块）
2816,,,支持患者姓名或就诊号、条码号、申请单号等关键字进行危急值信息的查询。 +--------------------------------------------------------------------------------------------------------------------------------------------------------------------,正偏离/无偏离,平台已实现（详见对应功能模块）
2817,,,支持危急值信息记录的导出。 +-----------------------------------------------------------------------------------------------------------------------------------------------------------------------------------------,正偏离/无偏离,平台已实现（详见对应功能模块）
2818,,,当发生危急值时，支持通过院内消息系统通知，系统还支持通过移动端（钉钉或微信）或手机短信对接，实现开嘱或主管医生可接收危急值消息，保证危急值通知的及时性。短信通知内容可根据医院需求自定义，并支持设置短信内容通知患者。 +-------------------------------------------------------------------------------------------,正偏离/无偏离,平台已实现（详见对应功能模块）
2819,,,支持危急值消息需医生护士对消息回复后方可取消提醒。 +-----------------------------------------------------------------------------------------------------------------------------------------------------------------------------,正偏离/无偏离,平台已实现（详见对应功能模块）
2820,,,具备对危急值消息进行查看和处理的功能。 +-----------------------------------------------------------------------------------------------------------------------------------------------------------------------------------,正偏离/无偏离,平台已实现（详见对应功能模块）
2821,,,支持按医生或患者进行危急值消息的检索。 +-----------------------------------------------------------------------------------------------------------------------------------------------------------------------------------,正偏离/无偏离,平台已实现（详见对应功能模块）
2822,,,支持对危急值消息进行处理意见的记录。 +------------------------------------------------------------------------------------------------------------------------------------------------------------------------------------,正偏离/无偏离,平台已实现（详见对应功能模块）
2823,,,当发生危急值时，按照相关规定护士和医生需针对危急值消息分别进行确认和处理，医生处理即认为该危急值已处理。在电脑端中，系统支持通过对应工作站的消息弹窗定位患者并跳转至处理界面或直接通过危急值处理模块界面进行相应处理；在移动端中，系统支持直接对消息进行处理。 +-----------------------------------------------------------------------,正偏离/无偏离,平台已实现（详见对应功能模块）
2824,,,全院危急值统计。 +----------------------------------------------------------------------------------------------------------------------------------------------------------------------------------------------,正偏离/无偏离,平台已实现（详见对应功能模块）
2825,,,危急值处置监控。 +----------------------------------------------------------------------------------------------------------------------------------------------------------------------------------------------,正偏离/无偏离,平台已实现（详见对应功能模块）
2826,,,全院危急值查询。 +----------------------------------------------------------------------------------------------------------------------------------------------------------------------------------------------,正偏离/无偏离,平台已实现（详见对应功能模块）
2827,,,危急值指标统计。 +----------------------------------------------------------------------------------------------------------------------------------------------------------------------------------------------,正偏离/无偏离,平台已实现（详见对应功能模块）
2828,,,提供全院危急值的统计查询，支持查询某科室某段时间内医生的危急值处理情况，用于质控等管理部门针对科室、医生、患者整体危急值流程的追溯和精确统计。 +-------------------------------------------------------------------------------------------------------------------------------,正偏离/无偏离,平台已实现（详见对应功能模块）
2829,★,,+-------------------------------+-----------------------------------------------------------------------------------------------------------------------------------------------------------------------,待复核,初评未匹配，须项目组逐条人工确认
2830,,,能够通过护理管理系统中的指标维护功能展示科室病区、护理、特殊检查等分类的指标呈现，呈现内容包含指标名称、患者数、床号和频率，能够根据不同护理级别对床号颜色进行区分查看。 +------------------------------------------------------------------------------------------------------------------,正偏离/无偏离,平台已实现（详见对应功能模块）
2831,,,能够通过触屏切换查看科室护理级别比例、护理动态比例、特殊检查比例、患者年龄人数分布、患者出入院人次变化趋势、床位使用率、手术台次、床护比、护患比等指标的查看。 +-----------------------------------------------------------------------------------------------------------------------,正偏离/无偏离,平台已实现（详见对应功能模块）
2832,,,能够进行科室床位信息一览显示。 +--------------------------------------------------------------------------------------------------------------------------------------------------------------------------------+,正偏离/无偏离,平台已实现（详见对应功能模块）
2833,,,能够按床位背景色代表不同的护理等级进行区分展示。 +------------------------------------------------------------------------------------------------------------------------------------------------------------------------------,正偏离/无偏离,平台已实现（详见对应功能模块）
2834,,,能够显示床位患者详情，能够按条件筛选床位（包含在床、特殊护理、一级护理、二级护理、三级护理、病危、病重、今日手术）。 +--------------------------------------------------------------------------------------------------------------------------------------------,正偏离/无偏离,平台已实现（详见对应功能模块）
2835,,,点击床位患者能够查看患者的基本信息。 +--------------------------------------------------------------------------------------------------------------------------------------------------------------------------------+ 护理,正偏离/无偏离,平台已实现（详见对应功能模块）
2836,,,能够查看医嘱计划内容，能够按照医嘱项目排序显示未出院病人医嘱内容，能够按条件筛选护理内容。 +---------------------------------------------------------------------------------------------------------------------------------------------------------,正偏离/无偏离,平台已实现（详见对应功能模块）
2837,,,能够通过医嘱类型、医嘱状态进行检索查看。 +--------------------------------------------------------------------------------------------------------------------------------------------------------------------------------+ ,正偏离/无偏离,平台已实现（详见对应功能模块）
2838,,,能够按天和按周显示当前科室医生的排班信息，能够切换显示今日排班和科室排班，科室排班能够通过日历选择指定周的排班信息。 +--------------------------------------------------------------------------------------------------------------------------------------------,正偏离/无偏离,平台已实现（详见对应功能模块）
2839,,,排班信息需先在护理管理系统中进行排班后才能显示，显示内容包含护士的班次、联系电话和床位备注等信息。 +-----------------------------------------------------------------------------------------------------------------------------------------------------,正偏离/无偏离,平台已实现（详见对应功能模块）
2840,,,能够展示体征异常信息，如发热患者、脉搏异常患者、呼吸困难患者、高低血压患者、高低血糖患者的发生人数、上次指标和发生日期查询。 +----------------------------------------------------------------------------------------------------------------------------------------,正偏离/无偏离,平台已实现（详见对应功能模块）
2841,,,能够展示压力性损伤等异常评估信息的风险预警和风险变化趋势查询展示。 +---------------------------------------------------------------------------------------------------------------------------------------------------------------------,待复核,初评未匹配，须项目组逐条人工确认
2842,,,"能够显示当前科室的手术患者信息，能够通过切换按钮选择显示\""择期手术\""、\""历史手术\""。 +--------------------------------------------------------------------------------------------------------------------------------------------------------",正偏离/无偏离,平台已实现（详见对应功能模块）
2843,,,手术内容包含患者床号、住院号、患者姓名、性别、诊断、手术名称、主刀医生、手术时间、送入术室时间、手术结束时间、回到病房时间等数据的展示。 +----------------------------------------------------------------------------------------------------------------------------------,正偏离/无偏离,平台已实现（详见对应功能模块）
2844,,,能够从HIS提取交接班日志记录信息，展示包括病房数据、交班重点、交班人及时间等信息。 +------------------------------------------------------------------------------------------------------------------------------------------------------------,正偏离/无偏离,平台已实现（详见对应功能模块）
2845,,,需HIS使用护理交班功能。 +--------------------------------------------------------------------------------------------------------------------------------------------------------------------------------+ 通讯录 +--,正偏离/无偏离,平台已实现（详见对应功能模块）
2846,,,能够展示全院各科室联系人信息，包括科室、职位、姓名、电话等；能够通过姓名拼音简码查询联系人信息。 +------------------------------------------------------------------------------------------------------------------------------------------------------,正偏离/无偏离,平台已实现（详见对应功能模块）
2847,,,能够进行mp4格式文件的多媒体展示，能够进行全屏、循环播放。 +------------------------------------------------------------------------------------------------------------------------------------------------------------------------,待复核,初评未匹配，须项目组逐条人工确认
2848,★,,+-------------------------------+-----------------------------------------------------------------------------------------------------------------------------------------------------------------------,待复核,初评未匹配，须项目组逐条人工确认
2849,,,支持医生端预警，并可确认报卡或排除。,正偏离/无偏离,平台已实现（详见对应功能模块）
2850,,,支持预警结果处能直接显示预警原因。,待复核,初评未匹配，须项目组逐条人工确认
2851,,,支持预置丰富专业预警策略；,待复核,初评未匹配，须项目组逐条人工确认
2852,,,支持本科室预警超过设定时间时，本科室感控医生可以查阅督查。,正偏离/无偏离,平台已实现（详见对应功能模块）
2853,,,支持自定义预警策略，各条件可自由组合。至少包含以下条件：,待复核,初评未匹配，须项目组逐条人工确认
2854,,,入院48小时以后（含48小时）；,正偏离/无偏离,平台已实现（详见对应功能模块）
2855,,,体温超过38℃以上（含38℃）；,正偏离/无偏离,平台已实现（详见对应功能模块）
2856,,,持续发热X天以上；,正偏离/无偏离,平台已实现（详见对应功能模块）
2857,,,介入操作以及介入操作后X小时后发热；,正偏离/无偏离,平台已实现（详见对应功能模块）
2858,,,送检项目以及检出病原体；,待复核,初评未匹配，须项目组逐条人工确认
2859,,,抗生素以及持续使用抗生素X天以上；,待复核,初评未匹配，须项目组逐条人工确认
2860,,,手术以及手术后X小时后发热；,正偏离/无偏离,平台已实现（详见对应功能模块）
2861,,,关键字（含医嘱关键字、病程关键字、影像关键字）；,正偏离/无偏离,平台已实现（详见对应功能模块）
2862,,,微生物培养结果（含多重耐药、特殊耐药、泛耐药）；,配套产品响应,属设备配套软件/商用知识库/CA 等产品参数，平台已留标准接入点
2863,,,常规检验异常（含白细胞数异常、中性粒细胞异常、C反应蛋白异常、降钙素原异常等）；,正偏离/无偏离,平台已实现（详见对应功能模块）
2864,,,术后变更了抗菌药物的使用；,正偏离/无偏离,平台已实现（详见对应功能模块）
2865,,,中心静脉置管开始到结束48小时内体温异常；,正偏离/无偏离,平台已实现（详见对应功能模块）
2866,,,中心静脉置管开始到结束48小时内尿量异常；,待复核,初评未匹配，须项目组逐条人工确认
2867,,,中心静脉置管开始到结束48小时内血压低于设定值；,待复核,初评未匹配，须项目组逐条人工确认
2868,,,中心静脉置管开始到结束48小时内血培养阳性。 > **爆发预警模块：** 系统通过后台数据分析，自动提示疑似暴发情况，让感控人员及时介入处理。,待复核,初评未匹配，须项目组逐条人工确认
2869,,,支持爆发预警（含同科室多次相同感染、同科室多例相同病原体感染等，且可自定义预警天数及预警人数）。,正偏离/无偏离,平台已实现（详见对应功能模块）
2870,,,支持趋势预警，以趋势图的方式展示最近一段时间发热、腹泻病人人数变化情况，三管人数变化情况等。,正偏离/无偏离,平台已实现（详见对应功能模块）
2871,,,支持自定义趋势条件，各条件可任意组合。,待复核,初评未匹配，须项目组逐条人工确认
2872,,,"支持病区预警，可方便查看各病区处于高危风险因素中的人数（发热、三管、使用抗生素、检出病原体、手术病人等）。 **消息中心模块：** 实现重点关注事件的主动、实时提醒,方便感控人员及时介入。",正偏离/无偏离,平台已实现（详见对应功能模块）
2873,,,支持新的事件出现后软件主动闪动提醒。,正偏离/无偏离,平台已实现（详见对应功能模块）
2874,,,支持点击提醒信息后，能直接切换到操作处理界面。,正偏离/无偏离,平台已实现（详见对应功能模块）
2875,,,支持主动提示疑似暴发信息。,待复核,初评未匹配，须项目组逐条人工确认
2876,,,支持主动提示多重耐药检出信息。,待复核,初评未匹配，须项目组逐条人工确认
2877,,,支持主动提示智能预警病人信息。,待复核,初评未匹配，须项目组逐条人工确认
2878,,,支持主动提示医生报卡信息。,正偏离/无偏离,平台已实现（详见对应功能模块）
2879,,,支持主动提示职业暴露报卡信息。,正偏离/无偏离,平台已实现（详见对应功能模块）
2880,,,支持主动提示干预信息。,待复核,初评未匹配，须项目组逐条人工确认
2881,,,支持主动提示重点关注病人信息。,待复核,初评未匹配，须项目组逐条人工确认
2882,,,支持主动提示需手术回访信息。,正偏离/无偏离,平台已实现（详见对应功能模块）
2883,,,支持主动提示需职业暴露回访信息。,待复核,初评未匹配，须项目组逐条人工确认
2884,,,支持主动提示资质即将到期消毒物品。,正偏离/无偏离,平台已实现（详见对应功能模块）
2885,,,支持历史发送的消息内容记录功能。 **病人诊疗信息监控台模块：** 能够集成病人基本信息、侵袭性操作、医嘱、手术情况、微生物送检情况、检验结果、电子体温单、病程记录等信息，提供统一的查阅界面，并在软件任意有病人信息的地方均可直接调用，方便操作。,配套产品响应,属设备配套软件/商用知识库/CA 等产品参数，平台已留标准接入点
2886,,,支持以日历方式展示病人发热信息、发热天数。,正偏离/无偏离,平台已实现（详见对应功能模块）
2887,,,支持以日历方式展示病人三管(吸吸机、泌尿道插管、中心静脉置管)信息、使用天数。,正偏离/无偏离,平台已实现（详见对应功能模块）
2888,,,支持以日历方式展示病人侵袭性操作信息、天数。,正偏离/无偏离,平台已实现（详见对应功能模块）
2889,,,支持以日历方式展示病人血常规、尿常规送检信息、送检次数。,正偏离/无偏离,平台已实现（详见对应功能模块）
2890,,,支持以日历方式展示病人血常规、尿常规送检信息、送检次数。,正偏离/无偏离,平台已实现（详见对应功能模块）
2891,,,支持以日历方式展示病人病原体检出信息、检出例次数。,正偏离/无偏离,平台已实现（详见对应功能模块）
2892,,,支持以日历方式展示病人抗生素信息、使用天数。,正偏离/无偏离,平台已实现（详见对应功能模块）
2893,,,支持以日历方式展示病人白细胞、中性粒细胞、C反应蛋白检出信息，异常天数，并展示时序图。,正偏离/无偏离,平台已实现（详见对应功能模块）
2894,,,支持展示医嘱系统里详细的原始医嘱，自动筛选出抗生素医嘱并以红色标示。,正偏离/无偏离,平台已实现（详见对应功能模块）
2895,,,支持手术基本信息展示，并支持双击跳转到手术详细信息。,正偏离/无偏离,平台已实现（详见对应功能模块）
2896,,,支持展示微生物送检详细情况，包括送检标本、检出的病原体、药敏试验结果。,配套产品响应,属设备配套软件/商用知识库/CA 等产品参数，平台已留标准接入点
2897,,,支持展示检验详细信息，比如血常规、尿常规等检验项目的结果，异常结果以红色标示。,正偏离/无偏离,平台已实现（详见对应功能模块）
2898,,,支持展示病人详细的电子体温单。,正偏离/无偏离,平台已实现（详见对应功能模块）
2899,,,支持展示病人详细的病程记录，并支持病程关键字用特殊颜色标示，关键字可自定义，并可识别排除否定关键字，如无红肿。 **回顾性监测：** 接收医生上报卡，并处理（确认或排除）。生成院感病例监测相关报表。,正偏离/无偏离,平台已实现（详见对应功能模块）
2900,,,支持有新的上报卡时，能够实时提示。,正偏离/无偏离,平台已实现（详见对应功能模块）
2901,,,支持报卡关联病人信息，可一键查看体温单、医嘱、病程记录、检验信息、手术信息。,正偏离/无偏离,平台已实现（详见对应功能模块）
2902,,,支持确认后的感染病例可查询，修改。,待复核,初评未匹配，须项目组逐条人工确认
2903,,,支持一键处理（确认、排除）报卡。,正偏离/无偏离,平台已实现（详见对应功能模块）
2904,,,支持区分社区感染和医院感染。,正偏离/无偏离,平台已实现（详见对应功能模块）
2905,,,支持针对上报卡登记缺陷评语，促进医生持续改进。,正偏离/无偏离,平台已实现（详见对应功能模块）
2906,,,支持上报卡处理后，及时将交互干预信息反馈给医生。,正偏离/无偏离,平台已实现（详见对应功能模块）
2907,,,支持生成按科室统计感染率报表。,正偏离/无偏离,平台已实现（详见对应功能模块）
2908,,,支持生成医院感染构成比统计报表。,正偏离/无偏离,平台已实现（详见对应功能模块）
2909,,,支持生成医院感染病人明细统计报表。,正偏离/无偏离,平台已实现（详见对应功能模块）
2910,,,支持生成医院感染易感因素统计报表。,正偏离/无偏离,平台已实现（详见对应功能模块）
2911,,,支持生成医院感染同期对比。,正偏离/无偏离,平台已实现（详见对应功能模块）
2912,,,支持生成医院感染病人送检及阳性率统计报表。,正偏离/无偏离,平台已实现（详见对应功能模块）
2913,,,支持生成上报卡评语统计报表。,正偏离/无偏离,平台已实现（详见对应功能模块）
2914,,,支持医生每月能查看自己科室感染的病人报卡信息。,正偏离/无偏离,平台已实现（详见对应功能模块）
2915,,,支持处理记录追溯功能。,正偏离/无偏离,平台已实现（详见对应功能模块）
2916,,,支持查询指定时间段内的中心静脉置管相关血流感染。,待复核,初评未匹配，须项目组逐条人工确认
2917,,,支持查询指定时间段内的静脉置管的病人。 **目标性监测模块：** 支持前瞻性监测，目标性监测内容包含外科手术监测、ICU\\高危新生儿监测、多重耐药等监测。,正偏离/无偏离,平台已实现（详见对应功能模块）
2918,,,能根据医院信息化情况，适应性的通过接口采集数据。,正偏离/无偏离,平台已实现（详见对应功能模块）
2919,,,对于医院现有系统不支持的监测内容，能够通过手工补充内容。,待复核,初评未匹配，须项目组逐条人工确认
2920,,,支持前瞻性监测，能对感染过程进行追踪、监测。,待复核,初评未匹配，须项目组逐条人工确认
2921,,,支持自动分析VAC，IVAC方便管理员老师每日查询。 **外科手术监测模块：** 自动采集全院所有的外科手术病历进行目标性监测，并提供手术信息完善以及术后回访功能。生成手术相关统计报表。,正偏离/无偏离,平台已实现（详见对应功能模块）
2922,,,支持自动获取所有外科手术记录；包括手术名称、切口等级、愈合情况、手术时间、麻醉方法、ASA评分等信息。,正偏离/无偏离,平台已实现（详见对应功能模块）
2923,,,支持手术部位感染监测表，展示手术信息，也可完善不完整的手术信息。,正偏离/无偏离,平台已实现（详见对应功能模块）
2924,,,支持目标性手术监测设置，医院可自定义目标手术，系统自动筛选。,正偏离/无偏离,平台已实现（详见对应功能模块）
2925,,,支持除目标性监测专用报表外所有报表均可按全院性手术和目标性手术监测分别统计。,正偏离/无偏离,平台已实现（详见对应功能模块）
2926,,,支持按科室、NNIS分级统计外科手术感染率、感染例次率。,正偏离/无偏离,平台已实现（详见对应功能模块）
2927,,,支持按科室、医生统计手术部位感染例次率、调整手术感染部位感染例次率、围术期抗菌药物使用例次率、使用感染例次率、未用抗菌药物感染例次率、择期手术感染例次率、急诊手术感染例次率。,正偏离/无偏离,平台已实现（详见对应功能模块）
2928,,,支持按手术、医生、科室、I类、II类、III类、IV类不同切口等级统计感染例次率。,正偏离/无偏离,平台已实现（详见对应功能模块）
2929,,,支持按手术、医生、科室统计表浅切口、深部切口、器官腔隙感染人数。,正偏离/无偏离,平台已实现（详见对应功能模块）
2930,,,支持按手术统计手术患者其他部位感染例次率。,正偏离/无偏离,平台已实现（详见对应功能模块）
2931,,,支持按科室、手术统计使用抗菌药物构成比、术后平均使用天数。,正偏离/无偏离,平台已实现（详见对应功能模块）
2932,,,支持按科室、手术统计手术患者医院感染例次率，表浅切口、深部切口、器官腔隙感染例次率。,正偏离/无偏离,平台已实现（详见对应功能模块）
2933,,,支持按科室、手术、医生统计主刀医生手术部位感染专率，危险指数等级医生手术部位感染专率，平均危险指数等级，医生调整手术部位感染专率，不同手术方式人数。,正偏离/无偏离,平台已实现（详见对应功能模块）
2934,,,支持按科室、手术、医生统计预防性使用抗生素例次数，术前大于2h用药数，围术期用药例次数，术中用药数，不超过24h用药例次数，术后用药数，未用抗生素数。,正偏离/无偏离,平台已实现（详见对应功能模块）
2935,,,支持按科室、切口统计预防性使用抗生素例次数，术前0.5-2h抗生素使用率，不超过24h抗生素使用率，抗生素平均使用天数，手术切口感染例次数。,正偏离/无偏离,平台已实现（详见对应功能模块）
2936,,,支持I类切口丙级愈合率统计。 **ICU监测模块：** 针对重症监护室病人的目标性监测，着重监测三管（中心静脉置管、呼吸机、泌尿道插管）使用及相关感染。并提供相应统计报表。,正偏离/无偏离,平台已实现（详见对应功能模块）
2937,,,支持生成ICU日志，包含三管人数、持续床旁血透人数。,正偏离/无偏离,平台已实现（详见对应功能模块）
2938,,,支持生成符合省院感质控中心个案格式。,正偏离/无偏离,平台已实现（详见对应功能模块）
2939,,,支持临床病情等级评分表录入。,正偏离/无偏离,平台已实现（详见对应功能模块）
2940,,,支持呼吸机相关肺炎、血管内导管相关血流感染、导尿管相关泌尿系统感染、血液透析相关血流感染监测。,待复核,初评未匹配，须项目组逐条人工确认
2941,,,支持社区感染和医院感染。,正偏离/无偏离,平台已实现（详见对应功能模块）
2942,,,支持ICU感染监测指标分析报告，统计三管（中心静脉置管、呼吸机、泌尿道插管）使用率及相关感染率，统计患者日感染发病率、调整日感染发病率，统计多重耐药菌检出数量，各项指标支持与去年同期相比；并有文字描述总体情况。,正偏离/无偏离,平台已实现（详见对应功能模块）
2943,,,支持统计ICU按年月统计三管（中心静脉置管、呼吸机、泌尿道插管）使用情况。统计三管（中心静脉置管、呼吸机、泌尿道插管）使用率及相关感染率，统计患者日感染发病率、调整日感染发病率。,正偏离/无偏离,平台已实现（详见对应功能模块）
2944,,,支持ICU侵入性操作日报。 **高危新生儿监测模块：** 针对高危新生儿的监测，着重监测新生儿两管（脐/中心静脉置管、呼吸机）使用及相关感染。并提供相应统计报表。,正偏离/无偏离,平台已实现（详见对应功能模块）
2945,,,支持生成高危新生儿日志，针对新生儿特殊性，数据均以体重分类。,待复核,初评未匹配，须项目组逐条人工确认
2946,,,支持统计两管（脐/中心静脉置管、呼吸机）使用率及相关感染率，统计患者日感染发病率、调整日感染发病率。,正偏离/无偏离,平台已实现（详见对应功能模块）
2947,,,支持按年月、体重统计高危新生儿两管（脐/中心静脉置管、呼吸机）使用及相关感染率。 **多重耐药监测模块：** 智能筛选出多重耐药病人，并提供相关统计报表。,正偏离/无偏离,平台已实现（详见对应功能模块）
2948,,,支持不依赖于LIS接口生成卫计委《[医院感染管理质量控制指标(2024年版](http://www.baidu.com/link?url=tYmv6hajaTZAcKBeumvkCXP8J9YipWJFK3HClbbOyyl8QY7S47PRcZ_TVYCyJOonI3Dtc9rhLwvTr6gybp8mQJnOU6_VYChn504JrjP4h_S)》（CRE、MRSA、VRE、CRABA、CR,配套产品响应,属设备配套软件/商用知识库/CA 等产品参数，平台已留标准接入点
2949,,,支持生成MDR、XDR、PDR各种耐药类型。,待复核,初评未匹配，须项目组逐条人工确认
2950,,,支持ESBL+监测。,待复核,初评未匹配，须项目组逐条人工确认
2951,,,支持区分社区感染和医院感染。,正偏离/无偏离,平台已实现（详见对应功能模块）
2952,,,支持提供按类别统计耐药率统计报表。,正偏离/无偏离,平台已实现（详见对应功能模块）
2953,,,支持提供多重耐药病人督导表。,待复核,初评未匹配，须项目组逐条人工确认
2954,,,多耐病人列表处可一站查看病人诊断、检验、影像、电子病例等详情信息。,正偏离/无偏离,平台已实现（详见对应功能模块）
2955,,,支持提供多重耐药菌疑似院感漏报查询功能。,正偏离/无偏离,平台已实现（详见对应功能模块）
2956,,,支持提供医生上报多重耐药报告卡的功能。,正偏离/无偏离,平台已实现（详见对应功能模块）
2957,,,支持医生在上报多重耐药报告卡时可选择检出状态非重复检出、重复检出等检出状态查询条件。,正偏离/无偏离,平台已实现（详见对应功能模块）
2958,,,支持医生报告时多重耐药患者标本结果前、后的抗菌药物使用情况支持手动添加与从医嘱添加两种数据填充模式。,正偏离/无偏离,平台已实现（详见对应功能模块）
2959,,,支持医生报告时如果属于医院感染时，系统可提供手动添加与从报卡添加两种数据填充模式。,正偏离/无偏离,平台已实现（详见对应功能模块）
2960,,,支持自动根据感染日期自动计算出本次感染发生于入院后第几天出现的感染。,正偏离/无偏离,平台已实现（详见对应功能模块）
2961,,,支持可打印空白的多重耐药报告卡模版。 **微生物监测模块：** 通过接口导入的病人送检信息及培养试验结果，系统自动分析病原体耐药情况，并提供相关统计报表。,配套产品响应,属设备配套软件/商用知识库/CA 等产品参数，平台已留标准接入点
2962,,,支持细菌耐药查询，可根据指定病原体查询，并支持导出EXCEL。,正偏离/无偏离,平台已实现（详见对应功能模块）
2963,,,支持按革兰氏阴性菌(G-)、革兰氏阳性菌(G+)分类统计。,正偏离/无偏离,平台已实现（详见对应功能模块）
2964,,,支持区分社区感染和医院感染。,正偏离/无偏离,平台已实现（详见对应功能模块）
2965,,,支持自定义病原体类别以及分类统计报表。 **抗菌药物监测模块：** 能够自动采集全部住院病人在院期间所有使用的抗生素，自动提供相关报表报表。,正偏离/无偏离,平台已实现（详见对应功能模块）
2966,,,支持通过医院提供的抗生素字典表，可筛选出病人所有抗生素医嘱（在医嘱展示界面以红色显示）。,正偏离/无偏离,平台已实现（详见对应功能模块）
2967,,,支持将抗生素以及持续使用抗生素作为智能预警的条件。,待复核,初评未匹配，须项目组逐条人工确认
2968,,,支持统计出抗菌药物联合用药使用率、联合用药构成比。,正偏离/无偏离,平台已实现（详见对应功能模块）
2969,,,支持按科室、医生统计抗生素用量排行；可指定抗生素品种统计。,正偏离/无偏离,平台已实现（详见对应功能模块）
2970,,,支持统计全院抗生素品种用量排行。,正偏离/无偏离,平台已实现（详见对应功能模块）
2971,,,支持统计抗生素用量及费用情况。,正偏离/无偏离,平台已实现（详见对应功能模块）
2972,,,支持统计抗菌药物使用强度（DDD值）。,正偏离/无偏离,平台已实现（详见对应功能模块）
2973,,,支持用药目的(治疗、预防、治疗+预防)统计使用抗生素的病人送检率，阳性率统计，并可区分非限制级、特殊级、限制级三种级别。,正偏离/无偏离,平台已实现（详见对应功能模块）
2974,,,支持按抗生素用药目的(治疗、预防、治疗+预防)用药率统计报表。,正偏离/无偏离,平台已实现（详见对应功能模块）
2975,,,支持统计出Ⅰ类切口手术使用抗菌药物比例；术前0.5h-2h用药比例。,正偏离/无偏离,平台已实现（详见对应功能模块）
2976,,,支持统计手术使用抗菌药物天数。,正偏离/无偏离,平台已实现（详见对应功能模块）
2977,,,支持抗菌药物治疗前病原学送检上报国家哨点医院平台系统。 **针刺伤与职业暴露模块：** 针对医务人员针刺伤及血液体液暴露情况的监测，及时给予相应处理的提示，并支持跟踪回访。,正偏离/无偏离,平台已实现（详见对应功能模块）
2978,,,调查表内容包括暴露情况、暴露源严重程度、评估、暴露后处理情况、暴露预防用药、临床观察、暴露后血清学检查以及结论。,正偏离/无偏离,平台已实现（详见对应功能模块）
2979,,,支持为每个登记人员打印空白调查表。,正偏离/无偏离,平台已实现（详见对应功能模块）
2980,,,支持医生端打印血清学检查单。,正偏离/无偏离,平台已实现（详见对应功能模块）
2981,,,支持管理员对职业暴露检验申请单进行批准审核的功能。,正偏离/无偏离,平台已实现（详见对应功能模块）
2982,,,支持管理员对职业暴露检验情况进行跟踪查询的功能。,正偏离/无偏离,平台已实现（详见对应功能模块）
2983,,,支持向管理员展示被暴露人员正在进行的第几次检查的功能。,正偏离/无偏离,平台已实现（详见对应功能模块）
2984,,,支持在职业暴露检验申请审核界面可直接调阅到被暴露详情情况的功能。,正偏离/无偏离,平台已实现（详见对应功能模块）
2985,,,支持将职业暴露检验申请单查询数据导出的功能。,正偏离/无偏离,平台已实现（详见对应功能模块）
2986,,,支持后续回访、检查治疗提示，回访记录登记。,正偏离/无偏离,平台已实现（详见对应功能模块）
2987,,,支持按科室统计针刺伤情况，并计算各科室构成比。,正偏离/无偏离,平台已实现（详见对应功能模块）
2988,,,支持按工别、工龄、性别分别统计，并计算构成比。,正偏离/无偏离,平台已实现（详见对应功能模块）
2989,,,支持按关联操作进行统计，并计算各种操作的构成比，指导重点防护措施。,正偏离/无偏离,平台已实现（详见对应功能模块）
2990,,,支持暴露源例数、预防用药例数、构成比的统计。,正偏离/无偏离,平台已实现（详见对应功能模块）
2991,,,支持对锐器伤暴露物品种类进行统计。,正偏离/无偏离,平台已实现（详见对应功能模块）
2992,,,支持对暴露原因排名进行统计。 **环境卫生学监测：** 消毒卫生学监测、一次性物品监测、污水监测、消毒灭菌效果的监测结果录入及统计。,正偏离/无偏离,平台已实现（详见对应功能模块）
2993,,,支持环境卫生学检测表录入（物表、空气、使用中的消毒剂、医务人员的手、无菌物品、接触皮肤黏膜物品、内镜（消毒级）、血透（反渗水 内毒素））采样数量、合格数量的录入，并统计相关合格率。,正偏离/无偏离,平台已实现（详见对应功能模块）
2994,,,支持医院消毒产品信息登记。,正偏离/无偏离,平台已实现（详见对应功能模块）
2995,,,支持生成医院监测合格率报表。,正偏离/无偏离,平台已实现（详见对应功能模块）
2996,,,支持生成科室监测合格率报表。,正偏离/无偏离,平台已实现（详见对应功能模块）
2997,,,支持生成主要监测项目细菌检出情况报表。,正偏离/无偏离,平台已实现（详见对应功能模块）
2998,,,支持查询消毒产品资质效期。,正偏离/无偏离,平台已实现（详见对应功能模块）
2999,,,支持环境卫生监测结果能按科室导出数据。,正偏离/无偏离,平台已实现（详见对应功能模块）
3000,,,支持环境卫生监测结果能按监测项目导出数据。,正偏离/无偏离,平台已实现（详见对应功能模块）
3001,,,支持消毒物品资质登记表导出。 **手卫生依从性监测模块：** 手生卫依从性及正确性监测结果录入及统计。,正偏离/无偏离,平台已实现（详见对应功能模块）
3002,,,支持手卫生依从性监测录入。,待复核,初评未匹配，须项目组逐条人工确认
3003,,,支持手卫生正确性监测录入。,待复核,初评未匹配，须项目组逐条人工确认
3004,,,支持移动端手机及平板APP录入。,正偏离/无偏离,平台已实现（详见对应功能模块）
3005,,,移动端支持在一个界面同时观测多人录入。,正偏离/无偏离,平台已实现（详见对应功能模块）
3006,,,移动端支持离线（不联网）录入。,正偏离/无偏离,平台已实现（详见对应功能模块）
3007,,,移动端结果支持导入到电脑端。,正偏离/无偏离,平台已实现（详见对应功能模块）
3008,,,支持统计卫生依从率及正确率。,正偏离/无偏离,平台已实现（详见对应功能模块）
3009,,,支持统计手消用品领用情况。,正偏离/无偏离,平台已实现（详见对应功能模块）
3010,,,支持对比手消用品领用情况。,待复核,初评未匹配，须项目组逐条人工确认
3011,,,支持消毒物品床日消耗量的统计。,正偏离/无偏离,平台已实现（详见对应功能模块）
3012,,,支持按观察者统计出手卫生依从率。,正偏离/无偏离,平台已实现（详见对应功能模块）
3013,,,支持按科室统计各指征依从率，并进行分析。 **现患率监测模块：** 医院现患率调查，并统计相关报表。,正偏离/无偏离,平台已实现（详见对应功能模块）
3014,,,支持自动生成现患率调查表。,待复核,初评未匹配，须项目组逐条人工确认
3015,,,支持横断面调查方法执行登记表。,待复核,初评未匹配，须项目组逐条人工确认
3016,,,支持医院感染横断面调查个案登记表。,正偏离/无偏离,平台已实现（详见对应功能模块）
3017,,,支持医院感染横断面调查床旁调查表。,正偏离/无偏离,平台已实现（详见对应功能模块）
3018,,,支持医院感染和社区感染。,正偏离/无偏离,平台已实现（详见对应功能模块）
3019,,,支持生成全院患病率、感染率统计表。,正偏离/无偏离,平台已实现（详见对应功能模块）
3020,,,支持统计科室现患率。,正偏离/无偏离,平台已实现（详见对应功能模块）
3021,,,支持生成感染部位构成比统计表。,正偏离/无偏离,平台已实现（详见对应功能模块）
3022,,,支持按感染因素统计现患率。,正偏离/无偏离,平台已实现（详见对应功能模块）
3023,,,支持病原体构成比。,正偏离/无偏离,平台已实现（详见对应功能模块）
3024,,,支持抗菌药物按用药目的、联用情况统计用药占有率，微生物送检情况。,配套产品响应,属设备配套软件/商用知识库/CA 等产品参数，平台已留标准接入点
3025,,,支持按不同手术切口统计感染人数。,正偏离/无偏离,平台已实现（详见对应功能模块）
3026,,,支持按病原体统计药敏测试率、耐药率。,正偏离/无偏离,平台已实现（详见对应功能模块）
3027,,,支持数据直报到省院感质控中心。,正偏离/无偏离,平台已实现（详见对应功能模块）
3028,,,支持一键检查调查病人信息是否正常。 **院内交互平台模块：** 建立院感专职人员与临床的在线实时的交互平台。,正偏离/无偏离,平台已实现（详见对应功能模块）
3029,,,支持相关干预措施及时反馈至医生工作站或临床科室人员。,正偏离/无偏离,平台已实现（详见对应功能模块）
3030,,,"支持将干预措施直接推送，可将有针对性的病例诊断建议,感染防控要点或SOP等内容及时推送给临床医生进行干预的功能。",正偏离/无偏离,平台已实现（详见对应功能模块）
3031,,,支持医生上报后，及时发送消息到院感专职人员处。,正偏离/无偏离,平台已实现（详见对应功能模块）
3032,,,支持报卡处理后，及时反馈信息给上报医生。,正偏离/无偏离,平台已实现（详见对应功能模块）
3033,,,支持院感报卡、职业暴露报卡等各种报卡成功后，实时提醒院感专职人员。,正偏离/无偏离,平台已实现（详见对应功能模块）
3034,,,支持法律法规、操作规范等学习内容发布。,待复核,初评未匹配，须项目组逐条人工确认
3035,,,统计的数据支持数据钻取功能，用于查询数据来源。 **工作量分析模块**,正偏离/无偏离,平台已实现（详见对应功能模块）
3036,,,支持时间段统计出预警处理工作量明细。,正偏离/无偏离,平台已实现（详见对应功能模块）
3037,,,支持按医生汇总统计出确认、排除、未处理数量。,正偏离/无偏离,平台已实现（详见对应功能模块）
3038,,,支持按院感科人员汇总统计出确认、排除、未处理数量。 **区域数据直报模块：** 将医院数据直报省院感质控中心。,外部条件,需医保局/省平台等外部环境开通后联调
3039,,,支持上报医院感染率。,正偏离/无偏离,平台已实现（详见对应功能模块）
3040,,,支持上报ICU个案。,正偏离/无偏离,平台已实现（详见对应功能模块）
3041,,,支持上报医院现患率调结果。,正偏离/无偏离,平台已实现（详见对应功能模块）
3042,,,支持支持将现患率调查情况数据上报至四川省现患率平台，不用人工逐一录入患者调查个案表到平台。 **医院等级评审模块：** 统计医院等级评审及各项检查需要的统计质控指标（2024版医院感染管理12项指标）。,正偏离/无偏离,平台已实现（详见对应功能模块）
3043,,,支持一站式统计报表。,正偏离/无偏离,平台已实现（详见对应功能模块）
3044,,,支持每一指标均有备注说明。,正偏离/无偏离,平台已实现（详见对应功能模块）
3045,,,支持生成千日医院感染发病（例次）率。,正偏离/无偏离,平台已实现（详见对应功能模块）
3046,,,支持生成医院感染现患（例次）率。,正偏离/无偏离,平台已实现（详见对应功能模块）
3047,,,支持生成医院感染病例漏报率。,正偏离/无偏离,平台已实现（详见对应功能模块）
3048,,,支持生成多重耐药菌感染发现率。,待复核,初评未匹配，须项目组逐条人工确认
3049,,,支持生成多重耐药菌感染检出率。,待复核,初评未匹配，须项目组逐条人工确认
3050,,,支持生成千日特定多重耐药菌医院感染例次发病率统计。,正偏离/无偏离,平台已实现（详见对应功能模块）
3051,,,支持生成医务人员手卫生依从率。,待复核,初评未匹配，须项目组逐条人工确认
3052,,,支持生成住院患者抗菌药物使用率。,正偏离/无偏离,平台已实现（详见对应功能模块）
3053,,,支持生成抗菌药物治疗前病原学送检率。,正偏离/无偏离,平台已实现（详见对应功能模块）
3054,,,支持生成住院患者联合使用重点抗菌药物治疗前病原学送检率。,正偏离/无偏离,平台已实现（详见对应功能模块）
3055,,,支持生成住院患者I类切口手术部位感染率。,正偏离/无偏离,平台已实现（详见对应功能模块）
3056,,,支持生成住院患者I类切口手术抗菌药物预防使用率。,正偏离/无偏离,平台已实现（详见对应功能模块）
3057,,,支持生成血管内导管相关血流感染发病率。,待复核,初评未匹配，须项目组逐条人工确认
3058,,,支持生成呼吸机相关肺炎发病千分率。,待复核,初评未匹配，须项目组逐条人工确认
3059,,,支持生成导尿管相关泌尿系统感染发病千分率。,待复核,初评未匹配，须项目组逐条人工确认
3060,,,支持生成血液透析相关血流感染发病率。,待复核,初评未匹配，须项目组逐条人工确认
3061,,,支持生成手术部位感染发病率。,正偏离/无偏离,平台已实现（详见对应功能模块）
3062,,,支持生成择期手术患者医院感染率。,正偏离/无偏离,平台已实现（详见对应功能模块）
3063,,,支持生成手术相关感染发病率。,正偏离/无偏离,平台已实现（详见对应功能模块）
3064,,,支持生成新生儿患者千日医院感染例次发病率。,正偏离/无偏离,平台已实现（详见对应功能模块）
3065,,,支持生成金黄色葡萄球菌、大肠埃希菌等病原体导致医院感染发病率。,正偏离/无偏离,平台已实现（详见对应功能模块）
3066,,,支持生成金黄色葡萄球菌、大肠埃希菌等病原体导致医院感染发病例次率。,正偏离/无偏离,平台已实现（详见对应功能模块）
3067,,,支持千日医院感染率统计。,正偏离/无偏离,平台已实现（详见对应功能模块）
3068,,,支持I类切口手术术后24小时内抗菌药物停药率统计。,正偏离/无偏离,平台已实现（详见对应功能模块）
3069,,,支持I类切口手术抗菌药物预防使用术前0.5-2小时给药率统计。 **风险评估模块：** 能够进行重点科室、重点环境、重点因素风险评估，找出医院感染控制薄弱环节。,正偏离/无偏离,平台已实现（详见对应功能模块）
3070,,,支持医院风险因素评估。,待复核,初评未匹配，须项目组逐条人工确认
3071,,,生成风险评估中的高风险因素。,待复核,初评未匹配，须项目组逐条人工确认
3072,,,支持重点科室、重点环节、重点因素风险评估调查。,正偏离/无偏离,平台已实现（详见对应功能模块）
3073,,,支持模版自定义。,待复核,初评未匹配，须项目组逐条人工确认
3074,,,支持自动根据评估值计算最终风险因素值。 **知识学习功能模块：** 能够发布医院感染相关法律法规、培训资料用于临床医生学习，提高临床科室的感染控制规范。,正偏离/无偏离,平台已实现（详见对应功能模块）
3075,,,支持发送通知通过到临床医生端。,待复核,初评未匹配，须项目组逐条人工确认
3076,,,支持上传和下载医院感染相关管理要求的文档、PPT、培训视频。,正偏离/无偏离,平台已实现（详见对应功能模块）
3077,,,支持上传资料后提醒医生进行阅读。 **PDCA持续改进功能模块：** 能够方便进行对医院感染相关问题进行PDCA持续改进操作。,正偏离/无偏离,平台已实现（详见对应功能模块）
3078,,,支持发送SOP消息到医生端。,正偏离/无偏离,平台已实现（详见对应功能模块）
3079,,,系统包含医院感染相关的全套标准SOP模版。,正偏离/无偏离,平台已实现（详见对应功能模块）
3080,,,支持医生端未读消息提醒。,正偏离/无偏离,平台已实现（详见对应功能模块）
3081,,,支持发消息到指定医生或是指定科室。,正偏离/无偏离,平台已实现（详见对应功能模块）
3082,,,支持SOP消息自定义。,正偏离/无偏离,平台已实现（详见对应功能模块）
3083,,,支持消息阅读跟踪。 **数据接口服务模块：** 能够实现与医院现有系统的数据对接，完成HIS、LIS、CIS、病案、手术麻醉等系统的数据加载，并自动完成各项院感数据匹配工作。,正偏离/无偏离,平台已实现（详见对应功能模块）
3084,,,支持所有接口均为单向传输接口，只读不写，不影响医院现有系统运行。,正偏离/无偏离,平台已实现（详见对应功能模块）
3085,,,支持有独立的部署程序和服务。,待复核,初评未匹配，须项目组逐条人工确认
3086,,,支持批量导入。,待复核,初评未匹配，须项目组逐条人工确认
3087,,,支持定时自动执行也支持手工运行。,待复核,初评未匹配，须项目组逐条人工确认
3088,,,支持分步执行，也支持选择性地执行部分或全部接口。,正偏离/无偏离,平台已实现（详见对应功能模块）
3089,,,支持数据提取有详细日志，出错记录提示等。,待复核,初评未匹配，须项目组逐条人工确认
3090,,,支持多种数据库，如ORACLE、SQL SERVER、DB2、CACHE、等主流数据库。,待复核,初评未匹配，须项目组逐条人工确认
3091,,,支持数据提取支持多种系统来源。,待复核,初评未匹配，须项目组逐条人工确认
3092,,,支持手术信息支持手麻、病案、手术排班等来源。,正偏离/无偏离,平台已实现（详见对应功能模块）
3093,,,支持住院病人基本资料。,正偏离/无偏离,平台已实现（详见对应功能模块）
3094,,,支持患者出入院信息，包括出入院日期、科室、床位等信息；,正偏离/无偏离,平台已实现（详见对应功能模块）
3095,,,支持病房工作日志。,待复核,初评未匹配，须项目组逐条人工确认
3096,,,支持病人转科信息。,正偏离/无偏离,平台已实现（详见对应功能模块）
3097,,,支持病人电子体温单信息。,正偏离/无偏离,平台已实现（详见对应功能模块）
3098,,,支持重症病人监护信息。,正偏离/无偏离,平台已实现（详见对应功能模块）
3099,,,支持病人手术申请、安排及详细的手术情况。,正偏离/无偏离,平台已实现（详见对应功能模块）
3100,,,支持病人医嘱信息，包括检验检查项目、用药情况等。,正偏离/无偏离,平台已实现（详见对应功能模块）
3101,,,支持病人检验信息，包括常规检验、微生物检验等。,配套产品响应,属设备配套软件/商用知识库/CA 等产品参数，平台已留标准接入点
3102,,,支持病人病程记录。,待复核,初评未匹配，须项目组逐条人工确认
3103,,,支持病人抗菌药物使用情况。,正偏离/无偏离,平台已实现（详见对应功能模块）
3104,,,支持医院人员、抗生素、手术、病原体、介入操作等字典表。 **嵌入式报卡模块：** 能够提供嵌入式调用模块给HIS系统厂商进行院感相关功能的调用，实现与HIS、电子病历系统的无缝对接。,正偏离/无偏离,平台已实现（详见对应功能模块）
3105,,,支持多种开发语言，有DELPHI、PB、C#、JAVA、PHP等常用开发语言的实例，调用简单。,待复核,初评未匹配，须项目组逐条人工确认
3106,,,支持C/S、B/S架构；调用方式灵活。,待复核,初评未匹配，须项目组逐条人工确认
3107,,,支持院感报卡、职业暴露报卡。,正偏离/无偏离,平台已实现（详见对应功能模块）
3108,,,支持医院感染报告卡，实现临床医生在医生工作站中直接向院感科报告疑似病历。,正偏离/无偏离,平台已实现（详见对应功能模块）
3109,,,支持自动提取病人住院信息（床位、诊断、病人基本信息、医生信息等）。,正偏离/无偏离,平台已实现（详见对应功能模块）
3110,,,支持自动提取微生物培养信息（包括送检信息、病原体检出情况、药敏试验情况等）。,配套产品响应,属设备配套软件/商用知识库/CA 等产品参数，平台已留标准接入点
3111,,,支持医生仅需用鼠标点选各项内容（如感染诊断、切口等级、易感因素等），操作方便快捷。,正偏离/无偏离,平台已实现（详见对应功能模块）
3112,,,支持自动提示院感科报告情况。,正偏离/无偏离,平台已实现（详见对应功能模块）
3113,,,支持院感科处理报卡后，及时反馈处理信息给医生。 **独立报卡模块：** 对于不能修改医生工作站调用嵌入式模块的医院，可以提供独立的报卡程序或报卡网页给临床医生使用。功能同嵌入式报卡模块。,正偏离/无偏离,平台已实现（详见对应功能模块）
3114,,,支持独立运行，有无医生工作站均可。,待复核,初评未匹配，须项目组逐条人工确认
3115,,,支持部署简单、高效，无需HIS、电子病历厂商修改代码。,正偏离/无偏离,平台已实现（详见对应功能模块）
3116,,,支持提供C/S、B/S两种架构的解决方案。,待复核,初评未匹配，须项目组逐条人工确认
3117,,,支持院感报卡、职业暴露报卡。,正偏离/无偏离,平台已实现（详见对应功能模块）
3118,,,支持查看病人预警情况，及时处理反馈给院感科。,正偏离/无偏离,平台已实现（详见对应功能模块）
3119,,,支持查询历史报卡情况。,正偏离/无偏离,平台已实现（详见对应功能模块）
3120,★,,支持查询病区感染发生情况。 +-------------------------------+---------------------------------------------------------------------------------------------------------------------------------------------------------,待复核,初评未匹配，须项目组逐条人工确认
3121,,,系统需具备报卡记录全流程管理功能，支持多种报卡类型的全覆盖管理，确保报卡业务闭环。 +-----------------------------------------------------------------------------------------------------------------------------------------+,正偏离/无偏离,平台已实现（详见对应功能模块）
3122,,,支持报卡名称、报卡状态、日期、科室、姓名、住院号/门诊号、身份证号码及病种搜索上报卡等多种筛选条件进行精准检索，提升报卡查询效率。 +-------------------------------------------------------------------------------------------------------------------------------------,正偏离/无偏离,平台已实现（详见对应功能模块）
3123,,,支持对报卡进行修改、审核、作废、删除等操作，满足报卡全生命周期管理需求，操作过程可追溯。 +-----------------------------------------------------------------------------------------------------------------------------------------+,正偏离/无偏离,平台已实现（详见对应功能模块）
3124,,,支持将报卡记录导出，导出格式需符合相关业务规范，便于数据归档、统计分析及后续使用。 +-----------------------------------------------------------------------------------------------------------------------------------------+ （2） 住院病人 +--------,正偏离/无偏离,平台已实现（详见对应功能模块）
3125,,,系统需具备住院病人列表展示及详情查看功能，便于医生实时掌握患者各项基本情况，为报卡内容的精准判断提供数据支撑。 +-----------------------------------------------------------------------------------------------------------------------------------------+,正偏离/无偏离,平台已实现（详见对应功能模块）
3126,,,支持按科室、主治医生、患者信息等多维度条件进行检索，快速定位目标患者。 +-----------------------------------------------------------------------------------------------------------------------------------------+,正偏离/无偏离,平台已实现（详见对应功能模块）
3127,,,支持查看患者详细信息，包括但不限于诊断、医嘱信息、体温记录、检查、检验结果、电子病历、手术相关信息等，实现患者信息一站式查看。 +---------------------------------------------------------------------------------------------------------------------------------------,正偏离/无偏离,平台已实现（详见对应功能模块）
3128,,,系统需具备漏报监控功能，当填卡医生完成诊断后未及时填写报卡信息时，系统自动生成对应监控记录，实现漏报情况实时预警。 +-----------------------------------------------------------------------------------------------------------------------------------------+,正偏离/无偏离,平台已实现（详见对应功能模块）
3129,,,支持区分超时未填、未填两种漏报状态，根据系统预设的填报时间限制，精准展示各类漏报记录。 +-----------------------------------------------------------------------------------------------------------------------------------------+,正偏离/无偏离,平台已实现（详见对应功能模块）
3130,,,支持在漏报列表页面直接完成报卡信息的填写操作，简化补报流程，降低漏报率。 +-----------------------------------------------------------------------------------------------------------------------------------------+ 报卡页面维护 +---------------,正偏离/无偏离,平台已实现（详见对应功能模块）
3131,,,系统需具备报卡模型管理功能，支持报卡模型的新增、编辑、删除操作，满足不同业务场景下的报卡需求。 +-----------------------------------------------------------------------------------------------------------------------------------------+,正偏离/无偏离,平台已实现（详见对应功能模块）
3132,,,支持对报卡模型中的具体项目进行详细设定，包括但不限于项目操作模式、编辑模式、项目值域范围等，确保报卡填写规范。 +-----------------------------------------------------------------------------------------------------------------------------------------+ （2） ,正偏离/无偏离,平台已实现（详见对应功能模块）
3133,,,支持对报卡模型中的项目进行指标关联配置，明确项目值域内容的数据源，保障数据填写的准确性和一致性。 +-----------------------------------------------------------------------------------------------------------------------------------------+,正偏离/无偏离,平台已实现（详见对应功能模块）
3134,,,支持根据项目的不同类型，自动匹配并设置对应的值域方式，减少人工配置工作量，提升配置效率。 +-----------------------------------------------------------------------------------------------------------------------------------------+ （3） 项目引用设定 +---,待复核,初评未匹配，须项目组逐条人工确认
3135,,,具备项目引用值设定功能，支持对报卡项目引用数据进行配置和管理。 +-----------------------------------------------------------------------------------------------------------------------------------------+,正偏离/无偏离,平台已实现（详见对应功能模块）
3136,,,具备公共数据元设定功能，规范公共数据元的定义和使用，保障数据标准化。 +-----------------------------------------------------------------------------------------------------------------------------------------+,正偏离/无偏离,平台已实现（详见对应功能模块）
3137,,,具备系统数据元设定功能，支持对系统内部数据元进行维护，满足系统数据管理需求。 +-----------------------------------------------------------------------------------------------------------------------------------------+ （4） 公共卫生事件设定 +-------,正偏离/无偏离,平台已实现（详见对应功能模块）
3138,,,具备公共卫生事件类别维护功能，支持对各类公共卫生事件类别进行新增、编辑、删除，确保事件分类规范。 +-----------------------------------------------------------------------------------------------------------------------------------------+ （5） 报卡科室授权维,正偏离/无偏离,平台已实现（详见对应功能模块）
3139,,,2885\. 具备报卡类型与科室的授权关联功能，可将不同类型的报卡授权给对应科室，实现报卡管理的权责划分。 +-----------------------------------------------------------------------------------------------------------------------------------------+ （6） 诊断,正偏离/无偏离,平台已实现（详见对应功能模块）
3140,,,具备诊断与报卡模型的关联配置功能，可针对不同的疾病诊断，预设对应的报卡模型，确保报卡填写的针对性和规范性。 +-----------------------------------------------------------------------------------------------------------------------------------------+ （7） 检验,正偏离/无偏离,平台已实现（详见对应功能模块）
3141,,,具备检验项目及检验结果与报卡模型的关联配置功能，可针对不同的检验项及对应结果，预设需要填报的报卡模型。 +-----------------------------------------------------------------------------------------------------------------------------------------+ （8） 传染病报,正偏离/无偏离,平台已实现（详见对应功能模块）
3142,,,具备传染病报卡省平台接口日志管理功能，支持日志的查询、重报、修订、删除操作，确保接口数据交互可追溯。 +-----------------------------------------------------------------------------------------------------------------------------------------+ （9） 国家地区编,外部条件,需医保局/省平台等外部环境开通后联调
3143,,,具备乡镇级国家地区编码表查询功能，支持快速查询乡镇级别的国家地区编码，保障报卡中地区信息的准确性。 +-----------------------------------------------------------------------------------------------------------------------------------------+ 系统权限 +----,正偏离/无偏离,平台已实现（详见对应功能模块）
3144,,,具备用户菜单功能权限维护功能，可根据用户角色分配对应的菜单操作权限，实现不同权限用户展示不同的菜单功能，保障系统操作安全。 +-----------------------------------------------------------------------------------------------------------------------------------------,正偏离/无偏离,平台已实现（详见对应功能模块）
3145,,,具备保健科医生授权管理功能，当用户被授权为保健科医生后，在报卡管理及报卡填写页面可获得更高操作权限，满足保健科业务管理需求。 +----------------------------------------------------------------------------------------------------------------------------------------,正偏离/无偏离,平台已实现（详见对应功能模块）
3146,,,食源性疾病监测上报。 +-----------------------------------------------------------------------------------------------------------------------------------------+,正偏离/无偏离,平台已实现（详见对应功能模块）
3147,,,国家传染病前置机接口。 +-----------------------------------------------------------------------------------------------------------------------------------------+ （11）、常用报卡 +-------------------------------------,正偏离/无偏离,平台已实现（详见对应功能模块）
3148,,,中华人民共和国传染病报告卡。 +-----------------------------------------------------------------------------------------------------------------------------------------+,正偏离/无偏离,平台已实现（详见对应功能模块）
3149,,,居民肿瘤病例报告卡。 +-----------------------------------------------------------------------------------------------------------------------------------------+,正偏离/无偏离,平台已实现（详见对应功能模块）
3150,,,急性心脑血管事件报告卡。 +-----------------------------------------------------------------------------------------------------------------------------------------+,正偏离/无偏离,平台已实现（详见对应功能模块）
3151,,,食源性疾病病例报告卡。 +-----------------------------------------------------------------------------------------------------------------------------------------+,正偏离/无偏离,平台已实现（详见对应功能模块）
3152,,,居民死亡医学证明（推断）书。 +-----------------------------------------------------------------------------------------------------------------------------------------+,待复核,初评未匹配，须项目组逐条人工确认
3153,,,高血压/糖尿病报告卡。 +-----------------------------------------------------------------------------------------------------------------------------------------+,正偏离/无偏离,平台已实现（详见对应功能模块）
3154,★,,+-------------------------------+-----------------------------------------------------------------------------------------------------------------------------------------------------------------------,待复核,初评未匹配，须项目组逐条人工确认
3155,,,提供多维度数据钻取视图，支持按时间轴（年、月、日）、事件性质及风险等级进行立体化分类统计与可视化呈现。 +---------------------------------------------------------------------------------------------------------------------------------------------------,正偏离/无偏离,平台已实现（详见对应功能模块）
3156,,,建立科室级数据分布矩阵，直观展示各层级事件概况，并配置一键下钻交互，可无缝跳转至各科室专属事件深度分析详细数据。 +----------------------------------------------------------------------------------------------------------------------------------------------,正偏离/无偏离,平台已实现（详见对应功能模块）
3157,,,提供可视化表单构建器，支持用户零代码自主设计与发布个性化表单数据采集模板。 +-----------------------------------------------------------------------------------------------------------------------------------------------------------------,正偏离/无偏离,平台已实现（详见对应功能模块）
3158,,,集成灵活布局编辑器，允许按需动态调整字段结构、UI风格及交互逻辑，实现样式深度定制。 +------------------------------------------------------------------------------------------------------------------------------------------------------------,正偏离/无偏离,平台已实现（详见对应功能模块）
3159,,,、建立表单全生命周期管理机制，支持对废弃的模板执行移除操作。 +------------------------------------------------------------------------------------------------------------------------------------------------------------------------,正偏离/无偏离,平台已实现（详见对应功能模块）
3160,,,内置模板克隆引擎，可一键复用现有表单架构快速生成新实例，大幅提升创建效率。 +-----------------------------------------------------------------------------------------------------------------------------------------------------------------,正偏离/无偏离,平台已实现（详见对应功能模块）
3161,,,归档完整版本演进轨迹，支持随时回溯与检索历次表单修改记录及历史快照。 +--------------------------------------------------------------------------------------------------------------------------------------------------------------------,正偏离/无偏离,平台已实现（详见对应功能模块）
3162,,,构建全局共享组件库，支持定义标准化公共模板供多部门跨场景调用。 +-----------------------------------------------------------------------------------------------------------------------------------------------------------------------,正偏离/无偏离,平台已实现（详见对应功能模块）
3163,,,支持字段级预设规则，可为特定表项配置自动填充的初始默认值。 +-------------------------------------------------------------------------------------------------------------------------------------------------------------------------,待复核,初评未匹配，须项目组逐条人工确认
3164,,,实现字典数据动态关联，支持将表项与标准码表绑定以规范录入选项。 +-----------------------------------------------------------------------------------------------------------------------------------------------------------------------,待复核,初评未匹配，须项目组逐条人工确认
3165,,,具备外部数据映射能力，支持表项直接对接业务数据库实现实时数据源引用。 +--------------------------------------------------------------------------------------------------------------------------------------------------------------------,待复核,初评未匹配，须项目组逐条人工确认
3166,,,配置精细化校验策略，可灵活设定各字段的必填属性以强化数据完整性约束。 +--------------------------------------------------------------------------------------------------------------------------------------------------------------------,待复核,初评未匹配，须项目组逐条人工确认
3167,,,构建多维层级化根因分类体系，支持对不良事件根因进行颗粒度精细化的树状结构维护与管理。 +------------------------------------------------------------------------------------------------------------------------------------------------------------,正偏离/无偏离,平台已实现（详见对应功能模块）
3168,,,建立业务流转与知识沉淀的自动联动机制，在事件上报环节录入的新增根因将实时同步至中央知识库，实现经验资产的动态累积。 +---------------------------------------------------------------------------------------------------------------------------------------------,正偏离/无偏离,平台已实现（详见对应功能模块）
3169,,,提供可视化流程设计器，支持从零构建个性化审批链路，并允许对运行中的流程逻辑进行动态调整与迭代优化。 +-----------------------------------------------------------------------------------------------------------------------------------------------------,正偏离/无偏离,平台已实现（详见对应功能模块）
3170,,,内置流程生效发布机制，支持将配置完成的审批方案一键部署至生产环境，立即触发业务流转。 +------------------------------------------------------------------------------------------------------------------------------------------------------------,正偏离/无偏离,平台已实现（详见对应功能模块）
3171,,,具备流程实例全生命周期管理能力，支持对废弃的审批模板执行移除操作。 +---------------------------------------------------------------------------------------------------------------------------------------------------------------------,正偏离/无偏离,平台已实现（详见对应功能模块）
3172,,,归档完整版本流程演进轨迹，支持随时回溯检索历次变更及历史版本详情，确保轨迹可追溯。 +-------------------------------------------------------------------------------------------------------------------------------------------------------------,正偏离/无偏离,平台已实现（详见对应功能模块）
3173,,,实现节点权限精细化管控，支持为每个审批环节灵活指定具体执行人、角色组或动态规则。 +--------------------------------------------------------------------------------------------------------------------------------------------------------------,正偏离/无偏离,平台已实现（详见对应功能模块）
3174,,,配置节点级表单交互策略，允许针对不同审批阶段绑定差异化的数据录入界面与字段可见性规则。 +-----------------------------------------------------------------------------------------------------------------------------------------------------------,正偏离/无偏离,平台已实现（详见对应功能模块）
3175,,,构建全覆盖专项上报通道，深度适配误诊误治、麻醉意外、手术并发症及导管介入损伤等多元化临床场景。 +-------------------------------------------------------------------------------------------------------------------------------------------------------,正偏离/无偏离,平台已实现（详见对应功能模块）
3176,,,提供一站式事件录入入口，支持医护人员快速发起全新的不良事件申报流程。 +--------------------------------------------------------------------------------------------------------------------------------------------------------------------,正偏离/无偏离,平台已实现（详见对应功能模块）
3177,,,集成数据修正机制，允许在特定条件下对已提交事件的详细信息进行动态编辑与更新。 +----------------------------------------------------------------------------------------------------------------------------------------------------------------,正偏离/无偏离,平台已实现（详见对应功能模块）
3178,,,建立上报撤回策略，针对误操作或需重新评估的事件，支持在流转前执行撤销操作以终止当前流程。 +----------------------------------------------------------------------------------------------------------------------------------------------------------,正偏离/无偏离,平台已实现（详见对应功能模块）
3179,,,具备数据清理权限，支持对无效、重复或测试产生的上报记录执行永久删除处理。 +------------------------------------------------------------------------------------------------------------------------------------------------------------------,正偏离/无偏离,平台已实现（详见对应功能模块）
3180,,,部署多维检索引擎，支持通过关键词、时间范围及事件类型等条件，精准定位并查询历史上报档案。 +----------------------------------------------------------------------------------------------------------------------------------------------------------,正偏离/无偏离,平台已实现（详见对应功能模块）
3181,,,药品不良反应事件上报。 +-------------------------------------------------------------------------------------------------------------------------------------------------------------------------------------------,正偏离/无偏离,平台已实现（详见对应功能模块）
3182,,,提供便捷的事件登记入口，支持医护人员快速发起全新的药品不良反应申报流程。 +------------------------------------------------------------------------------------------------------------------------------------------------------------------,待复核,初评未匹配，须项目组逐条人工确认
3183,,,集成数据动态修正机制，允许在特定条件下对已提交事件的详细临床信息进行编辑与更新。 +--------------------------------------------------------------------------------------------------------------------------------------------------------------,正偏离/无偏离,平台已实现（详见对应功能模块）
3184,,,建立上报撤回策略，针对误操作或需重新评估的事件，支持在流转前执行撤销操作以终止当前流程。 +----------------------------------------------------------------------------------------------------------------------------------------------------------,正偏离/无偏离,平台已实现（详见对应功能模块）
3185,,,具备数据清理权限，支持对无效、重复或测试产生的上报记录执行永久删除处理。 +------------------------------------------------------------------------------------------------------------------------------------------------------------------,正偏离/无偏离,平台已实现（详见对应功能模块）
3186,,,部署多维度智能检索引擎，支持通过药品名称、患者信息及发生时间等组合条件，精准定位并查询历次上报信息。 +----------------------------------------------------------------------------------------------------------------------------------------------------,正偏离/无偏离,平台已实现（详见对应功能模块）
3187,,,构建精细化护理风险上报矩阵，全面覆盖跌倒坠床、各类烫伤误吸、导管/约束/转运意外、患者走失及自伤行为、非预期压疮、给药差错（错/漏）、液体外渗、标本采集与送检异常以及冻伤等十余类核心护理安全隐患。 +----------------------------------------------------------------------------------------------------,正偏离/无偏离,平台已实现（详见对应功能模块）
3188,,,提供敏捷化事件登记通道，支持护理人员即时发起全新的不良事件申报工单。 +--------------------------------------------------------------------------------------------------------------------------------------------------------------------,正偏离/无偏离,平台已实现（详见对应功能模块）
3189,,,集成信息动态修正引擎，允许在特定条件下对已提交事件的内容进行二次编辑与完善。 +----------------------------------------------------------------------------------------------------------------------------------------------------------------,正偏离/无偏离,平台已实现（详见对应功能模块）
3190,,,建立流程熔断与撤回机制，针对误报或需重新研判的案例，支持在审批流转前执行撤销操作以中止当前进程。 +------------------------------------------------------------------------------------------------------------------------------------------------------,正偏离/无偏离,平台已实现（详见对应功能模块）
3191,,,具备数据生命周期清理能力，支持对无效冗余、重复录入或测试产生的护理事件记录执行移除。 +------------------------------------------------------------------------------------------------------------------------------------------------------------,正偏离/无偏离,平台已实现（详见对应功能模块）
3192,,,部署多条件组合检索中心，支持按事件类型、发生科室及时间维度等指标，快速溯源并查询历史护理不良事件。 +-----------------------------------------------------------------------------------------------------------------------------------------------------,正偏离/无偏离,平台已实现（详见对应功能模块）
3193,,,打造全方位医技风险监测网，深度适配标本采集异常、功能检查失误、医学影像诊断差错及放射安全防护失效等多元化技术场景。 +---------------------------------------------------------------------------------------------------------------------------------------------,正偏离/无偏离,平台已实现（详见对应功能模块）
3194,,,提供一站式事件录入门户，支持医技人员快速发起全新的检查不良事件申报流程。 +------------------------------------------------------------------------------------------------------------------------------------------------------------------,正偏离/无偏离,平台已实现（详见对应功能模块）
3195,,,集成数据动态修正机制，允许在特定条件下对已提交事件的详细技术参数与经过描述进行编辑更新。 +----------------------------------------------------------------------------------------------------------------------------------------------------------,正偏离/无偏离,平台已实现（详见对应功能模块）
3196,,,建立申报撤回策略，针对误操作或需重新评估的案例，支持在流转审批前执行撤销操作以终止当前任务。 +--------------------------------------------------------------------------------------------------------------------------------------------------------,正偏离/无偏离,平台已实现（详见对应功能模块）
3197,,,具备数据清洗权限，支持对无效、重复录入或测试产生的医技事件记录执行移除处理。 +----------------------------------------------------------------------------------------------------------------------------------------------------------------,正偏离/无偏离,平台已实现（详见对应功能模块）
3198,,,部署多维智能检索引擎，支持通过检查项目、设备类型及发生时段等组合条件，精准定位并查询历史安全档案。 +-----------------------------------------------------------------------------------------------------------------------------------------------------,正偏离/无偏离,平台已实现（详见对应功能模块）
3199,,,构建输血闭环风险预警体系，全面涵盖检验缺失、配型/血型判定失误、患者身份识别错误、漏输/错输/多输、成分治疗偏差、辐射操作违规、文书记录失真、急性输血反应以及无医嘱违规输血等关键安全隐患。 +--------------------------------------------------------------------------------------------------------,配套产品响应,属设备配套软件/商用知识库/CA 等产品参数，平台已留标准接入点
3200,,,提供敏捷化输血事件登记入口，支持医护人员即时发起全新的输血不良事件申报工单。 +----------------------------------------------------------------------------------------------------------------------------------------------------------------,正偏离/无偏离,平台已实现（详见对应功能模块）
3201,,,集成信息动态修正引擎，允许在特定情况下对已提交事件的临床细节与经过描述进行二次编辑与完善。 +---------------------------------------------------------------------------------------------------------------------------------------------------------,正偏离/无偏离,平台已实现（详见对应功能模块）
3202,,,建立流程熔断与撤回机制，针对误报或需重新研判的案例，支持在审批流转前执行撤销操作以中止当前进程。 +------------------------------------------------------------------------------------------------------------------------------------------------------,正偏离/无偏离,平台已实现（详见对应功能模块）
3203,,,具备数据生命周期清理能力，支持对无效冗余、重复录入或测试产生的输血事件记录执行移除。 +------------------------------------------------------------------------------------------------------------------------------------------------------------,正偏离/无偏离,平台已实现（详见对应功能模块）
3204,,,部署多条件组合检索中心，支持按血液制品类型、差错环节及时间维度等指标，快速溯源并查询历史输血安全档案。 +---------------------------------------------------------------------------------------------------------------------------------------------------,正偏离/无偏离,平台已实现（详见对应功能模块）
3205,,,构筑全覆盖院感监测网络，精准适配呼吸机相关性肺炎、各类导管相关感染（泌尿/血流）、手术切口感染、多系统器官感染（呼吸/血液/消化/泌尿/皮肤/生殖/心血管/神经/口腔/骨关节）以及医务人员职业暴露等复杂场景。 +----------------------------------------------------------------------------------------------,正偏离/无偏离,平台已实现（详见对应功能模块）
3206,,,提供快捷式院感案例登记通道，支持感控专员及临床医护即时发起全新的感染事件申报流程。 +-------------------------------------------------------------------------------------------------------------------------------------------------------------,正偏离/无偏离,平台已实现（详见对应功能模块）
3207,,,集成病例信息动态修正模块，允许在特定条件下对已上报事件的病原学结果及临床表现进行编辑与更新。 +--------------------------------------------------------------------------------------------------------------------------------------------------------,正偏离/无偏离,平台已实现（详见对应功能模块）
3208,,,建立申报撤回与纠错机制，针对误判或需重新复核的感染案例，支持在流程终结前执行撤销操作以终止当前任务。 +----------------------------------------------------------------------------------------------------------------------------------------------------,待复核,初评未匹配，须项目组逐条人工确认
3209,,,具备数据清洗与去重权限，支持对无效、重复录入或测试产生的院感记录执行永久移除处理。 +-------------------------------------------------------------------------------------------------------------------------------------------------------------,正偏离/无偏离,平台已实现（详见对应功能模块）
3210,,,部署多维度感控数据检索引擎，支持通过感染部位、病原体类型、发生科室及时间跨度等组合条件，精准溯源并查询历史感染档案。 +--------------------------------------------------------------------------------------------------------------------------------------------,正偏离/无偏离,平台已实现（详见对应功能模块）
3211,,,构建全品类器械风险预警矩阵，深度覆盖高值/低值医疗耗材缺陷、专用诊疗器械故障以及大型医疗设备运行异常等多元化不良事件场景。 +-----------------------------------------------------------------------------------------------------------------------------------------,正偏离/无偏离,平台已实现（详见对应功能模块）
3212,,,提供敏捷化器械事件登记入口，支持临床人员即时发起全新的医疗器械相关不良事件申报工单。 +------------------------------------------------------------------------------------------------------------------------------------------------------------,正偏离/无偏离,平台已实现（详见对应功能模块）
3213,,,集成信息动态修正引擎，允许在特定条件下对已提交事件的设备型号、故障现象及处置经过进行二次编辑与完善。 +----------------------------------------------------------------------------------------------------------------------------------------------------,正偏离/无偏离,平台已实现（详见对应功能模块）
3214,,,建立流程熔断与撤回机制，针对误报或需重新研判的器械案例，支持在审批流转前执行撤销操作以中止当前进程。 +----------------------------------------------------------------------------------------------------------------------------------------------------,正偏离/无偏离,平台已实现（详见对应功能模块）
3215,,,具备数据生命周期清理能力，支持对无效冗余、重复录入或测试产生的器械事件记录执行移除。 +------------------------------------------------------------------------------------------------------------------------------------------------------------,待复核,初评未匹配，须项目组逐条人工确认
3216,,,部署多条件组合检索中心，支持按器械分类、风险等级、发生科室及时间维度等指标，快速溯源并查询历史器械安全档案。 +------------------------------------------------------------------------------------------------------------------------------------------------,正偏离/无偏离,平台已实现（详见对应功能模块）
3217,,,打造跨部门综合风险监测网，全面覆盖患者身份查对失误、关键信息传递断层、知情同意流程瑕疵、病历文书规范缺陷、营养支持不当、后勤物资配送差错以及院内安全意外（如跌倒/坠床）等多元化非临床技术类场景。 +-----------------------------------------------------------------------------------------------------,正偏离/无偏离,平台已实现（详见对应功能模块）
3218,,,提供一站式综合事件录入门户，支持全院职工快速发起全新的管理类或服务类不良事件申报流程。 +-----------------------------------------------------------------------------------------------------------------------------------------------------------,正偏离/无偏离,平台已实现（详见对应功能模块）
3219,,,集成数据动态修正机制，允许在特定条件下对已提交事件的经过描述、涉及部门及整改措施进行灵活编辑与更新。 +----------------------------------------------------------------------------------------------------------------------------------------------------,正偏离/无偏离,平台已实现（详见对应功能模块）
3220,,,建立申报撤回策略，针对误操作或需重新评估的综合案例，支持在流转审批前执行撤销操作以终止当前任务。 +------------------------------------------------------------------------------------------------------------------------------------------------------,正偏离/无偏离,平台已实现（详见对应功能模块）
3221,,,具备数据清洗权限，支持对无效、重复录入或测试产生的综合事件记录执行移除处理。 +----------------------------------------------------------------------------------------------------------------------------------------------------------------,正偏离/无偏离,平台已实现（详见对应功能模块）
3222,,,部署多维智能检索引擎，支持通过事件类别、发生区域、责任科室及时间跨度等组合条件，精准定位并查询历史综合安全档案。 +----------------------------------------------------------------------------------------------------------------------------------------------,外部条件,需医保局/省平台等外部环境开通后联调
3223,,,构建自动化层级分发机制，实现不良事件工单从发起端至各级监管部门的无缝逐级推送与流转。 +------------------------------------------------------------------------------------------------------------------------------------------------------------,正偏离/无偏离,平台已实现（详见对应功能模块）
3224,,,集成可视化流程编排器，支持根据医院管理架构灵活定制审批节点的顺序、类型及流转规则。 +-------------------------------------------------------------------------------------------------------------------------------------------------------------,正偏离/无偏离,平台已实现（详见对应功能模块）
3225,,,建立事件驳回路径，允许审批人在否决工单时，精准指定退回至任意历史处理环节而非仅限上一级。 +----------------------------------------------------------------------------------------------------------------------------------------------------------,正偏离/无偏离,平台已实现（详见对应功能模块）
3226,,,打造全生命周期审批控制台，提供涵盖通过、驳回、转办及撤销等全方位的操作权限，确保决策闭环。 +---------------------------------------------------------------------------------------------------------------------------------------------------------,正偏离/无偏离,平台已实现（详见对应功能模块）
3227,,,支持跨部门协同处置模式，可将单一事件任务并行或串行指派给多个职能科室共同执行整改。 +-------------------------------------------------------------------------------------------------------------------------------------------------------------,正偏离/无偏离,平台已实现（详见对应功能模块）
3228,,,具备多人员并发指派能力，支持将复杂事件的调查或处理任务同时分配给多名具体责任人协作完成。 +----------------------------------------------------------------------------------------------------------------------------------------------------------,待复核,初评未匹配，须项目组逐条人工确认
3229,,,引入基于角色的动态分派机制，支持按岗位角色（如护士长、质控人员）批量指派任务，自动匹配在岗人员。 +------------------------------------------------------------------------------------------------------------------------------------------------------,正偏离/无偏离,平台已实现（详见对应功能模块）
3230,,,配置灵活的逆向流转规则，允许在审批过程中自定义驳回目标节点，实现错误信息的精准回退与修正。 +---------------------------------------------------------------------------------------------------------------------------------------------------------,正偏离/无偏离,平台已实现（详见对应功能模块）
3231,,,构建可配置化的多源数据映射中间件，支持管理员灵活定义数据抓取规则，实现跨系统信息的自动化采集与无缝对接。 +--------------------------------------------------------------------------------------------------------------------------------------------------,待复核,初评未匹配，须项目组逐条人工确认
3232,,,集成患者主索引同步机制，在事件录入瞬间自动拉取并填充核心患者档案，杜绝人工转录误差。 +------------------------------------------------------------------------------------------------------------------------------------------------------------,正偏离/无偏离,平台已实现（详见对应功能模块）
3233,,,打通合理用药与药房管理系统接口，实时关联并提取患者当前及历史用药明细、给药途径及剂量信息，辅助药物不良事件研判。 +----------------------------------------------------------------------------------------------------------------------------------------------,正偏离/无偏离,平台已实现（详见对应功能模块）
3234,,,联动人力资源与排班数据库，依据事件发生时间点自动匹配并载入当值医护人员身份、职称及所属科室数据，确保责任主体精准溯源。 +-------------------------------------------------------------------------------------------------------------------------------------------,正偏离/无偏离,平台已实现（详见对应功能模块）
3235,,,打造个人专属事件档案看板，一站式呈现申报历史全貌，深度透视报告流转态势、根因分析结论、整改闭环进度、部门处置反馈、追踪评价结果及全流程审计日志。 +------------------------------------------------------------------------------------------------------------------------------,正偏离/无偏离,平台已实现（详见对应功能模块）
3236,,,部署高性能组合筛选引擎，支持通过事件分类、具体名称、风险等级、归属科室、责任人及当前状态等六维指标，实现精准数据定位。 +-------------------------------------------------------------------------------------------------------------------------------------------,正偏离/无偏离,平台已实现（详见对应功能模块）
3237,,,构建事件详情全息视图，聚合原始申报数据、问题根源剖析、针对性改进策略、职能部门处置实录以及后续追踪评价登记，形成完整证据链。 +----------------------------------------------------------------------------------------------------------------------------------------,待复核,初评未匹配，须项目组逐条人工确认
3238,,,集成可视化流程进度监控器，以图形化方式实时展示审批节点流转轨迹，让案件处理阶段透明可见。 +----------------------------------------------------------------------------------------------------------------------------------------------------------,正偏离/无偏离,平台已实现（详见对应功能模块）
3239,,,建立审批行为追溯机制，详细记录各级审核人员的操作时间、审批意见及决策动作，确保管理过程可查、可控、可溯。 +--------------------------------------------------------------------------------------------------------------------------------------------------,正偏离/无偏离,平台已实现（详见对应功能模块）
3240,,,构建动态数据仓库，支持从发生源头、上报主体、风险分类、严重程度及时间维度（年/季/月）进行交叉钻取，自动生成多视角的聚合分析图表。 +-------------------------------------------------------------------------------------------------------------------------------------,正偏离/无偏离,平台已实现（详见对应功能模块）
3241,,,输出全院不良事件宏观概览仪表盘，直观呈现安全态势总体分布、趋势走向及关键风险指标，为管理层提供全局视野。 +--------------------------------------------------------------------------------------------------------------------------------------------------,正偏离/无偏离,平台已实现（详见对应功能模块）
3242,,,"生成科室维度的风险热力图与排行榜，深度剖析各临床单元作为""事件发生地""的安全隐患分布特征与高频问题。 +----------------------------------------------------------------------------------------------------------------------------------------------------",正偏离/无偏离,平台已实现（详见对应功能模块）
3243,,,"建立上报积极性监测模型，统计并对比各科室作为""报告主体""的上报数量与质量，评估全员安全文化的落地成效。 +---------------------------------------------------------------------------------------------------------------------------------------------------",正偏离/无偏离,平台已实现（详见对应功能模块）
3244,,,绘制事件类型帕累托分析图，精准识别高频发生的风险类别（如跌倒、用药错误等），辅助制定针对性的专项整改策略。 +-------------------------------------------------------------------------------------------------------------------------------------------------,待复核,初评未匹配，须项目组逐条人工确认
3245,,,实施风险等级结构化统计，量化展示不同严重程度事件的占比情况，聚焦高危预警信号，优化资源分配优先级。 +-----------------------------------------------------------------------------------------------------------------------------------------------------,正偏离/无偏离,平台已实现（详见对应功能模块）
3246,,,部署时间序列趋势分析引擎，按年度、季度及月度颗粒度追踪事件波动规律，识别季节性特征或长期改进效果。 +-----------------------------------------------------------------------------------------------------------------------------------------------------,待复核,初评未匹配，须项目组逐条人工确认
3247,,,"集成正向激励考核模块，自动核算基于上报贡献度的奖励数据，生成绩效兑现依据报表，推动从""惩罚文化""向""学习文化""转型。 +--------------------------------------------------------------------------------------------------------------------------------------------",正偏离/无偏离,平台已实现（详见对应功能模块）
3248,,,"实施""隐私优先""的匿名直报机制，支持上报人隐藏身份提交；精细化控制管理层对匿名源数据的解密与查看权限，平衡保密性与溯源需求。 +----------------------------------------------------------------------------------------------------------------------------------------",正偏离/无偏离,平台已实现（详见对应功能模块）
3249,,,"构建弹性时效管控体系，允许针对不同事件类别自定义""发生至报告""及""报告至分析""的时限阈值，并自动生成逾期预警看板，多维度量化延迟上报与分析的合规性数据。 +--------------------------------------------------------------------------------------------------------------------------",正偏离/无偏离,平台已实现（详见对应功能模块）
3250,,,集成智能根因分析工作台，支持按事件分类或名称自动聚合致因要素，一键渲染可视化鱼骨图（因果图），辅助团队快速定位系统性漏洞而非单纯人为失误。 +---------------------------------------------------------------------------------------------------------------------------------,正偏离/无偏离,平台已实现（详见对应功能模块）
3251,,,打造端到端的安全事件闭环处理流，无缝衔接从一线人员快速填报、多级流转审批到最终归档的全生命周期管理，确保每起事件均有迹可循。 +----------------------------------------------------------------------------------------------------------------------------------------,正偏离/无偏离,平台已实现（详见对应功能模块）
3252,,,部署全渠道智能消息通知中心，在审批节点触发时，通过站内信、移动端推送或即时通讯工具实时触达责任人，大幅缩短等待时长，提升流转效率。 +-------------------------------------------------------------------------------------------------------------------------------------,正偏离/无偏离,平台已实现（详见对应功能模块）
3253,,,"引入多上下文业务空间切换技术，支持拥有跨科室职责的用户在不同业务单元间无缝跳转，实现""一人多岗""场景下的数据隔离与精准操作。 +----------------------------------------------------------------------------------------------------------------------------------------",正偏离/无偏离,平台已实现（详见对应功能模块）
3254,★,,+-------------------------------+-----------------------------------------------------------------------------------------------------------------------------------------------------------------------,待复核,初评未匹配，须项目组逐条人工确认
3255,,,支持医院门户管理，医务管理人员待办事项查看，通知公告管理，全院医生预警信息管理，档案与申请类统计分析、患者如出院人次变化趋势查看。 医疗技术档案,正偏离/无偏离,平台已实现（详见对应功能模块）
3256,,,技术档案管理帮助医院高效地管理医师个人信息和资质认证情况，支持档案管理、借阅等功能，支持轮转计划、医嘱权限管理，实现医生管理个人档案信息，包括档案总览、基本信息、医疗活动、培训考试记录、定期考核等；支持医务科管理全院医生的医疗技术档案，支持档案的自定义查询过滤、导出、修改与删除。 <!-- -->,正偏离/无偏离,平台已实现（详见对应功能模块）
3257,,,医务人员管理个人档案信息，内容包含档案总览，通过日期检索查看科研项目论文、三新技术、学分情况、奖励惩罚情况、医疗活动情况和知识产权情况等数量信息。,待复核,初评未匹配，须项目组逐条人工确认
3258,,,通过时间轴查看所有个人档案事件发生情况，通过年份和事件类型进行过滤查看。,待复核,初评未匹配，须项目组逐条人工确认
3259,,,管理维护个人档案基本信息，包含工号、姓名、性别、婚姻、出生日期、手机号码、邮箱地址等内容。,待复核,初评未匹配，须项目组逐条人工确认
3260,,,管理执业证书信息，包含各类执业证书的名称、执业证号、获得时间、审批机构、有效期等内容。,正偏离/无偏离,平台已实现（详见对应功能模块）
3261,,,管理学历工作信息，包含教育经历（教育开始和结束时间、学校、所学专业、学历、学位等）和工作经历（工作开始和结束时间、工作单位、担任职务、岗位职称、科室等）。,正偏离/无偏离,平台已实现（详见对应功能模块）
3262,,,管理职称职务信息，档案显示医务调动后的变动记录，包含调动/任命日期、获得职称与职务名称等信息。,待复核,初评未匹配，须项目组逐条人工确认
3263,,,管理证照信息，包含各类证照的附件资料管理。,正偏离/无偏离,平台已实现（详见对应功能模块）
3264,,,管理科研论文信息，包含科研项目（项目编号、项目名称、研究开始和结束时间、项目级别、附件）和论文项目（期刊类型、年份、题目、第一作者、通讯作者、期刊名称、卷号）的情况。,待复核,初评未匹配，须项目组逐条人工确认
3265,,,管理三新记录信息，包含记录项目名称、开始和结束时间、项目单位、项目类型等。,待复核,初评未匹配，须项目组逐条人工确认
3266,,,管理专业学会任职信息，包含任职开始和结束时间、任职团体、任职职务等。,待复核,初评未匹配，须项目组逐条人工确认
3267,,,查看学分情况，通过教育教育记录产生的学分情况查看。,待复核,初评未匹配，须项目组逐条人工确认
3268,,,查看奖惩情况，通过奖惩记录生成的包含奖励和惩罚相关的日期、部门、项目、等级、金额等。,待复核,初评未匹配，须项目组逐条人工确认
3269,,,管理培训考试记录，包含培训日期、培训内容、培训部门、考核日期、分数等。,待复核,初评未匹配，须项目组逐条人工确认
3270,,,管理继续教育记录，包含教育的开始和结束日期、项目编号、项目名称、项目类型、学分，生成学分记录到学分情况模块。,待复核,初评未匹配，须项目组逐条人工确认
3271,,,管理知识产权记录，包含授权日期、专利名称、专利号、专利分类等。,待复核,初评未匹配，须项目组逐条人工确认
3272,,,管理定期考核记录，包含考核周期、考核开始和结束日期、考核结果。,正偏离/无偏离,平台已实现（详见对应功能模块）
3273,,,管理带教记录，包含带教记录开始和结束时间、带教项目、组别、周数、学生来源等。,待复核,初评未匹配，须项目组逐条人工确认
3274,,,查看人员处方权限和手术权限信息。 <!-- -->,正偏离/无偏离,平台已实现（详见对应功能模块）
3275,,,"全院医务人员档案信息总览管理，可从HRP或者HIS同步人员基础信息,可以到处人员基本信息。 <!-- -->",正偏离/无偏离,平台已实现（详见对应功能模块）
3276,,,档案借阅记录，可以记录医务人员档案借阅情况和归还情况。 <!-- -->,待复核,初评未匹配，须项目组逐条人工确认
3277,,,支持通过参数开启档案审批功能，开启后任何个人档案的修改都需要进行审批后才可以生效，可以通过申请时间、科室、类型筛选需要审批的内容，审批过程中可以对比修改前的内容。 <!-- -->,正偏离/无偏离,平台已实现（详见对应功能模块）
3278,,,针对借阅档案操作的审批处理。 <!-- -->,正偏离/无偏离,平台已实现（详见对应功能模块）
3279,,,支持医务管理人员变动和维护医生的职务变动信息。 <!-- -->,待复核,初评未匹配，须项目组逐条人工确认
3280,,,支持医务管理人员变动和维护医生的职称变动信息。 <!-- -->,待复核,初评未匹配，须项目组逐条人工确认
3281,,,支持制定医生轮转计划，设定轮转的开始和结束时间，根据轮转计划自动变更医生所在科室。 <!-- -->,正偏离/无偏离,平台已实现（详见对应功能模块）
3282,,,支持对医生的调动处理，从一个科室调动到另外一个科室。 **权限准入管理**,正偏离/无偏离,平台已实现（详见对应功能模块）
3283,,,提供各类权限的授权管理和新技术新项目的准入管理。 <!-- -->,正偏离/无偏离,平台已实现（详见对应功能模块）
3284,,,支持对全院医生进行各类权限授权和取消授权管理，授权和取消授权将同步更新HIS系统权限。 <!-- --> 1) 医疗权限统计 <!-- -->,正偏离/无偏离,平台已实现（详见对应功能模块）
3285,,,支持对已授权的人员信息通过医生、科室的筛选查看已授权限。 <!-- --> 2) 职称医疗权限配置 <!-- -->,正偏离/无偏离,平台已实现（详见对应功能模块）
3286,,,支持批量对同一职称的所有医生进行批量授权。 <!-- -->,待复核,初评未匹配，须项目组逐条人工确认
3287,,,手术授权管理用于规范手术分级授权，有助于医院提高手术安全性和医疗质量。支持科室批量手术权限的申请和审批，支持医生申请个人手术权限，支持关联HIS系统患者信息，支持关联医生个人医疗技术档案信息；支持管理和追踪医务人员的手术资质和动态信息，包括手术资质的再授权及手术资质的降级和取消等，支持授权水印和时间戳服务；支持申请情况、审批情况、授权情况等各项指标统计。 <!-- --> 1) 授权统计 <!--,配套产品响应,属设备配套软件/商用知识库/CA 等产品参数，平台已留标准接入点
3288,,,支持查看医生申请流程节点数量查询、科室手术授权医生数、手术授权例数查询。 <!-- --> 2) 医师申请 <!-- -->,正偏离/无偏离,平台已实现（详见对应功能模块）
3289,,,支持医生个人手术的申请，申请的时候验证医生参与一助的手术例数，可关联查看参与一助手术的患者基本信息，从参与一助的手术列表中选择自己需要申请的手术。,正偏离/无偏离,平台已实现（详见对应功能模块）
3290,,,支持导出个人手术申请表。 <!-- --> 3) 医师审批 <!-- -->,正偏离/无偏离,平台已实现（详见对应功能模块）
3291,,,支持审批医生手术，支持多人批量审批，支持通过流程引擎配置审批流程，手术审批通过后将手术权限同步到HIS。 <!-- --> 4) 会议记录 <!-- -->,正偏离/无偏离,平台已实现（详见对应功能模块）
3292,,,支持手术授权过程中的会议记录，包含会议的名称、时间、地点、主持人、参会人员，可以通过会议关联授权申请单。 <!-- --> 5) 资质动态管理 <!-- -->,正偏离/无偏离,平台已实现（详见对应功能模块）
3293,,,支持查看医生手术开展情况，包含一级手术数、二级手术数、三级手术数、四级手术数、非计划再次手术数、手术并发症次数；可查看每类手术患者明细，支持跳转患者360视图。,正偏离/无偏离,平台已实现（详见对应功能模块）
3294,,,支持对医生授权权限的管理，可以取消当前可以开展的手术，可以查看被取消的手术权限。 <!-- --> 6) 手术授权报表统计 <!-- -->,正偏离/无偏离,平台已实现（详见对应功能模块）
3295,,,支持通过科室、医生姓名、手术类型、手术编码等条件统计医生的手术权限信息。 <!-- -->,正偏离/无偏离,平台已实现（详见对应功能模块）
3296,,,支持对单个患者的院内医嘱、文书、报告查询等权限进行访问控制，可控制此类文书的查看、新增、修改、删除、打印权限，可控制权限访问的开始和结束时间。,正偏离/无偏离,平台已实现（详见对应功能模块）
3297,,,支持对上级和下级权限的控制，支持权限的授予和取消，支持批量取消授权。 <!-- --> 2) 授权审核 <!-- -->,正偏离/无偏离,平台已实现（详见对应功能模块）
3298,,,支持对医生临床授权申请后的审批，可以对申请进行通过和拒绝授权，授权的时候可以选择授权的类型，可以进行批量授权。 <!-- -->,正偏离/无偏离,平台已实现（详见对应功能模块）
3299,,,对新项目新技术的申请、审批和后续的项目过程进行管理。 <!-- --> 1) 项目申请 <!-- -->,正偏离/无偏离,平台已实现（详见对应功能模块）
3300,,,项目负责人对即将要开展的新项目新技术进行申请，申请的时候填写项目申请表，系统内置申请表的样式，医院需要提供格式进行调整。 可管理项目申请状态，暂存状态下可修改或者删除申请单。 可查看项目申请情况和审核记录情况。 2) 项目审核 <!-- -->,待复核,初评未匹配，须项目组逐条人工确认
3301,,,支持对新技术新项目的申请进行审批。,正偏离/无偏离,平台已实现（详见对应功能模块）
3302,,,支持对项目管理过程中的阶段性评估、不良事件、转常规、项目变更等内容的审批。,正偏离/无偏离,平台已实现（详见对应功能模块）
3303,,,支持批量审批。,正偏离/无偏离,平台已实现（详见对应功能模块）
3304,,,支持根据医院的实际情况配置审批流程。 <!-- --> 3) 项目管理 <!-- -->,正偏离/无偏离,平台已实现（详见对应功能模块）
3305,,,支持对已经审批后的项目进行日常管理，包含项目阶段性评估、不良事件管理。,正偏离/无偏离,平台已实现（详见对应功能模块）
3306,,,支持以进度条的方式跟踪查看项目开展进度。,待复核,初评未匹配，须项目组逐条人工确认
3307,,,支持对项目的转常规和变更操作。,待复核,初评未匹配，须项目组逐条人工确认
3308,,,支持查看项目的生命周期和在每个阶段生成的各类表单和审批记录。,正偏离/无偏离,平台已实现（详见对应功能模块）
3309,,,申请审批管理。,正偏离/无偏离,平台已实现（详见对应功能模块）
3310,,,提供日常业务的申请与审批，包括：系统权限申请、医疗技术申请、请假申请、会诊申请、处方权限申请、档案借阅申请、临床输血申请，及对应业务的审批。审批后档案同步更新到医务人员的个人医疗技术档案。 <!-- -->,正偏离/无偏离,平台已实现（详见对应功能模块）
3311,,,支持申请通过自由式表单配置的如抗菌药物权限申请、抗肿瘤药物权限申请、麻醉药物权限申请、重大手术申请、处方权权限申请、医师权限申请、外请专家申请等各类申请信息的提交。,正偏离/无偏离,平台已实现（详见对应功能模块）
3312,,,支持通过申请日期、类型、状态查看申请状态。,待复核,初评未匹配，须项目组逐条人工确认
3313,,,支持申请单的提交、打印、作废、删除处理。 <!-- -->,正偏离/无偏离,平台已实现（详见对应功能模块）
3314,,,支持审批各类日常业务申请单，可通过流程引擎配置各类申请单的审批流程，可以查看审批记录。 **医疗安全管理**,正偏离/无偏离,平台已实现（详见对应功能模块）
3315,,,支持对患者的投诉进行登记管理，包括投诉人信息、投诉内容、投诉日期、接诉部门、理诉部门、投诉方式等信息；支持记录投诉处理结果，查看投诉处理进度及调解情况，支持将投诉处理结果导出为EXCEL文档格式。,正偏离/无偏离,平台已实现（详见对应功能模块）
3316,,,支持对投诉记录进行分发，分发给被投诉科室进行调查。 <!-- --> 2) 事件调查 <!-- -->,正偏离/无偏离,平台已实现（详见对应功能模块）
3317,,,支持投诉分发科室进行调查，填写调查的事件经过，整改措施等，调查报表内容可根据医院实际情况修改。,正偏离/无偏离,平台已实现（详见对应功能模块）
3318,,,支持对调查内容的审批，审批流程根据医院实际情况调整。,正偏离/无偏离,平台已实现（详见对应功能模块）
3319,,,支持对调查内容的导出。 <!-- --> 3) 投诉处理 <!-- -->,正偏离/无偏离,平台已实现（详见对应功能模块）
3320,,,支持对投诉记录的调解处理，包含院方代表、调解时间、调解地点、院方法律人员、患方法律人员、调解结果等信息记录。,待复核,初评未匹配，须项目组逐条人工确认
3321,,,支持对调解不成功的记录进行诉讼处理，包含诉讼结果、诉讼时间等信息记录。,待复核,初评未匹配，须项目组逐条人工确认
3322,,,支持对诉讼的投诉内容进行赔偿处理，包含赔偿执行时间、执行地点、院方代表、患方代表、第三方机构、患者法律人员等信息。,正偏离/无偏离,平台已实现（详见对应功能模块）
3323,,,支持对处理结果的记录。,待复核,初评未匹配，须项目组逐条人工确认
3324,,,支持对投诉的伦理分析，包含伦理分析的时间、地点、方式、认定记录摘要、责任人相关信息。 <!-- --> 4) 投诉统计 <!-- -->,正偏离/无偏离,平台已实现（详见对应功能模块）
3325,,,支持通过投诉日期对投诉件数与处理结果的统计。,正偏离/无偏离,平台已实现（详见对应功能模块）
3326,,,支持按照被投诉科室事件数量、赔偿金额、事件类型占比等内容占比统计。 <!-- -->,正偏离/无偏离,平台已实现（详见对应功能模块）
3327,,,支持误诊误治事件上报、麻醉不良事件上报、手术不良事件上报、导管/介入意外事件上报等。,正偏离/无偏离,平台已实现（详见对应功能模块）
3328,,,具备新增上报医疗不良事件功能。,正偏离/无偏离,平台已实现（详见对应功能模块）
3329,,,具备医疗不良事件上报信息的修改功能。,正偏离/无偏离,平台已实现（详见对应功能模块）
3330,,,具备对已上报的医疗不良事件上报信息进行撤销。,正偏离/无偏离,平台已实现（详见对应功能模块）
3331,,,具备对已上报的医疗不良事件上报信息进行删除。,正偏离/无偏离,平台已实现（详见对应功能模块）
3332,,,具备医疗不良事件上报信息查询功能。 <!-- --> 2) 事件审核 <!-- -->,正偏离/无偏离,平台已实现（详见对应功能模块）
3333,,,具备将不良事件登记逐级推送到上级审批部门。,正偏离/无偏离,平台已实现（详见对应功能模块）
3334,,,支持节点审批任务自定义。,正偏离/无偏离,平台已实现（详见对应功能模块）
3335,,,支持自由选择驳回节点。,待复核,初评未匹配，须项目组逐条人工确认
3336,,,具备不良事件审批功能。,正偏离/无偏离,平台已实现（详见对应功能模块）
3337,,,支持指派多部门执行，支持指派多人员执行，支持指派多角色执行。,正偏离/无偏离,平台已实现（详见对应功能模块）
3338,,,支持自定义不良事件驳回节点。 <!-- --> 3) 事件汇总 <!-- -->,正偏离/无偏离,平台已实现（详见对应功能模块）
3339,,,支持对所有医疗事件按照各类条件进行筛选统计。,正偏离/无偏离,平台已实现（详见对应功能模块）
3340,,,支持查看事件所有的申请和审批记录。,正偏离/无偏离,平台已实现（详见对应功能模块）
3341,,,支持导出事件列表。 <!-- --> 4) 事件分享 <!-- -->,正偏离/无偏离,平台已实现（详见对应功能模块）
3342,,,支持对事件分享，查看历史分享记录。 <!-- --> 5) 事件阅读 <!-- -->,正偏离/无偏离,平台已实现（详见对应功能模块）
3343,,,支持被分享人对事件的阅读查看。 **医疗活动管理**,正偏离/无偏离,平台已实现（详见对应功能模块）
3344,,,支持医院公益派单任务的记录和管理，包括下乡、义诊、公益体检、扶贫、志愿者、党员先锋队等任务；支持自由增加派单人员和通过不同的条件自动匹配和推荐派单人员。,正偏离/无偏离,平台已实现（详见对应功能模块）
3345,,,支持派单开销的填写，包含里程、午餐费、油费、救护车、药品、物资数量。 <!-- -->,正偏离/无偏离,平台已实现（详见对应功能模块）
3346,,,支持医务科填写和管理院内外出到外院会诊记录的填写，包含会诊人员、会诊医院、是受手术、会诊日期、回院日期、会诊事项。 <!-- -->,正偏离/无偏离,平台已实现（详见对应功能模块）
3347,,,支持外院专家到医院会诊的会诊记录信息的填写，包含会诊人员、人员电话、医院、邀会诊科室、会诊日期、离院日期、会诊事项。 <!-- -->,正偏离/无偏离,平台已实现（详见对应功能模块）
3348,,,支持按照派单开始和结束日期统计外派数据。 **医师考核管理**,正偏离/无偏离,平台已实现（详见对应功能模块）
3349,,,支持批量导入教学培训考试成绩信息，考试成绩信息支持自动匹配同步到个人医疗技术的档案。 <!-- -->,正偏离/无偏离,平台已实现（详见对应功能模块）
3350,,,支持批量导入定期考核记录。 **医师排班管理**,正偏离/无偏离,平台已实现（详见对应功能模块）
3351,,,支持医院维护院内标准班次类型。 <!-- -->,正偏离/无偏离,平台已实现（详见对应功能模块）
3352,,,支持科室自行维护班次，包含班次名称、班次时间、班时、颜色、班次内容。 <!-- -->,正偏离/无偏离,平台已实现（详见对应功能模块）
3353,,,支持科室人员排班管理，在编辑排班页面对科室人员班次信息进行排布，可以进行排班表的打印。,正偏离/无偏离,平台已实现（详见对应功能模块）
3354,,,支持按照不同维度进行排班与查询，支持复制上周排班等便捷操作，帮助医院更好地管理医生的工作安排和调度。,正偏离/无偏离,平台已实现（详见对应功能模块）
3355,,,支持临床科室主任对临床工作医生进行排班管理。 <!-- -->,正偏离/无偏离,平台已实现（详见对应功能模块）
3356,,,支持查看全院门诊及住院所有排班信息。 **医德医风管理**,正偏离/无偏离,平台已实现（详见对应功能模块）
3357,,,支持医院自行维护加分项和减分项；支持不同权限的操作人员进行个人自评、科室评分、医院评分，评分过程中支持附件上传。 <!-- -->,正偏离/无偏离,平台已实现（详见对应功能模块）
3358,,,支持考评项目的维护，包含考评项目标准分的维护、考评大类的维护。 <!-- -->,待复核,初评未匹配，须项目组逐条人工确认
3359,,,支持个人自评项目的维护，个人考评自评，考评附件的上传。 <!-- -->,待复核,初评未匹配，须项目组逐条人工确认
3360,,,支持科室对个人的评分进行二次评价。 <!-- -->,正偏离/无偏离,平台已实现（详见对应功能模块）
3361,,,支持医院对科室及医生的评分进行最终评价。 **其他事物管理**,正偏离/无偏离,平台已实现（详见对应功能模块）
3362,,,支持对应急预案体系的维护、应急预案计划的制定，包括应急预案领导组长、成员、应急电话、应急科室、应急物资及应急药品等。,正偏离/无偏离,平台已实现（详见对应功能模块）
3363,,,支持对应急预案计划和记录的独立管理。,待复核,初评未匹配，须项目组逐条人工确认
3364,,,支持应急预案计划的启动、暂停、继续、终结，操作记录可以通过系统消息或者短信平台推送应急人员。 <!-- --> 2) 应急预案记录 <!-- -->,正偏离/无偏离,平台已实现（详见对应功能模块）
3365,,,支持对已发生的应急预案进行记录。 <!-- -->,待复核,初评未匹配，须项目组逐条人工确认
3366,,,支持医务科管理和记录所有医生的奖励和惩罚信息并记录到个人医疗技术档案。 <!-- -->,待复核,初评未匹配，须项目组逐条人工确认
3367,,,支持对科室常规事物如查房、培训、会议类事项进行登记。 **规章制度管理**,正偏离/无偏离,平台已实现（详见对应功能模块）
3368,,,支持对医院制度文件目录的创建，上传制度文件，文件的在线预览和下载。 <!-- -->,正偏离/无偏离,平台已实现（详见对应功能模块）
3369,,,支持将文件按照角色，用户，部门进行权限分配，分配之后的角色用户可以查看上传的制度文件。 **临床患者管理**,正偏离/无偏离,平台已实现（详见对应功能模块）
3370,,,支持查看全院在院患者基本信息卡片，可通过护理级别、科室、主管医生、患者姓名等方式检索患者。,正偏离/无偏离,平台已实现（详见对应功能模块）
3371,,,支持查看患者基本信息。,正偏离/无偏离,平台已实现（详见对应功能模块）
3372,,,支持查看医嘱信息、检验信息、检查信息、手术信息、电子病历。 医疗统计分析,正偏离/无偏离,平台已实现（详见对应功能模块）
3373,,,支持医疗质量、医疗运营等相关报表统计。 **移动端管理**,正偏离/无偏离,平台已实现（详见对应功能模块）
3374,★,,通过移动端实现业务申请与审批，支持移动端日常业务申请与审批管理，档案的借阅申请与审批管理。 +-------------------------------+-------------------------------------------------------------------------------------------------------------------------,正偏离/无偏离,平台已实现（详见对应功能模块）
3375,,,"支持统计全院信息：全院护士人数(统计护理管理系统中全院护士人数)，全院上班人数(统计护理管理系统中今日排班人数,其中班次为考勤和出勤的护士)，全院请假人数(统计护理管理系统中今日排班人数,其中班次为休假和请假的护士)，全院住院人数(统计HIS系统中所有住院患者人数)，今日新入人数(统计HIS系统中所有今日入院患者人数)，今日新出人数(统计HIS系统中所有今日出院人数)，今日病危人数(统计HIS系统",正偏离/无偏离,平台已实现（详见对应功能模块）
3376,,,支持各科室床位使用率、护病比、护重比等指标查看。,正偏离/无偏离,平台已实现（详见对应功能模块）
3377,,,支持护理人员学历、职称、科室人员分布情况查看。 **待办事项&工作指引**,正偏离/无偏离,平台已实现（详见对应功能模块）
3378,,,"支持各类待办事项的提醒和处理监控功能，包括待审批、人事动态监控、排班监控、护理质量监控、护理敏感指标监控、护士长工作手册监控。系统可结合相关数据进行监控指标结果的分析统计，做到由管理层主动发起的""事务管理""向由系统自动跟踪的""智能管理""转变。 **人员档案**",正偏离/无偏离,平台已实现（详见对应功能模块）
3379,,,支持人事档案、人事管理、规培实习进修管理等功能，实现记录与查询相关人员基本信息管理、学历学位信息、工作经历信息、职称与晋升管理、学分信息、获奖信息、继续教育、科室人员配备、护士调动、护士轮转计划、带教老师与实习生评价、带教记录与总结等信息，实现相关人员基本情况和业务技术档案的无纸化管理，避免手工记录产生的误差。人员档案支持下载操作。,正偏离/无偏离,平台已实现（详见对应功能模块）
3380,,,包含在职人员档案、非编制人员档案、规培人员档案、非护理人员档案、来院进修人员档案、外出进修人员档案、实习人员档案信息维护。,正偏离/无偏离,平台已实现（详见对应功能模块）
3381,,,支持通过从HIS和HRP同步人员基本信息。,正偏离/无偏离,平台已实现（详见对应功能模块）
3382,,,支持人员基本信息的自我维护，可以启用审核功能，审核后才会生效修改内容。,待复核,初评未匹配，须项目组逐条人工确认
3383,,,支持人员档案的导出，可以选择需要导出的列进行Xls导出。,正偏离/无偏离,平台已实现（详见对应功能模块）
3384,,,支持对执业证书的状态，包含未填写、已过期、将过期等状态进行监控。,正偏离/无偏离,平台已实现（详见对应功能模块）
3385,,,支持科室人员调动管理，查看调动记录。,正偏离/无偏离,平台已实现（详见对应功能模块）
3386,,,支持护士轮转记录的制定，可以同时制定多个科室的轮转记录。,正偏离/无偏离,平台已实现（详见对应功能模块）
3387,,,支持人员的注销和恢复管理。,正偏离/无偏离,平台已实现（详见对应功能模块）
3388,,,支持通过统计周期自动生成全院护理人员概况，各科护理人员分布、人员结构说明、护士离职情况，人员增长率、离职率、床护比等内容分析，可以进行打印和导出。 **护理排班**,正偏离/无偏离,平台已实现（详见对应功能模块）
3389,,,支持护理部门高效安排护理人员的工作时间，不同护理层级享有不同权限与功能。支持管理人员对病区护士按月、周进行排班，支持复制上周排班、复制当前排班到下一周和轮转排班、组合排班、自动计算工时、管床信息录入等便捷操作，方便护士长对人员的管理；支持二线排班与三线排班的管理。 <!-- -->,正偏离/无偏离,平台已实现（详见对应功能模块）
3390,,,支持护理部维护全院统一班次类型，包含班次名称、性质、是否夜班、班次类型描述。 <!-- -->,正偏离/无偏离,平台已实现（详见对应功能模块）
3391,,,支持科室维护自己的班次，可以复制其他科室的班次进行修改，维护班次内容包含班次名称、类型、班时、白班时长和夜班时长。 <!-- -->,正偏离/无偏离,平台已实现（详见对应功能模块）
3392,,,支持科室组合排班的维护，在人员排班过程中可以调取组合维护的班次。 <!-- -->,正偏离/无偏离,平台已实现（详见对应功能模块）
3393,,,支持按照科室、科室等级、护士层级、护士职称、护士职务分类维护每个班次对应的费用，用于费用统计。 <!-- -->,正偏离/无偏离,平台已实现（详见对应功能模块）
3394,,,支持按照日、周、月三种视图进行排班情况的查看，可以通过科室、周数和姓名进行排班检索。,正偏离/无偏离,平台已实现（详见对应功能模块）
3395,,,可以启用排班审核参数，所有排班信息需要审核后生效。,正偏离/无偏离,平台已实现（详见对应功能模块）
3396,,,支持排班的打印、导出、备忘录、工作重点的管理。,正偏离/无偏离,平台已实现（详见对应功能模块）
3397,,,支持排班页面进行班次的编辑、复制，管床的编辑和复制，可以参考上周排班情况，可以调整排班人员序号，可以借调其他科室的人员来本科室进行排班。可以检查排班的合理性，包含按人次、按班次、夜班的统计。 <!-- -->,正偏离/无偏离,平台已实现（详见对应功能模块）
3398,,,支持科室护士长进行二线排班，排班的方式与人员排班类似，可以打印排班记录，可以查看排班修改记录。 <!-- -->,正偏离/无偏离,平台已实现（详见对应功能模块）
3399,,,支持各科室进行三线排班，排班的方式与人员排班类似，可以打印排班记录，可以查看排班修改记录。 **护理质量管理**,正偏离/无偏离,平台已实现（详见对应功能模块）
3400,,,系统支持抽取质控指标进行表单重组，支持根据敏感指标进行质控评价，提供PDCA循环质量管理，提升护理质控水平。系统支持质控组织架构管理、质控人员管理、综合质量项目管理；支持医院质量检查PDCA管理循环，包括质控计划（P）、考核执行（D）、结果反馈（C）、改进审核（A）等环节；支持质量检查汇总与分析，通过模型汇总分析，明确责任护士护理的主要质量影响因子，为进一步提升护理质量提供帮助；同时提供汇总报表、,配套产品响应,属设备配套软件/商用知识库/CA 等产品参数，平台已留标准接入点
3401,,,支持对各类标准质量检查标准的维护、版本管理、标准详情的查看。,正偏离/无偏离,平台已实现（详见对应功能模块）
3402,,,支持对每种质量标准进行系列项目的维护。 <!-- -->,待复核,初评未匹配，须项目组逐条人工确认
3403,,,支持对全院一、二、三级质量的组织进行维护。 <!-- -->,待复核,初评未匹配，须项目组逐条人工确认
3404,,,支持对已维护的组织进行组织内分组的维护，和分组内参与人员的维护。 <!-- -->,正偏离/无偏离,平台已实现（详见对应功能模块）
3405,,,支持选择计划的周期生成计划,待复核,初评未匹配，须项目组逐条人工确认
3406,,,"""年""计划时，可以任意选择12个月份中的某一些月份。",待复核,初评未匹配，须项目组逐条人工确认
3407,,,"""月""计划时，可以任意选择一个或者多个月份，然后选择对应的周。",待复核,初评未匹配，须项目组逐条人工确认
3408,,,"""日""计划时，可以任意选择一个或者多个月份，然后选择对应的日期。",待复核,初评未匹配，须项目组逐条人工确认
3409,,,支持按照片区、楼宇、科室、护理单元四种类型勾选需要参与受检的科室。,正偏离/无偏离,平台已实现（详见对应功能模块）
3410,,,支持每个科室单独选择质控标准，且每个标准可以填写设置检查的次数，可以多选标准。,正偏离/无偏离,平台已实现（详见对应功能模块）
3411,,,支持质控计划按照计划日期，质控组织筛选已经建立的质控计划，可以通过计划标题和计划状态检索，可以查看计划执行进度。 <!-- -->,待复核,初评未匹配，须项目组逐条人工确认
3412,,,质控小组进行质量检查的主要操作页面，按照标准类别、科室和质控单展示未检查、进行中、已检查的质控计划。,正偏离/无偏离,平台已实现（详见对应功能模块）
3413,,,在质控计划列表中选择未检查或者检查后未提交的质控记录单，进入检查评分页面。,正偏离/无偏离,平台已实现（详见对应功能模块）
3414,,,"整个评分项目分""汇总""和""单项对象抽检""，其中汇总的分数为单个抽检求平均分，然后扣分原因为多个扣分原因汇总叠加。",正偏离/无偏离,平台已实现（详见对应功能模块）
3415,,,支持在抽检过程中可以在所选计划下增加一个临时表单进行评分，每次只能增加一个质控标准。评分的页面和普通抽检的方式是一样的。,正偏离/无偏离,平台已实现（详见对应功能模块）
3416,,,支持查看单个护理计划中每个质控记录分未查和已查的状态，其中未查状态无检查时间和检查者。已查的记录有检查者和检查时间，其中红色标记的记录为达不到符合率的记录。其中符合率有变化的记录为申诉成功的记录。 <!-- -->,配套产品响应,属设备配套软件/商用知识库/CA 等产品参数，平台已留标准接入点
3417,,,质控检查中的成绩展示；可在此进行申诉，主要为受检科室提供成绩查看和申诉的入口；检查者和护理部也可在此处理申诉过程。,配套产品响应,属设备配套软件/商用知识库/CA 等产品参数，平台已留标准接入点
3418,,,由受检科室护士长查看检查成绩，然后从列表中点击进入申诉流程，选择申诉内容（申诉内容为检查项里面的错误项，可以选择汇总也可以选择抽检对象，可多选），然后填写申诉理由最后提交申诉。,配套产品响应,属设备配套软件/商用知识库/CA 等产品参数，平台已留标准接入点
3419,,,"提交后的申诉，申诉情况变为""待检查者处理""，检查者可以查看并填写检查者意见，但是检查者无权进行申诉结果的处理。",配套产品响应,属设备配套软件/商用知识库/CA 等产品参数，平台已留标准接入点
3420,,,"检查者提交意见后，申诉情况变为""待质控处理""，质控（护理部）可以查看申诉情况和检查者情况，然后处理质控结果，质控结果分为""成功""和""失败""。失败时：不影响原有得分率和落实率，成功时，如果项目是符合率则将结果自动改为符合，如果是得分率则默认满分，然后质控人可以执行更改得很，只能改抽检对象得分。",配套产品响应,属设备配套软件/商用知识库/CA 等产品参数，平台已留标准接入点
3421,,,"申诉流程结束后此申述完成，再次点击""申诉处理""可看到之前的申诉结果，不能修改，且不支持再次申诉。 <!-- -->",配套产品响应,属设备配套软件/商用知识库/CA 等产品参数，平台已留标准接入点
3422,,,循环改进页面，被检查者和检查者可以再此页面进行分析改进的处理。,正偏离/无偏离,平台已实现（详见对应功能模块）
3423,,,支持批量进行原因分析，整改时间、整改措施、效果评价。,待复核,初评未匹配，须项目组逐条人工确认
3424,,,其中由护士长来填写原因分析，整改时间和整改措施。由质控人来填写效果评价。保存后页面显示护士长签名或质控小组签名。,正偏离/无偏离,平台已实现（详见对应功能模块）
3425,,,支持进入单个检查单处理流程。权限控制与批量处理一样。页面中的提交人、提交时间默认为当前登录账号和当前电脑时间。,正偏离/无偏离,平台已实现（详见对应功能模块）
3426,,,支持根因分析，填写根因的头骨名称，然后选择根因，生成鱼骨图。可以导出鱼骨图。 <!-- -->,正偏离/无偏离,平台已实现（详见对应功能模块）
3427,,,选择检查时间和质控标准生成二三级质控报告。报告可以导出、打印。 <!-- -->,正偏离/无偏离,平台已实现（详见对应功能模块）
3428,,,支持重点问题分析，选择检查时间、检查类型和检查标准筛选查询每个检查单中的细则发现的问题总数，按照发现问题次数倒序排序。涉及病区把所有有此类问题的科室都列举进去。点击查看可以查看发现此细则问题具体的检查记录，列举扣分原因。可以导出。,正偏离/无偏离,平台已实现（详见对应功能模块）
3429,,,支持重点人员分析。选择检查时间、检查类型和检查标准筛选查询每个检查单中的被检查人员发现的问题总数，按照发现问题合计数倒序排序。涉及病区把所有有此类问题的人员（护士长）都列举进去。按照质控的类型进行分类，点击查看可以查看发现此细则问题具体的检查记录，列举扣分原因，可以导出。,正偏离/无偏离,平台已实现（详见对应功能模块）
3430,,,支持重点科室分析。选择检查时间、检查类型和检查标准筛选查询每个检查单中的被检查科室发现的问题总数，按照发现问题合计数倒序排序。按照质控的类型进行分类，点击查看可以查看发现此细则问题具体的检查记录，列举扣分原因，可以导出。,正偏离/无偏离,平台已实现（详见对应功能模块）
3431,,,支持检查人员分析；选择检查时间、检查类型和检查标准筛选查询每个检查单中的检查者发现的问题总数，按照发现问题合计数倒序排序；按照质控的类型进行分类，点击查看可以查看发现此细则问题具体的检查记录，列举扣分原因，可以导出。,正偏离/无偏离,平台已实现（详见对应功能模块）
3432,,,支持得分分析；可以查看时间段内各表单和科室的得分趋势分析，可导出数据。,正偏离/无偏离,平台已实现（详见对应功能模块）
3433,,,支持持续改进分析；可以根据检查时间、检查标准生成检查内容、检查时间检查科室、重点问题、重点人员、根因分析记录。 **护理工作手册**,正偏离/无偏离,平台已实现（详见对应功能模块）
3434,,,支持护理人力资源配置与管理、护理工作计划与总结、护理质量管理、护理教学管理、护理科研管理、护理文化建设、大事/特殊事件记录、其他工作手册等功能模块。工作手册管理模拟医院纸质护士长手册，记录内容可提交、上传护理部，加强护士长对病房的护理监督，提高护理质量，使全院护理管理到达标准化，便于护理部对护士长工作的督促检查和指导。 <!-- -->,正偏离/无偏离,平台已实现（详见对应功能模块）
3435,,,支持护理人员基本信息一览、护理人力资源管理统计、护理人员夜班及节假日值班统计、护理人力资源调配记录等统计信息的记录。 <!-- -->,正偏离/无偏离,平台已实现（详见对应功能模块）
3436,,,支持年度工作计划、季度护理工作计划、月度护理工作计划、半年总结/年度总结记录、年度工作总结记录的填写。 <!-- -->,正偏离/无偏离,平台已实现（详见对应功能模块）
3437,,,支持科室工作量统计、护理敏感质量指标监测结果、护理不良事件统计、输液（血）反应及处理情况登记、护理查房/疑难病例讨论登记的填写。 <!-- -->,正偏离/无偏离,平台已实现（详见对应功能模块）
3438,,,支持科室业务学历计划及完成情况登记、护理技术操作培训/考核登记、护理技术操作考核评分、理论考试成绩登记、护士规范化培训学员临床护理教学登记、专科护士临床护理教学登记、进修护士临床护理教学登记、见习护士临床护理教学登记、实习护士临床护理教学登记、接待参观/来访登记、外出学习/参会登记的填写。 <!-- -->,正偏离/无偏离,平台已实现（详见对应功能模块）
3439,,,支持护理科研论文发表登记、护理科研论文交流登记、护理专利登记、护理科研项目登记、护理新业务/新技术/技术革新登记、学术著作登记、护理情况年度汇总表的填写。 <!-- -->,正偏离/无偏离,平台已实现（详见对应功能模块）
3440,,,支持特色文化建设登记、工休（护患沟通）会议记录、护士长沟通记录的填写。 <!-- -->,待复核,初评未匹配，须项目组逐条人工确认
3441,,,支持大事/特殊事件和其他事件的填写。 **护理敏感指标**,正偏离/无偏离,平台已实现（详见对应功能模块）
3442,,,支持根据实际需求预先设定敏感指标，例如：床护比、平均每日护患比、住院患者24小时平均护理时数、护士离职率、住院患者跌倒发生率、院内压疮发生率等。系统可结合相关数据进行指标结果的自动分析统计，实现系统自动跟踪的智能护理管理。,正偏离/无偏离,平台已实现（详见对应功能模块）
3443,,,支持敏感指标的指标定义、指标说明和指标计算方法的维护。,正偏离/无偏离,平台已实现（详见对应功能模块）
3444,,,支持敏感指标填报表单和指标之间的绑定和填报科室的授权管理。,正偏离/无偏离,平台已实现（详见对应功能模块）
3445,,,支持选择不同的填报表单进行数据的填报，可以按照月、季度、日进行数据的填报。,正偏离/无偏离,平台已实现（详见对应功能模块）
3446,,,填报过程中可以对比系统获取的数据，可以手动调整数据。,正偏离/无偏离,平台已实现（详见对应功能模块）
3447,,,支持通过各类统计方案查看填报的指标情况。,正偏离/无偏离,平台已实现（详见对应功能模块）
3448,,,支持指标趋势对比分析。 **临床患者管理**,正偏离/无偏离,平台已实现（详见对应功能模块）
3449,,,支持分科室查看患者卡片信息，可以通过病区、科室、病人和状态进行患者检索。,正偏离/无偏离,平台已实现（详见对应功能模块）
3450,,,支持选择患者查看患者基本信息、医嘱信息、检查信息、检验信息和手术信息。 <!-- -->,正偏离/无偏离,平台已实现（详见对应功能模块）
3451,,,支持公益派单无纸化管理，同时可根据预设条件进行人员推荐。 <!-- -->,待复核,初评未匹配，须项目组逐条人工确认
3452,,,支持对患者的投诉进行登记管理，包括投诉人信息、投诉内容、投诉日期、接诉部门、理诉部门、投诉方式等信息；支持记录投诉处理结果，查看投诉处理进度及调解情况，支持将投诉处理结果导出为EXCEL文档格式。,正偏离/无偏离,平台已实现（详见对应功能模块）
3453,,,支持对投诉记录的调解处理，包含院方代表、调解时间、调解地点、院方法律人员、患方法律人员、调解结果等信息记录。,待复核,初评未匹配，须项目组逐条人工确认
3454,,,支持对调解不成功的记录进行诉讼处理，包含诉讼结果、诉讼时间等信息记录。,待复核,初评未匹配，须项目组逐条人工确认
3455,,,支持对诉讼的投诉内容进行赔偿处理，包含赔偿执行时间、执行地点、院方代表、患方代表、第三方机构、患者法律人员等信息。,正偏离/无偏离,平台已实现（详见对应功能模块）
3456,,,支持对处理结果的记录。,待复核,初评未匹配，须项目组逐条人工确认
3457,,,支持对投诉的伦理分析，包含伦理分析的时间、地点、方式、认定记录摘要、责任人相关信息。 **统计分析**,正偏离/无偏离,平台已实现（详见对应功能模块）
3458,,,支持各类统计指标分析，如：护士分类统计、护理排班统计、护理质控统计、护理敏感指标统计、患者信息人数统计、质控合格率统计等。 <!-- -->,正偏离/无偏离,平台已实现（详见对应功能模块）
3459,,,支持护理人员职称学历统计、各科室在职人员统计、护士男女分布统计、护士职称分布统计、护士学历分布统计、护士工作年限分布统计、护士状态分布统计、护士层级分布统计、护士注销率分析、护士离职详细表。 <!-- -->,正偏离/无偏离,平台已实现（详见对应功能模块）
3460,,,支持护理夜班费用统计、工作量分值统计。 **12、护理管理移动端**,正偏离/无偏离,平台已实现（详见对应功能模块）
3461,,,移动端页面支持护理质量检查管理的移动填报，支持在线查看科室排班信息和科室指标统计信息，支持各类排班需求（排班意愿、调班申请、加扣班申请、排班申请、请假登记、改班申请、审批管理）的提交和审批。 <!-- -->,正偏离/无偏离,平台已实现（详见对应功能模块）
3462,,,支持护理质量检查和分析改进表单数量的查看。,正偏离/无偏离,平台已实现（详见对应功能模块）
3463,,,支持质量检查的操作、抽样和随机抽查等内容，如PC端。 <!-- -->,正偏离/无偏离,平台已实现（详见对应功能模块）
3464,,,支持查看科室人员信息，科室人员排班，人员排班数据与PC端同步。,正偏离/无偏离,平台已实现（详见对应功能模块）
3465,,,支持已排班记录的统计查询。,正偏离/无偏离,平台已实现（详见对应功能模块）
3466,,,支持排班需求的处理，包含人员排班意愿申请、调班申请、加扣班申请、排班申请、排班申请、请假登记、改班申请和每种申请的审批管理。 <!-- -->,正偏离/无偏离,平台已实现（详见对应功能模块）
3467,★,,支持可是人员班时、班次和质控信息的统计。 +-------------------------------+--------------------------------------------------------------------------------------------------------------------------------------------------,正偏离/无偏离,平台已实现（详见对应功能模块）
3468,,,能够包括科研动态、通知公告、学术动态等内容在内的编辑、发布、展示和附件管理；能够科研信息的展示与附件下载。 +-------------------------------------------------------------------------------------------------------------------------------------------------,待复核,初评未匹配，须项目组逐条人工确认
3469,,,"能够新增信息，选择信息类型，可选类型为\""学术动态、通知公告、科研动态\""，当选择\""信息类型\""为\""学术动态\""的时候可选二级类型\""学术讲座\""、\""主办会议\""、\""参加会议\""。 +--------------------------------------------------------------------------------------------------------",待复核,初评未匹配，须项目组逐条人工确认
3470,,,能够首页各类发布信息的分类展示，展示内容按照信息的发布时间倒序查询。 +--------------------------------------------------------------------------------------------------------------------------------------------------------------------,待复核,初评未匹配，须项目组逐条人工确认
3471,,,能够科研相关项目的新增，编辑、审核和删除管理；能够科研项目报销的登记和审核管理；科研项目、SCI论文，核心期刊论文、科技奖励、知识产权、专著、知识产权转化、继续教育项目、适宜技术推广项目、学术团体及其专委会任职、人才荣誉情况、第三方科技成果评价、外出参会情况。 +--------------------------------------------------------------------,待复核,初评未匹配，须项目组逐条人工确认
3472,,,能够科研项目的管理，包括科研项目的管理列表，不同状态下的科研项目操作。 +-------------------------------------------------------------------------------------------------------------------------------------------------------------------,待复核,初评未匹配，须项目组逐条人工确认
3473,,,"科研项目的登记管理，按照选择和填写项目填写需要的登记信息。其中经费使用情况是非填写项目，经费的总金额为\""项目拨款\""金额，已使用金额为\""报销金额合计\""，剩余金额为\""经费总金额-已使用金额\""。 +--------------------------------------------------------------------------------------------------",正偏离/无偏离,平台已实现（详见对应功能模块）
3474,,,科研项目的列表，可通过项目级别，所属学科，科研项目开始和结束时间，项目名称进行检索和过滤。 +---------------------------------------------------------------------------------------------------------------------------------------------------------,待复核,初评未匹配，须项目组逐条人工确认
3475,,,能够按照需要的信息选择并填写论文和期刊的主要内容进行保存。主要填写内容包含期刊类型、题目、第一作者、通讯作者、期刊名称、DOI、附件等资料。 +--------------------------------------------------------------------------------------------------------------------------------,待复核,初评未匹配，须项目组逐条人工确认
3476,,,显示SCI论文和核心期刊论文的展示列表，可通过科室、第一作者、课题科目和课题创建时间进行检索和过滤。 +----------------------------------------------------------------------------------------------------------------------------------------------------,正偏离/无偏离,平台已实现（详见对应功能模块）
3477,,,按照需要的信息选择并填写论文和期刊的主要内容进行保存。 +---------------------------------------------------------------------------------------------------------------------------------------------------------------------------,待复核,初评未匹配，须项目组逐条人工确认
3478,,,知识产权转化的增删改和审核操作。 +--------------------------------------------------------------------------------------------------------------------------------------------------------------------------------------,待复核,初评未匹配，须项目组逐条人工确认
3479,,,包括发明专利、实用新型专利、外观设计专利、计算机软件著作专利等相关知识产权专利的管理和录入。 +--------------------------------------------------------------------------------------------------------------------------------------------------------,待复核,初评未匹配，须项目组逐条人工确认
3480,,,显示知识产权的主要信息列表，可通过科室和专利名称等内容进行专利的筛选和过滤。 +----------------------------------------------------------------------------------------------------------------------------------------------------------------,正偏离/无偏离,平台已实现（详见对应功能模块）
3481,,,按照需要的信息选择并填写专著的主要内容进行保存。主要填写内容包含专著的图书名称、出版年份、附件、报销情况等。 +------------------------------------------------------------------------------------------------------------------------------------------------,待复核,初评未匹配，须项目组逐条人工确认
3482,,,按照需要的信息选择并填写知识产权转化的主要内容进行保存。主要填写内容包含转让项目名称、转让机构、转化经济效益、附件等资料。 +-----------------------------------------------------------------------------------------------------------------------------------------,待复核,初评未匹配，须项目组逐条人工确认
3483,,,按照需要的信息选择并填写继续教育项目的主要内容进行保存。主要填写内容包含项目编号、项目名称、主办单位、项目负责人、附件、报销情况等。 +------------------------------------------------------------------------------------------------------------------------------------,待复核,初评未匹配，须项目组逐条人工确认
3484,,,按照需要的信息选择并填写继续教育项目的主要内容进行保存。主要填写内容包含完成人、项目姓名、合作完成单位、推广形式、推广次数、推广人、附件、报销情况等。 +---------------------------------------------------------------------------------------------------------------------------,待复核,初评未匹配，须项目组逐条人工确认
3485,,,按照需要的信息选择并填写继续教育项目的主要内容进行保存。主要填写内容包含姓名、任职团体、任职职务、任职时间等资料。 +---------------------------------------------------------------------------------------------------------------------------------------------,待复核,初评未匹配，须项目组逐条人工确认
3486,,,按照需要的信息选择并填写继续教育项目的主要内容进行保存。主要填写内容包含荣誉获得年度、荣誉级别、荣誉名称、附件等资料。 +-------------------------------------------------------------------------------------------------------------------------------------------,待复核,初评未匹配，须项目组逐条人工确认
3487,,,按照需要的信息选择并填写继续教育项目的主要内容进行保存。主要填写内容项目名称、主要完成人、评价单位、评价年度、评价结论、附件等资料。 +------------------------------------------------------------------------------------------------------------------------------------,待复核,初评未匹配，须项目组逐条人工确认
3488,,,按照需要的信息选择并填写继续教育项目的主要内容进行保存。主要填写内容参会人员、会议名称、会议地点、主办单位、费用报销、附件等资料。 +-------------------------------------------------------------------------------------------------------------------------------------,待复核,初评未匹配，须项目组逐条人工确认
3489,,,能够所有科研项目的数量及报销相关费用统计查询。 +-------------------------------------------------------------------------------------------------------------------------------------------------------------------------------,正偏离/无偏离,平台已实现（详见对应功能模块）
3490,,,能够包含人员、权限、菜单、角色等相关内容的管理。 +------------------------------------------------------------------------------------------------------------------------------------------------------------------------------,正偏离/无偏离,平台已实现（详见对应功能模块）
3491,★,,+-------------------------------+-----------------------------------------------------------------------------------------------------------------------------------------------------------------------,待复核,初评未匹配，须项目组逐条人工确认
3492,,,用户可自由选择年度、季度、月份等时间范围，系统即时统计待上报、已上报、已排除的数据量，并自动计算上报率、及时率等关键指标，为医院单病种上报工作的效率评估提供量化依据。 +-------------------------------------------------------------------------------------------------------------------,正偏离/无偏离,平台已实现（详见对应功能模块）
3493,,,系统严格遵循国家单病种提取规则，具备智能筛选能力，可通过对接HIS病案系统或Web病案系统，从出院的患者数据中，精准识别出符合上报条件的病种病人列表。 +---------------------------------------------------------------------------------------------------------------------------,正偏离/无偏离,平台已实现（详见对应功能模块）
3494,,,自动抓取患者基本信息，如姓名、性别、年龄、住院号等，以及财务数据，包括总费用、自付费用、一般医疗服务费等，减少人工录入工作量。 +---------------------------------------------------------------------------------------------------------------------------------------,正偏离/无偏离,平台已实现（详见对应功能模块）
3495,,,"用户可根据实际情况，选择直接提交填报数据，或对无需上报的病例标记为""无需上报""。支持填写具体原因以便后续追溯。 +-----------------------------------------------------------------------------------------------------------------------------------------------",正偏离/无偏离,平台已实现（详见对应功能模块）
3496,,,支持完整记录每一条数据的处理过程，包括操作时间、操作人、操作类型等信息，形成详细的操作日志。 +--------------------------------------------------------------------------------------------------------------------------------------------------------,待复核,初评未匹配，须项目组逐条人工确认
3497,,,对于系统无法自动采集的数据，提供便捷的手动填报界面。 +----------------------------------------------------------------------------------------------------------------------------------------------------------------------------,正偏离/无偏离,平台已实现（详见对应功能模块）
3498,,,未填报的数据项以醒目的渐变浅红背景色突出显示，同时在页面侧边栏提供未填报数据导航，用户点击即可快速定位到相应数据项。 +--------------------------------------------------------------------------------------------------------------------------------------------,正偏离/无偏离,平台已实现（详见对应功能模块）
3499,,,用户可通过筛选条件，如时间范围、病种类型、提交人等多种维度，快速过滤出需要审核的数据。 +-----------------------------------------------------------------------------------------------------------------------------------------------------------,正偏离/无偏离,平台已实现（详见对应功能模块）
3500,,,系统支持批量审核与多级审核流程，满足不同医院的审核管理需求。 +------------------------------------------------------------------------------------------------------------------------------------------------------------------------,待复核,初评未匹配，须项目组逐条人工确认
3501,,,审核人员在审核过程中，可查看数据的原始填报信息。 +------------------------------------------------------------------------------------------------------------------------------------------------------------------------------,正偏离/无偏离,平台已实现（详见对应功能模块）
3502,,,对审核通过的数据，可根据实际需求自定义显示列，如仅显示关键指标或展示详细数据。 +---------------------------------------------------------------------------------------------------------------------------------------------------------------,正偏离/无偏离,平台已实现（详见对应功能模块）
3503,,,用户可查看已通过审核、等待上报的数据。 +-----------------------------------------------------------------------------------------------------------------------------------------------------------------------------------,正偏离/无偏离,平台已实现（详见对应功能模块）
3504,,,支持灵活的上报方式，包括单个上报、批量上报以及自动上报功能。自动上报模式下，系统将数据先传输至前置机，由前置机按照国家平台的接口规范和数据格式要求，将数据准确无误地上报至国家平台。 +------------------------------------------------------------------------------------------------------------,正偏离/无偏离,平台已实现（详见对应功能模块）
3505,,,拥有单病种指标采集情况监测，及时发现异常采集或者发生变更的数据。 +----------------------------------------------------------------------------------------------------------------------------------------------------------------------,正偏离/无偏离,平台已实现（详见对应功能模块）
3506,,,避免漏填等数据资料，拥有单病种指标填报情况监测。 +------------------------------------------------------------------------------------------------------------------------------------------------------------------------------,正偏离/无偏离,平台已实现（详见对应功能模块）
3507,,,对单病种指标上报情况监测，对纳入单病种管控的病例进行漏报监测，获取时对照规则，上报时再次核对。 +-------------------------------------------------------------------------------------------------------------------------------------------------------,正偏离/无偏离,平台已实现（详见对应功能模块）
3508,,,在疾病动作管理模块中，系统将患者入院后医务人员的所有医疗处置行为，拆解为多个独立的动作单元进行精细化管理。 +-------------------------------------------------------------------------------------------------------------------------------------------------,正偏离/无偏离,平台已实现（详见对应功能模块）
3509,,,支持定义多种类型的动作，包括关联类动作（如与特定检查项目关联的操作）、非关联类动作（如病情评估操作）等。同时，可设置动作的执行属性，如一次性动作和可重复性动作。 +----------------------------------------------------------------------------------------------------------------------,正偏离/无偏离,平台已实现（详见对应功能模块）
3510,,,户还能为每个动作设置对应的应用场景和应用终端（如医生工作站、护士站终端），确保动作定义与实际业务场景紧密贴合。 +-----------------------------------------------------------------------------------------------------------------------------------------------,待复核,初评未匹配，须项目组逐条人工确认
3511,,,疾病动作关联模块实现了疾病类型与已定义动作的深度绑定，构建起完整的疾病全过程管理模型。 +-----------------------------------------------------------------------------------------------------------------------------------------------------------,待复核,初评未匹配，须项目组逐条人工确认
3512,,,根据不同疾病类型的特点，关联相应的动作序列，明确动作在疾病诊疗过程中的参考执行顺序和要求。 +---------------------------------------------------------------------------------------------------------------------------------------------------------,待复核,初评未匹配，须项目组逐条人工确认
3513,,,支持将动作与业务表单进行关联，当执行相关动作时，自动触发业务表单的数据采集，实现数据的实时、准确录入。 +---------------------------------------------------------------------------------------------------------------------------------------------------,待复核,初评未匹配，须项目组逐条人工确认
3514,,,业务表单的内容元素项或值域可进一步关联通过接口关联医嘱信息，包括检查、检验、手术、病理等各类医嘱，确保医嘱执行与数据采集的无缝对接。 +------------------------------------------------------------------------------------------------------------------------------------,正偏离/无偏离,平台已实现（详见对应功能模块）
3515,,,支持设置自动提醒功能，及时提醒相关人员执行动作。 +------------------------------------------------------------------------------------------------------------------------------------------------------------------------------,正偏离/无偏离,平台已实现（详见对应功能模块）
3516,,,支持业务系统根据病种挂载相应的病种动作，确保各业务环节紧密围绕病种管理要求开展工作。 +------------------------------------------------------------------------------------------------------------------------------------------------------------,待复核,初评未匹配，须项目组逐条人工确认
3517,,,在调用过程中，系统可根据配置自动与临床路径进行匹配，为患者提供个性化的诊疗方案。 +--------------------------------------------------------------------------------------------------------------------------------------------------------------,正偏离/无偏离,平台已实现（详见对应功能模块）
3518,,,对于配置了病历生成功能的动作，系统将自动生成相关病历内容，无需医护人员手动录入。 +--------------------------------------------------------------------------------------------------------------------------------------------------------------,正偏离/无偏离,平台已实现（详见对应功能模块）
3519,,,在业务终端（如医生工作站、护士站）集成展示单病种过程管理内容和执行情况，方便医护人员实时掌握患者诊疗进度，及时调整治疗方案，提升医疗服务质量和效率。 +----------------------------------------------------------------------------------------------------------------------------,正偏离/无偏离,平台已实现（详见对应功能模块）
3520,,,对于不同单病种，配置不同的指标数据来源数据库以适应指标来源于不同的业务系统。 +----------------------------------------------------------------------------------------------------------------------------------------------------------------,正偏离/无偏离,平台已实现（详见对应功能模块）
3521,,,可通过数据来源配置实现指标数据的自动采集，即支持通过接口与病案首页、lis、pacs、his进行数据对接，获取部分指标。 +------------------------------------------------------------------------------------------------------------------------------------------,正偏离/无偏离,平台已实现（详见对应功能模块）
3522,,,保障数据填报的规范性和安全性，系统提供精细的填报权限分配功能。管理员可根据医院科室设置、人员岗位职责等因素，为不同用户分配特定病种的填报权限。 +-------------------------------------------------------------------------------------------------------------------------------,正偏离/无偏离,平台已实现（详见对应功能模块）
3523,,,医院可根据自身实际业务开展情况，在系统中自主管理单病种，对于国家规定需要上报的病种，可通过开关按钮快速设置是否开启上报功能。在设置过程中，系统提供详细的病种说明和上报要求提示，帮助医院准确把握政策要求，合理调整上报策略。 +----------------------------------------------------------------------------------------,正偏离/无偏离,平台已实现（详见对应功能模块）
3524,,,除国家平台提供的标准单病种外，系统支持医院进行普病扩展。医院可自定义新增普通病种，并设置相应的指征条件，如诊断标准、手术标准通过这种方式，医院能够将更多符合管理需求的病种纳入医院自己的上报管理体系，实现对医院特色病种的个性化管理。 +-----------------------------------------------------------------------------------,正偏离/无偏离,平台已实现（详见对应功能模块）
3525,,,支持按多种规则与维度对单病种质量控制指标进行分析，包括上报数量、均次费用、上报率、病死率、并发症率等。例如，通过对比不同科室、不同时间段的单病种上报率，评估各科室的工作效率。 +---------------------------------------------------------------------------------------------------------------,正偏离/无偏离,平台已实现（详见对应功能模块）
3526,,,通过分析均次费用与资源消耗的关系，优化医疗资源配置。 +----------------------------------------------------------------------------------------------------------------------------------------------------------------------------,待复核,初评未匹配，须项目组逐条人工确认
3527,,,系统提供统计报告导出功能，用户可根据需求自定义报告内容和格式，生成专业的统计分析报告，为医院决策提供有力的数据支持。 +--------------------------------------------------------------------------------------------------------------------------------------------,正偏离/无偏离,平台已实现（详见对应功能模块）
3528,,,用户可根据实际需求，按病种及出院时间范围，导出对应病种的上报数据，便于用户进行后续的数据处理和分析。 +----------------------------------------------------------------------------------------------------------------------------------------------------,正偏离/无偏离,平台已实现（详见对应功能模块）
3529,★,,+-------------------------------+-----------------------------------------------------------------------------------------------------------------------------------------------------------------------,待复核,初评未匹配，须项目组逐条人工确认
3530,,,能够按身份证号进行身份数据资料识别。 +----------------------------------------------------------------------------------------+,待复核,初评未匹配，须项目组逐条人工确认
3531,,,能够手工录入或读取身份证等卡数据资料高效快速建立。 +----------------------------------------------------------------------------------------+ 主索引管控 +----------------------------------------------------------------------------,正偏离/无偏离,平台已实现（详见对应功能模块）
3532,,,拥有患者主索引管控功能，为患者建立唯一标识。 +----------------------------------------------------------------------------------------+,正偏离/无偏离,平台已实现（详见对应功能模块）
3533,,,能够设置主索引判定项目权重。 +----------------------------------------------------------------------------------------+,正偏离/无偏离,平台已实现（详见对应功能模块）
3534,,,能够对相似度较高的数据资料进行合并。 +----------------------------------------------------------------------------------------+,待复核,初评未匹配，须项目组逐条人工确认
3535,,,主索引管控时能够显示门诊就诊审计记录和住院审计记录。 +----------------------------------------------------------------------------------------+ 卡管控 +-----------------------------------------------------------------------------,正偏离/无偏离,平台已实现（详见对应功能模块）
3536,,,能够连接身份证读卡器进行身份证数据资料读取。 +----------------------------------------------------------------------------------------+,待复核,初评未匹配，须项目组逐条人工确认
3537,,,能够卡的新建、注销、启用、停用等行为。 +----------------------------------------------------------------------------------------+,待复核,初评未匹配，须项目组逐条人工确认
3538,,,能够对卡进行挂失，补办等功能。 +----------------------------------------------------------------------------------------+,待复核,初评未匹配，须项目组逐条人工确认
3539,,,能够设置卡的生效日期和实效日期。 +----------------------------------------------------------------------------------------+ 账户管控 +--------------------------------------------------------------------------------------,待复核,初评未匹配，须项目组逐条人工确认
3540,,,无应当二次排队缴费，患者提前预交费用，拥有一卡通充值功能，后续就诊环节直接扣费。 +----------------------------------------------------------------------------------------+,正偏离/无偏离,平台已实现（详见对应功能模块）
3541,,,能够一个充值账户多人使用。 +----------------------------------------------------------------------------------------+,待复核,初评未匹配，须项目组逐条人工确认
3542,,,能够重置和更新卡密码。 +----------------------------------------------------------------------------------------+,正偏离/无偏离,平台已实现（详见对应功能模块）
3543,,,能够浏览卡的交易明细数据资料。 +----------------------------------------------------------------------------------------+,待复核,初评未匹配，须项目组逐条人工确认
3544,,,能够卡账户退现和转账功能。 +----------------------------------------------------------------------------------------+,待复核,初评未匹配，须项目组逐条人工确认
3545,,,能够一卡通交款生成及检索。 +----------------------------------------------------------------------------------------+ 黑名单管控 +----------------------------------------------------------------------------------------,待复核,初评未匹配，须项目组逐条人工确认
3546,,,并审计记录不良原因等数据资料，能够进行黑名单管控。 +----------------------------------------------------------------------------------------+,正偏离/无偏离,平台已实现（详见对应功能模块）
3547,,,能够对黑名单进行取消。 +----------------------------------------------------------------------------------------+ +----------------------------------------------------------------------------------------+,待复核,初评未匹配，须项目组逐条人工确认
3548,★,,+-------------------------------+-----------------------------------------------------------------------------------------------------------------------------------------------------------------------,待复核,初评未匹配，须项目组逐条人工确认
3549,,,拥有挂号时新病人建档功能。 +------------------------------------------------------------------------------------------------------------------------------------------+ 挂号号源管控 +-------------------------------------,正偏离/无偏离,平台已实现（详见对应功能模块）
3550,,,拥有挂号号源选择功能。 +------------------------------------------------------------------------------------------------------------------------------------------+,正偏离/无偏离,平台已实现（详见对应功能模块）
3551,,,能够设置提前时间（默认提前半天挂号），拥有提前挂号的功能，即能够挂当前值班类别之后的号。 +------------------------------------------------------------------------------------------------------------------------------------------+,正偏离/无偏离,平台已实现（详见对应功能模块）
3552,,,拥有晚上挂号功能，能够设置要求晚班启用后才能挂号。 +------------------------------------------------------------------------------------------------------------------------------------------+,正偏离/无偏离,平台已实现（详见对应功能模块）
3553,,,超过挂号限额则不准许再挂号，拥有科室/医生挂号限额的管控功能。 +------------------------------------------------------------------------------------------------------------------------------------------+,正偏离/无偏离,平台已实现（详见对应功能模块）
3554,,,"提供医生门诊就诊排班功能,实现号源按时段分配。 +------------------------------------------------------------------------------------------------------------------------------------------+",正偏离/无偏离,平台已实现（详见对应功能模块）
3555,,,实现号源的实时同步，确保各挂号渠道显示的号源信息准确、一致。 +------------------------------------------------------------------------------------------------------------------------------------------+ 挂号处理操作 +--------------------,正偏离/无偏离,平台已实现（详见对应功能模块）
3556,,,挂号类型包括普通门诊、急诊门诊、专家门诊、专科门诊、体检门诊等，能够当前门诊业务流程下能够行为所有的挂号类型，显示当天的排班情况。 +-------------------------------------------------------------------------------------------------------------------------------------,正偏离/无偏离,平台已实现（详见对应功能模块）
3557,,,专家科室能挂指定医生的号，能够普通科室挂号、专家科室挂号。 +------------------------------------------------------------------------------------------------------------------------------------------+,正偏离/无偏离,平台已实现（详见对应功能模块）
3558,,,予以完成通过科室、医生拼音码、五笔、角形码高效快速定位挂号科室或医生。 +------------------------------------------------------------------------------------------------------------------------------------------+,正偏离/无偏离,平台已实现（详见对应功能模块）
3559,,,本次收费按所选择保险计划进行结算处理操作，能够挂号员在挂号界面随时切换病人保险计划。 +------------------------------------------------------------------------------------------------------------------------------------------+,正偏离/无偏离,平台已实现（详见对应功能模块）
3560,,,拥有节假日不同挂号价格的处理操作。 +------------------------------------------------------------------------------------------------------------------------------------------+,正偏离/无偏离,平台已实现（详见对应功能模块）
3561,,,也能够手工补打挂号单和结算发票，能够挂号结算予以完成自动化打印就诊指引单、结算发票。 +------------------------------------------------------------------------------------------------------------------------------------------+,正偏离/无偏离,平台已实现（详见对应功能模块）
3562,,,能够6周岁以下儿童不同挂号价格费用的处理操作。 +------------------------------------------------------------------------------------------------------------------------------------------+,正偏离/无偏离,平台已实现（详见对应功能模块）
3563,,,能够挂号费用结算多种付款方式混合支付。 +------------------------------------------------------------------------------------------------------------------------------------------+,正偏离/无偏离,平台已实现（详见对应功能模块）
3564,,,能够常用功能的快捷键行为。 +------------------------------------------------------------------------------------------------------------------------------------------+,待复核,初评未匹配，须项目组逐条人工确认
3565,,,结算予以完成，同一个病人能够连续挂多个科室/医生号，能够连续挂号功能，患者数据资料不清空。 +------------------------------------------------------------------------------------------------------------------------------------------+,正偏离/无偏离,平台已实现（详见对应功能模块）
3566,,,能够跨机构挂号。 +------------------------------------------------------------------------------------------------------------------------------------------+,正偏离/无偏离,平台已实现（详见对应功能模块）
3567,,,能够口腔医院按专病的挂号模式。 +------------------------------------------------------------------------------------------------------------------------------------------+,正偏离/无偏离,平台已实现（详见对应功能模块）
3568,,,支持多种支付方式，如现金、银行卡、微信支付、支付宝支付、医保支付等，方便患者缴费。 +------------------------------------------------------------------------------------------------------------------------------------------+ 预约取号 +-----------,正偏离/无偏离,平台已实现（详见对应功能模块）
3569,,,有效数据资料校验后予以完成预约取号的功能，拥有根据病人联系电话、身份证等数据资料获取预约数据资料。 +------------------------------------------------------------------------------------------------------------------------------------------+,正偏离/无偏离,平台已实现（详见对应功能模块）
3570,,,患者可预约未来\[X\]天内的门诊号源，精确到具体时段（如每半小时为一个时段）。 +------------------------------------------------------------------------------------------------------------------------------------------+,正偏离/无偏离,平台已实现（详见对应功能模块）
3571,,,提供智能推荐功能，根据患者输入的症状或疾病，为患者推荐合适的科室和医生。 +------------------------------------------------------------------------------------------------------------------------------------------+,正偏离/无偏离,平台已实现（详见对应功能模块）
3572,,,患者预约成功后，系统自动发送预约确认短信或微信消息，包含就诊时间、地点、注意事项等信息。 +------------------------------------------------------------------------------------------------------------------------------------------+,正偏离/无偏离,平台已实现（详见对应功能模块）
3573,,,支持患者在线取消预约，且在就诊前\[X\]小时前取消不记违约。对于多次爽约的患者，系统进行限制预约的处理。 +------------------------------------------------------------------------------------------------------------------------------------------+ +----,正偏离/无偏离,平台已实现（详见对应功能模块）
3574,,,初诊的义诊病人只收取病历费，拥有义诊功能，复诊的义诊病人不收取任何费用。 +------------------------------------------------------------------------------------------------------------------------------------------+,正偏离/无偏离,平台已实现（详见对应功能模块）
3575,,,按优惠后结算，不同患者绑定不同减免类型，结算时能够自动化计算优惠后金额，能够减免类型管控，拥有减免功能。 +------------------------------------------------------------------------------------------------------------------------------------------+,正偏离/无偏离,平台已实现（详见对应功能模块）
3576,,,拥有挂号费优惠能够设置功能，例如本院职工减免、临床试验减免、60岁以上老人挂号费减半等。 +------------------------------------------------------------------------------------------------------------------------------------------+ 退号换号 +--------,正偏离/无偏离,平台已实现（详见对应功能模块）
3577,,,退号能够连续行为，能够退号处理操作。 +------------------------------------------------------------------------------------------------------------------------------------------+,待复核,初评未匹配，须项目组逐条人工确认
3578,,,能够换号处理操作，病人到医生站就诊前能够进行转科。 +------------------------------------------------------------------------------------------------------------------------------------------+ 挂号限制 +---------------------------,正偏离/无偏离,平台已实现（详见对应功能模块）
3579,,,能够专科做个性化挂号设置并在挂号中做限制，比如年龄、性别限制等。 +------------------------------------------------------------------------------------------------------------------------------------------+ 挂号检索 +--------------------,正偏离/无偏离,平台已实现（详见对应功能模块）
3580,,,能够挂号员浏览今日挂号历史和挂号历史总体情况。 +------------------------------------------------------------------------------------------------------------------------------------------+,正偏离/无偏离,平台已实现（详见对应功能模块）
3581,,,展示医院各科室、医生的简介、擅长领域、出诊时间、患者满意度等信息，方便患者选择。 +------------------------------------------------------------------------------------------------------------------------------------------+,正偏离/无偏离,平台已实现（详见对应功能模块）
3582,,,提供门诊排班表的查询功能，患者可以查看医生的出诊安排。 +------------------------------------------------------------------------------------------------------------------------------------------+,正偏离/无偏离,平台已实现（详见对应功能模块）
3583,,,实时显示各科室的号源剩余情况，方便患者了解就诊的紧张程度。 +------------------------------------------------------------------------------------------------------------------------------------------+,正偏离/无偏离,平台已实现（详见对应功能模块）
3584,★,,+-------------------------------+-----------------------------------------------------------------------------------------------------------------------------------------------------------------------,待复核,初评未匹配，须项目组逐条人工确认
3585,,,能够自动化调入患者就诊相关的费用数据资料，患者身份识别后，进行收费结算。 +------------------------------------------------------------------------------------------------------------------------------------------------------------------,正偏离/无偏离,平台已实现（详见对应功能模块）
3586,,,能够统一账户管控能够信用就医业务流程，拥有患者信用额度的更新功能，在信用额度中。 +--------------------------------------------------------------------------------------------------------------------------------------------------------------,正偏离/无偏离,平台已实现（详见对应功能模块）
3587,,,能够不同优惠类型，如临床试验、本院职工、义诊，能够在结算时扣减优惠金额结算。 +----------------------------------------------------------------------------------------------------------------------------------------------------------------,正偏离/无偏离,平台已实现（详见对应功能模块）
3588,,,能够医院优惠、现金、医保账户、储值金余额、微信等不同方式混合支付。 +---------------------------------------------------------------------------------------------------------------------------------------------------------------------,正偏离/无偏离,平台已实现（详见对应功能模块）
3589,,,能够多条就诊业务流程合并结算。 +---------------------------------------------------------------------------------------------------------------------------------------------------------------------------------------,正偏离/无偏离,平台已实现（详见对应功能模块）
3590,,,能够收费凭证、发票、指引单等多种单据的打印、补打、作废重打等。 +-----------------------------------------------------------------------------------------------------------------------------------------------------------------------,正偏离/无偏离,平台已实现（详见对应功能模块）
3591,,,提供合规的电子发票对接。 +------------------------------------------------------------------------------------------------------------------------------------------------------------------------------------------,正偏离/无偏离,平台已实现（详见对应功能模块）
3592,,,支持发票作废、重打等操作，并记录相关操作日志。 +-------------------------------------------------------------------------------------------------------------------------------------------------------------------------------,正偏离/无偏离,平台已实现（详见对应功能模块）
3593,,,四舍五入结算，当支付的总金额和应当缴款不相等时，差额要求审计记录货币误差，能够货币误差功能。 +--------------------------------------------------------------------------------------------------------------------------------------------------------,正偏离/无偏离,平台已实现（详见对应功能模块）
3594,,,且当所有窗口排队都空闲时能平均分配处方到发药窗口，能够药品费用收费时，自动化智能化分配处方到排队最少的发药窗口。 +----------------------------------------------------------------------------------------------------------------------------------------------,正偏离/无偏离,平台已实现（详见对应功能模块）
3595,,,能够已结算的费用由门诊转入住院费用的功能。 +---------------------------------------------------------------------------------------------------------------------------------------------------------------------------------,正偏离/无偏离,平台已实现（详见对应功能模块）
3596,,,给医院进行医保嵌入，予以完成医保结算，拥有医保连接。 +----------------------------------------------------------------------------------------------------------------------------------------------------------------------------,正偏离/无偏离,平台已实现（详见对应功能模块）
3597,,,自动化扣减相应药房的财务库存。 +---------------------------------------------------------------------------------------------------------------------------------------------------------------------------------------,正偏离/无偏离,平台已实现（详见对应功能模块）
3598,,,拥有全部退费和部分退费功能。 +----------------------------------------------------------------------------------------------------------------------------------------------------------------------------------------,正偏离/无偏离,平台已实现（详见对应功能模块）
3599,,,拥有当日和隔日退费功能。 +------------------------------------------------------------------------------------------------------------------------------------------------------------------------------------------,正偏离/无偏离,平台已实现（详见对应功能模块）
3600,,,拥有退费业务规则控制功能，由医生发起申请，药房、医技科室审批后才能够退费。 +-----------------------------------------------------------------------------------------------------------------------------------------------------------------,正偏离/无偏离,平台已实现（详见对应功能模块）
3601,,,能够多种退款方式：医院优惠、储值金余额、医保账户、现金、支票、银行卡、支付宝、微信。 +------------------------------------------------------------------------------------------------------------------------------------------------------------,正偏离/无偏离,平台已实现（详见对应功能模块）
3602,,,也能够选择其他退款方式，能够默认按原发票付款路径退回。 +---------------------------------------------------------------------------------------------------------------------------------------------------------------------------,正偏离/无偏离,平台已实现（详见对应功能模块）
3603,,,能够结算后直接作废同时变更保险计划重新结算。 +--------------------------------------------------------------------------------------------------------------------------------------------------------------------------------,正偏离/无偏离,平台已实现（详见对应功能模块）
3604,,,收费数据资料包括收款数据资料、费用数据资料、票据数据资料；能够显示本次结账的挂号结算、挂号票据、收费结算、收费票据和储值金的明细数据资料；，对行为员当日的收费数据资料进行结账的功能，拥有按结账类型、起始终止时间，能够门诊个人结账检索。 +---------------------------------------------------------------------------------,正偏离/无偏离,平台已实现（详见对应功能模块）
3605,,,能够门诊结账检索，能够按结账类型、起止时间检索门诊结账的明细数据资料。 +-------------------------------------------------------------------------------------------------------------------------------------------------------------------,待复核,初评未匹配，须项目组逐条人工确认
3606,,,能够门诊汇总结账；能够按门诊收费部门、起止时间，检索挂号收费数据资料、应当收金额、账户数据资料等内容；能够按照储值金、现金、微信、支付宝、聚合支付、银行卡等类型分别汇总应当收金额。 +------------------------------------------------------------------------------------------------------------,正偏离/无偏离,平台已实现（详见对应功能模块）
3607,,,能够门诊结账检索；能够按照结账类型、起止时间，进行结账时间和结账状态的检索。 +----------------------------------------------------------------------------------------------------------------------------------------------------------------,待复核,初评未匹配，须项目组逐条人工确认
3608,,,能够结账作废和结账打印功能。 +----------------------------------------------------------------------------------------------------------------------------------------------------------------------------------------,正偏离/无偏离,平台已实现（详见对应功能模块）
3609,,,通过后台功能予以完成，能够自动化结账模式。 +---------------------------------------------------------------------------------------------------------------------------------------------------------------------------------,待复核,初评未匹配，须项目组逐条人工确认
3610,★,,+-------------------------------+-----------------------------------------------------------------------------------------------------------------------------------------------------------------------,待复核,初评未匹配，须项目组逐条人工确认
3611,,,支持对普通床、监护床等床位类型进行配置管理，可快速检索空闲床位并完成床位分配与调度管理。 +----------------------------------------------------------------------------------------------------------------------------------------------------------,正偏离/无偏离,平台已实现（详见对应功能模块）
3612,,,可自动记录押金金额、支付方式等关键信息，实现入院押金的规范化收取与全程管控。 +----------------------------------------------------------------------------------------------------------------------------------------------------------------,正偏离/无偏离,平台已实现（详见对应功能模块）
3613,,,提供入院患者信息查询与统计功能，支持按入院日期、所属科室等维度进行数据汇总。 +----------------------------------------------------------------------------------------------------------------------------------------------------------------,正偏离/无偏离,平台已实现（详见对应功能模块）
3614,,,能够床位的即时状态监测，包括空闲、占用等状态。 +-------------------------------------------------------------------------------------------------------------------------------------------------------------------------------,正偏离/无偏离,平台已实现（详见对应功能模块）
3615,,,支持床位调换业务办理，可记录床位调换原因、调换时间等信息并形成审计追溯。 +------------------------------------------------------------------------------------------------------------------------------------------------------------------,正偏离/无偏离,平台已实现（详见对应功能模块）
3616,,,支持床位费用标准配置与管控，可针对不同床位类型单独设定收费价格。 +----------------------------------------------------------------------------------------------------------------------------------------------------------------------,正偏离/无偏离,平台已实现（详见对应功能模块）
3617,,,可自动生成床位使用率、床位周转次数等统计报表，支持床位使用情况分析与数据处理。 +---------------------------------------------------------------------------------------------------------------------------------------------------------------,正偏离/无偏离,平台已实现（详见对应功能模块）
3618,,,支持护士为住院患者办理转科登记业务。 +------------------------------------------------------------------------------------------------------------------------------------------------------------------------------------,正偏离/无偏离,平台已实现（详见对应功能模块）
3619,,,支持录入转科原因及备注等相关信息。 +-------------------------------------------------------------------------------------------------------------------------------------------------------------------------------------,正偏离/无偏离,平台已实现（详见对应功能模块）
3620,,,支持医疗费用汇总核算、医保报销核算、个人自费金额核算，可完成患者出院结算业务。 +---------------------------------------------------------------------------------------------------------------------------------------------------------------,正偏离/无偏离,平台已实现（详见对应功能模块）
3621,,,支持出院手续一站式办理，包括出院证明打印、病历资料整理归档等操作。 +---------------------------------------------------------------------------------------------------------------------------------------------------------------------,正偏离/无偏离,平台已实现（详见对应功能模块）
3622,,,可记录随访日期、随访内容等信息，实现出院患者随访全流程管理与追溯。 +---------------------------------------------------------------------------------------------------------------------------------------------------------------------,正偏离/无偏离,平台已实现（详见对应功能模块）
3623,,,支持按出院日期、科室、疾病诊断等条件汇总数据，提供出院患者信息检索与统计功能。 +---------------------------------------------------------------------------------------------------------------------------------------------------------------,正偏离/无偏离,平台已实现（详见对应功能模块）
3624,,,支持护士为患者办理床位更换操作。 +--------------------------------------------------------------------------------------------------------------------------------------------------------------------------------------,正偏离/无偏离,平台已实现（详见对应功能模块）
3625,,,支持两名住院患者床位信息双向互换。 +-------------------------------------------------------------------------------------------------------------------------------------------------------------------------------------,正偏离/无偏离,平台已实现（详见对应功能模块）
3626,,,支持维护主管医生、责任护士、护理类型、护理等级等信息，实现患者诊疗信息实时更新。 +--------------------------------------------------------------------------------------------------------------------------------------------------------------,正偏离/无偏离,平台已实现（详见对应功能模块）
3627,,,支持护士对误入科室的患者执行取消入科操作。 +---------------------------------------------------------------------------------------------------------------------------------------------------------------------------------,正偏离/无偏离,平台已实现（详见对应功能模块）
3628,,,支持护士对不符合住院条件的患者执行取消入院操作。 +------------------------------------------------------------------------------------------------------------------------------------------------------------------------------,正偏离/无偏离,平台已实现（详见对应功能模块）
3629,,,支持护士对已办理的转科登记执行撤销操作。 +----------------------------------------------------------------------------------------------------------------------------------------------------------------------------------,正偏离/无偏离,平台已实现（详见对应功能模块）
3630,,,支持护士直接为患者办理入院登记业务。 +------------------------------------------------------------------------------------------------------------------------------------------------------------------------------------,正偏离/无偏离,平台已实现（详见对应功能模块）
3631,,,支持护士为新生儿办理专属入院登记业务。 +-----------------------------------------------------------------------------------------------------------------------------------------------------------------------------------,正偏离/无偏离,平台已实现（详见对应功能模块）
3632,,,支持对各临床科室及护理单元的床位基础信息进行统一管理。 +---------------------------------------------------------------------------------------------------------------------------------------------------------------------------,正偏离/无偏离,平台已实现（详见对应功能模块）
3633,,,支持对床位位置、床位编制类型、床位使用状态等属性进行维护与更新。 +----------------------------------------------------------------------------------------------------------------------------------------------------------------------,正偏离/无偏离,平台已实现（详见对应功能模块）
3634,,,支持床位类型分类管理，并可配置与床位类型对应的收费标准及相关费用信息。 +-------------------------------------------------------------------------------------------------------------------------------------------------------------------,正偏离/无偏离,平台已实现（详见对应功能模块）
3635,,,具备床位类型管理功能，并支持医疗机构内部床位类型使用权限分配。 +-----------------------------------------------------------------------------------------------------------------------------------------------------------------------,正偏离/无偏离,平台已实现（详见对应功能模块）
3636,,,支持对住院患者入院预缴押金、中途补缴押金、退费冲红、日终结转等环节进行全流程规范化管理与动态监控，实现预交金从收取、登记、上交的全程可追溯、可管控，确保资金流向清晰、账务准确无误。 +------------------------------------------------------------------------------------------------------------,正偏离/无偏离,平台已实现（详见对应功能模块）
3637,,,支持根据患者住院信息自动生成预交金缴纳凭证，并提供正式票据打印功能，满足财务入账、患者留存及医保核查等业务需求，保障票据管理规范统一。 +-----------------------------------------------------------------------------------------------------------------------------------,正偏离/无偏离,平台已实现（详见对应功能模块）
3638,,,支持预交金日终结算处理，可自动汇总当日预交金收支明细，生成规范的日结清单并支持打印输出，满足财务日清日结与对账管理要求。 +------------------------------------------------------------------------------------------------------------------------------------------,正偏离/无偏离,平台已实现（详见对应功能模块）
3639,,,支持按收费员、缴费时间、科室、支付方式等多种统计维度对预交金数据进行分类汇总，生成对应汇总清单并提供打印功能，满足财务核算、数据统计与管理上报需求。 +----------------------------------------------------------------------------------------------------------------------------,正偏离/无偏离,平台已实现（详见对应功能模块）
3640,,,支持规范办理住院预约全流程，可完整录入患者基础信息（姓名、性别、年龄、身份证号等）及预约核心信息（预约时间等），确保预约信息可追溯、办理规范高效。 +-----------------------------------------------------------------------------------------------------------------------------,正偏离/无偏离,平台已实现（详见对应功能模块）
3641,,,可依据入院证相关信息，合理安排患者预入院时间。 +-------------------------------------------------------------------------------------------------------------------------------------------------------------------------------,正偏离/无偏离,平台已实现（详见对应功能模块）
3642,,,支持对已提交住院预约申请的患者执行床位预约与预约取消操作。 +-------------------------------------------------------------------------------------------------------------------------------------------------------------------------,正偏离/无偏离,平台已实现（详见对应功能模块）
3643,,,支持住院患者运行情况统计，自动生成住院情况日报表，满足日常管理与数据上报需求。 +---------------------------------------------------------------------------------------------------------------------------------------------------------------,正偏离/无偏离,平台已实现（详见对应功能模块）
3644,,,支持对住院登记患者信息进行综合查询、筛选与数据统计，便于科室及管理部门实时掌握入院情况。 +----------------------------------------------------------------------------------------------------------------------------------------------------------,正偏离/无偏离,平台已实现（详见对应功能模块）
3645,,,支持住院登记患者基本信息查询、浏览与核对，包括身份信息、入院信息、病区床位等核心内容。 +-----------------------------------------------------------------------------------------------------------------------------------------------------------,正偏离/无偏离,平台已实现（详见对应功能模块）
3646,,,提供病区日报数据的手工录入、编辑、保存与查看功能，实现病区日常运营数据的规范化管理。 +------------------------------------------------------------------------------------------------------------------------------------------------------------,待复核,初评未匹配，须项目组逐条人工确认
3647,,,支持各类住院参保人员基本信息查询、参保状态核对及入出院明细查询，满足医保管理与结算要求。 +----------------------------------------------------------------------------------------------------------------------------------------------------------,正偏离/无偏离,平台已实现（详见对应功能模块）
3648,★,,+-------------------------------+-----------------------------------------------------------------------------------------------------------------------------------------------------------------------,待复核,初评未匹配，须项目组逐条人工确认
3649,,,支持通过住院号快速提取并匹配住院患者基本信息，完成住院预交金的交款登记、核对与确认。 +------------------------------------------------------------------------------------------------------------------------------------------------------------,正偏离/无偏离,平台已实现（详见对应功能模块）
3650,,,支持住院预交金收款收据的打印与补打，满足财务票据管理要求。 +-------------------------------------------------------------------------------------------------------------------------------------------------------------------------,正偏离/无偏离,平台已实现（详见对应功能模块）
3651,,,支持预交金冲红操作，可对错误交款记录进行冲销处理，确保账务准确。 +----------------------------------------------------------------------------------------------------------------------------------------------------------------------,待复核,初评未匹配，须项目组逐条人工确认
3652,,,支持收费员对患者住院预交金进行上交登记、核对与确认等相关操作。 +-----------------------------------------------------------------------------------------------------------------------------------------------------------------------,正偏离/无偏离,平台已实现（详见对应功能模块）
3653,,,支持展示预交金上交的明细记录及按条件汇总统计信息，便于账务核对与管理。 +-------------------------------------------------------------------------------------------------------------------------------------------------------------------,正偏离/无偏离,平台已实现（详见对应功能模块）
3654,,,支持对预交金上交明细及汇总数据进行查询、预览与打印输出，满足财务存档与对账需求。 +--------------------------------------------------------------------------------------------------------------------------------------------------------------,正偏离/无偏离,平台已实现（详见对应功能模块）
3655,,,支持按收费员、缴费时间段等条件进行精准查询，具备完善的预交金信息检索与筛选功能。 +--------------------------------------------------------------------------------------------------------------------------------------------------------------,正偏离/无偏离,平台已实现（详见对应功能模块）
3656,,,能够交款报表的补打功能。 +------------------------------------------------------------------------------------------------------------------------------------------------------------------------------------------,正偏离/无偏离,平台已实现（详见对应功能模块）
3657,,,提供病人住院期间的中途结算和出院总结算，以及病人出院后再召回计算费用。 +-------------------------------------------------------------------------------------------------------------------------------------------------------------------,正偏离/无偏离,平台已实现（详见对应功能模块）
3658,,,支持出院结算发票的正常打印与补打，支持票据重打、补打日志留痕。 +-----------------------------------------------------------------------------------------------------------------------------------------------------------------------,正偏离/无偏离,平台已实现（详见对应功能模块）
3659,,,支持出院结算明细清单与汇总清单的查询、预览及打印输出。 +---------------------------------------------------------------------------------------------------------------------------------------------------------------------------,正偏离/无偏离,平台已实现（详见对应功能模块）
3660,,,支持患者完成出院结账后，按流程进行出院召回、重新结算等业务操作。 +----------------------------------------------------------------------------------------------------------------------------------------------------------------------,正偏离/无偏离,平台已实现（详见对应功能模块）
3661,,,支持新生儿诊疗费用随母亲住院账户统一合并结算，无需单独开立账户，简化结算流程，便于费用核对与出院一并办理。 +-------------------------------------------------------------------------------------------------------------------------------------------------,正偏离/无偏离,平台已实现（详见对应功能模块）
3662,,,支持现金、银行卡、微信、支付宝、医保等多种支付方式结算。 +--------------------------------------------------------------------------------------------------------------------------------------------------------------------------,正偏离/无偏离,平台已实现（详见对应功能模块）
3663,,,能够按收费员、结算时间、患者信息、结算方式、住院科室等多种筛选条件，对出院结账审计记录进行精准检索与查询。 +-------------------------------------------------------------------------------------------------------------------------------------------------,正偏离/无偏离,平台已实现（详见对应功能模块）
3664,,,支持对已完成结算的患者，提供发票补打、结算召回等相关业务处理。 +-----------------------------------------------------------------------------------------------------------------------------------------------------------------------,正偏离/无偏离,平台已实现（详见对应功能模块）
3665,,,支持收费员对出院结算款项进行核对、汇总与上交操作。 +-----------------------------------------------------------------------------------------------------------------------------------------------------------------------------,正偏离/无偏离,平台已实现（详见对应功能模块）
3666,,,能够打印上交明细数据资料。 +-----------------------------------------------------------------------------------------------------------------------------------------------------------------------------------------,正偏离/无偏离,平台已实现（详见对应功能模块）
3667,,,可按收费员、上交时间段、结算状态等多种条件，精准检索并查询结账上交记录。 +------------------------------------------------------------------------------------------------------------------------------------------------------------------,正偏离/无偏离,平台已实现（详见对应功能模块）
3668,,,可对结账上交记录进行明细导出、汇总报表生成及批量打印，满足财务归档、内部核查与审计留痕需求。 +--------------------------------------------------------------------------------------------------------------------------------------------------------,正偏离/无偏离,平台已实现（详见对应功能模块）
3669,,,能够检索汇总收费员住院结账明细审计记录，包括未上交和已上交。 +------------------------------------------------------------------------------------------------------------------------------------------------------------------------,正偏离/无偏离,平台已实现（详见对应功能模块）
3670,,,支持出院结算及相关结账记录的数据导出、明细查询与纸质打印功能，满足财务归档与核对管理要求。 +---------------------------------------------------------------------------------------------------------------------------------------------------------,正偏离/无偏离,平台已实现（详见对应功能模块）
3671,,,支持住院患者在住院期间办理中途结算业务。 +----------------------------------------------------------------------------------------------------------------------------------------------------------------------------------,正偏离/无偏离,平台已实现（详见对应功能模块）
3672,,,可打印中途结算对应的正规发票及费用明细清单。 +--------------------------------------------------------------------------------------------------------------------------------------------------------------------------------,正偏离/无偏离,平台已实现（详见对应功能模块）
3673,,,支持对已办理中途结算的患者进行结算召回与调整。 +-------------------------------------------------------------------------------------------------------------------------------------------------------------------------------,正偏离/无偏离,平台已实现（详见对应功能模块）
3674,,,支持住院收费员对在院患者开展手工计费操作。 +---------------------------------------------------------------------------------------------------------------------------------------------------------------------------------,正偏离/无偏离,平台已实现（详见对应功能模块）
3675,,,可手工录入诊疗项目、药品信息并完成费用计费。 +--------------------------------------------------------------------------------------------------------------------------------------------------------------------------------,待复核,初评未匹配，须项目组逐条人工确认
3676,,,支持对已录入的手工计费项目进行移除与撤销。 +---------------------------------------------------------------------------------------------------------------------------------------------------------------------------------,待复核,初评未匹配，须项目组逐条人工确认
3677,,,支持住院收费员为患者办理手工退费业务，实现费用调整与账务更正。 +-----------------------------------------------------------------------------------------------------------------------------------------------------------------------,正偏离/无偏离,平台已实现（详见对应功能模块）
3678,,,支持按实际退费项目，手工录入退费数量、单价及退费金额，确保退费精准可查。 +------------------------------------------------------------------------------------------------------------------------------------------------------------------,正偏离/无偏离,平台已实现（详见对应功能模块）
3679,,,支持收费员按患者信息查询在院病人每日费用明细，并可打印正式费用清单。 +--------------------------------------------------------------------------------------------------------------------------------------------------------------------,正偏离/无偏离,平台已实现（详见对应功能模块）
3680,,,支持收费员按科室、病区等条件查询欠费患者名单，实时掌握欠费情况。 +----------------------------------------------------------------------------------------------------------------------------------------------------------------------,正偏离/无偏离,平台已实现（详见对应功能模块）
3681,,,支持对欠费患者信息、欠费项目及欠费金额进行汇总打印，便于催缴与管理。 +--------------------------------------------------------------------------------------------------------------------------------------------------------------------,正偏离/无偏离,平台已实现（详见对应功能模块）
3682,,,支持收费员按时间、科室、患者等维度查询计费汇总金额，方便对账与统计。 +--------------------------------------------------------------------------------------------------------------------------------------------------------------------,正偏离/无偏离,平台已实现（详见对应功能模块）
3683,,,具备医保参保患者全流程住院业务处理功能，涵盖医保病人住院登记、出院登记、出院结算等核心操作，同时支持医保结算单的查询、预览、打印及补打，满足医保结算规范及患者留存需求。 +------------------------------------------------------------------------------------------------------------------,正偏离/无偏离,平台已实现（详见对应功能模块）
3684,,,具备医保病人住院期间费用统计功能，可按医保政策、费用类别、诊疗项目等维度，对医保患者住院费用进行精准统计、汇总，生成规范的医保费用统计报表，支撑医保对账与监管工作。 +--------------------------------------------------------------------------------------------------------------------,正偏离/无偏离,平台已实现（详见对应功能模块）
3685,,,具备医保药品厂家对码功能，支持医院药品信息与医保药品目录、药品生产厂家信息进行精准匹配、对码校准，确保医保药品报销合规，避免因对码错误影响医保结算。 +----------------------------------------------------------------------------------------------------------------------------,正偏离/无偏离,平台已实现（详见对应功能模块）
3686,,,具备诊疗项目对码功能，可实现医院内部诊疗项目与医保诊疗项目目录的对应、匹配及校准，支持对码记录查询、修改与维护，保障医保诊疗费用报销准确无误。 +-------------------------------------------------------------------------------------------------------------------------------,正偏离/无偏离,平台已实现（详见对应功能模块）
3687,,,具备住院病人费用自动上传功能，患者住院期间产生的各类医疗费用，可按医保政策及监管要求，自动同步上传至医保结算系统，无需人工手动录入，提升费用上传效率与准确性。 +-----------------------------------------------------------------------------------------------------------------------,正偏离/无偏离,平台已实现（详见对应功能模块）
3688,,,可按科室、病种、时间段等多维度对住院费用数据进行分类统计与分析。 +----------------------------------------------------------------------------------------------------------------------------------------------------------------------,正偏离/无偏离,平台已实现（详见对应功能模块）
3689,,,提供住院患者费用清单查询与展示功能，可生成在院病人每日费用明细清单，清晰呈现当日各项医疗费用；同时支持查询、预览在院病人及出院病人的结账费用清单，涵盖费用明细、汇总金额等核心信息，满足患者对账及医院管理需求。 +----------------------------------------------------------------------------------------------,正偏离/无偏离,平台已实现（详见对应功能模块）
3690,,,具备科室工作量统计功能，可按月度、年度维度自动生成科室工作量统计报表，精准统计各科室住院诊疗、业务办理等相关工作量数据，支撑科室管理、绩效考核及医院整体运营分析需求。 +-------------------------------------------------------------------------------------------------------------------,正偏离/无偏离,平台已实现（详见对应功能模块）
3691,,,支持对当日患者预交金、新入院预缴费用、在院患者各项费用、出院结算金额及退费金额等数据进行统一汇总。 +-----------------------------------------------------------------------------------------------------------------------------------------------------,正偏离/无偏离,平台已实现（详见对应功能模块）
3692,,,提供全方位费用查询及管理功能，支持患者费用明细查询、在院患者实时费用查询、住院预交金余额查询；同时支持计费员查看自身计费汇总数据，可精准查询全院欠费患者相关信息，并支持欠费患者清单的查询、预览及打印输出，满足财务对账、费用追缴及日常管理需求。 +-----------------------------------------------------------------------------,正偏离/无偏离,平台已实现（详见对应功能模块）
3693,★,,+-------------------------------+-----------------------------------------------------------------------------------------------------------------------------------------------------------------------,待复核,初评未匹配，须项目组逐条人工确认
3694,,,系统提供标本字典维护功能，支持对各类检验标本进行管理，包括标本代码、标本名称等基本信息。 +----------------------------------------------------------------------------------------------------------------+,正偏离/无偏离,平台已实现（详见对应功能模块）
3695,,,系统提供标本容器维护功能，可管理容器的代码、名称、颜色等属性，并支持将容器与对应的收费项目进行关联设置。 +----------------------------------------------------------------------------------------------------------------+,正偏离/无偏离,平台已实现（详见对应功能模块）
3696,,,系统提供检验项目管理功能，支持对检验项目的编码、名称进行维护，并可配置该检验项目的各项属性参数。 +----------------------------------------------------------------------------------------------------------------+,正偏离/无偏离,平台已实现（详见对应功能模块）
3697,,,系统提供条码规则管理功能，支持根据容器、项目等维度设置条码的合并规则，优化条码打印和管理流程。 +----------------------------------------------------------------------------------------------------------------+,正偏离/无偏离,平台已实现（详见对应功能模块）
3698,,,系统提供费用规则管理功能，可设置收费项目与检验标本之间的对应关系和计费规则。 +----------------------------------------------------------------------------------------------------------------+,正偏离/无偏离,平台已实现（详见对应功能模块）
3699,,,系统提供门诊费用与执行科室维护功能，支持配置各项检验项目对应的执行科室信息。 +----------------------------------------------------------------------------------------------------------------+ 二、检查项目管理 +------------------------------------,正偏离/无偏离,平台已实现（详见对应功能模块）
3700,,,系统提供检查部位维护功能，可管理人体各检查部位的代码及名称等基础信息。 +----------------------------------------------------------------------------------------------------------------+,正偏离/无偏离,平台已实现（详见对应功能模块）
3701,,,系统提供检查类别字典维护功能，支持设置检查类别的代码、名称以及该类别是否可以单独使用等信息。 +----------------------------------------------------------------------------------------------------------------+,正偏离/无偏离,平台已实现（详见对应功能模块）
3702,,,系统提供禁忌条件内容维护功能，可管理各类检查项目的禁忌症等相关信息。 +----------------------------------------------------------------------------------------------------------------+,正偏离/无偏离,平台已实现（详见对应功能模块）
3703,,,系统提供检查子类维护功能，支持对检查项目进行更细粒度的分类管理。 +----------------------------------------------------------------------------------------------------------------+,正偏离/无偏离,平台已实现（详见对应功能模块）
3704,,,系统提供检查项目维护功能，可全面管理检查项目的基本信息、使用范围说明以及相关备注信息。 +----------------------------------------------------------------------------------------------------------------+,正偏离/无偏离,平台已实现（详见对应功能模块）
3705,,,系统提供检查绑定费用规则维护功能，支持设置检查项目与收费项目的关联规则。 +----------------------------------------------------------------------------------------------------------------+,正偏离/无偏离,平台已实现（详见对应功能模块）
3706,,,系统提供检查子类与检查部位映射功能，可建立检查子类与具体检查部位之间的对应关系。 +----------------------------------------------------------------------------------------------------------------+ 三、诊疗项目管理 +----------------------------------,正偏离/无偏离,平台已实现（详见对应功能模块）
3707,,,系统提供诊疗项目维护功能，可管理诊疗项目的基本信息及其他相关属性参数。 +----------------------------------------------------------------------------------------------------------------+,待复核,初评未匹配，须项目组逐条人工确认
3708,,,系统提供诊疗项目授权维护功能，支持对不同角色或科室进行诊疗项目的使用权限设置。 +----------------------------------------------------------------------------------------------------------------+,正偏离/无偏离,平台已实现（详见对应功能模块）
3709,,,系统提供诊疗项目价格规则维护功能，可配置诊疗项目的定价策略和计费规则。 +----------------------------------------------------------------------------------------------------------------+,待复核,初评未匹配，须项目组逐条人工确认
3710,,,系统提供诊疗项目包维护功能，支持将多个诊疗项目组合成项目包进行统一管理。 +----------------------------------------------------------------------------------------------------------------+,待复核,初评未匹配，须项目组逐条人工确认
3711,,,系统提供诊疗项目包授权功能，可对项目包的使用权限进行配置和管理。 +----------------------------------------------------------------------------------------------------------------+ 四、医嘱项目管理 +------------------------------------------,正偏离/无偏离,平台已实现（详见对应功能模块）
3712,,,系统提供医嘱项目维护功能，可管理医嘱项目的基本信息以及是否参与计费等业务属性。 +----------------------------------------------------------------------------------------------------------------+,正偏离/无偏离,平台已实现（详见对应功能模块）
3713,,,系统提供科室医嘱项目维护功能，支持各科室根据自身需求管理本科室的常用医嘱项目。 +----------------------------------------------------------------------------------------------------------------+,正偏离/无偏离,平台已实现（详见对应功能模块）
3714,,,系统提供科室输液费设置维护功能，可配置不同科室的输液费用标准。 +----------------------------------------------------------------------------------------------------------------+,正偏离/无偏离,平台已实现（详见对应功能模块）
3715,,,系统提供执行单对应途径维护功能，支持设置各类执行单对应的给药途径或执行方式。 +----------------------------------------------------------------------------------------------------------------+ 五、票据管理 +--------------------------------------,待复核,初评未匹配，须项目组逐条人工确认
3716,,,系统具备票据分配、领用、审核等全流程管理功能，支持对票据的使用情况进行跟踪和控制。 +----------------------------------------------------------------------------------------------------------------+,待复核,初评未匹配，须项目组逐条人工确认
3717,,,系统具备票据入库、退库及库存管理功能，可对票据的库存数量和流向进行精准管理。 +----------------------------------------------------------------------------------------------------------------+,正偏离/无偏离,平台已实现（详见对应功能模块）
3718,,,系统具备票据销账、票据补打、票据作废等异常处理功能，满足票据管理的各种业务场景需求。 +----------------------------------------------------------------------------------------------------------------+ 六、财务统计 +----------------------------------,正偏离/无偏离,平台已实现（详见对应功能模块）
3719,,,系统提供门诊收入统计表，可对门诊各渠道收入进行汇总统计和分析。 +----------------------------------------------------------------------------------------------------------------+,正偏离/无偏离,平台已实现（详见对应功能模块）
3720,,,系统提供住院收入统计表，支持对住院患者的各项收入进行分类统计。 +----------------------------------------------------------------------------------------------------------------+,正偏离/无偏离,平台已实现（详见对应功能模块）
3721,,,系统提供全院收入统计表，可全面统计医院整体的收入情况，支持多维度数据分析。 +----------------------------------------------------------------------------------------------------------------+,正偏离/无偏离,平台已实现（详见对应功能模块）
3722,,,系统提供全院收费明细查询功能，支持按条件检索全院各科室的收费明细记录。 +----------------------------------------------------------------------------------------------------------------+,正偏离/无偏离,平台已实现（详见对应功能模块）
3723,,,系统提供收费员收费汇总表，可对各收费员的工作量和收费金额进行汇总统计。 +----------------------------------------------------------------------------------------------------------------+,正偏离/无偏离,平台已实现（详见对应功能模块）
3724,,,系统提供住院未结算收入统计表，支持对住院患者已产生但尚未结算的费用进行统计。 +----------------------------------------------------------------------------------------------------------------+,正偏离/无偏离,平台已实现（详见对应功能模块）
3725,,,系统提供住院计费收入统计表，可对住院患者的已计费收入进行分类汇总。 +----------------------------------------------------------------------------------------------------------------+,正偏离/无偏离,平台已实现（详见对应功能模块）
3726,,,系统提供医疗项目包查询功能，支持检索和查看各类诊疗项目包的详细信息。 +----------------------------------------------------------------------------------------------------------------+,待复核,初评未匹配，须项目组逐条人工确认
3727,,,系统提供医疗项目查询功能，可查询各医疗项目的基础信息、价格及使用情况。 +----------------------------------------------------------------------------------------------------------------+,待复核,初评未匹配，须项目组逐条人工确认
3728,,,系统提供住院病人费用清单，可为住院患者提供详细的费用明细清单。 +----------------------------------------------------------------------------------------------------------------+,正偏离/无偏离,平台已实现（详见对应功能模块）
3729,,,系统提供门诊病人费用清单，可为门诊患者提供详细的费用明细清单。 +----------------------------------------------------------------------------------------------------------------+,正偏离/无偏离,平台已实现（详见对应功能模块）
3730,,,系统提供异常交款明细查询功能，支持对交款异常情况进行追踪和核查。 +----------------------------------------------------------------------------------------------------------------+,待复核,初评未匹配，须项目组逐条人工确认
3731,★,,+-------------------------------+-----------------------------------------------------------------------------------------------------------------------------------------------------------------------,待复核,初评未匹配，须项目组逐条人工确认
3732,,,能够树形机构显示组织架构层级关系。 +--------------------------------------------------------------------------------------------------------------------------------------------------------------------------------+,待复核,初评未匹配，须项目组逐条人工确认
3733,,,能够对部门进行临床业务科室和临床护理单元的绑定映射。 +----------------------------------------------------------------------------------------------------------------------------------------------------------------------------,正偏离/无偏离,平台已实现（详见对应功能模块）
3734,,,能够直接浏览部门人员的变动审计记录。 +--------------------------------------------------------------------------------------------------------------------------------------------------------------------------------+ \(,正偏离/无偏离,平台已实现（详见对应功能模块）
3735,,,档案数据资料管控。 +--------------------------------------------------------------------------------------------------------------------------------------------------------------------------------+,待复核,初评未匹配，须项目组逐条人工确认
3736,,,拥有人员创建及档案数据资料管控功能。 +--------------------------------------------------------------------------------------------------------------------------------------------------------------------------------+,待复核,初评未匹配，须项目组逐条人工确认
3737,,,能够树形医院组织架构高效快速过滤人员列表。 +--------------------------------------------------------------------------------------------------------------------------------------------------------------------------------+,待复核,初评未匹配，须项目组逐条人工确认
3738,,,能够按模版高效快速引入人员数据资料。 +--------------------------------------------------------------------------------------------------------------------------------------------------------------------------------+,待复核,初评未匹配，须项目组逐条人工确认
3739,,,能够按多种组合条件及自定义显示内容进行员工花名册的浏览、输出、打印。 +--------------------------------------------------------------------------------------------------------------------------------------------------------------------,正偏离/无偏离,平台已实现（详见对应功能模块）
3740,,,基本数据资料管控：包含工号、姓名、曾用名、证件类型、证件号码、有效期限、出生日期、标准照、年龄、性别、民族、籍贯、婚姻状况、手机号码、政治面貌等数据资料。 +-------------------------------------------------------------------------------------------------------------------------,正偏离/无偏离,平台已实现（详见对应功能模块）
3741,,,工作相关数据资料管控：包含编制科室、行政管控职务、岗位类别、岗位等级、工资薪级、专业类别、技术职称、技术等级、双肩挑、到院时间、工龄开始日期、工龄、参加工作等数据资料。 +------------------------------------------------------------------------------------------------------------------,正偏离/无偏离,平台已实现（详见对应功能模块）
3742,,,工作其他数据资料：包含办公电话、是否卫生应当急专家、卫生应当急专家类别、卫生应当急专业、---级学科代码、是否规培生、聘用方式、来院方式、所学专业代码等数据资料。 +---------------------------------------------------------------------------------------------------------------------,待复核,初评未匹配，须项目组逐条人工确认
3743,,,医务数据资料：包含资格证书编码、执业证书编码、执业范围、执业注册地、医师类别、是否多地点执业医师、第2执业单位代码、第3执业单位代码等数据资料。 +------------------------------------------------------------------------------------------------------------------------------,待复核,初评未匹配，须项目组逐条人工确认
3744,,,护理数据资料：包含资格证书编码、执业证书编码、执业范围、执业注册地、母婴保健技术功能、培训取得专科资格的专业、参加培训时间(年)、培训基地名称(医疗机构名称)等数据资料。 +-----------------------------------------------------------------------------------------------------------------,正偏离/无偏离,平台已实现（详见对应功能模块）
3745,,,临床药师：包含取得临床药师资格、临床药师类别、普通药物处方调剂权、抗菌药物处方调剂权、麻醉药品、第---类精神药品处方权、抗肿瘤药物处方调剂权等数据资料。 +-------------------------------------------------------------------------------------------------------------------------,正偏离/无偏离,平台已实现（详见对应功能模块）
3746,,,考核奖惩：包含年度、考核结果、备注、荣誉名称、颁发机构、获得时间、附件、处罚时间、处罚机构、处罚内容等数据资料。 +----------------------------------------------------------------------------------------------------------------------------------------------,待复核,初评未匹配，须项目组逐条人工确认
3747,,,教育经历：包含开始时间、结束时间、学校、所学专业、教育类别、学历、学位、学位获取时间、学制及证明人等数据资料。 +-----------------------------------------------------------------------------------------------------------------------------------------------,待复核,初评未匹配，须项目组逐条人工确认
3748,,,职称职务：能够增加多条职称变动审计记录和职务变动审计记录。 +-------------------------------------------------------------------------------------------------------------------------------------------------------------------------,正偏离/无偏离,平台已实现（详见对应功能模块）
3749,,,职务变动审计记录：能够增加多条职务变动审计记录。职务名称、任命时间、原职务名称及备注。 +-----------------------------------------------------------------------------------------------------------------------------------------------------------,正偏离/无偏离,平台已实现（详见对应功能模块）
3750,,,培训数据资料：包含培训类别、开始时间、结束时间、培训机构、培训内容、证书名称、证书编号数据资料的录入、更新、保存功能。 +-------------------------------------------------------------------------------------------------------------------------------------------,待复核,初评未匹配，须项目组逐条人工确认
3751,,,家庭成员数据资料：包含与本人关系、姓名、工号、出生日期、政治面貌、单位/职务、电话、紧急联系人、本院职工等数据资料。 +--------------------------------------------------------------------------------------------------------------------------------------------,待复核,初评未匹配，须项目组逐条人工确认
3752,,,员工经过权限分配后能够浏览自己档案数据资料。 +--------------------------------------------------------------------------------------------------------------------------------------------------------------------------------,正偏离/无偏离,平台已实现（详见对应功能模块）
3753,,,审批后编辑个人档案并提交人事管控员审批同意后生效，员工能够对要求更新或更新的档案申请编辑，并一致化到人员档案数据资料。 +-------------------------------------------------------------------------------------------------------------------------------------------,正偏离/无偏离,平台已实现（详见对应功能模块）
3754,,,包括入职、转正、调岗、退休、离职等，拥有对员工各种人事变动进行登记审批管控功能。 +--------------------------------------------------------------------------------------------------------------------------------------------------------------,正偏离/无偏离,平台已实现（详见对应功能模块）
3755,,,拥有即将转正和即将退休员工预警功能。 +--------------------------------------------------------------------------------------------------------------------------------------------------------------------------------+,待复核,初评未匹配，须项目组逐条人工确认
3756,,,能够人事变动相关文件资料上传功能。 +--------------------------------------------------------------------------------------------------------------------------------------------------------------------------------+,待复核,初评未匹配，须项目组逐条人工确认
3757,,,拥有员工变动审计记录详情浏览功能。 +--------------------------------------------------------------------------------------------------------------------------------------------------------------------------------+ \(4,正偏离/无偏离,平台已实现（详见对应功能模块）
3758,,,拥有对劳动合同、见习合同等进行新签、续签、启用、废弃等管控功能。 +----------------------------------------------------------------------------------------------------------------------------------------------------------------------,待复核,初评未匹配，须项目组逐条人工确认
3759,,,能够合同附件上传。 +--------------------------------------------------------------------------------------------------------------------------------------------------------------------------------+,待复核,初评未匹配，须项目组逐条人工确认
3760,,,能够合同审计记录按模版批量引入和输出。 +--------------------------------------------------------------------------------------------------------------------------------------------------------------------------------+,正偏离/无偏离,平台已实现（详见对应功能模块）
3761,,,合同到期前可以设置提醒。 +--------------------------------------------------------------------------------------------------------------------------------------------------------------------------------+,正偏离/无偏离,平台已实现（详见对应功能模块）
3762,,,能够按多种条件及能够设置合同到期日期进行筛选。 +-------------------------------------------------------------------------------------------------------------------------------------------------------------------------------,待复核,初评未匹配，须项目组逐条人工确认
3763,,,拥有通过excel导入全院编制内、外全体员工的工资数据资料及查询功能。 +-------------------------------------------------------------------------------------------------------------------------------------------------------------------,待复核,初评未匹配，须项目组逐条人工确认
3764,,,能够选择月份进行检索，能够员工个人浏览自己的个人工资。 +---------------------------------------------------------------------------------------------------------------------------------------------------------------------------,待复核,初评未匹配，须项目组逐条人工确认
3765,,,能够灵活性强设置考勤管控中要求使用的考勤项目。 +-------------------------------------------------------------------------------------------------------------------------------------------------------------------------------,待复核,初评未匹配，须项目组逐条人工确认
3766,,,能够考勤项目中设置扣款名称、扣款比例或扣款金额、夜班费。 +--------------------------------------------------------------------------------------------------------------------------------------------------------------------------,待复核,初评未匹配，须项目组逐条人工确认
3767,,,能够设置在考勤登记和考勤月报表中使用的考勤图形显示符。 +---------------------------------------------------------------------------------------------------------------------------------------------------------------------------,正偏离/无偏离,平台已实现（详见对应功能模块）
3768,,,能够灵活性强设置考勤管控中要求使用的班次。 +--------------------------------------------------------------------------------------------------------------------------------------------------------------------------------+,正偏离/无偏离,平台已实现（详见对应功能模块）
3769,,,班次项目中能够设置上班起讫时间、班时等。 +--------------------------------------------------------------------------------------------------------------------------------------------------------------------------------+ ,正偏离/无偏离,平台已实现（详见对应功能模块）
3770,,,以周为排班周期，不以人员编制科室为限，引进排班科室的理念，予以完成灵活性强排班。 +--------------------------------------------------------------------------------------------------------------------------------------------------------------,正偏离/无偏离,平台已实现（详见对应功能模块）
3771,,,根据考勤要求能够自由设置工作日、休息和法定节假日。 +-----------------------------------------------------------------------------------------------------------------------------------------------------------------------------,待复核,初评未匹配，须项目组逐条人工确认
3772,,,能够设定考勤人员显示顺序，为方便考勤登记。 +--------------------------------------------------------------------------------------------------------------------------------------------------------------------------------+,待复核,初评未匹配，须项目组逐条人工确认
3773,,,简化图形登记考勤详情，自动化计算考勤数据资料并备注非出勤数据资料。 +---------------------------------------------------------------------------------------------------------------------------------------------------------------------,待复核,初评未匹配，须项目组逐条人工确认
3774,,,考勤当日能够快捷为本科室人员一键考勤。 +--------------------------------------------------------------------------------------------------------------------------------------------------------------------------------+ 考,正偏离/无偏离,平台已实现（详见对应功能模块）
3775,,,汇总本科室人员考勤数据资料，通过科室考勤汇总浏览医院考勤详情。 +-----------------------------------------------------------------------------------------------------------------------------------------------------------------------,正偏离/无偏离,平台已实现（详见对应功能模块）
3776,,,汇总月报检索对未考勤科室能够联系考勤员登记本科室考勤员登记。 +------------------------------------------------------------------------------------------------------------------------------------------------------------------------,正偏离/无偏离,平台已实现（详见对应功能模块）
3777,,,包含岗位数据资料、任职要求、招聘人数、截止日期等，拥有各部门进行招聘计划的申请功能。 +------------------------------------------------------------------------------------------------------------------------------------------------------------,待复核,初评未匹配，须项目组逐条人工确认
3778,,,能够制定招聘计划时显示部门整体人员情况。 +--------------------------------------------------------------------------------------------------------------------------------------------------------------------------------+,待复核,初评未匹配，须项目组逐条人工确认
3779,,,能够招聘计划相关资料的上传。 +--------------------------------------------------------------------------------------------------------------------------------------------------------------------------------+ 计划推送 +,正偏离/无偏离,平台已实现（详见对应功能模块）
3780,,,拥有对已审批通过的招聘计划进行推送登记的功能。 +-------------------------------------------------------------------------------------------------------------------------------------------------------------------------------,正偏离/无偏离,平台已实现（详见对应功能模块）
3781,,,能够浏览招聘计划详情功能。 +--------------------------------------------------------------------------------------------------------------------------------------------------------------------------------+,待复核,初评未匹配，须项目组逐条人工确认
3782,,,能够作废招聘计划及再次推送的功能。 +--------------------------------------------------------------------------------------------------------------------------------------------------------------------------------+ 简历填,正偏离/无偏离,平台已实现（详见对应功能模块）
3783,,,拥有简历填写页面供应当聘者填写相关数据资料。 +--------------------------------------------------------------------------------------------------------------------------------------------------------------------------------,待复核,初评未匹配，须项目组逐条人工确认
3784,,,并进行已读标记，拥有对应当聘者简历进行处理操作的功能。 +---------------------------------------------------------------------------------------------------------------------------------------------------------------------------,待复核,初评未匹配，须项目组逐条人工确认
3785,,,能够将简历进行拒绝、备用以及进入下一业务流程科室审批等业务流程行为。 +--------------------------------------------------------------------------------------------------------------------------------------------------------------------,正偏离/无偏离,平台已实现（详见对应功能模块）
3786,,,拥有对应当聘者面试数据资料进行登记处理操作的功能。 +-----------------------------------------------------------------------------------------------------------------------------------------------------------------------------,待复核,初评未匹配，须项目组逐条人工确认
3787,,,能够审计记录面试得分情况。 +--------------------------------------------------------------------------------------------------------------------------------------------------------------------------------+,正偏离/无偏离,平台已实现（详见对应功能模块）
3788,,,能够对面试后进行试岗、过会、公示、归档等业务流程的登记处理操作。 +----------------------------------------------------------------------------------------------------------------------------------------------------------------------,正偏离/无偏离,平台已实现（详见对应功能模块）
3789,★,,+-------------------------------+-----------------------------------------------------------------------------------------------------------------------------------------------------------------------,待复核,初评未匹配，须项目组逐条人工确认
3790,,,支持连接打印机打印计划单详细信息。 +--------------------------------------------------------------------------------------------------------------------------+,正偏离/无偏离,平台已实现（详见对应功能模块）
3791,,,生成计划单时，支持手动新增，同时也支持根据一定规则自动生成，例如可以设置最低库存，低于最低库存的按照申领基数生成。 +--------------------------------------------------------------------------------------------------------------------------+,正偏离/无偏离,平台已实现（详见对应功能模块）
3792,,,符合国家政策，能够按照政策要求区分临采与非临采。 +--------------------------------------------------------------------------------------------------------------------------+,待复核,初评未匹配，须项目组逐条人工确认
3793,,,系统能显示申领各步骤完成进度。 +--------------------------------------------------------------------------------------------------------------------------+,待复核,初评未匹配，须项目组逐条人工确认
3794,,,支持一级库按照申领转采购计划。 +--------------------------------------------------------------------------------------------------------------------------+ 总务计划汇总 +---------------------------------------------------,待复核,初评未匹配，须项目组逐条人工确认
3795,,,多个采购申请可以利用此功能生成汇总单。 +--------------------------------------------------------------------------------------------------------------------------+,待复核,初评未匹配，须项目组逐条人工确认
3796,,,误生成的汇总单，删除之后可以还原状态重新生成。 +--------------------------------------------------------------------------------------------------------------------------+,待复核,初评未匹配，须项目组逐条人工确认
3797,,,汇总之后，若数量存在疑问，支持修改数量。 +--------------------------------------------------------------------------------------------------------------------------+,待复核,初评未匹配，须项目组逐条人工确认
3798,,,支持纸质汇总单的打印。 +--------------------------------------------------------------------------------------------------------------------------+,正偏离/无偏离,平台已实现（详见对应功能模块）
3799,,,从汇总单能够看到申购明细。。 +--------------------------------------------------------------------------------------------------------------------------+ 总务订单管控 +----------------------------------------------------,待复核,初评未匹配，须项目组逐条人工确认
3800,,,订单可以通过计划汇总单快捷一键生成。 +--------------------------------------------------------------------------------------------------------------------------+,待复核,初评未匹配，须项目组逐条人工确认
3801,,,订误生成之后，若未审核，支持还原汇总单状态重新生成订单。 +--------------------------------------------------------------------------------------------------------------------------+,待复核,初评未匹配，须项目组逐条人工确认
3802,,,能够查看到供应商备货单完成情况。 +--------------------------------------------------------------------------------------------------------------------------+,正偏离/无偏离,平台已实现（详见对应功能模块）
3803,,,满足国家政策，订单可以分为临采和非临采。 +--------------------------------------------------------------------------------------------------------------------------+,待复核,初评未匹配，须项目组逐条人工确认
3804,,,提供纸质单的打印功能。 +--------------------------------------------------------------------------------------------------------------------------+,正偏离/无偏离,平台已实现（详见对应功能模块）
3805,,,和系统后续功能联动，能够查看订单的入库清理。 +--------------------------------------------------------------------------------------------------------------------------+ 总务物资采购 +--------------------------------------------,正偏离/无偏离,平台已实现（详见对应功能模块）
3806,,,打通相关系统之后，提供快捷入库功能，可以由备货单直接生成入库单。 +--------------------------------------------------------------------------------------------------------------------------+,正偏离/无偏离,平台已实现（详见对应功能模块）
3807,,,能够通过包装码，条形码等其他信息快速检索物资。 +--------------------------------------------------------------------------------------------------------------------------+,正偏离/无偏离,平台已实现（详见对应功能模块）
3808,,,提供纸质单打印功能。 +--------------------------------------------------------------------------------------------------------------------------+,正偏离/无偏离,平台已实现（详见对应功能模块）
3809,,,系统对退库做了冲红功能，多余的可以退货 +--------------------------------------------------------------------------------------------------------------------------+ 总务物资出库 +-----------------------------------------------,正偏离/无偏离,平台已实现（详见对应功能模块）
3810,,,支持快捷出库，若有申领单，能够一键转化为出库单 +--------------------------------------------------------------------------------------------------------------------------+,正偏离/无偏离,平台已实现（详见对应功能模块）
3811,,,系统提供拒绝接受功能。拒绝之后，发申请给出库科室 +--------------------------------------------------------------------------------------------------------------------------+,正偏离/无偏离,平台已实现（详见对应功能模块）
3812,,,系统提供接受功能，必选接受才能使用。 +--------------------------------------------------------------------------------------------------------------------------+,待复核,初评未匹配，须项目组逐条人工确认
3813,,,系统提供暂扣数量，锁定库存。 +--------------------------------------------------------------------------------------------------------------------------+,正偏离/无偏离,平台已实现（详见对应功能模块）
3814,,,系统提供打印纸质单功能。 +--------------------------------------------------------------------------------------------------------------------------+,正偏离/无偏离,平台已实现（详见对应功能模块）
3815,,,快捷出库还支持将入库单转化成出库单。 +--------------------------------------------------------------------------------------------------------------------------+,正偏离/无偏离,平台已实现（详见对应功能模块）
3816,,,系统对做了冲红功能，多余的可以退还。 +--------------------------------------------------------------------------------------------------------------------------+ 总务盘点业务 +------------------------------------------------,正偏离/无偏离,平台已实现（详见对应功能模块）
3817,,,系统提供科室盘点功能。 +--------------------------------------------------------------------------------------------------------------------------+,正偏离/无偏离,平台已实现（详见对应功能模块）
3818,,,系统提供纸质单的打印。 +--------------------------------------------------------------------------------------------------------------------------+,正偏离/无偏离,平台已实现（详见对应功能模块）
3819,,,支持盘点时锁定库存，不可操作。 +--------------------------------------------------------------------------------------------------------------------------+,正偏离/无偏离,平台已实现（详见对应功能模块）
3820,,,提供由管理员决定是否一个月可以多次盘点的功能。 +--------------------------------------------------------------------------------------------------------------------------+,正偏离/无偏离,平台已实现（详见对应功能模块）
3821,,,提供由管理员决定各科室是否运行盘点的功能。 +--------------------------------------------------------------------------------------------------------------------------+,正偏离/无偏离,平台已实现（详见对应功能模块）
3822,,,提供自动每月定时开启盘点功能。 +--------------------------------------------------------------------------------------------------------------------------+,正偏离/无偏离,平台已实现（详见对应功能模块）
3823,,,提供报表查询，展示盈亏情况。 +--------------------------------------------------------------------------------------------------------------------------+,正偏离/无偏离,平台已实现（详见对应功能模块）
3824,,,提供盈亏情况填写的功能。 +--------------------------------------------------------------------------------------------------------------------------+,待复核,初评未匹配，须项目组逐条人工确认
3825,★,,+-------------------------------+-----------------------------------------------------------------------------------------------------------------------------------------------------------------------,待复核,初评未匹配，须项目组逐条人工确认
3826,,,提供维修评价功能。 +---------------------------------------------------------+,正偏离/无偏离,平台已实现（详见对应功能模块）
3827,,,提供故障登记作废功能。 +---------------------------------------------------------+,待复核,初评未匹配，须项目组逐条人工确认
3828,,,提供院内维修，院外维修区分功能。 +---------------------------------------------------------+,正偏离/无偏离,平台已实现（详见对应功能模块）
3829,,,提供初步评估故障功能。 +---------------------------------------------------------+,待复核,初评未匹配，须项目组逐条人工确认
3830,,,提供指派维修工程师功能。 +---------------------------------------------------------+,正偏离/无偏离,平台已实现（详见对应功能模块）
3831,,,提供维修结果展示功能。 +---------------------------------------------------------+,正偏离/无偏离,平台已实现（详见对应功能模块）
3832,,,提供记录维修费用功能。 +---------------------------------------------------------+ 保养管控 +---------------------------------------------------------+,正偏离/无偏离,平台已实现（详见对应功能模块）
3833,,,提供保养计划录入功能。 +---------------------------------------------------------+,正偏离/无偏离,平台已实现（详见对应功能模块）
3834,,,提供保养单修改作，废功能。 +---------------------------------------------------------+,正偏离/无偏离,平台已实现（详见对应功能模块）
3835,,,提供保养单初步计划展示功能。 +---------------------------------------------------------+,正偏离/无偏离,平台已实现（详见对应功能模块）
3836,,,提供调整保养单派工功能。 +---------------------------------------------------------+,正偏离/无偏离,平台已实现（详见对应功能模块）
3837,,,提供保养单完全情况录入功能。 +---------------------------------------------------------+,正偏离/无偏离,平台已实现（详见对应功能模块）
3838,,,提供快捷故障登记功能。 +---------------------------------------------------------+,待复核,初评未匹配，须项目组逐条人工确认
3839,,,提供保养单基本信息录入功能。 +---------------------------------------------------------+,正偏离/无偏离,平台已实现（详见对应功能模块）
3840,,,提供指定保养人员功能。 +---------------------------------------------------------+ +---------------------------------------------------------+ 设备巡检 +---------------------------------------------------------+,正偏离/无偏离,平台已实现（详见对应功能模块）
3841,,,提供设备巡检计划的信息录入功能。 +---------------------------------------------------------+,正偏离/无偏离,平台已实现（详见对应功能模块）
3842,,,提供巡检人员的指派功能。 +---------------------------------------------------------+,正偏离/无偏离,平台已实现（详见对应功能模块）
3843,,,提供快速导入巡检设备的功能。 +---------------------------------------------------------+,正偏离/无偏离,平台已实现（详见对应功能模块）
3844,,,提供录入巡检开始和完成的信息功能。 +---------------------------------------------------------+,正偏离/无偏离,平台已实现（详见对应功能模块）
3845,,,提供巡检过程中快捷报修功能。 +---------------------------------------------------------+,正偏离/无偏离,平台已实现（详见对应功能模块）
3846,,,提供附件上传功能。 +---------------------------------------------------------+,待复核,初评未匹配，须项目组逐条人工确认
3847,,,提供查看历史巡检记录功能。 +---------------------------------------------------------+,正偏离/无偏离,平台已实现（详见对应功能模块）
3848,,,提供设备巡检信息的录入功能。 +---------------------------------------------------------+ 设备台账 +---------------------------------------------------------+,正偏离/无偏离,平台已实现（详见对应功能模块）
3849,,,提供设备基本台账信息的录入。 +---------------------------------------------------------+,正偏离/无偏离,平台已实现（详见对应功能模块）
3850,,,提供设备标签打印功能。 +---------------------------------------------------------+,正偏离/无偏离,平台已实现（详见对应功能模块）
3851,,,提供设备附件上传功能。 +---------------------------------------------------------+,待复核,初评未匹配，须项目组逐条人工确认
3852,,,提供台账检索功能。 +---------------------------------------------------------+ 设备计量 +---------------------------------------------------------+,正偏离/无偏离,平台已实现（详见对应功能模块）
3853,,,提供设备计量信息录入功能。 +---------------------------------------------------------+,正偏离/无偏离,平台已实现（详见对应功能模块）
3854,,,提供批量录入功能。 +---------------------------------------------------------+,待复核,初评未匹配，须项目组逐条人工确认
3855,,,提供新增计量计划时直接选择计划计量的设备的功能。 +---------------------------------------------------------+,正偏离/无偏离,平台已实现（详见对应功能模块）
3856,,,提供计量结果录入功能。 +---------------------------------------------------------+ 提醒功能 +---------------------------------------------------------+,正偏离/无偏离,平台已实现（详见对应功能模块）
3857,,,提供基本的单据过期提醒功能。 +---------------------------------------------------------+,正偏离/无偏离,平台已实现（详见对应功能模块）
3858,★,,+-------------------------------+-----------------------------------------------------------------------------------------------------------------------------------------------------------------------,待复核,初评未匹配，须项目组逐条人工确认
3859,,,提供单据作废、修改功能。 +------------------------------------------------------------+,待复核,初评未匹配，须项目组逐条人工确认
3860,,,提供纸质单打印功能。 +------------------------------------------------------------+,正偏离/无偏离,平台已实现（详见对应功能模块）
3861,,,提供申领转库房计划单功能。 +------------------------------------------------------------+ 计划汇总 +------------------------------------------------------------+,待复核,初评未匹配，须项目组逐条人工确认
3862,,,提供快捷生成汇总单功能，通过采购计划一键生成。 +------------------------------------------------------------+,待复核,初评未匹配，须项目组逐条人工确认
3863,,,提供纸质单打印功能。 +------------------------------------------------------------+,正偏离/无偏离,平台已实现（详见对应功能模块）
3864,,,提供汇总数量修改功能。 +------------------------------------------------------------+ 订单管理 +------------------------------------------------------------+,待复核,初评未匹配，须项目组逐条人工确认
3865,,,提供快捷生成订单功能，通过汇总单可以快捷生成订单。 +------------------------------------------------------------+,待复核,初评未匹配，须项目组逐条人工确认
3866,,,提供纸质单打印功能。 +------------------------------------------------------------+,正偏离/无偏离,平台已实现（详见对应功能模块）
3867,,,提供订单追踪功能，能够查看其下一步备货入库的数量。 +------------------------------------------------------------+,正偏离/无偏离,平台已实现（详见对应功能模块）
3868,,,提供区分临采非临采功能。 +------------------------------------------------------------+ 采购业务 +------------------------------------------------------------+,待复核,初评未匹配，须项目组逐条人工确认
3869,,,提供快捷入库功能，通过备货单生成入库单。 +------------------------------------------------------------+,正偏离/无偏离,平台已实现（详见对应功能模块）
3870,,,提供纸质单打印功能。 +------------------------------------------------------------+,正偏离/无偏离,平台已实现（详见对应功能模块）
3871,,,提供物资来源追溯功能。 +------------------------------------------------------------+ 材料调拨 +------------------------------------------------------------+,正偏离/无偏离,平台已实现（详见对应功能模块）
3872,,,提供快捷生成出库单功能，将入库单转化为出库单。 +------------------------------------------------------------+,正偏离/无偏离,平台已实现（详见对应功能模块）
3873,,,提供将申领单转化为出库单功能。 +------------------------------------------------------------+,正偏离/无偏离,平台已实现（详见对应功能模块）
3874,,,提供接受与拒绝接受功能。 +------------------------------------------------------------+,待复核,初评未匹配，须项目组逐条人工确认
3875,,,提供纸质单打印功能。 +------------------------------------------------------------+ 库房盘点 +------------------------------------------------------------+,正偏离/无偏离,平台已实现（详见对应功能模块）
3876,,,提供盘点单生成功能。 +------------------------------------------------------------+,正偏离/无偏离,平台已实现（详见对应功能模块）
3877,,,提供是否允许科室盘点功能。 +------------------------------------------------------------+,正偏离/无偏离,平台已实现（详见对应功能模块）
3878,,,提供盘点单根据某种规则自定义排序功能。 +------------------------------------------------------------+ 备货验收 +------------------------------------------------------------+,正偏离/无偏离,平台已实现（详见对应功能模块）
3879,,,提供纸质单打印功能。 +------------------------------------------------------------+,正偏离/无偏离,平台已实现（详见对应功能模块）
3880,,,提供验收通过和不通过的记录功能。 +------------------------------------------------------------+,待复核,初评未匹配，须项目组逐条人工确认
3881,,,提供筛选功能。 +------------------------------------------------------------+ 备货管理 +------------------------------------------------------------+,正偏离/无偏离,平台已实现（详见对应功能模块）
3882,,,提供录入高值备货单功能。 +------------------------------------------------------------+,正偏离/无偏离,平台已实现（详见对应功能模块）
3883,,,提供纸质单打印功能。 +------------------------------------------------------------+,正偏离/无偏离,平台已实现（详见对应功能模块）
3884,,,提供价格核对功能。 +------------------------------------------------------------+,待复核,初评未匹配，须项目组逐条人工确认
3885,,,提供备货单审核功能。 +------------------------------------------------------------+,正偏离/无偏离,平台已实现（详见对应功能模块）
3886,,,提供扫码备货功能。 +------------------------------------------------------------+ 备货验收 +------------------------------------------------------------+,正偏离/无偏离,平台已实现（详见对应功能模块）
3887,,,提供备货单验收功能。 +------------------------------------------------------------+,正偏离/无偏离,平台已实现（详见对应功能模块）
3888,,,提供筛选功能。 +------------------------------------------------------------+ 退货管理 +------------------------------------------------------------+,正偏离/无偏离,平台已实现（详见对应功能模块）
3889,,,提供退货单录入功能。 +------------------------------------------------------------+,正偏离/无偏离,平台已实现（详见对应功能模块）
3890,,,提供纸质单打印功能。 +------------------------------------------------------------+,正偏离/无偏离,平台已实现（详见对应功能模块）
3891,,,提供退货单审核功能。 +------------------------------------------------------------+,正偏离/无偏离,平台已实现（详见对应功能模块）
3892,,,提供扫码生成退货单明细功能。 +------------------------------------------------------------+ 追溯管理 +------------------------------------------------------------+,正偏离/无偏离,平台已实现（详见对应功能模块）
3893,,,提供条码追溯功能。 +------------------------------------------------------------+,正偏离/无偏离,平台已实现（详见对应功能模块）
3894,,,提供高值耗材全流程追溯信息显示功能。 +------------------------------------------------------------+,正偏离/无偏离,平台已实现（详见对应功能模块）
3895,,,提供追溯高值耗材厂商资质功能。 +------------------------------------------------------------+ 结算管理 +------------------------------------------------------------+,正偏离/无偏离,平台已实现（详见对应功能模块）
3896,,,提供纸质单打印高值耗材使用汇总信息功能。 +------------------------------------------------------------+,正偏离/无偏离,平台已实现（详见对应功能模块）
3897,,,提供结算功能，区分未结算和已结算。 +------------------------------------------------------------+,正偏离/无偏离,平台已实现（详见对应功能模块）
3898,,,提供合并打印功能。 +------------------------------------------------------------+ 扫描计费 +------------------------------------------------------------+,正偏离/无偏离,平台已实现（详见对应功能模块）
3899,,,对接his系统之后，支持his系统扫码计费。 +------------------------------------------------------------+,正偏离/无偏离,平台已实现（详见对应功能模块）
3900,,,提供扫码消耗功能。 +------------------------------------------------------------+ 报表统计 +------------------------------------------------------------+,正偏离/无偏离,平台已实现（详见对应功能模块）
3901,,,提供报表展示使用记录功能。 +------------------------------------------------------------+,正偏离/无偏离,平台已实现（详见对应功能模块）
3902,,,提供报表按供应商展示使用记录备货信息功能。 +------------------------------------------------------------+,正偏离/无偏离,平台已实现（详见对应功能模块）
3903,,,提供报表展示存量功能。 +------------------------------------------------------------+,正偏离/无偏离,平台已实现（详见对应功能模块）
3904,★,,+-------------------------------+-----------------------------------------------------------------------------------------------------------------------------------------------------------------------,待复核,初评未匹配，须项目组逐条人工确认
3905,,,支持通过扫码来实现高值耗材的备货登记，智能识别主码追溯码。,正偏离/无偏离,平台已实现（详见对应功能模块）
3906,,,支持打印高值耗材备货单。,正偏离/无偏离,平台已实现（详见对应功能模块）
3907,,,支持核价功能。,待复核,初评未匹配，须项目组逐条人工确认
3908,,,支持对备货单进行审核的功能。 **备货验收**,正偏离/无偏离,平台已实现（详见对应功能模块）
3909,,,具备对高值耗材备货审核通过的单据提供验收功能。,正偏离/无偏离,平台已实现（详见对应功能模块）
3910,,,支持按单号、时间、状态进行验收记录的查询。 **退货管理**,正偏离/无偏离,平台已实现（详见对应功能模块）
3911,,,具备高值耗材退货登记管理功能。,正偏离/无偏离,平台已实现（详见对应功能模块）
3912,,,支持扫码或者手动输入条码来将货物退出支持回收导入。,正偏离/无偏离,平台已实现（详见对应功能模块）
3913,,,支持打印退货单。,正偏离/无偏离,平台已实现（详见对应功能模块）
3914,,,支持退货单审核功能。 **追溯管理**,正偏离/无偏离,平台已实现（详见对应功能模块）
3915,,,支持通过病人住院号和高值耗材主码追溯高值耗材的使用记录。,正偏离/无偏离,平台已实现（详见对应功能模块）
3916,,,支持显示物资基础信息、供应商资质和生产商资质等信息。,正偏离/无偏离,平台已实现（详见对应功能模块）
3917,,,支持显示耗材使用全流程信息。 **结算管理**,正偏离/无偏离,平台已实现（详见对应功能模块）
3918,,,通过高值耗材消耗生成的入库单，可以在这里显示并且打印。,正偏离/无偏离,平台已实现（详见对应功能模块）
3919,,,支持汇总打印，即多个高值耗材合并到一张单子上打印。,正偏离/无偏离,平台已实现（详见对应功能模块）
3920,,,支持验收功能，能够区分已结算和未结算。 **扫描计费**,正偏离/无偏离,平台已实现（详见对应功能模块）
3921,,,若对接了his系统，支持开通his扫码计费，系统自动生成计费记录以及减库存。,正偏离/无偏离,平台已实现（详见对应功能模块）
3922,,,支持仅仅在HRP系统消耗，产生消耗记录。 **报表统计**,正偏离/无偏离,平台已实现（详见对应功能模块）
3923,,,支持查询高值耗材各仓库的存放信息，能够展示并追溯耗材全流程数据。,正偏离/无偏离,平台已实现（详见对应功能模块）
3924,,,支持查询高值耗材的消耗汇总支持查询高值耗材按供应商备货查询。,正偏离/无偏离,平台已实现（详见对应功能模块）
3925,★,,支持查询高值耗材的出入库记录。 +-------------------------------+-------------------------------------------------------------------------------------------------------------------------------------------------------,正偏离/无偏离,平台已实现（详见对应功能模块）
3926,,,资产入库出库流程汇总展示 +--------------------------------------------------------------------------------+,正偏离/无偏离,平台已实现（详见对应功能模块）
3927,,,支持以固定资产为基础的入库、出库、调拨、盘点、报废等相关单据的集成展示。 +--------------------------------------------------------------------------------+ 资产盘点 +--------------------------------------------------------------------------,正偏离/无偏离,平台已实现（详见对应功能模块）
3928,,,提供基础盘点功能。 +--------------------------------------------------------------------------------+,正偏离/无偏离,平台已实现（详见对应功能模块）
3929,,,提供移动端扫码盘点功能。 +--------------------------------------------------------------------------------+,正偏离/无偏离,平台已实现（详见对应功能模块）
3930,,,提供一键盘点功能。 +--------------------------------------------------------------------------------+,正偏离/无偏离,平台已实现（详见对应功能模块）
3931,,,提供按房间盘点功能。 +--------------------------------------------------------------------------------+,正偏离/无偏离,平台已实现（详见对应功能模块）
3932,,,提供盘点过程中快捷报修。 +--------------------------------------------------------------------------------+,正偏离/无偏离,平台已实现（详见对应功能模块）
3933,,,提供查看盘点历史记录。 +--------------------------------------------------------------------------------+ 资产调拨 +--------------------------------------------------------------------------------+,正偏离/无偏离,平台已实现（详见对应功能模块）
3934,,,提供资产调拨功能。 +--------------------------------------------------------------------------------+,待复核,初评未匹配，须项目组逐条人工确认
3935,,,提供批量调拨功能。 +--------------------------------------------------------------------------------+,待复核,初评未匹配，须项目组逐条人工确认
3936,,,提供调拨单审核功能。 +--------------------------------------------------------------------------------+,待复核,初评未匹配，须项目组逐条人工确认
3937,,,提供调拨单纸质打印和查看功能。 +--------------------------------------------------------------------------------+ 资产借用 +--------------------------------------------------------------------------------+,正偏离/无偏离,平台已实现（详见对应功能模块）
3938,,,提供固定资产借用登记功能。 +--------------------------------------------------------------------------------+,正偏离/无偏离,平台已实现（详见对应功能模块）
3939,,,提供固定资产借用归还功能。 +--------------------------------------------------------------------------------+,正偏离/无偏离,平台已实现（详见对应功能模块）
3940,,,提供固定资产借用，归还审核功能。 +--------------------------------------------------------------------------------+,正偏离/无偏离,平台已实现（详见对应功能模块）
3941,,,提供借用、归还历史查看功能。 +--------------------------------------------------------------------------------+ 资产移交 +--------------------------------------------------------------------------------+,待复核,初评未匹配，须项目组逐条人工确认
3942,,,提供资产移交登记功能。 +--------------------------------------------------------------------------------+,待复核,初评未匹配，须项目组逐条人工确认
3943,,,提供资产移交审核功能。 +--------------------------------------------------------------------------------+,待复核,初评未匹配，须项目组逐条人工确认
3944,,,提供移交历史查看功能。 +--------------------------------------------------------------------------------+ 库存管理 +--------------------------------------------------------------------------------+,正偏离/无偏离,平台已实现（详见对应功能模块）
3945,,,提供入库单的创建功能。 +--------------------------------------------------------------------------------+,正偏离/无偏离,平台已实现（详见对应功能模块）
3946,,,提供入库单按照不通类型创建的功能。 +--------------------------------------------------------------------------------+,正偏离/无偏离,平台已实现（详见对应功能模块）
3947,,,提供附件上传功能。 +--------------------------------------------------------------------------------+,待复核,初评未匹配，须项目组逐条人工确认
3948,,,提供纸质单打印功能。 +--------------------------------------------------------------------------------+ 出库管理 +--------------------------------------------------------------------------------+,正偏离/无偏离,平台已实现（详见对应功能模块）
3949,,,提供出库单创建功能。 +--------------------------------------------------------------------------------+,正偏离/无偏离,平台已实现（详见对应功能模块）
3950,,,提供批量出库功能。 +--------------------------------------------------------------------------------+,正偏离/无偏离,平台已实现（详见对应功能模块）
3951,,,提供纸质单打印功能。 +--------------------------------------------------------------------------------+,正偏离/无偏离,平台已实现（详见对应功能模块）
3952,,,提供附件上传功能。 +--------------------------------------------------------------------------------+ 实时库存 +--------------------------------------------------------------------------------+,正偏离/无偏离,平台已实现（详见对应功能模块）
3953,,,提供当前库存展示功能。 +--------------------------------------------------------------------------------+,正偏离/无偏离,平台已实现（详见对应功能模块）
3954,,,提供库存记录筛选功能。 +--------------------------------------------------------------------------------+ +--------------------------------------------------------------------------------+ 采购申请 +----------------,正偏离/无偏离,平台已实现（详见对应功能模块）
3955,,,提供采购申请单创建功能。 +--------------------------------------------------------------------------------+,待复核,初评未匹配，须项目组逐条人工确认
3956,,,提供采购申请单作废功能。 +--------------------------------------------------------------------------------+,待复核,初评未匹配，须项目组逐条人工确认
3957,,,提供采购申请单审核功能。 +--------------------------------------------------------------------------------+,待复核,初评未匹配，须项目组逐条人工确认
3958,,,提供纸质单打印功能。 +--------------------------------------------------------------------------------+ +--------------------------------------------------------------------------------+ 购置论证 +-----------------,正偏离/无偏离,平台已实现（详见对应功能模块）
3959,,,提供根据申请金额设置是否进入论证环节功能。 +--------------------------------------------------------------------------------+,待复核,初评未匹配，须项目组逐条人工确认
3960,,,提供论证记录的编辑功能。 +--------------------------------------------------------------------------------+,待复核,初评未匹配，须项目组逐条人工确认
3961,,,提供论证基本结论的记录功能。 +--------------------------------------------------------------------------------+,待复核,初评未匹配，须项目组逐条人工确认
3962,,,提供纸质打印功能。 +--------------------------------------------------------------------------------+ > 资产折旧 +--------------------------------------------------------------------------------+,正偏离/无偏离,平台已实现（详见对应功能模块）
3963,,,提供资产自动折旧功能。 +--------------------------------------------------------------------------------+,待复核,初评未匹配，须项目组逐条人工确认
3964,,,提供多科室分摊折旧功能。 +--------------------------------------------------------------------------------+,正偏离/无偏离,平台已实现（详见对应功能模块）
3965,,,提供折旧历史，明细查看功能。 +--------------------------------------------------------------------------------+,待复核,初评未匹配，须项目组逐条人工确认
3966,,,提供折旧历史补录功能。 +--------------------------------------------------------------------------------+ 资产增值 +--------------------------------------------------------------------------------+,待复核,初评未匹配，须项目组逐条人工确认
3967,,,提供资产增值录入功能。 +--------------------------------------------------------------------------------+,待复核,初评未匹配，须项目组逐条人工确认
3968,,,提供增值原因的记录和查看。 +--------------------------------------------------------------------------------+,待复核,初评未匹配，须项目组逐条人工确认
3969,,,提供折旧自动按照增值后的价值进行计算功能。 +--------------------------------------------------------------------------------+ 资产报废 +--------------------------------------------------------------------------------+,待复核,初评未匹配，须项目组逐条人工确认
3970,,,提供资产报废录入功能。 +--------------------------------------------------------------------------------+,待复核,初评未匹配，须项目组逐条人工确认
3971,,,提供附件上传功能。 +--------------------------------------------------------------------------------+,待复核,初评未匹配，须项目组逐条人工确认
3972,,,提供纸质打印功能。 +--------------------------------------------------------------------------------+,正偏离/无偏离,平台已实现（详见对应功能模块）
3973,,,提供资产报废审核功能。 +--------------------------------------------------------------------------------+,待复核,初评未匹配，须项目组逐条人工确认
3974,,,提供报废预警功能。 +--------------------------------------------------------------------------------+,待复核,初评未匹配，须项目组逐条人工确认
3975,,,提供报废历史查看功能。 +--------------------------------------------------------------------------------+ 国资报废管理 +--------------------------------------------------------------------------------+,待复核,初评未匹配，须项目组逐条人工确认
3976,,,提供国资报废录入功能。 +--------------------------------------------------------------------------------+,待复核,初评未匹配，须项目组逐条人工确认
3977,,,提供国资报废审核功能。 +--------------------------------------------------------------------------------+,待复核,初评未匹配，须项目组逐条人工确认
3978,,,提供国资报废编辑作废功能。 +--------------------------------------------------------------------------------+ 档案管理 +--------------------------------------------------------------------------------+,待复核,初评未匹配，须项目组逐条人工确认
3979,,,提供上传各类型资产文档功能。 +--------------------------------------------------------------------------------+,待复核,初评未匹配，须项目组逐条人工确认
3980,,,提供各业务上传的文档自动汇总同步到此处功能。 +--------------------------------------------------------------------------------+,正偏离/无偏离,平台已实现（详见对应功能模块）
3981,,,提供文档的查看，下载功能。 +--------------------------------------------------------------------------------+,待复核,初评未匹配，须项目组逐条人工确认
3982,,,提供文档分类，筛选功能。 +--------------------------------------------------------------------------------+ 统计分析 +--------------------------------------------------------------------------------+,正偏离/无偏离,平台已实现（详见对应功能模块）
3983,,,提供数据上报报表。 +--------------------------------------------------------------------------------+,正偏离/无偏离,平台已实现（详见对应功能模块）
3984,,,提供院内资产分析，财务分析报表。 +--------------------------------------------------------------------------------+,正偏离/无偏离,平台已实现（详见对应功能模块）
3985,,,提供院内数据汇总，整合报表。 +--------------------------------------------------------------------------------+ +--------------------------------------------------------------------------------+ 固定资产基础信息 +---------,正偏离/无偏离,平台已实现（详见对应功能模块）
3986,,,提供固定资产基础数据录入功能。 +--------------------------------------------------------------------------------+ 供应商信息管理 +--------------------------------------------------------------------------------+,正偏离/无偏离,平台已实现（详见对应功能模块）
3987,,,提供供应商基础信息维护功能。 +--------------------------------------------------------------------------------+,正偏离/无偏离,平台已实现（详见对应功能模块）
3988,,,提供供应商基础资质录入功能。 +--------------------------------------------------------------------------------+ 生产商信息管理 +--------------------------------------------------------------------------------+,正偏离/无偏离,平台已实现（详见对应功能模块）
3989,,,提供生产商基础信息维护功能。 +--------------------------------------------------------------------------------+,待复核,初评未匹配，须项目组逐条人工确认
3990,,,提供生产商基础资质录入功能。 +--------------------------------------------------------------------------------+ 房屋建筑管理 +--------------------------------------------------------------------------------+,待复核,初评未匹配，须项目组逐条人工确认
3991,,,提供院内房屋建筑基本信息的录入功能。 +--------------------------------------------------------------------------------+,待复核,初评未匹配，须项目组逐条人工确认
3992,,,提供房屋建筑的分类楼层等信息录入。 +--------------------------------------------------------------------------------+,待复核,初评未匹配，须项目组逐条人工确认
3993,,,提供附件上传，下载功能。 +--------------------------------------------------------------------------------+,待复核,初评未匹配，须项目组逐条人工确认
3994,★,,+-------------------------------+-----------------------------------------------------------------------------------------------------------------------------------------------------------------------,待复核,初评未匹配，须项目组逐条人工确认
3995,,,支持通过扫描或输入流程包条码进行回收登记。 +---------------------------------------------------------------------------------------------------------------------------------------------------------------------------------,待复核,初评未匹配，须项目组逐条人工确认
3996,,,支持显示器械列表，并可记录丢失的器械信息。 +---------------------------------------------------------------------------------------------------------------------------------------------------------------------------------,待复核,初评未匹配，须项目组逐条人工确认
3997,,,支持回收时扫描或输入工人条码。 +---------------------------------------------------------------------------------------------------------------------------------------------------------------------------------------,待复核,初评未匹配，须项目组逐条人工确认
3998,,,支持外来器械接收管理。 +-------------------------------------------------------------------------------------------------------------------------------------------------------------------------------------------,待复核,初评未匹配，须项目组逐条人工确认
3999,,,具备待清洗列表和已清洗列表查询功能。 +------------------------------------------------------------------------------------------------------------------------------------------------------------------------------------,待复核,初评未匹配，须项目组逐条人工确认
4000,,,支持通过扫描或输入包条码进行清洗登记。 +-----------------------------------------------------------------------------------------------------------------------------------------------------------------------------------,待复核,初评未匹配，须项目组逐条人工确认
4001,,,支持选择清洗设备与包进行关联。 +---------------------------------------------------------------------------------------------------------------------------------------------------------------------------------------,待复核,初评未匹配，须项目组逐条人工确认
4002,,,支持外来器械清洗登记。 +-------------------------------------------------------------------------------------------------------------------------------------------------------------------------------------------,待复核,初评未匹配，须项目组逐条人工确认
4003,,,具备对已清洗的器械进行配包的功能。 +-------------------------------------------------------------------------------------------------------------------------------------------------------------------------------------,待复核,初评未匹配，须项目组逐条人工确认
4004,,,支持批量配包功能。 +---------------------------------------------------------------------------------------------------------------------------------------------------------------------------------------------,待复核,初评未匹配，须项目组逐条人工确认
4005,,,支持配包审核功能。 +---------------------------------------------------------------------------------------------------------------------------------------------------------------------------------------------,待复核,初评未匹配，须项目组逐条人工确认
4006,,,具备对器械包进行灭菌记录的功能。 +--------------------------------------------------------------------------------------------------------------------------------------------------------------------------------------,正偏离/无偏离,平台已实现（详见对应功能模块）
4007,,,支持扫描条码进行灭菌登记。 +-----------------------------------------------------------------------------------------------------------------------------------------------------------------------------------------,正偏离/无偏离,平台已实现（详见对应功能模块）
4008,,,支持选择灭菌设备和包进行绑定。 +---------------------------------------------------------------------------------------------------------------------------------------------------------------------------------------,正偏离/无偏离,平台已实现（详见对应功能模块）
4009,,,支持历史灭菌记录的查询。 +------------------------------------------------------------------------------------------------------------------------------------------------------------------------------------------,正偏离/无偏离,平台已实现（详见对应功能模块）
4010,,,具备高温灭菌审核的功能。 +------------------------------------------------------------------------------------------------------------------------------------------------------------------------------------------,正偏离/无偏离,平台已实现（详见对应功能模块）
4011,,,具备对消毒包进行发放登记的功能。 +--------------------------------------------------------------------------------------------------------------------------------------------------------------------------------------,正偏离/无偏离,平台已实现（详见对应功能模块）
4012,,,支持输入或扫描包条码并记录发放科室、交接人员等信息。 +----------------------------------------------------------------------------------------------------------------------------------------------------------------------------,正偏离/无偏离,平台已实现（详见对应功能模块）
4013,,,支持对历史发放记录进行查询，并显示消毒包状态。 +-------------------------------------------------------------------------------------------------------------------------------------------------------------------------------,正偏离/无偏离,平台已实现（详见对应功能模块）
4014,,,具备对外来器械进行登记管理的功能，包括器械的新增、删除等。 +-------------------------------------------------------------------------------------------------------------------------------------------------------------------------,待复核,初评未匹配，须项目组逐条人工确认
4015,,,支持记录具体的使用病人及器械包的明细内容。 +---------------------------------------------------------------------------------------------------------------------------------------------------------------------------------,待复核,初评未匹配，须项目组逐条人工确认
4016,,,具备科室进行需要使用的消毒包进行申请的功能。 +--------------------------------------------------------------------------------------------------------------------------------------------------------------------------------,正偏离/无偏离,平台已实现（详见对应功能模块）
4017,,,支持申请科室进行消毒包及数量的填写。 +------------------------------------------------------------------------------------------------------------------------------------------------------------------------------------,正偏离/无偏离,平台已实现（详见对应功能模块）
4018,,,支持进行申请数量、回收数量、发放数量、状态等的查询。 +----------------------------------------------------------------------------------------------------------------------------------------------------------------------------,待复核,初评未匹配，须项目组逐条人工确认
4019,,,具备科室进行消毒包接收确认的功能。 +-------------------------------------------------------------------------------------------------------------------------------------------------------------------------------------,正偏离/无偏离,平台已实现（详见对应功能模块）
4020,,,接收确认记录具体的包信息、包数量以及交接人信息。 +------------------------------------------------------------------------------------------------------------------------------------------------------------------------------,待复核,初评未匹配，须项目组逐条人工确认
4021,,,具备科室进行消毒包使用的记录。 +---------------------------------------------------------------------------------------------------------------------------------------------------------------------------------------,正偏离/无偏离,平台已实现（详见对应功能模块）
4022,,,支持扫描包条码和住院号进行消毒包和使用病人的绑定。支持显示包信息及包配置明细内容。 +-------------------------------------------------------------------------------------------------------------------------------------------------------------,正偏离/无偏离,平台已实现（详见对应功能模块）
4023,,,具备对器械包进行追溯查询的功能，支持输入包条码进行查询，支持查看包详情、物资信息、设备信息以及包使用流程。 +-------------------------------------------------------------------------------------------------------------------------------------------------,正偏离/无偏离,平台已实现（详见对应功能模块）
4024,,,患者信息追溯，具备对患者使用的器械包信息进行查询的功能。 支持按时间段、门诊号、住院号、患者姓名进行查询。支持查看每一个包的使用全流程信息。 +--------------------------------------------------------------------------------------------------------------------------------,正偏离/无偏离,平台已实现（详见对应功能模块）
4025,,,设备追溯，具备对消毒供应设备进行追溯查询功能，可查看设备的使用情况。可查看设备对应的锅次包信息。器械追溯，具备对器械进行追溯查询功能，可查看当前的器械包态等信息。支持查看器械包的详情信息。 +--------------------------------------------------------------------------------------------------------,正偏离/无偏离,平台已实现（详见对应功能模块）
4026,★,,+-------------------------------+-----------------------------------------------------------------------------------------------------------------------------------------------------------------------,待复核,初评未匹配，须项目组逐条人工确认
4027,,,提供与院内物资信通基本信息互通功能。 +----------------------------------------------------------------+ +----------------------------------------------------------------+ 库存管理 +-----------------------------------------,正偏离/无偏离,平台已实现（详见对应功能模块）
4028,,,提供查看相关供应商库存内容的功能。 +----------------------------------------------------------------+,正偏离/无偏离,平台已实现（详见对应功能模块）
4029,,,提供筛选功能。 +----------------------------------------------------------------+,待复核,初评未匹配，须项目组逐条人工确认
4030,,,提供库存预警功能。 +----------------------------------------------------------------+,正偏离/无偏离,平台已实现（详见对应功能模块）
4031,,,普通耗材二级库管理。 +----------------------------------------------------------------+,正偏离/无偏离,平台已实现（详见对应功能模块）
4032,,,提供耗材使用记录汇总查看功能。 +----------------------------------------------------------------+,正偏离/无偏离,平台已实现（详见对应功能模块）
4033,,,提供耗材科室使用数量功能。 +----------------------------------------------------------------+ +----------------------------------------------------------------+ 普通耗材条码管理 +------------------------------------------,正偏离/无偏离,平台已实现（详见对应功能模块）
4034,,,提供备货时录入或者生成条码的功能。 +----------------------------------------------------------------+,正偏离/无偏离,平台已实现（详见对应功能模块）
4035,,,提供备货附件上传功能。 +----------------------------------------------------------------+,正偏离/无偏离,平台已实现（详见对应功能模块）
4036,,,提供条码打印功能。 +----------------------------------------------------------------+ +----------------------------------------------------------------+ 供应商资质 +-------------------------------------------------,正偏离/无偏离,平台已实现（详见对应功能模块）
4037,,,提供供应商资质管控功能，包含资质日期，类型等。 +----------------------------------------------------------------+,正偏离/无偏离,平台已实现（详见对应功能模块）
4038,,,提供资质审核功能。 +----------------------------------------------------------------+,待复核,初评未匹配，须项目组逐条人工确认
4039,,,提供资质检索功能。 +----------------------------------------------------------------+ 产品资质 +----------------------------------------------------------------+,待复核,初评未匹配，须项目组逐条人工确认
4040,,,提供产品资质按照类型不同录入功能。 +----------------------------------------------------------------+,待复核,初评未匹配，须项目组逐条人工确认
4041,,,提供资质与院内耗材的绑定功能。 +----------------------------------------------------------------+,正偏离/无偏离,平台已实现（详见对应功能模块）
4042,,,提供产品资质审核功能。 +----------------------------------------------------------------+ 合同管理 +----------------------------------------------------------------+,待复核,初评未匹配，须项目组逐条人工确认
4043,,,提供合同录入功能。 +----------------------------------------------------------------+,待复核,初评未匹配，须项目组逐条人工确认
4044,,,提供合同绑定耗材功能。 +----------------------------------------------------------------+,正偏离/无偏离,平台已实现（详见对应功能模块）
4045,,,提供合同到期提醒功能。 +----------------------------------------------------------------+ 低值耗材备货 +----------------------------------------------------------------+,正偏离/无偏离,平台已实现（详见对应功能模块）
4046,,,提供根据订单快捷生成备货单功能。 +----------------------------------------------------------------+,正偏离/无偏离,平台已实现（详见对应功能模块）
4047,,,提供多次生成备货单功能，数量会根据上一个备货单自动计算。 +----------------------------------------------------------------+ 高值耗材备货 +----------------------------------------------------------------+,正偏离/无偏离,平台已实现（详见对应功能模块）
4048,,,提供供应商直接登陆系统备货功能。 +----------------------------------------------------------------+,正偏离/无偏离,平台已实现（详见对应功能模块）
4049,,,提供扫码备货功能。 +----------------------------------------------------------------+,正偏离/无偏离,平台已实现（详见对应功能模块）
4050,,,提供附件上传功能。 +----------------------------------------------------------------+,待复核,初评未匹配，须项目组逐条人工确认
4051,,,提供快速根据退货单生成备货单功能。 +----------------------------------------------------------------+ 高值耗材退货 +----------------------------------------------------------------+,正偏离/无偏离,平台已实现（详见对应功能模块）
4052,,,提供高值耗材退货录入功能。 +----------------------------------------------------------------+,正偏离/无偏离,平台已实现（详见对应功能模块）
4053,,,提供按照回收耗材一键生成退货单功能。 +----------------------------------------------------------------+,正偏离/无偏离,平台已实现（详见对应功能模块）
4054,,,提供退货单审核功能。 +----------------------------------------------------------------+,正偏离/无偏离,平台已实现（详见对应功能模块）
4055,,,提供纸质单打印功能。 +----------------------------------------------------------------+,正偏离/无偏离,平台已实现（详见对应功能模块）
4056,★,,+-------------------------------+-----------------------------------------------------------------------------------------------------------------------------------------------------------------------,待复核,初评未匹配，须项目组逐条人工确认
4057,,,能够直接行为进行办理，显示我的待办列表。 +----------------------------------------------------------------------------------------------------------------------------------------+,待复核,初评未匹配，须项目组逐条人工确认
4058,,,显示抄送给我的业务流程，能够直接行为进行浏览审批。 +----------------------------------------------------------------------------------------------------------------------------------------+ 个人办公 +-----------------------------,正偏离/无偏离,平台已实现（详见对应功能模块）
4059,,,包括：新建、转发、答复、抄送等功能，能够通用邮件功能，并能够能够上传多个附件，我的邮箱：予以完成单位内部工作人员之间的相互交流。 +--------------------------------------------------------------------------------------------------------------------------------------,待复核,初评未匹配，须项目组逐条人工确认
4060,,,通讯管控：包括：个人通讯录、公共通讯录管控功能。 +----------------------------------------------------------------------------------------------------------------------------------------+,待复核,初评未匹配，须项目组逐条人工确认
4061,,,我的业务消息：个人站内业务消息收发及管控功能。 +----------------------------------------------------------------------------------------------------------------------------------------+,正偏离/无偏离,平台已实现（详见对应功能模块）
4062,,,我的计划：以日历形式、列表形式管控个人计划。 +----------------------------------------------------------------------------------------------------------------------------------------+,正偏离/无偏离,平台已实现（详见对应功能模块）
4063,,,会议室申请：包括会议室申请、会议室管控、会议室使用情况浏览功能。 +----------------------------------------------------------------------------------------------------------------------------------------+,待复核,初评未匹配，须项目组逐条人工确认
4064,,,考勤管控：包括打卡、补卡、外勤计划、考勤业务规则的制订、考勤汇总功能。 +----------------------------------------------------------------------------------------------------------------------------------------+,待复核,初评未匹配，须项目组逐条人工确认
4065,,,我的附件：管控个人已上传到平台信息系统中的附件。 +----------------------------------------------------------------------------------------------------------------------------------------+ 我的业务流程 +----------------------------,待复核,初评未匹配，须项目组逐条人工确认
4066,,,新建业务流程：对有权限的业务流程已经业务流程发起。 +----------------------------------------------------------------------------------------------------------------------------------------+,正偏离/无偏离,平台已实现（详见对应功能模块）
4067,,,我的待办：要求行为人员进行审批的业务流程数据资料。 +----------------------------------------------------------------------------------------------------------------------------------------+,正偏离/无偏离,平台已实现（详见对应功能模块）
4068,,,我发起的业务流程：由当前行为人员发起的业务流程。 +----------------------------------------------------------------------------------------------------------------------------------------+,待复核,初评未匹配，须项目组逐条人工确认
4069,,,抄送给我的业务流程：业务流程选择抄送给当前行为人员的业务流程。 +----------------------------------------------------------------------------------------------------------------------------------------+,待复核,初评未匹配，须项目组逐条人工确认
4070,,,并且能够再次发起，我取回的业务流程：取回由行为人员发起的业务流程。 +----------------------------------------------------------------------------------------------------------------------------------------+ 公文管控 +---------------------,待复核,初评未匹配，须项目组逐条人工确认
4071,,,公文发文：公文发文业务流程管控。 +----------------------------------------------------------------------------------------------------------------------------------------+,待复核,初评未匹配，须项目组逐条人工确认
4072,,,公文收文：公文收文管控。 +----------------------------------------------------------------------------------------------------------------------------------------+,正偏离/无偏离,平台已实现（详见对应功能模块）
4073,,,设置管控：机关代字设置、公文模板管控。 +----------------------------------------------------------------------------------------------------------------------------------------+,正偏离/无偏离,平台已实现（详见对应功能模块）
4074,,,业务流程管控。 +----------------------------------------------------------------------------------------------------------------------------------------+,待复核,初评未匹配，须项目组逐条人工确认
4075,,,业务流程设计：包括业务流程图设计、业务流程监听管控、业务流程表达式管控。 +----------------------------------------------------------------------------------------------------------------------------------------+,待复核,初评未匹配，须项目组逐条人工确认
4076,,,在线表单设计（以数据资料库表的形式生成表单），表单设计：包括业务流程表单的设计、业务流程表单模板的设计。 +----------------------------------------------------------------------------------------------------------------------------------------+,正偏离/无偏离,平台已实现（详见对应功能模块）
4077,,,业务流程实例：能够对当前未办结的业务流程进行挂起、关闭、委派其他人执行操作、跳转等行为。 +----------------------------------------------------------------------------------------------------------------------------------------+,待复核,初评未匹配，须项目组逐条人工确认
4078,,,动态生成表单所拥有的字段，业务流程表单检索：根据已有的表单，进行业务流程数据资料检索。 +----------------------------------------------------------------------------------------------------------------------------------------+,待复核,初评未匹配，须项目组逐条人工确认
4079,,,能够对未办结的业务流程进行作废、取回行为，历史业务流程：管控、浏览当前所有业务流程。 +----------------------------------------------------------------------------------------------------------------------------------------+ 平台信息系统管控 +--------,待复核,初评未匹配，须项目组逐条人工确认
4080,,,能够进行行为人员数据资料编辑、更新密码、移除、冻结等行为，行为人员管控：管控平台信息系统中的所有行为人员。 +----------------------------------------------------------------------------------------------------------------------------------------+,正偏离/无偏离,平台已实现（详见对应功能模块）
4081,,,菜单管控：管控平台信息系统中的所有菜单，能够创建、编辑、移除等行为。 +----------------------------------------------------------------------------------------------------------------------------------------+,正偏离/无偏离,平台已实现（详见对应功能模块）
4082,,,部门管控：管控医院下所有部门基本数据资料，以及部门权限的管控。 +----------------------------------------------------------------------------------------------------------------------------------------+,正偏离/无偏离,平台已实现（详见对应功能模块）
4083,,,用于权限分配，角色管控：平台信息系统中所有角色管控。 +----------------------------------------------------------------------------------------------------------------------------------------+,正偏离/无偏离,平台已实现（详见对应功能模块）
4084,,,机构管控：能够对平台信息系统中多机构的数据资料进行管控。 +----------------------------------------------------------------------------------------------------------------------------------------+,待复核,初评未匹配，须项目组逐条人工确认
4085,,,职务管控：对平台信息系统中所有职务数据资料进行管控。 +----------------------------------------------------------------------------------------------------------------------------------------+,待复核,初评未匹配，须项目组逐条人工确认
4086,,,数据资料字典：数据资料字典的管控。 +----------------------------------------------------------------------------------------------------------------------------------------+,待复核,初评未匹配，须项目组逐条人工确认
4087,,,分类字典：平台信息系统中的分类管控。 +----------------------------------------------------------------------------------------------------------------------------------------+,待复核,初评未匹配，须项目组逐条人工确认
4088,,,业务消息中心：包括业务消息管控、业务消息模板管控。 +----------------------------------------------------------------------------------------------------------------------------------------+,正偏离/无偏离,平台已实现（详见对应功能模块）
4089,,,平台信息系统通告：能够对指定人员或全员人员发送通告业务消息。 +----------------------------------------------------------------------------------------------------------------------------------------+,正偏离/无偏离,平台已实现（详见对应功能模块）
4090,,,附件管控：管控平台信息系统中所有的附件数据资料。 +----------------------------------------------------------------------------------------------------------------------------------------+,待复核,初评未匹配，须项目组逐条人工确认
4091,,,平台信息系统监测。 +----------------------------------------------------------------------------------------------------------------------------------------+,待复核,初评未匹配，须项目组逐条人工确认
4092,,,审计记录管控：包括平台信息系统的登录审计记录和行为审计记录。 +----------------------------------------------------------------------------------------------------------------------------------------+,正偏离/无偏离,平台已实现（详见对应功能模块）
4093,,,定时任务：管控平台信息系统中的定时任务。 +----------------------------------------------------------------------------------------------------------------------------------------+ 办公移动端 +---------------------------------,正偏离/无偏离,平台已实现（详见对应功能模块）
4094,,,我的邮箱：包括写邮件、收件箱、发件箱、草稿箱、垃圾箱等功能。 +----------------------------------------------------------------------------------------------------------------------------------------+,待复核,初评未匹配，须项目组逐条人工确认
4095,,,通讯录：包括个人通讯录、公共通讯录数据资料。 +----------------------------------------------------------------------------------------------------------------------------------------+,待复核,初评未匹配，须项目组逐条人工确认
4096,,,我的业务消息：包括oa平台信息系统中收到的业务消息。 +----------------------------------------------------------------------------------------------------------------------------------------+,正偏离/无偏离,平台已实现（详见对应功能模块）
4097,,,会议室管控：包括会议室申请、会议室使用情况检索、会议签到。 +----------------------------------------------------------------------------------------------------------------------------------------+,待复核,初评未匹配，须项目组逐条人工确认
4098,,,考勤管控：包括打卡、补卡。 +----------------------------------------------------------------------------------------------------------------------------------------+,待复核,初评未匹配，须项目组逐条人工确认
4099,,,我的附件：对已上传的附件数据资料进行浏览。 +----------------------------------------------------------------------------------------------------------------------------------------+ （2） 我的流程 +-----------------------------,待复核,初评未匹配，须项目组逐条人工确认
4100,,,发起业务流程：发起业务流程申请，如：请假、外出、印章使用申请等。 +----------------------------------------------------------------------------------------------------------------------------------------+,配套产品响应,属设备配套软件/商用知识库/CA 等产品参数，平台已留标准接入点
4101,,,我的待办：对要求行为人员审批的业务流程进行审批。 +----------------------------------------------------------------------------------------------------------------------------------------+,正偏离/无偏离,平台已实现（详见对应功能模块）
4102,,,我发起的业务流程：检索由行为人员发起的业务流程申请数据资料。 +----------------------------------------------------------------------------------------------------------------------------------------+,待复核,初评未匹配，须项目组逐条人工确认
4103,,,且下一业务流程任务环节未执行操作的业务流程进行追回，业务流程追回：行为人员对已执行操作到下一业务流程任务环节。 +----------------------------------------------------------------------------------------------------------------------------------------+,待复核,初评未匹配，须项目组逐条人工确认
4104,,,抄送的业务流程：检索抄送给行为人员的业务流程数据资料。 +----------------------------------------------------------------------------------------------------------------------------------------+ （3） 公文管理 +-----------------------,待复核,初评未匹配，须项目组逐条人工确认
4105,,,收文列表：检索当前已发起的所有收文业务流程数据资料。 +----------------------------------------------------------------------------------------------------------------------------------------+,正偏离/无偏离,平台已实现（详见对应功能模块）
4106,,,发文列表：检索当前已发起的所有发文业务流程数据资料。 +----------------------------------------------------------------------------------------------------------------------------------------+ （4） 基本信息 +------------------------,待复核,初评未匹配，须项目组逐条人工确认
4107,,,登录密码更新，平台信息系统版本检索，对个人的基本数据资料检索。 +----------------------------------------------------------------------------------------------------------------------------------------+,正偏离/无偏离,平台已实现（详见对应功能模块）
4108,★,,+-------------------------------+-----------------------------------------------------------------------------------------------------------------------------------------------------------------------,待复核,初评未匹配，须项目组逐条人工确认
4109,,,智能预问诊：通过拟人化问答形式，逐步采集患者基本信息、主诉、现病史、既往病史、过敏史、用药史等关键信息，生成标准化、规范化的预问诊报告，同步推送至接诊医师的信息系统，为医师诊疗提供初步参考，帮助医师快速了解患者病情，缩短医师接诊时间，提升诊疗效率。 +--------------------------------------------------------------------------,正偏离/无偏离,平台已实现（详见对应功能模块）
4110,,,智能客服：搭建7×24小时智能客服平台，整合常见就医咨询问题库（包括挂号缴费、就诊流程、检查检验、医保政策、医院科室介绍等），能够快速响应患者咨询，精准解答患者常见问题，提升患者咨询响应效率与解决率，减少患者咨询等待时间。 +---------------------------------------------------------------------------------------,正偏离/无偏离,平台已实现（详见对应功能模块）
4111,,,智能报告解读：整合医院LIS、PACS等系统的检查检验数据，对患者类检查检验报告进行智能化解读，用通俗易懂的语言解释报告结果、异常指标含义、可能的健康风险，同时提供针对性的健康建议与就医指引，帮助患者快速理解报告内容。 +-----------------------------------------------------------------------------------------,正偏离/无偏离,平台已实现（详见对应功能模块）
4112,,,门诊临床辅助决策：整合患者病史、检查检验结果、医嘱、病历、医学知识库等多维度数据，基于机器学习、知识图谱等AI技术，为门诊医师提供病情诊断建议、治疗方案推荐、用药提醒、并发症预警、预后评估等功能，辅助医师快速识别病情、制定科学合理的诊疗方案。 +-----------------------------------------------------------------------------,正偏离/无偏离,平台已实现（详见对应功能模块）
4113,,,门诊辅助病历生成：基于临床医患病情沟通通过自然语言处理技术，将语音自动转换为标准化、规范化的病历初稿。 +---------------------------------------------------------------------------------------------------------------------------------------------------,正偏离/无偏离,平台已实现（详见对应功能模块）
4114,,,病历内容质控：聚焦医院管理质控需求，建设病历质控系统，实现对病历质量的智能化、常态化管控。通过AI算法对门诊、住院病历进行自动化审核、质控、精准识别病历中的逻辑错误、内容缺失、格式不规范、术语错误等问题。 +------------------------------------------------------------------------------------------------,正偏离/无偏离,平台已实现（详见对应功能模块）
4115,★,,+-------------------------------+-----------------------------------------------------------------------------------------------------------------------------------------------------------------------,待复核,初评未匹配，须项目组逐条人工确认
4116,,,电子健康卡：主要用于在患者注册环节的实名认证。支持申领国家标准的电子健康卡，无需再办理医院就诊卡。即可实现一卡通用，完成院内线上线下的各个业务流程。支持上传身份证、户口本、出生证明等进行OCR识别，也支持在线的人脸识别注册。所有的用卡数据通过接口上传至对应的省卡管平台。 +---------------------------------------------------------------,外部条件,需医保局/省平台等外部环境开通后联调
4117,,,医生端输入身份证号和密码、验证码登录系统，通过医生APP，首次注册完成后需要绑定HIS的工号密码，用于验证医生的身份有效性。支持医生端自助找回密码。 +----------------------------------------------------------------------------------------------------------------------------,正偏离/无偏离,平台已实现（详见对应功能模块）
4118,,,能够更新个人资料（姓名、手机号、民族、职业、婚姻状况、家庭住址等），患者端输入姓名、证件号、证件类型、手机号、验证码等数据资料予以完成注册。首次注册完成后能够直接登录相应当的客户端使用功能。无需每次输入密码。 +----------------------------------------------------------------------------------------------,正偏离/无偏离,平台已实现（详见对应功能模块）
4119,,,医生排班查询：可根据日期、科室、诊室查询院内医生的排班情况。包括传统的线下挂号排班以及互联网医院的排班。其中互联网医院排班既可以在HIS端统一安排，也支持医生在APP上根据医生个人情况自助排班。 +-----------------------------------------------------------------------------------------------------,正偏离/无偏离,平台已实现（详见对应功能模块）
4120,,,在线问诊：用户通过患者端选择问诊医生，选择问诊方式（图文问诊、语音问诊、视频问诊），输入病情描述，提交问诊申请，在线支付问诊费用，等待医生接诊。医生接诊后，患者可以与医生进行文字、图片、语音或视频进行沟通交流。医生了解患者病情后，对于复诊患者在线开具检验检查申请、书写病历和开具处方。对于初诊患者医生只能开具处理建议。医生端开具处方后，用户可在线支付检验、检查费用、药品费用、处置项目费用，也可根据实,正偏离/无偏离,平台已实现（详见对应功能模块）
4121,,,支持获取统一资源池相关号源信息并发布在患者端上，用户选择科室、医生，就诊日期后进行挂号预约，在线支付挂号费用，预约成功。未支付挂号费用的订单可以在10分钟内进行支付，超出10分钟订单自动失效，并释放号源。 +------------------------------------------------------------------------------------------------,正偏离/无偏离,平台已实现（详见对应功能模块）
4122,,,互联网医院系统的在线挂号，跟线下挂号规则基本一致，患者选择科室、医生，根据医生排班的情况，选择在线问诊的方式（图文、语音、视频问诊）。医生接诊后，患者即可与医生在线沟通。 +-----------------------------------------------------------------------------------------------------------------,正偏离/无偏离,平台已实现（详见对应功能模块）
4123,,,候诊查询：通过患者端实时查询各个分诊台的叫号信息与队列情况，让病人无需长久在候诊室等待，通过手机即可了解当前叫号情况，同时使候诊室病人得到分流，改善病人就诊体验，并支持在就诊时间前提醒患者。 +-------------------------------------------------------------------------------------------------------,正偏离/无偏离,平台已实现（详见对应功能模块）
4124,,,就诊人管理需支持用户新增、修改、删除就诊人，通过绑定家庭成员可以为所有的家人进行在线医疗服务。 +-------------------------------------------------------------------------------------------------------------------------------------------------------,正偏离/无偏离,平台已实现（详见对应功能模块）
4125,,,能够查询就诊人员信息。 +-------------------------------------------------------------------------------------------------------------------------------------------------------------------------------------------,待复核,初评未匹配，须项目组逐条人工确认
4126,,,为用户提供健康教育、线下活动、相关政策等健康指导信息：如根据季节、天气变化等提供疾病预防相关提醒信息；针对孕妇、老人、儿童等特殊人群提供医疗卫生保健知识；针对高血压、糖尿病等慢性病患者提供健康行为、饮食运动等指导信息。 +-----------------------------------------------------------------------------------------,正偏离/无偏离,平台已实现（详见对应功能模块）
4127,,,门诊签到：支持分诊扫码签到，可实时查询各个分诊台的排队信息，让病人无需长久在候诊室等待，通过手机即可了解当前排队情况。 +-------------------------------------------------------------------------------------------------------------------------------------------,正偏离/无偏离,平台已实现（详见对应功能模块）
4128,,,在线缴费：患者端可直接通过微信完成费用结算，不需要患者到收费处排队结算。不论是HIS医生站开具的处方，还是互联网医院系统开具的处方，支付结果能通过接口直接回传到HIS系统当中。目前支持门诊缴费、住院预交金和医生站预约挂号。若发生异常订单，支持24小时原路退费。 +--------------------------------------------------------------------,正偏离/无偏离,平台已实现（详见对应功能模块）
4129,,,当日挂号默认不可以线上退款。预约挂号，就诊当日早8点以前可以在线退款。门诊缴费、住院预交金等，支持在HIS操作原路退款。在线挂号，可以支持只要未就诊，都允许随时在线退费。异常订单：扣费后HIS实际未计费，经医院确认后，一般操作原路退费。 +--------------------------------------------------------------------------------,正偏离/无偏离,平台已实现（详见对应功能模块）
4130,,,根据医院需求可设置预约退号黑名单。如半年内超过3次取消预约，则拉入黑名单。若要恢复，需至医院现场办理。支持根据病人的预约挂号信息，面向患者提供诊前、诊中、诊后的各类提醒功能。 +---------------------------------------------------------------------------------------------------------------,正偏离/无偏离,平台已实现（详见对应功能模块）
4131,,,系统支持三种问诊方式，包括：图文、语音和视频问诊。 +-----------------------------------------------------------------------------------------------------------------------------------------------------------------------------,待复核,初评未匹配，须项目组逐条人工确认
4132,,,系统支持未接诊订单退单，按支付路径进行退费。 +--------------------------------------------------------------------------------------------------------------------------------------------------------------------------------,正偏离/无偏离,平台已实现（详见对应功能模块）
4133,,,系统支持医生主动结束问诊，若不主动结束，本次问诊在患者支付费用后24小时后自动结束。 +------------------------------------------------------------------------------------------------------------------------------------------------------------,正偏离/无偏离,平台已实现（详见对应功能模块）
4134,,,问诊当前医生的问诊订单未结束时，不能发起该医师的新的问诊申请。 +-----------------------------------------------------------------------------------------------------------------------------------------------------------------------,待复核,初评未匹配，须项目组逐条人工确认
4135,,,结束问诊后，患者可以对本次问诊进行评价。 +----------------------------------------------------------------------------------------------------------------------------------------------------------------------------------,正偏离/无偏离,平台已实现（详见对应功能模块）
4136,,,药品配送：通过互联网医院系统开具的处方，经药师在线审核通过后，用户可选择到院自取或在线配送。如果选择在线配送，则输入用户收货地址，在线支付药品费用。 +----------------------------------------------------------------------------------------------------------------------------,正偏离/无偏离,平台已实现（详见对应功能模块）
4137,,,可在线查看物流进度，用户在收到药品后，检查药品外包装完整性并确认收药。 +-------------------------------------------------------------------------------------------------------------------------------------------------------------------,正偏离/无偏离,平台已实现（详见对应功能模块）
4138,,,体检预约：系统提供体检须知、体检流程、体检套餐介绍等，用户可在线预约体检。根据患者性别，选择体检日期、体检套餐，在线支付后，系统生成相应体检注意事项，通过平台发送给用户；用户在预约的体检日期，持有效证件和订单条码到指定预约地点进行体检。 +--------------------------------------------------------------------------------,正偏离/无偏离,平台已实现（详见对应功能模块）
4139,,,.支持查看体检预约记录，可查询所有状态的体检预约。 +-----------------------------------------------------------------------------------------------------------------------------------------------------------------------------,正偏离/无偏离,平台已实现（详见对应功能模块）
4140,,,体检签到前可以在线退费，若已经进行了现场签到，则需到医院现场办理退费。 +-------------------------------------------------------------------------------------------------------------------------------------------------------------------,正偏离/无偏离,平台已实现（详见对应功能模块）
4141,,,体检报告：支持将病人体检信息推送给患者，可以查询患者及家庭成员的所有体检报告信息，以医院出具的报告做为模板，简化显示。同时支持在线预览PDF格式的体检报告，支持患者在线下载体检PDF报告。 +--------------------------------------------------------------------------------------------------------,正偏离/无偏离,平台已实现（详见对应功能模块）
4142,,,检验/检查预约：支持医生通过医院HIS系统或者互联网医院系统，给患者开具相应的检验/检查项目；也支持用户自助开单，在线预约检查检验项目。支持用户选择在线支付缴费，支付成功可以预约检验/检查时间；患者在预约的时间段内，持有效证件和订单条码到医院职能科室进行签到并进行检验检查；签到前可选择退费，需到医院现场办理退费。 +-----------------------------------------,正偏离/无偏离,平台已实现（详见对应功能模块）
4143,,,查询检验/检查报告：将病人检验/检查报告信息推送给用户，用户可以查询本用户下的检验/检查报告信息，以医院出具的报告做为模板，简化显示。 +-----------------------------------------------------------------------------------------------------------------------------------,正偏离/无偏离,平台已实现（详见对应功能模块）
4144,,,支持对接云胶片系统，浏览当前患者的胶片影像。 +--------------------------------------------------------------------------------------------------------------------------------------------------------------------------------,正偏离/无偏离,平台已实现（详见对应功能模块）
4145,,,住院预约：医生通过HIS系统或者互联网医院系统，开具入院申请单。患者选择在线预约入院时间和床位类型。线下完成入院办理后，可以在线支付住院预交金。若需取消，请患者到医院现场办理取消及退费。 +---------------------------------------------------------------------------------------------------------,正偏离/无偏离,平台已实现（详见对应功能模块）
4146,,,满意度调查：结合智慧医院建设指标，支持患者在线反馈就诊满意度，包括门诊满意度、住院满意度，调查内容包含：医德医风、导诊人员服务态度、挂号/收费人员服务态度、门诊医生服务态度、急诊医生服务态度、检验科人员服务态度、放射/超声/病理科人员服务态度、护士服务态度、住院环境、膳食、信息公开等。医院可自行维护问卷调查内容，统计并导出问卷调查结果。同时系统支持在业务环节中向患者推送满意度调查问卷。支持其他第三,正偏离/无偏离,平台已实现（详见对应功能模块）
4147,,,服务评价：患者就诊后对专家评价，支持评分和主观文字评价，支持患者在线留言反馈和投诉；支持评分的统计，作为绩效依据。 +---------------------------------------------------------------------------------------------------------------------------------------------,正偏离/无偏离,平台已实现（详见对应功能模块）
4148,,,住院预约：医生通过HIS系统或者互联网医院系统，开具入院申请单。患者选择在线预约入院时间和床位类型。线下完成入院办理后，可以在线支付住院预交金。若需取消，请患者到医院现场办理取消及退费。 +---------------------------------------------------------------------------------------------------------,正偏离/无偏离,平台已实现（详见对应功能模块）
4149,,,费用查询：可查询个人门诊缴费信息、包含药品费用、治疗费、化验费等，并可查询费用明细。支持查询住院每日清单，查看当日住院费用及详情、总费用、入院天数等信息。 +-------------------------------------------------------------------------------------------------------------------------,正偏离/无偏离,平台已实现（详见对应功能模块）
4150,,,即时查询：可查询医院实时的床位信息，查看各个科室剩余床位数；可实时查询医院药品的单价；可实时查询医院诊疗项目的价格。 +--------------------------------------------------------------------------------------------------------------------------------------------,正偏离/无偏离,平台已实现（详见对应功能模块）
4151,,,个人中心：可查看个人账号，维护个人基础信息；支持管理个人及家庭成员就诊卡；查询订单（问诊订单、挂号订单、缴费订单）及支付记录，维护收货地址等。也可结合智慧医院，设置各类推送权限。可查询用户关注或问诊过的医生。 +----------------------------------------------------------------------------------------------,正偏离/无偏离,平台已实现（详见对应功能模块）
4152,,,医院介绍：支持用户通过手机对医院相关情况进行查询，包含医院介绍、就医流程介绍等内容。 +------------------------------------------------------------------------------------------------------------------------------------------------------------,正偏离/无偏离,平台已实现（详见对应功能模块）
4153,,,科室介绍：支持用户通过手机对科室相关情况进行查询。 +-----------------------------------------------------------------------------------------------------------------------------------------------------------------------------,正偏离/无偏离,平台已实现（详见对应功能模块）
4154,,,医生介绍：支持用户通过手机对医生信息进行查询。支持查阅医生擅长、排班等信息 +-----------------------------------------------------------------------------------------------------------------------------------------------------------------,正偏离/无偏离,平台已实现（详见对应功能模块）
4155,,,用户登录：医务人员（医生、药师）输入账号和密码登录系统（使用注册APP时填写的身份证和密码登录）。APP会自动根据用户类型展示对应的功能模块。 +-------------------------------------------------------------------------------------------------------------------------------,正偏离/无偏离,平台已实现（详见对应功能模块）
4156,,,在线问诊：患者提交问诊申请，医生接诊后，与患者进行在线的文字、图片、语音或视频沟通交流。医生了解患者病情后，对于常见病、慢性病的复诊患者，在线书写病历和开具处方，开具检验检查申请、处置项目。对于初诊患者医生只能提供咨询建议。医生、药师都能在线看到患者历次的就诊记录（线上线下）、检查检验报告记录等。系统支持引用病历模板和处方模板（个人、科室、全院），当前病历和处方可保存为模板供以后使用。 +----,正偏离/无偏离,平台已实现（详见对应功能模块）
4157,,,医生可以管理在线问诊的患者，可以在线接诊、在线开放等。患者列表分为待回复、已回复、已结束三个选项卡。在线问诊24小时内有效，问诊有效期内医生患者可以相互发消息，医生可以给患者编写病历，查看线下的门诊、住院病历，开具处方、检查、检验、处置项目，查看历次的检查检验报告，历次的线上线下就诊记录，开具入院证等。医生可以根据实际情况，主动结束问诊，也可以将当前患者加入黑名单。发生患者挂错号的情况时，医生可以,正偏离/无偏离,平台已实现（详见对应功能模块）
4158,,,消息模板：医生可以根据个人习惯，自主管理常用内容的消息模板。在问诊界面时可以快速通过模板消息，将一些常用语发送给患者，提高医生操作效率。 +----------------------------------------------------------------------------------------------------------------------------------,正偏离/无偏离,平台已实现（详见对应功能模块）
4159,,,医生开具处方时，可以根据医院的实际情况，对接三方的合理用药、前置审方系统（需对接三方合理用药系统），进一步提升操作效率及安全性，减少人为操作失误的情况。 +--------------------------------------------------------------------------------------------------------------------------,正偏离/无偏离,平台已实现（详见对应功能模块）
4160,,,电子签章：互联网医院系统全业务流程对接了CA，主要起到数据留痕防篡改的作用。医生端需要先在手机上设置CA签名，申请CA证书，完成CA的认证。支持设置24小时内不再输入密码，方便医生操作。 +---------------------------------------------------------------------------------------------------------,配套产品响应,属设备配套软件/商用知识库/CA 等产品参数，平台已留标准接入点
4161,,,处方管理：医生管理所有在线开过的处方，可以显示处方的不同状态（新建、已审核、已驳回、已作废），可以查看处方详情，可以作废处方。也能查看线上排了互联网医院班次的药师，快速了解当前负责审核线上处方的人员安排。 +------------------------------------------------------------------------------------------------,正偏离/无偏离,平台已实现（详见对应功能模块）
4162,,,处方审核：互联网药师（中药师、西药师）对医生在线开具的处方进行审核，主要是审核通过和审核不通过，审核不通过时需要填写驳回理由。 +---------------------------------------------------------------------------------------------------------------------------------------,正偏离/无偏离,平台已实现（详见对应功能模块）
4163,,,在线排班：医生、药师均可以在APP上自助排互联网医院班次，根据自己的实际情况随时随地开展互联网医院问诊服务。医生排班时，自行设置开诊时间、结束时间，坐诊时长，当次预约人数上限、坐诊科室，号别，问诊类型（图文、语音、视频）。也可维护个人擅长，方便患者了解医生情况。首次使用需要自己排一次班，后续都可以通过复制排班，快速排线上班次。 +----------------------------------,正偏离/无偏离,平台已实现（详见对应功能模块）
4164,,,工作量统计：医生药师可以在手机上查看自己的工作量，医生端目前主要统计咨询人数和开方次数，药师端主要统计审核处方次数。 +--------------------------------------------------------------------------------------------------------------------------------------------,正偏离/无偏离,平台已实现（详见对应功能模块）
4165,,,黑名单管理：医生针对在线问诊的患者，可以根据实际情况对患者进行拉黑操作，也可以解除黑名单。 +---------------------------------------------------------------------------------------------------------------------------------------------------------,正偏离/无偏离,平台已实现（详见对应功能模块）
4166,,,问诊配置：查看医生和药师的互联网医院问诊权限配置等基础信息。 +------------------------------------------------------------------------------------------------------------------------------------------------------------------------,正偏离/无偏离,平台已实现（详见对应功能模块）
4167,,,消息通知：患者问诊后，互联网医院系统会给医生进行短信推送，APP消息提醒。医生端回复首次患者后，系统会向患者端推送一次提醒。医生开具处方后，系统会向对应的药师（中药师、西药师）推送短信提醒、APP推送。药师审核处方后（通过、驳回），系统会再通知医生，同时如果处方审核通过，系统会通知患者处方已开具。 +-------------------------------------------------,正偏离/无偏离,平台已实现（详见对应功能模块）
4168,,,处方流转：通过互联网医院系统开具的处方，可以直接流转到与当前医院合作的第三方外部药房，方便患者结合自身情况，到院自取药品，由医院配送药品或者由合作的第三方药房进行物流配送药品，更大程度提升患者就医便捷性。 +------------------------------------------------------------------------------------------------,正偏离/无偏离,平台已实现（详见对应功能模块）
4169,,,我的医院：医生可以在这里查看绑定的医院，如果绑定了多个医院，也可以切换医院。 +----------------------------------------------------------------------------------------------------------------------------------------------------------------,待复核,初评未匹配，须项目组逐条人工确认
4170,,,工号修改：医生HIS工号发生变化时，可以修改绑定的工号。 +--------------------------------------------------------------------------------------------------------------------------------------------------------------------------,待复核,初评未匹配，须项目组逐条人工确认
4171,,,网络切换：根据医院情况，支持内外网切换。部分功能在内网下不可使用。 +---------------------------------------------------------------------------------------------------------------------------------------------------------------------,待复核,初评未匹配，须项目组逐条人工确认
4172,,,指纹登录：首次账密登录后，医生可以在这里设置指纹，后续直接可以指纹登录，方便快捷（需要手机本身支持设置指纹）。 +-----------------------------------------------------------------------------------------------------------------------------------------------,正偏离/无偏离,平台已实现（详见对应功能模块）
4173,,,清除未读消息：清除无效的未读消息提醒，避免造成医生误会。 +--------------------------------------------------------------------------------------------------------------------------------------------------------------------------,正偏离/无偏离,平台已实现（详见对应功能模块）
4174,,,基础数据维护：维护医院互联网系统基础参数，如物流参数、CA参数、平台参数等。 +----------------------------------------------------------------------------------------------------------------------------------------------------------------,正偏离/无偏离,平台已实现（详见对应功能模块）
4175,,,操作留痕追溯：对互联网医院系统的日常操作，均记录了操作日志，方便追溯。同时对于医患之间产生的聊天记录，也可以随时查看，便于运营管理人员核对。 +--------------------------------------------------------------------------------------------------------------------------------,正偏离/无偏离,平台已实现（详见对应功能模块）
4176,,,注册用户管理：对互联网医院系统注册的患者信息进行管理，如姓名、手机号、证件号、证件类型等，也可以对患者进行注销操作。 +--------------------------------------------------------------------------------------------------------------------------------------------,正偏离/无偏离,平台已实现（详见对应功能模块）
4177,,,权限审核：维护互联网医院的医生、药师的处方、病历、中药、西药等操作权限。 +------------------------------------------------------------------------------------------------------------------------------------------------------------------,正偏离/无偏离,平台已实现（详见对应功能模块）
4178,,,财务管理：对系统产生的交易进行财务管理工作，可以在线对账，导出财务数据，处理异常订单等。 +----------------------------------------------------------------------------------------------------------------------------------------------------------,正偏离/无偏离,平台已实现（详见对应功能模块）
4179,,,订单管理（问诊、挂号、缴费、体检）：对互联网医院系统产生的订单进行管理，核对订单信息、患者信息，对线上订单进行对账管理，出现异常订单时可以在线退费。 +----------------------------------------------------------------------------------------------------------------------------,正偏离/无偏离,平台已实现（详见对应功能模块）
4180,,,运营数据统计分析：以报表的形式统计分析业务数据，跟踪医生药师的工作量，纳入考核指标。 +------------------------------------------------------------------------------------------------------------------------------------------------------------,正偏离/无偏离,平台已实现（详见对应功能模块）
4181,,,医生信息展示：在屏幕上展示医生信息，引导线下患者快速关注医生，进行线上问诊。 +----------------------------------------------------------------------------------------------------------------------------------------------------------------,正偏离/无偏离,平台已实现（详见对应功能模块）
4182,,,目前主要通过对接CA来实现互联网医院医生、药师的线上认证。医院在HIS系统维护医生、药师的基础信息（身份证号、姓名、手机号、职称、职业资格证书编号），医生药师通过医生APP完成CA证书、签名的设置，用于后续的业务环节CA签名。 +-------------------------------------------------------------------------------------,正偏离/无偏离,平台已实现（详见对应功能模块）
4183,★,,+-------------------------------+-----------------------------------------------------------------------------------------------------------------------------------------------------------------------,待复核,初评未匹配，须项目组逐条人工确认
4184,,,系统需支持便捷寻医功能，向患者提供一个多维度的寻医方式，患者可通过收藏的医生，选择自己希望前往的医院。为方便患者找到医院。在患者服务门户端，用户可以通过点击查询到医院地图，选择交通指引功能，系统支持跳转第三方地图服务，如高德地图、百度地图，实现患者所在位置到医院的定位导航。 +-------------------------------------------------------------,正偏离/无偏离,平台已实现（详见对应功能模块）
4185,,,切换医院：支持快速切换接入医院APP的医院，患者只需要注册一次，即可使用所有接入医院提供的线上服务。 +----------------------------------------------------------------------------------------------------------------------------------------------------,正偏离/无偏离,平台已实现（详见对应功能模块）
4186,,,预约挂号：支持按照院区、日期、科室（科室、诊室）、出诊医生进行挂号，也可通过历史预约功能快速找到预约过的医生。选择医生后，可以切换家庭成员，选择班次，选择就诊时间段。同时支持在挂号时填写婚姻状况、职业、民族家庭住址等基本信息。填写完基础信息后，选择支付方式，完成支付。所有的业务数据实时同步到HIS，患者凭有效证件或者成功支付的订单信息即可前往医院完成就诊流程；结合智慧医院的建设标准，支持分时段挂号,正偏离/无偏离,平台已实现（详见对应功能模块）
4187,,,需支持通过移动端向用户展示门诊就医流程指引，包括挂号、候诊、缴费、检查检验、取药流程。支持以卡片形式展示用户本人和家人的门诊待办事项，以便查看详情及快速完成服务。 +---------------------------------------------------------------------------------------------------------------------,正偏离/无偏离,平台已实现（详见对应功能模块）
4188,,,订单管理：所有在线支付的挂号、门诊缴费、住院预交金、体检套餐、互联网处方等，都会生成对应的订单。患者可以在该功能中查看订单的状态，挂号订单展示订单号、计费状态、医生信息、就诊日期、号源信息、就诊位置、票据号、订单条码等信息，缴费订单展示订单号、计费状态、缴费日期、费用信息、取药信息、订单条码等。 +--------------------------------------------------,正偏离/无偏离,平台已实现（详见对应功能模块）
4189,,,在线咨询：患者可根据科室、医生，选择医院排了网络班次的医生进行在线问诊，目前支持图片、文字、语音、视频等方式进行在线咨询。医院取得互联网医院牌照后，患者还可以在线缴纳医生开具的互联网医院处方费用，并根据实际情况选择药品到院自取还是物流配送到家。 +----------------------------------------------------------------------------,正偏离/无偏离,平台已实现（详见对应功能模块）
4190,,,当日挂号默认不可以线上退款。预约挂号，就诊当日早8点以前可以在线退款。 门诊缴费、住院预交金等，支持在HIS操作原路退款。在线挂号，可以支持只要未就诊，都允许随时在线退费。异常订单：扣费后HIS实际未计费，经医院确认后，一般操作原路退费。 +-------------------------------------------------------------------------------,正偏离/无偏离,平台已实现（详见对应功能模块）
4191,,,在线缴费：支持用户查看自己在当前医院的门诊处方、住院预交金、医生站预约挂号三种类型的待支付项目。选中支付项目后可以直接在线支付，无需到医院现场窗口排队缴费，从而节约了宝贵的时间。支付成功后计费结果实时同步至HIS，患者可以凭缴费订单或者有效证件直接到医院对应的位置完成诊疗，如取药、检查、检验等。支持微信、支付宝等多种支付方式。 +----------------------------------,正偏离/无偏离,平台已实现（详见对应功能模块）
4192,,,检查报告：支持在线查看院内所有已经审核的检查报告及对应的报告详情。 +---------------------------------------------------------------------------------------------------------------------------------------------------------------------,正偏离/无偏离,平台已实现（详见对应功能模块）
4193,,,检验报告：支持在线查看院内所有已经审核的检验报告及对应的报告详情，可以展示检验项目结果，参考值，偏高还是偏低等指标。 +--------------------------------------------------------------------------------------------------------------------------------------------,正偏离/无偏离,平台已实现（详见对应功能模块）
4194,,,支持对接云胶片系统，在APP上浏览当前患者的胶片影像。 +---------------------------------------------------------------------------------------------------------------------------------------------------------------------------,正偏离/无偏离,平台已实现（详见对应功能模块）
4195,,,体检报告：支持在线查看院内所有已经审核或者总检的体检报告及对应的报告详情，可以分科展示对应的检查检验结果及对应的指标参考值。 +----------------------------------------------------------------------------------------------------------------------------------------,正偏离/无偏离,平台已实现（详见对应功能模块）
4196,,,支持患者在线查看体检报告PDF，支持下载PDF文件。 +----------------------------------------------------------------------------------------------------------------------------------------------------------------------------,正偏离/无偏离,平台已实现（详见对应功能模块）
4197,,,电子健康卡：支持申领国家标准的电子健康卡，无需再办理医院就诊卡。即可实现一卡通用，完成院内线上线下的各个业务流程。 +---------------------------------------------------------------------------------------------------------------------------------------------,外部条件,需医保局/省平台等外部环境开通后联调
4198,,,智能导诊：APP用户可通过智能导诊功能，选择性别（男、女、小孩）、身体部位或者症状，系统会自动为患者推荐对应的科室，方便患者在不确定的情况下，快速定位与患者相匹配的科室。 +-----------------------------------------------------------------------------------------------------------------,正偏离/无偏离,平台已实现（详见对应功能模块）
4199,,,体检预约：APP用户可通过体检预约功能，查看体检须知，快速选择医院预置好的体检套餐，选择对应的体检日期并在线缴费。缴费成功之后直接到医院体检科凭有效证件或者缴费订单完成体检。 +---------------------------------------------------------------------------------------------------------------,正偏离/无偏离,平台已实现（详见对应功能模块）
4200,,,检验预约：APP用户可通过检验预约功能，查看检验须知。针对已缴费的检验项目，可以选择具体的日期、时间段来医院完成检验，对于已经预约的项目，也可以取消预约重新预约。 +---------------------------------------------------------------------------------------------------------------------,正偏离/无偏离,平台已实现（详见对应功能模块）
4201,,,预约入院：门诊医生给用户开具入院证之后，可以在APP端直接进行入院预约，选择意向入院时间、床位类型，提交后即完成住院预约。后续可以直接凭对应的预约记录到院办理入院。 +--------------------------------------------------------------------------------------------------------------------,正偏离/无偏离,平台已实现（详见对应功能模块）
4202,,,手术查询：APP用户可以直接通过手术查询功能，查看自己及家庭成员的手术安排情况，以及实时查询手术的进度。 +--------------------------------------------------------------------------------------------------------------------------------------------------,正偏离/无偏离,平台已实现（详见对应功能模块）
4203,,,每日清单：APP用户在住院期间，可以通过每日清单查看自己历次住院期间，每日的费用情况，如药品信息、诊疗项目信息及价格等，也可以看到退费情况。 +--------------------------------------------------------------------------------------------------------------------------------,正偏离/无偏离,平台已实现（详见对应功能模块）
4204,,,费用查询：APP用户可以通过该功能查询出在医院的每项费用分类和费用明细清单（门诊、住院）。同样用户也可以进行家庭成员的切换进行查询。 +------------------------------------------------------------------------------------------------------------------------------------,正偏离/无偏离,平台已实现（详见对应功能模块）
4205,,,病历查询：APP用户可以通过该功能查询自己的历史病历（门诊、住院）。病历查询分为列表和详情，可以查看处方信息、处置项目，检查检验项目，病历信息等。支持家庭成员的切换。 +-------------------------------------------------------------------------------------------------------------------,正偏离/无偏离,平台已实现（详见对应功能模块）
4206,,,门诊候诊查询：APP用户可以通过该功能查看到每个科室的病人候诊列表，能掌握好自己的排队顺序，实时了解候诊情况。 +-----------------------------------------------------------------------------------------------------------------------------------------------,正偏离/无偏离,平台已实现（详见对应功能模块）
4207,,,门诊排班查询：APP用户可以通过该功能直观的查看到医院的医生排班信息，支持按照科室、日期查询医生的所有班次，从而更加快捷精准的进行预约挂号。 +--------------------------------------------------------------------------------------------------------------------------------,正偏离/无偏离,平台已实现（详见对应功能模块）
4208,,,满意度调查：APP用户可以通过满意度调查对就诊医院的各个业务环节进行满意度打分，从而更好的提高医院的服务质量。医院可以在院内管理后台对满意度问卷进行维护管理，也可以统计每张问卷的调查结果并导出，可以将调查结果纳入绩效考核。结合智慧医院的建设标准，可以在对应的业务环节面向患者主动推送问卷调查，支持配合第三方渠道对接满意度调查系统。 +---------------------------------,正偏离/无偏离,平台已实现（详见对应功能模块）
4209,,,未注册查询：APP用户可以通过未注册查询功能，给未注册的用户（如老人、小孩）查询一些院内基础业务信息。 +---------------------------------------------------------------------------------------------------------------------------------------------------,正偏离/无偏离,平台已实现（详见对应功能模块）
4210,,,住院床位查询：APP用户需要住院治疗时，可以通过该功能查询选中医院当前剩余床位。避免到达医院后因为没有床位无法入院治疗。 +------------------------------------------------------------------------------------------------------------------------------------------,正偏离/无偏离,平台已实现（详见对应功能模块）
4211,,,住院床位查询：APP用户需要住院治疗时，可以通过该功能查询选中医院当前剩余床位。避免到达医院后因为没有床位无法入院治疗。 +------------------------------------------------------------------------------------------------------------------------------------------,正偏离/无偏离,平台已实现（详见对应功能模块）
4212,,,药品价格查询：APP用户可以通过该功能查询每项药品的价格，做到对院内药品价格心中有数。 +-----------------------------------------------------------------------------------------------------------------------------------------------------------,正偏离/无偏离,平台已实现（详见对应功能模块）
4213,,,诊疗项目：APP用户可以通过该功能查询所选医院各种诊疗项目的价格。 +---------------------------------------------------------------------------------------------------------------------------------------------------------------------,正偏离/无偏离,平台已实现（详见对应功能模块）
4214,,,账号信息：账号信息功能可以查看当前注册APP用户的身份证号码、姓名、性别、绑定的手机号。 +----------------------------------------------------------------------------------------------------------------------------------------------------------,正偏离/无偏离,平台已实现（详见对应功能模块）
4215,,,我的就诊卡：APP用户入院就诊办理就诊卡后，可以通过该功能绑定就诊卡。绑定就诊卡后就可以进行APP的其他功能使用。 +---------------------------------------------------------------------------------------------------------------------------------------------,正偏离/无偏离,平台已实现（详见对应功能模块）
4216,,,密码修改：APP用户通过该功能可以对登录密码进行修改。 +---------------------------------------------------------------------------------------------------------------------------------------------------------------------------,正偏离/无偏离,平台已实现（详见对应功能模块）
4217,,,权限设置：APP用户通过该功能设置是否能查看检查报告，是否能查看病历。从而很好的保护用户隐私。同时配合智慧医院建设，已经实现消息通知的分级管理，允许患者屏蔽非关键信息。 +------------------------------------------------------------------------------------------------------------------,正偏离/无偏离,平台已实现（详见对应功能模块）
4218,,,消息中心：消息中心包括了所有推送给用户的消息，比如家庭成员添加功能，就诊信息提醒等。可以设置已读未读，也可以根据消息类型进行对应的交互。 +----------------------------------------------------------------------------------------------------------------------------------,正偏离/无偏离,平台已实现（详见对应功能模块）
4219,,,家庭成员：当APP用户需要为家人挂号，缴费、查看报告等功能时，就需要绑定家庭成员。在家庭成员列表双方可见互为家庭成员。医院APP所有的业务均支持切换家庭成员。 +-----------------------------------------------------------------------------------------------------------------------,正偏离/无偏离,平台已实现（详见对应功能模块）
4220,,,门诊就医指引：需支持通过移动端向用户展示门诊就医流程指引，包括挂号、候诊、缴费、检查检验、取药流程。支持以卡片形式展示用户本人和家人的门诊待办事项，以便查看详情及快速完成服务。 +--------------------------------------------------------------------------------------------------------------,正偏离/无偏离,平台已实现（详见对应功能模块）
4221,,,住院宣教：支持门诊患者和住院患者查看系统推送给患者的健康宣教内容。 +---------------------------------------------------------------------------------------------------------------------------------------------------------------------,正偏离/无偏离,平台已实现（详见对应功能模块）
4222,,,用户指南：APP用户可以通过用户指南功能进行APP的基本操作。功能等同本文档。 +---------------------------------------------------------------------------------------------------------------------------------------------------------------,正偏离/无偏离,平台已实现（详见对应功能模块）
4223,,,意见反馈：APP用户可以通过该功能反馈自己对医院和APP的一些建议和意见，我们会及时听取您的意见和建议，从而给APP用户带来更好的用户体验和人性化服务。结合智慧医院的建设标准，医院可以在对应的管理后台进行答复。 +---------------------------------------------------------------------------------------------,正偏离/无偏离,平台已实现（详见对应功能模块）
4224,★,,+-------------------------------+-----------------------------------------------------------------------------------------------------------------------------------------------------------------------,待复核,初评未匹配，须项目组逐条人工确认
4225,,,科室介绍：支持用户通过手机对科室相关情况进行查询。 +-----------------------------------------------------------------------------------------------------------------------------------------------------------------------------,正偏离/无偏离,平台已实现（详见对应功能模块）
4226,,,医生介绍：支持用户通过手机对医生信息进行查询。支持查阅医生擅长、排班等信息。 +----------------------------------------------------------------------------------------------------------------------------------------------------------------,正偏离/无偏离,平台已实现（详见对应功能模块）
4227,,,系统支持便捷寻医功能，向患者提供一个多维度的寻医方式，患者可选择自己希望前往的医院。为方便患者找到医院。在患者服务门户端，用户可以通过点击查询到医院地图，选择交通指引功能，系统支持跳转第三方地图服务，如高德地图、百度地图，实现患者所在位置到医院的定位导航。 +----------------------------------------------------------------------,正偏离/无偏离,平台已实现（详见对应功能模块）
4228,,,支持查询医院各个楼层的室内静态平面图。方便患者按照自身就医需求寻找到对应的科室。 +--------------------------------------------------------------------------------------------------------------------------------------------------------------,正偏离/无偏离,平台已实现（详见对应功能模块）
4229,,,用户指南：用户可以通过用户指南功能进行医院微官网的基本操作。 +------------------------------------------------------------------------------------------------------------------------------------------------------------------------,正偏离/无偏离,平台已实现（详见对应功能模块）
4230,,,病案邮寄：支持患者出院后，在移动端办理出院病案复印申请、预约自提、快递邮寄、状态查询等业务。 +--------------------------------------------------------------------------------------------------------------------------------------------------------,正偏离/无偏离,平台已实现（详见对应功能模块）
4231,,,意见反馈：用户可以通过该功能反馈自己的一些建议和意见，从而给用户带来更好的用户体验和人性化服务。 +------------------------------------------------------------------------------------------------------------------------------------------------------,正偏离/无偏离,平台已实现（详见对应功能模块）
4232,,,结合智慧医院的建设标准，医院可以在对应的管理后台对反馈进行答复。 +----------------------------------------------------------------------------------------------------------------------------------------------------------------------,待复核,初评未匹配，须项目组逐条人工确认
4233,,,用户可以通过满意度调查对就诊医院的各个业务环节进行满意度打分 +------------------------------------------------------------------------------------------------------------------------------------------------------------------------,正偏离/无偏离,平台已实现（详见对应功能模块）
4234,,,能够对满意度问卷进行管控管控，也能够汇总每张问卷的调查结果并输出。 +---------------------------------------------------------------------------------------------------------------------------------------------------------------------,正偏离/无偏离,平台已实现（详见对应功能模块）
4235,,,结合智慧医院的建设标准，可以在对应的业务环节面向患者主动推送问卷调查。 +-------------------------------------------------------------------------------------------------------------------------------------------------------------------,正偏离/无偏离,平台已实现（详见对应功能模块）
4236,,,能够向指定的管控者发送满意度调查的汇总结果。 +--------------------------------------------------------------------------------------------------------------------------------------------------------------------------------,正偏离/无偏离,平台已实现（详见对应功能模块）
4237,,,用户注册：支持多种证件类型注册（居民身份证、港澳台来往大陆通行证、护照、出生证明、院内就诊卡、外国人永久居住证明）。 +--------------------------------------------------------------------------------------------------------------------------------------------,正偏离/无偏离,平台已实现（详见对应功能模块）
4238,,,完成注册后用户信息实时同步到院内HIS系统，患者无需再去医院现场建卡。 +-------------------------------------------------------------------------------------------------------------------------------------------------------------------,正偏离/无偏离,平台已实现（详见对应功能模块）
4239,,,支持通过微信电子健康卡一键授权注册。 +------------------------------------------------------------------------------------------------------------------------------------------------------------------------------------,外部条件,需医保局/省平台等外部环境开通后联调
4240,,,公众号首次注册成功后，不需要每次都重新登录，会记住登录状态。用户也可以根据实际情况手动退出登录。 +------------------------------------------------------------------------------------------------------------------------------------------------------,正偏离/无偏离,平台已实现（详见对应功能模块）
4241,,,"能够查看当前注册人员的身份证号码、姓名、性别、绑定的手机号、职业、民族、婚姻、家庭住址等。点击""编辑""能够更新用户绑定的手机号及对应当的数据资料。 +-----------------------------------------------------------------------------------------------------------------------------",正偏离/无偏离,平台已实现（详见对应功能模块）
4242,,,电子健康卡：主要用于在患者注册环节的实名认证。支持在微信公众号申领国家标准的电子健康卡，无需再办理医院就诊卡。即可实现一卡通用，完成院内线上线下的各个业务流程。 +----------------------------------------------------------------------------------------------------------------------,外部条件,需医保局/省平台等外部环境开通后联调
4243,,,支持上传身份证、户口本、出生证明等进行OCR识别。 +-----------------------------------------------------------------------------------------------------------------------------------------------------------------------------,待复核,初评未匹配，须项目组逐条人工确认
4244,,,支持在线的人脸识别注册。支持各个业务环境进行人脸识别的验证，起到身份核对和信息安全保护的作用。 +-------------------------------------------------------------------------------------------------------------------------------------------------------,待复核,初评未匹配，须项目组逐条人工确认
4245,,,能够绑定家庭成员，通过切换家庭成员为家人挂号、查看报告、缴费等。 +----------------------------------------------------------------------------------------------------------------------------------------------------------------------,正偏离/无偏离,平台已实现（详见对应功能模块）
4246,,,行为人员入院就诊办理就诊卡后，能够通过该功能绑定就诊卡。绑定就诊卡后就能够进行其他功能使用。 +--------------------------------------------------------------------------------------------------------------------------------------------------------,正偏离/无偏离,平台已实现（详见对应功能模块）
4247,,,支持按照院区、日期、科室（科室、诊室）、出诊医生进行挂号，也可通过历史预约功能快速找到预约过的医生。选择医生后，可以切换家庭成员，选择班次，选择就诊时间段。同时支持在挂号时填写婚姻状况、职业、民族家庭住址等基本信息。填写完基础信息后，选择支付方式（目前支持微信），完成支付。所有的业务数据实时同步到HIS，患者凭有效证件或者成功支付的订单信息即可前往医院完成就诊流程；结合智慧医院的建设标准，支持分时,正偏离/无偏离,平台已实现（详见对应功能模块）
4248,,,可通过体检预约功能，查看体检须知，快速选择医院预置好的体检套餐，选择对应的体检日期并在线缴费。 +-------------------------------------------------------------------------------------------------------------------------------------------------------,正偏离/无偏离,平台已实现（详见对应功能模块）
4249,,,支持缴费成功之后直接到医院体检科凭有效证件或者缴费订单完成体检。 +----------------------------------------------------------------------------------------------------------------------------------------------------------------------,正偏离/无偏离,平台已实现（详见对应功能模块）
4250,,,用户可通过医技预约功能，查看医技预约须知，针对已缴费的检查项目，可以选择具体的日期、时间段、设备来进行预约，对于已经预约的项目，也可以取消预约重新预约。 +--------------------------------------------------------------------------------------------------------------------------,正偏离/无偏离,平台已实现（详见对应功能模块）
4251,,,用户可通过检验预约功能，查看检验须知。针对已缴费的检验项目，可以选择具体的日期、时间段来医院完成检验，对于已经预约的项目，也可以取消预约重新预约。 +-----------------------------------------------------------------------------------------------------------------------------,正偏离/无偏离,平台已实现（详见对应功能模块）
4252,,,门诊医生给用户开具入院证之后，可以在微信端直接进行入院预约，选择意向入院时间、床位类型，提交后即完成住院预约。后续可以直接凭对应的预约记录到院办理入院。 +--------------------------------------------------------------------------------------------------------------------------,正偏离/无偏离,平台已实现（详见对应功能模块）
4253,,,支持查看所有在线支付的挂号、门诊缴费、住院预交金、体检套餐等订单信息。 +-------------------------------------------------------------------------------------------------------------------------------------------------------------------,正偏离/无偏离,平台已实现（详见对应功能模块）
4254,,,支持在该功能中查看订单的状态，挂号订单展示订单号、计费状态、医生信息、就诊日期、号源信息、就诊位置、票据号、订单条码等信息，缴费订单展示订单号、计费状态、缴费日期、费用信息、取药信息、订单条码等。 +----------------------------------------------------------------------------------------------------,正偏离/无偏离,平台已实现（详见对应功能模块）
4255,,,能够在拥有扫码运行环境的医院直接扫描患者订单上的条码来完成相关业务流程。 +------------------------------------------------------------------------------------------------------------------------------------------------------------------,正偏离/无偏离,平台已实现（详见对应功能模块）
4256,,,患者可以在订单管理中进行退号退费的申请。 +----------------------------------------------------------------------------------------------------------------------------------------------------------------------------------,正偏离/无偏离,平台已实现（详见对应功能模块）
4257,,,退费需基于医院的退费规则范围和退费方式进行。 +--------------------------------------------------------------------------------------------------------------------------------------------------------------------------------,正偏离/无偏离,平台已实现（详见对应功能模块）
4258,,,可通过智能导诊功能，选择性别（男、女、小孩）、身体部位或者症状，系统会自动为患者推荐对应的科室，方便患者在不确定的情况下，快速定位与患者相匹配的科室。 +---------------------------------------------------------------------------------------------------------------------------,正偏离/无偏离,平台已实现（详见对应功能模块）
4259,,,用户在线挂号后，系统支持主动提醒用户，录入用户症状、主诉、现病史、既往史等基础信息，录入完成后可实时同步至HIS医生站，方便医生在接诊时即可基本了解患者本次就诊的情况。 +------------------------------------------------------------------------------------------------------------------,正偏离/无偏离,平台已实现（详见对应功能模块）
4260,,,患者可根据科室、医生，选择医院排了网络班次的医生进行在线问诊咨询。 +---------------------------------------------------------------------------------------------------------------------------------------------------------------------,正偏离/无偏离,平台已实现（详见对应功能模块）
4261,,,支持图片、文字、语音、视频等方式进行在线咨询。 +-------------------------------------------------------------------------------------------------------------------------------------------------------------------------------,待复核,初评未匹配，须项目组逐条人工确认
4262,,,用户可在线自助预约政策支持的中药处方（例如中药汤剂），特定的西药（如疫苗），查看处方信息，注意事项等。并根据自己的情况选择配送方式（到院取药，在线配送）。 +-------------------------------------------------------------------------------------------------------------------------,正偏离/无偏离,平台已实现（详见对应功能模块）
4263,,,费用查询：用户可以通过该功能查询出在医院的每项费用分类和费用明细清单（门诊、住院）。同样用户也可以进行家庭成员的切换进行查询。 +---------------------------------------------------------------------------------------------------------------------------------------,正偏离/无偏离,平台已实现（详见对应功能模块）
4264,,,病历查询：用户可以通过该功能查询自己的历史病历（门诊、住院）。病历查询分为列表和详情，可以查看处方信息、处置项目，检查检验项目，病历信息等。支持家庭成员的切换。 +----------------------------------------------------------------------------------------------------------------------,正偏离/无偏离,平台已实现（详见对应功能模块）
4265,,,每日清单：用户在住院期间，可以通过每日清单查看自己历次住院期间，每日的费用情况，如药品信息、诊疗项目信息及价格等，也可以看到退费情况。 +-----------------------------------------------------------------------------------------------------------------------------------,正偏离/无偏离,平台已实现（详见对应功能模块）
4266,,,门诊排班查询：用户可以通过该功能直观的查看到医院的医生排班信息，支持按照科室、日期查询医生的所有班次，从而更加快捷精准的进行预约挂号。 +-----------------------------------------------------------------------------------------------------------------------------------,正偏离/无偏离,平台已实现（详见对应功能模块）
4267,,,门诊候诊查询：用户可以通过该功能查看到每个科室的病人候诊列表，能掌握好自己的排队顺序，实时了解候诊情况。 +--------------------------------------------------------------------------------------------------------------------------------------------------,正偏离/无偏离,平台已实现（详见对应功能模块）
4268,,,手术查询（需手术麻醉系统支持）：用户可以直接通过手术查询功能，查看自己及家庭成员的手术安排情况，实时查询手术的进度。手术状态变化时，推送消息提醒家属，方便家属了解患者的手术情况。 +-------------------------------------------------------------------------------------------------------------,正偏离/无偏离,平台已实现（详见对应功能模块）
4269,,,未注册检索：用户可以通过未注册查询功能，给未注册的用户（如老人、小孩）查询一些院内基础业务信息。 +------------------------------------------------------------------------------------------------------------------------------------------------------,正偏离/无偏离,平台已实现（详见对应功能模块）
4270,,,住院床位检索：微信用户需要住院治疗时，可以通过该功能查询选中医院当前剩余床位。避免到达医院后因为没有床位无法入院治疗。 +-------------------------------------------------------------------------------------------------------------------------------------------,正偏离/无偏离,平台已实现（详见对应功能模块）
4271,,,.出院带药：支持患者出院后，在移动端应用上查看历次出院带药的处方信息、药品服用方式等信息。 +---------------------------------------------------------------------------------------------------------------------------------------------------------,正偏离/无偏离,平台已实现（详见对应功能模块）
4272,,,药品价格查询：微信用户可以通过该功能查询每项药品的价格，做到对院内药品价格心中有数。 +------------------------------------------------------------------------------------------------------------------------------------------------------------,正偏离/无偏离,平台已实现（详见对应功能模块）
4273,,,诊疗项目：微信用户可以通过该功能查询所选医院各种诊疗项目的价格。 +----------------------------------------------------------------------------------------------------------------------------------------------------------------------,正偏离/无偏离,平台已实现（详见对应功能模块）
4274,,,停诊查询：支持按照停诊日期、停诊科室查询医院医生的排班停诊情况，结合医生停诊的消息推送，能让患者更及时知晓医生停诊信息。 +------------------------------------------------------------------------------------------------------------------------------------------,正偏离/无偏离,平台已实现（详见对应功能模块）
4275,,,专家出诊：支持按照医院配置好的规则（医院可自行配置哪些职称的专家、时间范围），面向患者提供查询一段时间内的专家出诊情况，所有数据与HIS实时同步。 +-----------------------------------------------------------------------------------------------------------------------------,正偏离/无偏离,平台已实现（详见对应功能模块）
4276,,,支持在线查看院内所有已经审核的检查报告及对应的报告详情。 +--------------------------------------------------------------------------------------------------------------------------------------------------------------------------,正偏离/无偏离,平台已实现（详见对应功能模块）
4277,,,支持在线查看院内所有已经审核的检验报告及对应的报告详情，可以展示检验项目结果，参考值，偏高还是偏低等指标。 +-------------------------------------------------------------------------------------------------------------------------------------------------,正偏离/无偏离,平台已实现（详见对应功能模块）
4278,,,支持在线查看院内所有已经审核或者总检的体检报告及对应的报告详情，可以分科展示对应的的检查检验结果及对应的指标参考值。 +--------------------------------------------------------------------------------------------------------------------------------------------,正偏离/无偏离,平台已实现（详见对应功能模块）
4279,,,支持患者在线查看体检报告PDF，支持下载PDF文件。 +----------------------------------------------------------------------------------------------------------------------------------------------------------------------------,正偏离/无偏离,平台已实现（详见对应功能模块）
4280,,,支持在线查看院内所有已经审核的病理报告及对应的报告详情。 +--------------------------------------------------------------------------------------------------------------------------------------------------------------------------,正偏离/无偏离,平台已实现（详见对应功能模块）
4281,,,支持用户查看自己在当前医院的门诊处方、住院预交金、医生站预约挂号三种类型的待支付项目。 +-----------------------------------------------------------------------------------------------------------------------------------------------------------,正偏离/无偏离,平台已实现（详见对应功能模块）
4282,,,选中支付项目后可以直接在线支付，无需到医院现场窗口排队缴费，从而节约了宝贵的时间。 +-------------------------------------------------------------------------------------------------------------------------------------------------------------,正偏离/无偏离,平台已实现（详见对应功能模块）
4283,,,支付成功后计费结果实时同步至HIS，患者可以凭缴费订单或者有效证件直接到医院对应的位置完成诊疗，如取药、检查、检验等。 +-------------------------------------------------------------------------------------------------------------------------------------------,正偏离/无偏离,平台已实现（详见对应功能模块）
4284,,,支持以模板消息的方式，配合院内各种业务系统（HIS、LIS、PACS、排队叫号、体检、住院）为患者进行符合智慧医院建设标准的信息推送。 +-----------------------------------------------------------------------------------------------------------------------------------,正偏离/无偏离,平台已实现（详见对应功能模块）
4285,,,可推送挂号、缴费、取药推送，检查检验注意事项、手术通知、检查检验报告推送，用药指导、出院带药等过程状态信息。 +------------------------------------------------------------------------------------------------------------------------------------------------,正偏离/无偏离,平台已实现（详见对应功能模块）
4286,,,麻醉风险评估报当院内资源或信息发生变化时，可及时通知患者，如可住院床位变化/临时限号/医师停诊/检查设备故障等。 +----------------------------------------------------------------------------------------------------------------------------------------------,正偏离/无偏离,平台已实现（详见对应功能模块）
4287,★,,+-------------------------------+-----------------------------------------------------------------------------------------------------------------------------------------------------------------------,待复核,初评未匹配，须项目组逐条人工确认
4288,,,新院机房到行政办公楼互联网专线2条，规格:600M。租赁服务期限36个月。,正偏离/无偏离,平台已实现（详见对应功能模块）
4289,,,120专线1条，规格：100M。租赁服务期限36个月。,待复核,初评未匹配，须项目组逐条人工确认
4290,,,电子政务外网1条，规格：100M。租赁服务期限36个月。,待复核,初评未匹配，须项目组逐条人工确认
4291,,,金财网1条，规格：100M。租赁服务期限36个月。,待复核,初评未匹配，须项目组逐条人工确认
4292,,,医保网1条，规格：100M。租赁服务期限36个月。,正偏离/无偏离,平台已实现（详见对应功能模块）
4293,★,,审计网1条，规格：100M。租赁服务期限36个月。 +-------------------------------+---------------------------------------------------------------------------------------------------------------------------------------------,正偏离/无偏离,平台已实现（详见对应功能模块）
4295,★,,桌面型设备，配置≥5个千兆电口，≥1个千兆Combo接口；三层吞吐量≥3Gbps，应用层吞吐≥600Mbps ，并发连接数≥40万每秒新建连接数（HTTP）≥1.2万。,正偏离/无偏离,平台已实现（详见对应功能模块）
4296,,▲,①支持基于源地址、目标地址、服务、用户、应用、域名、时间表等进策略匹配，②支持基于最小延迟、最小抖动、最小丢包率、链路复制、轮询、加权轮询等链路算法。（投标人提供相关软件界面截图，并加盖投标人公章）,正偏离/无偏离,平台已实现（详见对应功能模块）
4297,,▲,①支持WOC加速模板，②支持压缩和双边加速。（投标人提供相关软件界面截图，并加盖投标人公章）,正偏离/无偏离,平台已实现（详见对应功能模块）
4298,★,▲,①支持对扫描资产进行展示，展示资产名、IP地址、MAC地址、厂商名称、OS等信息，②支持对资产的维护操作包括审批、删除、导入、导出已审批等。（投标人提供相关软件界面截图，并加盖投标人公章） +-------------------------------+------------------------------------------------------------------------,正偏离/无偏离,平台已实现（详见对应功能模块）
